"voice","displayText","expectedText","issues","error","durationSeconds","rms","peak","activeRatio","firstActiveSeconds","lastActiveSeconds","trailingSilenceSeconds","lessons","relativePath"
"marin","a","a","","","1.248","0.03053705","0.20588379","0.202457","0.3384","0.6553","0.5927","125","marin/a-87428fc522803d31.mp3"
"cedar","a","a","","","1.656","0.04945551","0.55570078","0.208937","0.7459","1.1321","0.5239","125","cedar/a-87428fc522803d31.mp3"
"marin","a little","a little","","","1.104","0.0568917","0.43435526","0.344637","0.1343","0.5834","0.5206","129","marin/a-little-ba40ecbbeeca79ac.mp3"
"cedar","a little","a little","","","1.248","0.06657603","0.46763706","0.503589","0.0546","0.7817","0.4663","129","cedar/a-little-ba40ecbbeeca79ac.mp3"
"marin","a lot of","a lot of","","","2.016","0.05804735","0.39275965","0.346654","0.0548","1.2652","0.7508","128|129","marin/a-lot-of-caeee3cf22acda05.mp3"
"cedar","a lot of","a lot of","","","1.656","0.06828062","0.51078355","0.450571","0.0471","1.2062","0.4498","128|129","cedar/a-lot-of-caeee3cf22acda05.mp3"
"marin","a lot of / lots of","a lot of, or lots of","","","2.76","0.05695108","0.36953491","0.3629","0.649","2.2382","0.5217","","marin/a-lot-of-lots-of-9e6a03af67fb9ee1.mp3"
"cedar","a lot of / lots of","a lot of, or lots of","","","2.616","0.06132197","0.44823214","0.478346","0.0473","2.2053","0.4107","","cedar/a-lot-of-lots-of-9e6a03af67fb9ee1.mp3"
"marin","a.m.","a.m.","","","1.368","0.07317425","0.58090967","0.474293","0.1105","0.986","0.382","31","marin/a-m-0cdb352b9ee8df43.mp3"
"cedar","a.m.","a.m.","","","1.8","0.06250423","0.6731593","0.329884","0.1579","1.1133","0.6867","31","cedar/a-m-0cdb352b9ee8df43.mp3"
"marin","a pair of","a pair of","","","2.4","0.03944748","0.32829896","0.287135","0.0461","0.994","1.406","","marin/a-pair-of-a7b039bdd6d9034f.mp3"
"cedar","a pair of","a pair of","","","1.512","0.05570653","0.40004179","0.383667","0.0721","0.9169","0.5951","","cedar/a-pair-of-a7b039bdd6d9034f.mp3"
"marin","a piece of cake","a piece of cake","","","1.704","0.05648779","0.48731193","0.316926","0.057","0.9826","0.7214","","marin/a-piece-of-cake-c0ed9f50c2916e81.mp3"
"cedar","a piece of cake","a piece of cake","","","1.752","0.03667646","0.30916038","0.273604","0.3785","1.3341","0.4179","","cedar/a-piece-of-cake-c0ed9f50c2916e81.mp3"
"marin","a set of","a set of","","","1.416","0.0604524","0.32632187","0.483831","0.0583","1.1896","0.2264","","marin/a-set-of-95112f95d16a9be4.mp3"
"cedar","a set of","a set of","","","1.152","0.05428242","0.53683704","0.476942","0.0575","0.7817","0.3703","","cedar/a-set-of-95112f95d16a9be4.mp3"
"marin","able","able","","","1.368","0.05575961","0.42478225","0.263341","0.1604","0.5918","0.7762","16","marin/able-881d2d1ae582bdb3.mp3"
"cedar","able","able","","","2.208","0.03312273","0.41020572","0.154193","0.3892","0.83","1.378","16","cedar/able-881d2d1ae582bdb3.mp3"
"marin","about","about","","","2.064","0.03523389","0.46577749","0.153323","0.0611","0.5884","1.4756","132","marin/about-6505b068a611ccac.mp3"
"cedar","about","about","","","1.056","0.06787489","0.6756686","0.372929","0.0542","0.6629","0.3931","132","cedar/about-6505b068a611ccac.mp3"
"marin","above","above","","","1.608","0.06510229","0.53401333","0.32429","0.4791","1.1358","0.4722","130","marin/above-b7b492fc71761e37.mp3"
"cedar","above","above","","","1.2","0.05025288","0.45212018","0.276389","0.3069","0.7622","0.4377","130","cedar/above-b7b492fc71761e37.mp3"
"marin","abroad","abroad","","","1.248","0.07372842","0.43495196","0.501586","0.0559","0.7701","0.4779","","marin/abroad-032a4bafaa1aca87.mp3"
"cedar","abroad","abroad","","","1.248","0.05258994","0.51796329","0.309645","0.0549","0.5911","0.6569","","cedar/abroad-032a4bafaa1aca87.mp3"
"marin","absent","absent","","","1.104","0.0540436","0.38327992","0.443708","0.0605","0.7865","0.3175","75","marin/absent-7925d3e9a9613a09.mp3"
"cedar","absent","absent","","","0.96","0.05522184","0.77139002","0.322938","0.098","0.5417","0.4183","75","cedar/absent-7925d3e9a9613a09.mp3"
"marin","accept","accept","","","1.32","0.03910734","0.40962216","0.249763","0.3536","0.9719","0.3481","115","marin/accept-a7569daef68e7aa9.mp3"
"cedar","accept","accept","","","2.76","0.03431033","0.52684993","0.126412","1.7599","2.3562","0.4038","115","cedar/accept-a7569daef68e7aa9.mp3"
"marin","accident","accident","","","1.656","0.04671666","0.38174057","0.376321","0.0606","1.0305","0.6255","95","marin/accident-af76b143ca437195.mp3"
"cedar","accident","accident","","","1.8","0.04835067","0.69335431","0.292685","0.2338","0.9936","0.8064","95","cedar/accident-af76b143ca437195.mp3"
"marin","across","across","","","0.96","0.06345397","0.49845663","0.457747","0.0547","0.7031","0.2569","132","marin/across-712d606e22948cf9.mp3"
"cedar","across","across","","","1.248","0.05632334","0.55374295","0.369091","0.0582","0.7358","0.5122","132","cedar/across-712d606e22948cf9.mp3"
"marin","across from","across from","","","1.608","0.04790025","0.31719151","0.485437","0.046","1.3194","0.2886","","marin/across-from-37480432ebfc0225.mp3"
"cedar","across from","across from","","","1.32","0.06538974","0.57740933","0.445549","0.061","0.8853","0.4347","","cedar/across-from-37480432ebfc0225.mp3"
"marin","act","act","","","1.248","0.03188127","0.5353092","0.152711","0.0665","0.4553","0.7927","4","marin/act-4147b372ff856a30.mp3"
"cedar","act","act","","","1.56","0.03198566","0.54656214","0.132171","0.0523","0.473","1.087","4","cedar/act-4147b372ff856a30.mp3"
"marin","action","action","","","1.248","0.0428855","0.51730132","0.330278","0.0609","0.5915","0.6565","59","marin/action-c8d5009c6f5c64ea.mp3"
"cedar","action","action","","","1.464","0.03832461","0.69618797","0.234389","0.0705","0.5691","0.8949","59","cedar/action-c8d5009c6f5c64ea.mp3"
"marin","active","active","","","1.056","0.03762708","0.5174523","0.274365","0.0575","0.6361","0.4199","14","marin/active-45df5ad5e0ecfa54.mp3"
"cedar","active","active","","","1.248","0.04266101","0.65842527","0.229567","0.1576","0.7028","0.5452","14","cedar/active-45df5ad5e0ecfa54.mp3"
"marin","activity","activity","","","2.16","0.03799909","0.56051636","0.241946","0.0461","0.8049","1.3551","102","marin/activity-ea4fb47769f35d92.mp3"
"cedar","activity","activity","","","1.464","0.03952831","0.52390349","0.305029","0.1701","0.8583","0.6057","102","cedar/activity-ea4fb47769f35d92.mp3"
"marin","actor","actor","","","0.864","0.04395867","0.4784762","0.304109","0.064","0.5438","0.3202","4","marin/actor-3497a84f0d54995e.mp3"
"cedar","actor","actor","","","1.512","0.03164098","0.61729991","0.148024","0.1789","0.5752","0.9368","4","cedar/actor-3497a84f0d54995e.mp3"
"marin","actress","actress","","","2.304","0.03802309","0.60648412","0.199183","0.0575","0.7384","1.5656","4","marin/actress-c8986d685c845ed0.mp3"
"cedar","actress","actress","","","1.8","0.02769886","0.56899869","0.208484","0.7451","1.3047","0.4953","4","cedar/actress-c8986d685c845ed0.mp3"
"marin","actually","actually","","","0.96","0.05080746","0.65824002","0.408333","0.154","0.7025","0.2575","121","marin/actually-2390a473c13ac81e.mp3"
"cedar","actually","actually","","","0.912","0.04323263","0.62600452","0.414291","0.0605","0.6049","0.3071","121","cedar/actually-2390a473c13ac81e.mp3"
"marin","add","add","","","0.864","0.05305493","0.49710593","0.329186","0.0605","0.4325","0.4315","78","marin/add-87623ceab830648b.mp3"
"cedar","add","add","","","1.056","0.04537425","0.70932668","0.226326","0.1479","0.5452","0.5108","78","cedar/add-87623ceab830648b.mp3"
"marin","address","address. Address.","","","2.568","0.05779456","0.63943434","0.346516","0.152","1.7516","0.8164","83","marin/address-eb7017ac3d7db31b.mp3"
"cedar","address","address. Address.","","","2.352","0.04720719","0.63718081","0.378951","0.2105","2.0149","0.3371","83","cedar/address-eb7017ac3d7db31b.mp3"
"marin","adult","adult","","","1.008","0.05668843","0.37866613","0.361194","0.1849","0.7352","0.2728","1","marin/adult-e3999446583a7b06.mp3"
"cedar","adult","adult","","","1.104","0.07025438","0.67805725","0.235186","0.0611","0.4528","0.6512","1","cedar/adult-e3999446583a7b06.mp3"
"marin","advertisement","advertisement","","","1.512","0.04963034","0.50860387","0.453635","0.0561","0.9914","0.5206","9","marin/advertisement-7c530a9362be3fe2.mp3"
"cedar","advertisement","advertisement","","","1.56","0.04656527","0.48873258","0.390224","0.331","1.1193","0.4407","9","cedar/advertisement-7c530a9362be3fe2.mp3"
"marin","advice","advice","","","0.912","0.05518584","0.57456678","0.480651","0.051","0.6063","0.3057","66","marin/advice-a44cebcde6f72dbe.mp3"
"cedar","advice","advice","","","1.848","0.03371592","0.49851424","0.255265","0.2021","0.8771","0.9709","66","cedar/advice-a44cebcde6f72dbe.mp3"
"marin","advise","advise","","","1.512","0.04155219","0.39545283","0.383818","0.0538","0.8062","0.7058","66","marin/advise-7c36385f7d2b8796.mp3"
"cedar","advise","advise","","","1.056","0.05301653","0.44430435","0.402363","0.158","0.7331","0.3229","66","cedar/advise-7c36385f7d2b8796.mp3"
"marin","affect","affect","","","1.704","0.0402151","0.47926918","0.216072","0.0552","0.6962","1.0078","62","marin/affect-338615e632354d0f.mp3"
"cedar","affect","affect","","","2.016","0.02883219","0.52412862","0.108331","0.2578","0.7581","1.2579","62","cedar/affect-338615e632354d0f.mp3"
"marin","afraid","afraid","","","1.56","0.05148492","0.40720195","0.28133","0.344","0.918","0.642","14","marin/afraid-19d39e31f475cf22.mp3"
"cedar","afraid","afraid","","","1.512","0.04941274","0.48394084","0.348738","0.0526","0.7552","0.7568","14","cedar/afraid-19d39e31f475cf22.mp3"
"marin","after","after","","","0.864","0.0428427","0.52122355","0.30312","0.0556","0.4848","0.3792","131|133","marin/after-7b9a72466d3960eb.mp3"
"cedar","after","after","","","1.32","0.03940063","0.60295624","0.20161","0.2599","0.7063","0.6138","131|133","cedar/after-7b9a72466d3960eb.mp3"
"marin","after all","after all","","","2.256","0.06290858","0.5169304","0.347822","0.1047","1.3179","0.9381","","marin/after-all-c15501f479a4453c.mp3"
"cedar","after all","after all","","","1.656","0.06502532","0.73763973","0.381416","0.0985","1.1671","0.4889","","cedar/after-all-c15501f479a4453c.mp3"
"marin","after dark","after dark","","","1.608","0.05502232","0.59566438","0.334486","0.06","1.073","0.535","","marin/after-dark-3c4c4e560ee0c56e.mp3"
"cedar","after dark","after dark","","","1.752","0.05015129","0.49851024","0.312988","0.0578","1.2317","0.5203","","cedar/after-dark-3c4c4e560ee0c56e.mp3"
"marin","after school","after school","","","1.416","0.05949662","0.46188459","0.498382","0.0574","1.2149","0.2011","","marin/after-school-2422eded2404b17c.mp3"
"cedar","after school","after school","","","1.416","0.0605018","0.7567575","0.466852","0.0578","1.1565","0.2595","","cedar/after-school-2422eded2404b17c.mp3"
"marin","after work","after work","","","1.848","0.05340433","0.4448396","0.315037","0.064","1.1825","0.6655","","marin/after-work-dc86dc1e6ae5e0a2.mp3"
"cedar","after work","after work","","","1.416","0.05151624","0.62210608","0.308586","0.0611","0.7277","0.6883","","cedar/after-work-dc86dc1e6ae5e0a2.mp3"
"marin","afternoon","afternoon","","","1.152","0.05792144","0.52409863","0.457375","0.0542","0.7492","0.4028","31","marin/afternoon-d14fc3a4ea42ad2f.mp3"
"cedar","afternoon","afternoon","","","1.368","0.06057089","0.78141236","0.432733","0.0578","0.8985","0.4695","31","cedar/afternoon-d14fc3a4ea42ad2f.mp3"
"marin","again","again","","","0.912","0.0722069","0.57792705","0.386764","0.1032","0.5295","0.3825","120","marin/again-9252a75c942da16f.mp3"
"cedar","again","again","","","1.104","0.06382702","0.64165229","0.393078","0.0976","0.6405","0.4635","120","cedar/again-9252a75c942da16f.mp3"
"marin","against","against","","","1.512","0.0398072","0.47052935","0.262373","0.1619","0.7335","0.7785","130","marin/against-0814dacd9de4db7e.mp3"
"cedar","against","against","","","0.96","0.05206083","0.49987698","0.372504","0.0633","0.6385","0.3215","130","cedar/against-0814dacd9de4db7e.mp3"
"marin","age","age","","","0.912","0.06346357","0.38711262","0.449653","0.1522","0.6532","0.2588","17","marin/age-24bb0d625cd9d0a7.mp3"
"cedar","age","age","","","1.368","0.03484951","0.29161108","0.249239","0.4221","0.9188","0.4492","17","cedar/age-24bb0d625cd9d0a7.mp3"
"marin","ago","ago","","","1.248","0.06016985","0.60999042","0.289563","0.1547","0.5787","0.6693","34","marin/ago-b0c77b041eb79cc0.mp3"
"cedar","ago","ago","","","2.112","0.05023514","0.59174716","0.214745","0.1236","0.6919","1.4201","34","cedar/ago-b0c77b041eb79cc0.mp3"
"marin","agree","agree","","","0.864","0.06541578","0.37823701","0.374807","0.0605","0.4547","0.4093","115","marin/agree-cb639537d7abfedf.mp3"
"cedar","agree","agree","","","1.152","0.04048224","0.42871359","0.295953","0.1851","0.6919","0.4601","115","cedar/agree-cb639537d7abfedf.mp3"
"marin","agree with","agree with","","","1.8","0.06034713","0.41427729","0.375012","0.0498","1.2543","0.5457","","marin/agree-with-51c22455088753f9.mp3"
"cedar","agree with","agree with","","","1.92","0.0486087","0.37943274","0.333952","0.0548","0.9003","1.0197","","cedar/agree-with-51c22455088753f9.mp3"
"marin","ahead","ahead","","","1.368","0.03412071","0.4734619","0.258681","0.2569","0.7006","0.6674","120","marin/ahead-2c6ae7a63f2218c6.mp3"
"cedar","ahead","ahead","","","1.56","0.04117644","0.54656541","0.256157","0.0513","0.584","0.976","120","cedar/ahead-2c6ae7a63f2218c6.mp3"
"marin","ahead of","ahead of","","","1.416","0.05895947","0.40329188","0.48461","0.0667","1.0464","0.3696","","marin/ahead-of-fb2840b8a6d9d310.mp3"
"cedar","ahead of","ahead of","","","1.464","0.05255925","0.45258522","0.451972","0.152","1.0859","0.3781","","cedar/ahead-of-fb2840b8a6d9d310.mp3"
"marin","aim","aim","","","1.248","0.05047193","0.32855931","0.273888","0.0611","0.4456","0.8024","63","marin/aim-1d8c2191730e001a.mp3"
"cedar","aim","aim","","","1.512","0.04866417","0.54936033","0.238123","0.3644","0.7936","0.7184","63","cedar/aim-1d8c2191730e001a.mp3"
"marin","air","air","","","0.864","0.06992574","0.47136649","0.28506","0.0687","0.3859","0.4781","106","marin/air-939fba7ff04bc648.mp3"
"cedar","air","air","","","1.248","0.05026726","0.53290069","0.243907","0.1607","0.5603","0.6877","106","cedar/air-939fba7ff04bc648.mp3"
"marin","air conditioner","air conditioner","","","1.656","0.07878916","0.34481278","0.58434","0.056","1.3636","0.2924","69","marin/air-conditioner-03276c53c4214e5b.mp3"
"cedar","air conditioner","air conditioner","","","2.016","0.0615997","0.73761463","0.364966","0.0983","1.041","0.975","69","cedar/air-conditioner-03276c53c4214e5b.mp3"
"marin","airline","airline","","","1.32","0.06442627","0.48792523","0.362421","0.0583","0.5959","0.7241","91","marin/airline-fc72f21ee83dd4e3.mp3"
"cedar","airline","airline","","","1.248","0.0437791","0.33585858","0.335654","0.2508","0.8452","0.4028","91","cedar/airline-fc72f21ee83dd4e3.mp3"
"marin","airplane (plane)","airplane. Or, plane.","","","2.856","0.07024088","0.57942927","0.408533","0.0611","2.6074","0.2486","91","marin/airplane-plane-dae6e7d765cda494.mp3"
"cedar","airplane (plane)","airplane. Or, plane.","","","2.808","0.05906967","0.5140391","0.333118","0.1612","2.5175","0.2905","91","cedar/airplane-plane-dae6e7d765cda494.mp3"
"marin","airport","airport","","","1.968","0.0462054","0.29672599","0.198467","0.0539","0.6962","1.2718","91","marin/airport-0bbc45a52875049e.mp3"
"cedar","airport","airport","","","1.416","0.03657306","0.33934385","0.19902","0.6432","1.1557","0.2603","91","cedar/airport-0bbc45a52875049e.mp3"
"marin","alarm clock","alarm clock","","","1.8","0.05798856","0.40604016","0.333958","0.0543","0.9647","0.8353","35","marin/alarm-clock-339c127c938a213c.mp3"
"cedar","alarm clock","alarm clock","","","1.464","0.05211048","0.44821158","0.319843","0.2331","0.9856","0.4784","35","cedar/alarm-clock-339c127c938a213c.mp3"
"marin","alarm","alarm","","","1.32","0.05674731","0.48209277","0.413116","0.1058","0.758","0.562","109","marin/alarm-efc486847c1e78a0.mp3"
"cedar","alarm","alarm","","","1.92","0.05038111","0.51440513","0.219575","0.054","0.6038","1.3162","109","cedar/alarm-efc486847c1e78a0.mp3"
"marin","album","album","","","1.248","0.06938867","0.57905567","0.435981","0.0638","0.6609","0.5871","56","marin/album-14e52c0907eff242.mp3"
"cedar","album","album","","","1.152","0.04875002","0.49052843","0.346011","0.1742","0.651","0.501","56","cedar/album-14e52c0907eff242.mp3"
"marin","alike","alike","","","1.2","0.06194896","0.63176435","0.257865","0.1057","0.6047","0.5953","117","marin/alike-fae0dc89d98da363.mp3"
"cedar","alike","alike","","","1.248","0.04468244","0.46211353","0.181757","0.2096","0.6088","0.6392","117","cedar/alike-fae0dc89d98da363.mp3"
"marin","alive","alive","","","1.368","0.05399001","0.41691375","0.311769","0.046","0.6105","0.7575","24","marin/alive-f22225688f860f7f.mp3"
"cedar","alive","alive","","","1.512","0.03300761","0.35976744","0.198454","0.6645","1.1629","0.3491","24","cedar/alive-f22225688f860f7f.mp3"
"marin","all","all","","","0.912","0.06410191","0.39718136","0.37717","0.1762","0.5817","0.3303","129","marin/all-722cdd399249d70c.mp3"
"cedar","all","all","","","1.2","0.0462736","0.3728537","0.312917","0.5476","1.017","0.183","129","cedar/all-722cdd399249d70c.mp3"
"marin","all night / all day long","all night long. Or, all day long.","","","4.56","0.09680954","0.59808958","0.479962","0.1171","3.9418","0.6182","","marin/all-night-all-day-long-762f9c8c038b6ec7.mp3"
"cedar","all night / all day long","all night long. Or, all day long.","","","3.456","0.07400575","0.51695818","0.559836","0.0568","3.1469","0.3091","","cedar/all-night-all-day-long-762f9c8c038b6ec7.mp3"
"marin","All right.","All right.","","","0.96","0.06470366","0.37057412","0.412912","0.1701","0.7303","0.2297","","marin/all-right-f522cfac88450893.mp3"
"cedar","All right.","All right.","","","1.248","0.07380582","0.41419718","0.548344","0.0867","0.9831","0.2649","","cedar/all-right-f522cfac88450893.mp3"
"marin","All roads lead to Rome.","All roads lead to Rome.","","","3.36","0.07501356","0.36157846","0.558209","0.2827","3.0468","0.3132","","marin/all-roads-lead-to-rome-5f3664ee60521280.mp3"
"cedar","All roads lead to Rome.","All roads lead to Rome.","","","1.968","0.07429171","0.6508615","0.616087","0.0616","1.5425","0.4255","","cedar/all-roads-lead-to-rome-5f3664ee60521280.mp3"
"marin","all the time","all the time","","","1.8","0.0739107","0.42950982","0.561146","0.0956","1.492","0.308","","marin/all-the-time-63ce4adc3d0ec4c2.mp3"
"cedar","all the time","all the time","","","1.32","0.05178259","0.34799501","0.460259","0.3031","1.1105","0.2095","","cedar/all-the-time-63ce4adc3d0ec4c2.mp3"
"marin","allow","allow","","","0.648","0.06910871","0.43664628","0.579668","0.0519","0.5223","0.1257","107","marin/allow-c60215d0b68bde1d.mp3"
"cedar","allow","allow","","","1.464","0.03897879","0.41735181","0.236239","0.264","0.6994","0.7646","107","cedar/allow-c60215d0b68bde1d.mp3"
"marin","almost","almost","","","1.32","0.08228841","0.63071162","0.30827","0.1071","0.7075","0.6125","119","marin/almost-f51765ce631c1f83.mp3"
"cedar","almost","almost","","","1.32","0.05435582","0.49436581","0.384754","0.1664","0.8693","0.4507","119","cedar/almost-f51765ce631c1f83.mp3"
"marin","alone","alone","","","1.008","0.07624096","0.49029303","0.455626","0.1016","0.6426","0.3654","121","marin/alone-c743096592b5348b.mp3"
"cedar","alone","alone","","","1.752","0.04503074","0.36093548","0.324118","0.4718","1.1694","0.5826","121","cedar/alone-c743096592b5348b.mp3"
"marin","along","along","","","0.816","0.06613904","0.37591502","0.568525","0.052","0.5789","0.2371","132","marin/along-fd99379851a1c938.mp3"
"cedar","along","along","","","1.752","0.04557098","0.44404587","0.218322","0.5539","1.0268","0.7252","132","cedar/along-fd99379851a1c938.mp3"
"marin","along the way","along the way","","","1.248","0.07597122","0.40619656","0.601446","0.0542","0.8919","0.3561","","marin/along-the-way-66104814226bfd9a.mp3"
"cedar","along the way","along the way","","","2.256","0.05084095","0.5043956","0.391216","0.1907","1.4356","0.8204","","cedar/along-the-way-66104814226bfd9a.mp3"
"marin","aloud","aloud","","","1.92","0.05393666","0.35050783","0.299045","0.6291","1.2608","0.6592","87|121","marin/aloud-e771b431bf249e6d.mp3"
"cedar","aloud","aloud","","","0.96","0.05368659","0.48623243","0.367188","0.0513","0.586","0.374","87|121","cedar/aloud-e771b431bf249e6d.mp3"
"marin","alphabet","alphabet","","","1.464","0.05062824","0.47591394","0.251864","0.2272","0.8053","0.6587","77","marin/alphabet-778f1ddb28d4f0e3.mp3"
"cedar","alphabet","alphabet","","","1.416","0.03986281","0.53319228","0.233389","0.6715","1.2647","0.1513","77","cedar/alphabet-778f1ddb28d4f0e3.mp3"
"marin","already","already","","","1.152","0.07437007","0.35690922","0.551432","0.0498","0.7545","0.3975","120","marin/already-22f39aa0eb1e642b.mp3"
"cedar","already","already","","","1.2","0.09066508","0.70170414","0.353941","0.0614","0.5771","0.6229","120","cedar/already-22f39aa0eb1e642b.mp3"
"marin","also","also","","","1.056","0.06658383","0.40757212","0.408874","0.05","0.5791","0.4769","120","marin/also-c0cdfb7c4de8510f.mp3"
"cedar","also","also","","","1.32","0.04572637","0.3971231","0.264978","0.3258","0.8061","0.5139","120","cedar/also-c0cdfb7c4de8510f.mp3"
"marin","although","although","","","1.152","0.07268825","0.49612954","0.464355","0.1091","0.7192","0.4328","133","marin/although-99d03bab6c9a85bf.mp3"
"cedar","although","although","","","2.064","0.075691","0.52836382","0.378674","0.0544","0.9833","1.0807","133","cedar/although-99d03bab6c9a85bf.mp3"
"marin","although / though","although, or though","","","2.256","0.07962272","0.44406575","0.472139","0.0543","1.7565","0.4995","","marin/although-though-819385e764d6a382.mp3"
"cedar","although / though","although, or though","","","2.52","0.07078824","0.53064734","0.412574","0.0677","2.0056","0.5144","","cedar/although-though-819385e764d6a382.mp3"
"marin","altogether","altogether","","","1.248","0.08441242","0.47874233","0.532051","0.0532","0.907","0.341","121","marin/altogether-adf9f29c2c707239.mp3"
"cedar","altogether","altogether","","","1.56","0.0767474","0.52907187","0.486271","0.1726","1.1636","0.3964","121","cedar/altogether-adf9f29c2c707239.mp3"
"marin","always","always","","","1.2","0.08471372","0.59868395","0.635851","0.1231","1.0129","0.1871","118","marin/always-0565e75d9e5b70dc.mp3"
"cedar","always","always","","","1.32","0.05007031","0.47138509","0.313526","0.2666","0.848","0.472","118","cedar/always-0565e75d9e5b70dc.mp3"
"marin","am","am","","","1.056","0.05408351","0.37386236","0.313743","0.0638","0.4418","0.6142","122","marin/am-2c0d36faf140208f.mp3"
"cedar","am","am","","","0.912","0.05669243","0.56161833","0.38777","0.123","0.5817","0.3303","122","cedar/am-2c0d36faf140208f.mp3"
"marin","ambulance","ambulance","","","1.2","0.06283575","0.3171128","0.479149","0.0599","0.8357","0.3642","109","marin/ambulance-0ca9cb7434579f07.mp3"
"cedar","ambulance","ambulance","","","1.368","0.05132154","0.59007734","0.397813","0.1613","0.8547","0.5133","109","cedar/ambulance-0ca9cb7434579f07.mp3"
"marin","America","America","","","1.248","0.0562511","0.42443743","0.409589","0.1153","0.7772","0.4708","89","marin/america-9572dc1483a04977.mp3"
"cedar","America","America","","","1.32","0.04819675","0.36179665","0.359359","0.1533","0.8348","0.4852","89","cedar/america-9572dc1483a04977.mp3"
"marin","American","American","","","2.448","0.04947429","0.47470447","0.201891","0.1352","0.7804","1.6676","89","marin/american-48e9f7d867a2dc09.mp3"
"cedar","American","American","","","2.16","0.05691736","0.4892239","0.313416","0.0514","0.8871","1.2729","89","cedar/american-48e9f7d867a2dc09.mp3"
"marin","among","among","","","1.464","0.05588186","0.33971989","0.308743","0.0483","0.5577","0.9063","130","marin/among-5a3e597bc4365d59.mp3"
"cedar","among","among","","","1.056","0.06741485","0.44265667","0.500927","0.139","0.7594","0.2966","130","cedar/among-5a3e597bc4365d59.mp3"
"marin","amount","amount","","","1.32","0.06227127","0.36846495","0.332181","0.0736","0.7032","0.6168","98","marin/amount-ab25233eea4733d0.mp3"
"cedar","amount","amount","","","0.96","0.04909276","0.53527945","0.435417","0.0515","0.6937","0.2663","98","cedar/amount-ab25233eea4733d0.mp3"
"marin","an","an","","","1.2","0.05210611","0.3715145","0.308802","0.1122","0.5279","0.6721","125","marin/an-50ce2d6d629fa838.mp3"
"cedar","an","an","","","0.96","0.04897781","0.54536456","0.328885","0.1856","0.6034","0.3566","125","cedar/an-50ce2d6d629fa838.mp3"
"marin","ancient","ancient","","","0.96","0.07181342","0.33052489","0.487543","0.0576","0.6883","0.2717","34","marin/ancient-d7e86677e4d71130.mp3"
"cedar","ancient","ancient","","","1.056","0.03817011","0.29153845","0.334774","0.3357","0.837","0.219","34","cedar/ancient-d7e86677e4d71130.mp3"
"marin","and","and","","","0.816","0.07630469","0.37424371","0.429943","0.0522","0.44","0.376","133","marin/and-4e37fb97801e7191.mp3"
"cedar","and","and","","","0.96","0.03814427","0.43490741","0.227561","0.2488","0.585","0.375","133","cedar/and-4e37fb97801e7191.mp3"
"marin","and so on","and so on","","","1.656","0.06170139","0.43384016","0.475506","0.0638","1.2647","0.3913","","marin/and-so-on-51ffa50a977a583f.mp3"
"cedar","and so on","and so on","","","1.512","0.06726679","0.52516538","0.530175","0.0543","1.1919","0.3201","","cedar/and-so-on-51ffa50a977a583f.mp3"
"marin","And you?","And you?","","","1.056","0.08717977","0.32396397","0.619081","0.0575","0.7773","0.2787","","marin/and-you-795d8701aa706ca3.mp3"
"cedar","And you?","And you?","","","1.2","0.06065698","0.42992318","0.503403","0.1638","0.8468","0.3532","","cedar/and-you-795d8701aa706ca3.mp3"
"marin","angel","angel","","","1.008","0.07605111","0.57208574","0.398417","0.157","0.6055","0.4025","2","marin/angel-6e90aca46588438c.mp3"
"cedar","angel","angel","","","1.368","0.03950152","0.4097518","0.250076","0.585","0.99","0.378","2","cedar/angel-6e90aca46588438c.mp3"
"marin","anger","anger","","","0.864","0.06932615","0.31548318","0.467761","0.0576","0.5895","0.2745","22","marin/anger-fa4df0c507f8a760.mp3"
"cedar","anger","anger","","","1.32","0.0351893","0.52863878","0.194366","0.5765","0.9325","0.3875","22","cedar/anger-fa4df0c507f8a760.mp3"
"marin","angle","angle","","","1.152","0.08091574","0.52724874","0.43193","0.0971","0.6399","0.5121","","marin/angle-7480999dafeff49e.mp3"
"cedar","angle","angle","","","1.104","0.06052413","0.62695277","0.276476","0.1531","0.5565","0.5475","","cedar/angle-7480999dafeff49e.mp3"
"marin","angry","angry","","","1.2","0.06166815","0.31596458","0.461476","0.056","0.6965","0.5035","15","marin/angry-98c7438594498e14.mp3"
"cedar","angry","angry","","","1.008","0.06953741","0.64219564","0.446243","0.0554","0.5935","0.4145","15","cedar/angry-98c7438594498e14.mp3"
"marin","animal","animal","","","1.464","0.04836352","0.29254937","0.298213","0.5079","0.9791","0.4849","110","marin/animal-39a33f743cb27a4c.mp3"
"cedar","animal","animal","","","1.056","0.04741475","0.38443804","0.333254","0.3642","0.7959","0.2601","110","cedar/animal-39a33f743cb27a4c.mp3"
"marin","ankle","ankle","","","1.008","0.05380292","0.37046328","0.343109","0.0575","0.5136","0.4944","20","marin/ankle-697824c0079c1558.mp3"
"cedar","ankle","ankle","","","1.056","0.03158775","0.42712182","0.253729","0.3244","0.7299","0.3261","20","cedar/ankle-697824c0079c1558.mp3"
"marin","another","another","","","1.416","0.05500704","0.39029747","0.307027","0.376","0.8902","0.5258","128","marin/another-33a7b215065f2ee8.mp3"
"cedar","another","another","","","1.416","0.05562757","0.52709895","0.291829","0.0985","0.607","0.809","128","cedar/another-33a7b215065f2ee8.mp3"
"marin","answer","answer","","","1.248","0.05059573","0.27541262","0.365986","0.6013","1.1551","0.0929","75","marin/answer-6959b4fff6c9960b.mp3"
"cedar","answer","answer","","","1.104","0.03145902","0.36632016","0.275249","0.4278","0.8594","0.2446","75","cedar/answer-6959b4fff6c9960b.mp3"
"marin","answer / pick up the phone","answer the phone. Or, pick up the phone.","","","4.152","0.0587341","0.47744432","0.390013","0.6035","3.6516","0.5004","","marin/answer-pick-up-the-phone-c25837ef644c9668.mp3"
"cedar","answer / pick up the phone","answer the phone. Or, pick up the phone.","","","3.312","0.06614975","0.49022582","0.452332","0.0541","3.0158","0.2962","","cedar/answer-pick-up-the-phone-c25837ef644c9668.mp3"
"marin","ant","ant","","","0.864","0.05167961","0.35119683","0.251326","0.1201","0.523","0.341","113","marin/ant-f20f7cb935591966.mp3"
"cedar","ant","ant","","","0.768","0.0453177","0.53332967","0.243327","0.0575","0.373","0.395","113","cedar/ant-f20f7cb935591966.mp3"
"marin","any","any","","","1.656","0.04496419","0.26542285","0.204308","0.0574","0.4291","1.2269","129","marin/any-8c1ee007205bc161.mp3"
"cedar","any","any","","","1.464","0.03221651","0.50114894","0.154912","0.2385","0.5443","0.9197","129","cedar/any-8c1ee007205bc161.mp3"
"marin","anybody","anybody","","","1.104","0.06390902","0.46095571","0.339447","0.1069","0.5923","0.5117","127","marin/anybody-d12d5294d3e8dc16.mp3"
"cedar","anybody","anybody","","","1.056","0.07144185","0.60776538","0.393387","0.0574","0.5804","0.4756","127","cedar/anybody-d12d5294d3e8dc16.mp3"
"marin","anyone","anyone","","","1.008","0.06386663","0.42641604","0.491774","0.247","0.8175","0.1905","127","marin/anyone-34c5318f2b6870f2.mp3"
"cedar","anyone","anyone","","","2.064","0.04545343","0.57350719","0.181686","0.062","0.5443","1.5198","127","cedar/anyone-34c5318f2b6870f2.mp3"
"marin","anyone (anybody)","anyone. Or, anybody.","","","2.616","0.0885537","0.46252757","0.531043","0.0556","2.4471","0.1689","","marin/anyone-anybody-bc157fe67415038f.mp3"
"cedar","anyone (anybody)","anyone. Or, anybody.","","","3","0.06092625","0.83170366","0.35741","0.1294","2.6715","0.3285","","cedar/anyone-anybody-bc157fe67415038f.mp3"
"marin","anything","anything","","","1.056","0.07113387","0.64809966","0.424499","0.1369","0.7091","0.3469","127","marin/anything-ce32b18ae7f79e70.mp3"
"cedar","anything","anything","","","1.248","0.04690348","0.5143885","0.260567","0.0615","0.5562","0.6918","127","cedar/anything-ce32b18ae7f79e70.mp3"
"marin","Anything else?","Anything else?","","","1.2","0.05610047","0.29223582","0.469062","0.3152","1.0422","0.1578","","marin/anything-else-f0e1ca7e0fda8c49.mp3"
"cedar","Anything else?","Anything else?","","","1.32","0.05511321","0.47355527","0.438052","0.0548","0.8236","0.4964","","cedar/anything-else-f0e1ca7e0fda8c49.mp3"
"marin","Anything to eat / drink?","Anything to eat, or drink?","","","2.808","0.06205794","0.36196736","0.384141","0.6028","2.4591","0.3489","","marin/anything-to-eat-drink-35746e1c806b4818.mp3"
"cedar","Anything to eat / drink?","Anything to eat, or drink?","","","2.4","0.06488436","0.62395597","0.416536","0.1246","2.0935","0.3065","","cedar/anything-to-eat-drink-35746e1c806b4818.mp3"
"marin","anywhere","anywhere","","","1.8","0.0434845","0.27025115","0.253345","0.3464","0.8907","0.9093","120","marin/anywhere-43018b072d578c1f.mp3"
"cedar","anywhere","anywhere","","","1.152","0.04989422","0.55480838","0.345812","0.1513","0.6405","0.5115","120","cedar/anywhere-43018b072d578c1f.mp3"
"marin","apartment","apartment","","","1.512","0.03405201","0.46915042","0.207038","0.0749","0.6595","0.8525","67","marin/apartment-b7ad55ee693c5457.mp3"
"cedar","apartment","apartment","","","1.752","0.03861108","0.48162377","0.186572","0.2361","0.9509","0.8011","67","cedar/apartment-b7ad55ee693c5457.mp3"
"marin","apologize","apologize","","","1.92","0.05698145","0.41200727","0.459223","0.1645","1.2707","0.6493","64","marin/apologize-3d178edaf3045e5d.mp3"
"cedar","apologize","apologize","","","1.8","0.03409074","0.35770294","0.313634","0.4127","1.2805","0.5195","64","cedar/apologize-3d178edaf3045e5d.mp3"
"marin","appear","appear","","","1.32","0.03729174","0.30861989","0.263116","0.093","0.6348","0.6852","115","marin/appear-1188c70978ae2dab.mp3"
"cedar","appear","appear","","","1.416","0.04171687","0.37577432","0.229652","0.2856","0.802","0.614","115","cedar/appear-1188c70978ae2dab.mp3"
"marin","apple","apple","","","1.2","0.04132647","0.55970466","0.232535","0.0578","0.4456","0.7544","38","marin/apple-303980bcb9e9e6cd.mp3"
"cedar","apple","apple","","","1.008","0.05663658","0.72310072","0.241567","0.0621","0.453","0.555","38","cedar/apple-303980bcb9e9e6cd.mp3"
"marin","appreciate","appreciate","","","1.104","0.04851253","0.28923446","0.44235","0.0503","0.838","0.266","65","marin/appreciate-3af0f7bbc5ae2473.mp3"
"cedar","appreciate","appreciate","","","1.92","0.04404732","0.43366399","0.275423","0.2044","0.9514","0.9686","65","cedar/appreciate-3af0f7bbc5ae2473.mp3"
"marin","April","April","","","0.864","0.06519587","0.39032215","0.313489","0.0645","0.483","0.381","33","marin/april-7b77b7a9f59c4ba7.mp3"
"cedar","April","April","","","1.008","0.04669295","0.43960935","0.274058","0.1705","0.5905","0.4175","33","cedar/april-7b77b7a9f59c4ba7.mp3"
"marin","are","are","","","0.768","0.07777601","0.55742919","0.451362","0.1149","0.5213","0.2467","122","marin/are-3738b5cfcae9a17f.mp3"
"cedar","are","are","","","1.056","0.04485356","0.48065013","0.21729","0.1715","0.544","0.512","122","cedar/are-3738b5cfcae9a17f.mp3"
"marin","Are you sure?","Are you sure?","","","1.248","0.07338541","0.44890341","0.679738","0.1264","1.0999","0.1481","","marin/are-you-sure-e82a5865758d465b.mp3"
"cedar","Are you sure?","Are you sure?","","","1.32","0.07684483","0.51191646","0.699227","0.0544","1.1592","0.1608","","cedar/are-you-sure-e82a5865758d465b.mp3"
"marin","area","area","","","0.912","0.06701953","0.31612837","0.465415","0.0611","0.5694","0.3426","108","marin/area-006b0e0ee30eef68.mp3"
"cedar","area","area","","","1.416","0.04555847","0.36597031","0.25075","0.3437","0.7768","0.6392","108","cedar/area-006b0e0ee30eef68.mp3"
"marin","argue","argue","","","1.656","0.05158989","0.5298956","0.277904","0.2576","0.7915","0.8645","65","marin/argue-35cf4c7b9af24981.mp3"
"cedar","argue","argue","","","1.848","0.05905196","0.63718337","0.192539","0.0963","0.5856","1.2624","65","cedar/argue-35cf4c7b9af24981.mp3"
"marin","arm","arm","","","1.512","0.05092118","0.46203959","0.225212","0.4654","0.8392","0.6728","20","marin/arm-b94c946de56d6bd2.mp3"
"cedar","arm","arm","","","1.8","0.05361892","0.60296881","0.158854","0.0609","0.4554","1.3446","20","cedar/arm-b94c946de56d6bd2.mp3"
"marin","armchair","armchair","","","1.416","0.0593743","0.413295","0.359434","0.1372","0.7806","0.6354","68","marin/armchair-d67e06d7590d1920.mp3"
"cedar","armchair","armchair","","","1.32","0.05134625","0.43810812","0.455508","0.2202","0.9881","0.3319","68","cedar/armchair-d67e06d7590d1920.mp3"
"marin","army","army","","","1.2","0.06647697","0.4242695","0.36526","0.2257","0.7011","0.4989","5","marin/army-59f87ef634eb773f.mp3"
"cedar","army","army","","","1.752","0.05733147","0.61675012","0.187024","0.0624","0.4419","1.3101","5","cedar/army-59f87ef634eb773f.mp3"
"marin","around","around","","","1.968","0.05440088","0.44518235","0.272538","0.3389","0.9547","1.0133","130|132","marin/around-453c9d4d8d935504.mp3"
"cedar","around","around","","","1.104","0.08022819","0.78910965","0.403872","0.0521","0.6285","0.4755","130|132","cedar/around-453c9d4d8d935504.mp3"
"marin","around here","around here","","","1.416","0.07160501","0.43125954","0.547243","0.0558","0.9965","0.4195","","marin/around-here-845ee09508d197b7.mp3"
"cedar","around here","around here","","","2.568","0.04074544","0.5503366","0.258575","0.318","1.2389","1.3291","","cedar/around-here-845ee09508d197b7.mp3"
"marin","around the clock","around the clock","","","2.256","0.05238774","0.5472219","0.315058","0.0506","1.2541","1.0019","","marin/around-the-clock-9b683718fc37394d.mp3"
"cedar","around the clock","around the clock","","","1.92","0.05563599","0.55067122","0.376183","0.3224","1.5212","0.3988","","cedar/around-the-clock-9b683718fc37394d.mp3"
"marin","around the corner","around the corner","","","2.256","0.06508738","0.37411204","0.460938","0.0575","1.5901","0.6659","","marin/around-the-corner-ec912b38f5727870.mp3"
"cedar","around the corner","around the corner","","","1.608","0.06419777","0.51908278","0.571219","0.0985","1.2873","0.3207","","cedar/around-the-corner-ec912b38f5727870.mp3"
"marin","arrange","arrange","","","1.248","0.05216259","0.36840495","0.436682","0.0596","0.7218","0.5262","103","marin/arrange-5444affb56c3c377.mp3"
"cedar","arrange","arrange","","","1.32","0.05026711","0.41338572","0.432086","0.1514","0.9347","0.3853","103","cedar/arrange-5444affb56c3c377.mp3"
"marin","arrive","arrive","","","2.352","0.04708386","0.5234943","0.198395","0.2047","0.7901","1.5619","94","marin/arrive-882d174ae9dba762.mp3"
"cedar","arrive","arrive","","","1.368","0.07448734","0.61136752","0.322886","0.0523","0.6552","0.7128","94","cedar/arrive-882d174ae9dba762.mp3"
"marin","art","art","","","0.72","0.0636277","0.51663178","0.291146","0.0734","0.423","0.297","76","marin/art-e0a4e4d9746517c5.mp3"
"cedar","art","art","","","0.912","0.04446789","0.4200545","0.16372","0.3019","0.6172","0.2948","76","cedar/art-e0a4e4d9746517c5.mp3"
"marin","artist","artist","","","0.864","0.06407517","0.52770925","0.424383","0.0615","0.5885","0.2755","4","marin/artist-9015a768f01989c2.mp3"
"cedar","artist","artist","","","1.248","0.04685609","0.4527553","0.226663","0.3538","0.7944","0.4536","4","cedar/artist-9015a768f01989c2.mp3"
"marin","as","as","","","0.912","0.04653773","0.48065963","0.385622","0.0605","0.5533","0.3587","133","marin/as-8b97bca797508475.mp3"
"cedar","as","as","","","1.848","0.03214821","0.62092453","0.147457","0.1825","0.573","1.275","133","cedar/as-8b97bca797508475.mp3"
"marin","as for","as for","","","1.416","0.05438544","0.33984447","0.384593","0.0574","0.78","0.636","","marin/as-for-738b2711f24ca51f.mp3"
"cedar","as for","as for","","","1.056","0.05795498","0.51596391","0.515645","0.0537","0.8229","0.2331","","cedar/as-for-738b2711f24ca51f.mp3"
"marin","as long as","as long as","","","2.448","0.09188933","0.5036484","0.529267","0.0596","2.185","0.263","","marin/as-long-as-a98e7130b6280c2f.mp3"
"cedar","as long as","as long as","","","2.568","0.05357937","0.53672779","0.435407","0.0542","2.0522","0.5158","","cedar/as-long-as-a98e7130b6280c2f.mp3"
"marin","as soon as...","as soon as","","","2.304","0.0663148","0.55451363","0.523736","0.0605","2.0698","0.2342","","marin/as-soon-as-729d9550a42732cb.mp3"
"cedar","as soon as...","as soon as","","","1.92","0.05669635","0.64458179","0.46377","0.0638","1.3358","0.5842","","cedar/as-soon-as-729d9550a42732cb.mp3"
"marin","ask","ask","","","1.104","0.05699298","0.61590034","0.289761","0.0673","0.5478","0.5562","75","marin/ask-2ce021029478c521.mp3"
"cedar","ask","ask","","","0.96","0.04131847","0.70948619","0.272504","0.1639","0.6078","0.3522","75","cedar/ask-2ce021029478c521.mp3"
"marin","ask for","ask for","","","1.608","0.05710729","0.60566348","0.345188","0.1153","1.1931","0.4149","","marin/ask-for-ac660b9973c1ba98.mp3"
"cedar","ask for","ask for","","","2.568","0.04319018","0.57638514","0.216616","0.054","1.1226","1.4454","","cedar/ask-for-ac660b9973c1ba98.mp3"
"marin","asleep","asleep","","","1.608","0.03920771","0.36675036","0.288181","0.0574","0.7591","0.8489","21","marin/asleep-ea54622f62b06efb.mp3"
"cedar","asleep","asleep","","","0.96","0.05335584","0.47823182","0.350868","0.0583","0.589","0.371","21","cedar/asleep-ea54622f62b06efb.mp3"
"marin","assistant","assistant","","","1.152","0.04992559","0.32642314","0.404008","0.2368","0.9595","0.1925","5","marin/assistant-18f567b536cbac63.mp3"
"cedar","assistant","assistant","","","1.152","0.05394556","0.49603599","0.417643","0.1168","0.7944","0.3576","5","cedar/assistant-18f567b536cbac63.mp3"
"marin","assume","assume","","","1.056","0.04852872","0.29056451","0.425742","0.0559","0.5776","0.4784","18","marin/assume-24e9b402c07cdc26.mp3"
"cedar","assume","assume","","","1.32","0.05264373","0.48714894","0.376862","0.0585","0.6543","0.6657","18","cedar/assume-24e9b402c07cdc26.mp3"
"marin","at","at","","","0.864","0.03337378","0.53795105","0.223814","0.0575","0.4303","0.4337","130|131","marin/at-f5d9ec14e8b0a034.mp3"
"cedar","at","at","","","2.76","0.01582369","0.46265337","0.04609","0.6482","0.9543","1.8057","130|131","cedar/at-f5d9ec14e8b0a034.mp3"
"marin","at hand","at hand","","","1.464","0.05420327","0.47469762","0.37749","0.07","1.1261","0.3379","","marin/at-hand-b5cdd37d106d8715.mp3"
"cedar","at hand","at hand","","","1.464","0.0464082","0.49645075","0.345571","0.1138","1.2699","0.1941","","cedar/at-hand-b5cdd37d106d8715.mp3"
"marin","at last","at last","","","1.92","0.0455324","0.45782703","0.316829","0.0543","1.245","0.675","","marin/at-last-1b703810ed2469ab.mp3"
"cedar","at last","at last","","","2.112","0.06050948","0.83396852","0.256747","0.0542","1.7356","0.3764","","cedar/at-last-1b703810ed2469ab.mp3"
"marin","at least","at least","","","1.416","0.05225633","0.58746028","0.359772","0.064","1.2693","0.1467","","marin/at-least-1491b0ea6b86828c.mp3"
"cedar","at least","at least","","","1.32","0.04904288","0.62481725","0.385227","0.1506","1.1462","0.1738","","cedar/at-least-1491b0ea6b86828c.mp3"
"marin","at noon","at noon","","","1.416","0.07860186","0.55354565","0.406441","0.0605","1.0419","0.3741","","marin/at-noon-a0c11da8dffd38c4.mp3"
"cedar","at noon","at noon","","","1.512","0.07228556","0.59078997","0.423074","0.0575","1.1879","0.3241","","cedar/at-noon-a0c11da8dffd38c4.mp3"
"marin","at the age of...","at the age of","","","2.808","0.05364952","0.4741382","0.325105","0.0543","1.5856","1.2224","","marin/at-the-age-of-c4ffb67c90a5edc4.mp3"
"cedar","at the age of...","at the age of","","","1.968","0.05217906","0.55564904","0.398723","0.0575","1.3847","0.5833","","cedar/at-the-age-of-c4ffb67c90a5edc4.mp3"
"marin","at the bottom of...","at the bottom of","","","2.064","0.06162852","0.37452951","0.432292","0.06","1.7582","0.3058","","marin/at-the-bottom-of-be4a655509295fe9.mp3"
"cedar","at the bottom of...","at the bottom of","","","2.76","0.04944794","0.57578677","0.30862","0.1162","1.5528","1.2072","","cedar/at-the-bottom-of-be4a655509295fe9.mp3"
"marin","at the desk","at the desk","","","1.608","0.05334967","0.41141117","0.38096","0.0605","1.2604","0.3476","","marin/at-the-desk-48181628301e97b2.mp3"
"cedar","at the desk","at the desk","","","1.848","0.04825211","0.56303221","0.367864","0.059","1.3401","0.5079","","cedar/at-the-desk-48181628301e97b2.mp3"
"marin","at the end of...","at the end of","","","2.064","0.04949219","0.37339008","0.370417","0.0523","1.2979","0.7661","","marin/at-the-end-of-c36f29c3aeb052a8.mp3"
"cedar","at the end of...","at the end of","","","2.256","0.06063784","0.68507713","0.382683","0.0531","1.5637","0.6923","","cedar/at-the-end-of-c36f29c3aeb052a8.mp3"
"marin","at the same time","at the same time","","","2.112","0.06846992","0.5623821","0.534042","0.0606","1.959","0.153","","marin/at-the-same-time-99e7a9f8985a6d0f.mp3"
"cedar","at the same time","at the same time","","","2.256","0.03868847","0.56278843","0.362413","0.0575","1.2643","0.9917","","cedar/at-the-same-time-99e7a9f8985a6d0f.mp3"
"marin","at work","at work","","","1.32","0.05993366","0.46573287","0.322506","0.0484","0.9751","0.3449","","marin/at-work-0323cb86a0fca4a9.mp3"
"cedar","at work","at work","","","1.56","0.06087427","0.6762681","0.267815","0.1485","1.1841","0.3759","","cedar/at-work-0323cb86a0fca4a9.mp3"
"marin","attack","attack","","","1.56","0.03556813","0.39931023","0.205929","0.0576","0.6325","0.9275","","marin/attack-ccdb438b8f0857e4.mp3"
"cedar","attack","attack","","","2.208","0.03083494","0.53343499","0.133407","0.046","0.5837","1.6243","","cedar/attack-ccdb438b8f0857e4.mp3"
"marin","attention","attention","","","1.464","0.04330141","0.28863391","0.325905","0.048","0.6522","0.8118","75","marin/attention-e3ae18dac0f9487f.mp3"
"cedar","attention","attention","","","1.416","0.04150947","0.39758724","0.350636","0.1638","0.8411","0.5749","75","cedar/attention-e3ae18dac0f9487f.mp3"
"marin","August","August","","","1.8","0.05309472","0.52704728","0.2286","0.0584","0.6712","1.1288","33","marin/august-922d7599c80745b3.mp3"
"cedar","August","August","","","1.32","0.05438799","0.46082312","0.259501","0.1229","0.6338","0.6863","33","cedar/august-922d7599c80745b3.mp3"
"marin","aunt","aunt","","","2.16","0.02469079","0.24193208","0.102951","0.6262","1.0095","1.1505","26","marin/aunt-a375b36a8642e02b.mp3"
"cedar","aunt","aunt","","","1.608","0.02620436","0.49243969","0.12912","0.5911","0.923","0.685","26","cedar/aunt-a375b36a8642e02b.mp3"
"marin","autumn","autumn","","","1.416","0.04024696","0.35099274","0.243144","0.1044","0.5053","0.9107","33","marin/autumn-527bfc2ee911cad4.mp3"
"cedar","autumn","autumn","","","2.4","0.04184816","0.48310521","0.142049","0.143","0.5998","1.8002","33","cedar/autumn-527bfc2ee911cad4.mp3"
"marin","available","available","","","1.248","0.06881437","0.38100728","0.498715","0.0986","0.8097","0.4383","117","marin/available-ed01b1557bd7a1e7.mp3"
"cedar","available","available","","","1.2","0.04908569","0.42058393","0.403785","0.1653","0.8008","0.3992","117","cedar/available-ed01b1557bd7a1e7.mp3"
"marin","avoid","avoid","","","1.464","0.04866576","0.44760498","0.327826","0.2262","0.8395","0.6245","28","marin/avoid-c4110258593201e9.mp3"
"cedar","avoid","avoid","","","0.912","0.06707879","0.53177279","0.469778","0.0975","0.6441","0.2679","28","cedar/avoid-c4110258593201e9.mp3"
"marin","away","away","","","0.864","0.0789724","0.40650129","0.454765","0.0522","0.5395","0.3245","120","marin/away-9635a00a47cee0c5.mp3"
"cedar","away","away","","","2.064","0.04717988","0.47522125","0.17668","0.1543","0.611","1.453","120","cedar/away-9635a00a47cee0c5.mp3"
"marin","baby","baby","","","1.008","0.05646433","0.44912732","0.330357","0.1829","0.6313","0.3767","1","marin/baby-a08782fae2f01fce.mp3"
"cedar","baby","baby","","","1.056","0.05177837","0.4995583","0.285906","0.2204","0.6068","0.4492","1","cedar/baby-a08782fae2f01fce.mp3"
"marin","baby sitter","baby sitter","","","1.8","0.07372868","0.35658011","0.4864","0.5754","1.6092","0.1908","28","marin/baby-sitter-3fa1625c50270f89.mp3"
"cedar","baby sitter","baby sitter","","","1.152","0.06535238","0.69073886","0.477666","0.082","0.835","0.317","28","cedar/baby-sitter-3fa1625c50270f89.mp3"
"marin","back","back","","","0.768","0.04662204","0.50411898","0.282498","0.1419","0.5883","0.1797","20|83","marin/back-2ec0cfe9c0f50102.mp3"
"cedar","back","back","","","1.152","0.03359122","0.60274965","0.20799","0.0598","0.573","0.579","20|83","cedar/back-2ec0cfe9c0f50102.mp3"
"marin","backpack","backpack","","","1.152","0.05283347","0.64522773","0.299967","0.0738","0.8147","0.3373","80","marin/backpack-a25315235aa999c9.mp3"
"cedar","backpack","backpack","","","1.056","0.06022317","0.8428877","0.333846","0.0755","0.7547","0.3013","80","cedar/backpack-a25315235aa999c9.mp3"
"marin","backward","backward","","","1.8","0.04030801","0.52504599","0.200278","0.074","0.6698","1.1302","84","marin/backward-19b7ebc4a7f90486.mp3"
"cedar","backward","backward","","","1.416","0.04607934","0.58546948","0.329214","0.1554","0.9173","0.4987","84","cedar/backward-19b7ebc4a7f90486.mp3"
"marin","bad","bad","","","0.864","0.05472597","0.55843538","0.439984","0.0743","0.5961","0.2679","16","marin/bad-1d7a363ce1243088.mp3"
"cedar","bad","bad","","","1.752","0.03934918","0.6243875","0.161042","0.6166","1.0232","0.7288","16","cedar/bad-1d7a363ce1243088.mp3"
"marin","badminton","badminton","","","1.368","0.05047356","0.34485745","0.405093","0.2094","0.9024","0.4656","52","marin/badminton-c555022d55da6c4f.mp3"
"cedar","badminton","badminton","","","1.248","0.04797688","0.66969603","0.412293","0.0788","0.8413","0.4067","52","cedar/badminton-c555022d55da6c4f.mp3"
"marin","bag","bag","","","1.008","0.05305077","0.52135473","0.39387","0.1242","0.6434","0.3646","49","marin/bag-e8aff3ca4caeb228.mp3"
"cedar","bag","bag","","","1.056","0.0345858","0.44999102","0.25801","0.2823","0.7816","0.2744","49","cedar/bag-e8aff3ca4caeb228.mp3"
"marin","bake","bake","","","0.96","0.05547746","0.56177264","0.248025","0.0731","0.556","0.404","45","marin/bake-25fcc033bf78f9c3.mp3"
"cedar","bake","bake","","","1.368","0.03283794","0.73967457","0.155443","0.4552","0.8884","0.4796","45","cedar/bake-25fcc033bf78f9c3.mp3"
"marin","bakery","bakery","","","1.2","0.05179798","0.41378969","0.35849","0.0721","0.737","0.463","85","marin/bakery-1b045120cdf62a22.mp3"
"cedar","bakery","bakery","","","1.008","0.05870788","0.54149622","0.353733","0.0714","0.6767","0.3313","85","cedar/bakery-1b045120cdf62a22.mp3"
"marin","balcony","balcony","","","1.368","0.05671929","0.6132158","0.325338","0.1484","0.7356","0.6324","67","marin/balcony-4574ba14622a0f6e.mp3"
"cedar","balcony","balcony","","","1.8","0.04293091","0.53146982","0.245324","0.1571","0.8052","0.9948","67","cedar/balcony-4574ba14622a0f6e.mp3"
"marin","ball","ball","","","1.416","0.05131781","0.57781351","0.279205","0.2213","0.695","0.721","52","marin/ball-3bec5636eff89f44.mp3"
"cedar","ball","ball","","","0.96","0.06746563","0.5464465","0.361784","0.0713","0.5876","0.3724","52","cedar/ball-3bec5636eff89f44.mp3"
"marin","balloon","balloon","","","1.008","0.08308528","0.60683078","0.578042","0.1301","0.7602","0.2478","57","marin/balloon-a441f50e362ade15.mp3"
"cedar","balloon","balloon","","","1.704","0.05131235","0.3339332","0.294894","0.4134","1.013","0.691","57","cedar/balloon-a441f50e362ade15.mp3"
"marin","banana","banana","","","1.608","0.06078039","0.47087908","0.414995","0.0802","0.8535","0.7545","38","marin/banana-5a81483d96b0bc15.mp3"
"cedar","banana","banana","","","1.8","0.0585409","0.65260524","0.291655","0.0826","0.7367","1.0633","38","cedar/banana-5a81483d96b0bc15.mp3"
"marin","band","band","","","0.816","0.0571516","0.51251376","0.404897","0.1593","0.544","0.272","56","marin/band-c4ee77a633dcdfcb.mp3"
"cedar","band","band","","","1.56","0.04057752","0.47146508","0.199533","0.1538","0.5934","0.9666","56","cedar/band-c4ee77a633dcdfcb.mp3"
"marin","bank","bank","","","0.912","0.05507296","0.59609467","0.214981","0.1249","0.4567","0.4553","86|107","marin/bank-7bb74618b5ab45a6.mp3"
"cedar","bank","bank","","","0.864","0.05408517","0.71915966","0.21359","0.0912","0.4806","0.3834","86|107","cedar/bank-7bb74618b5ab45a6.mp3"
"marin","barbecue","barbecue","","","1.104","0.05160333","0.61131722","0.357111","0.1798","0.7804","0.3236","103","marin/barbecue-6c31d75549bc8325.mp3"
"cedar","barbecue","barbecue","","","1.152","0.05948041","0.52592677","0.471137","0.0732","0.8679","0.2841","103","cedar/barbecue-6c31d75549bc8325.mp3"
"marin","barber","barber","","","1.104","0.0658768","0.52204132","0.403117","0.0767","0.6616","0.4424","7","marin/barber-ff9c72a7b1e0dc37.mp3"
"cedar","barber","barber","","","1.056","0.05793551","0.49374866","0.337871","0.0892","0.5752","0.4808","7","cedar/barber-ff9c72a7b1e0dc37.mp3"
"marin","bark","bark","","","0.768","0.05496944","0.48415568","0.274034","0.0798","0.573","0.195","110","marin/bark-fe939e68d1e1563d.mp3"
"cedar","bark","bark","","","1.368","0.04301329","0.51735216","0.156859","0.0819","0.5137","0.8543","110","cedar/bark-fe939e68d1e1563d.mp3"
"marin","baseball","baseball","","","1.56","0.04935876","0.46356621","0.285216","0.1613","0.7771","0.7829","52","marin/baseball-e11184da809af8dc.mp3"
"cedar","baseball","baseball","","","1.2","0.06200608","0.6131925","0.44816","0.0979","0.8886","0.3114","52","cedar/baseball-e11184da809af8dc.mp3"
"marin","basement","basement","","","1.416","0.05063604","0.41997263","0.264772","0.0858","0.6314","0.7846","71","marin/basement-2579d01b50943b54.mp3"
"cedar","basement","basement","","","1.8","0.03394626","0.32666141","0.212847","0.293","0.8624","0.9376","71","cedar/basement-2579d01b50943b54.mp3"
"marin","basic","basic","","","0.96","0.06279572","0.62954038","0.313954","0.0849","0.6325","0.3275","78","marin/basic-9a7099dc836218d2.mp3"
"cedar","basic","basic","","","1.2","0.04893714","0.51113445","0.290608","0.2226","0.7825","0.4175","78","cedar/basic-9a7099dc836218d2.mp3"
"marin","basket","basket","","","1.056","0.06847156","0.62592191","0.31035","0.0594","0.6469","0.4091","71","marin/basket-37a391dbb5491975.mp3"
"cedar","basket","basket","","","1.8","0.03598501","0.65066636","0.176262","0.8035","1.3331","0.4669","71","cedar/basket-37a391dbb5491975.mp3"
"marin","basketball","basketball","","","1.32","0.04890305","0.3874709","0.379277","0.4576","1.192","0.128","52","marin/basketball-4bf98c0beef36e17.mp3"
"cedar","basketball","basketball","","","1.416","0.05899192","0.70587444","0.39423","0.2328","1.0863","0.3297","52","cedar/basketball-4bf98c0beef36e17.mp3"
"marin","bat","bat","","","0.912","0.05702422","0.79840726","0.260005","0.0597","0.523","0.389","52|111","marin/bat-2b1af0fe3b9b32d6.mp3"
"cedar","bat","bat","","","0.864","0.04738529","0.5962438","0.289689","0.1586","0.623","0.241","52|111","cedar/bat-2b1af0fe3b9b32d6.mp3"
"marin","bath","bath","","","1.104","0.04285713","0.54414278","0.226091","0.071","0.5923","0.5118","31","marin/bath-1760e166f9f64c0d.mp3"
"cedar","bath","bath","","","1.848","0.02885634","0.42653769","0.10021","0.3678","0.6348","1.2132","31","cedar/bath-1760e166f9f64c0d.mp3"
"marin","bathe","bathe","","","1.152","0.06489068","0.62498266","0.328885","0.0854","0.5896","0.5624","31","marin/bathe-6e4305dcc2113c88.mp3"
"cedar","bathe","bathe","","","1.248","0.06830425","0.64610648","0.358991","0.0738","0.7045","0.5435","31","cedar/bathe-6e4305dcc2113c88.mp3"
"marin","bathroom","bathroom","","","1.368","0.04928054","0.55513322","0.314373","0.1898","0.7892","0.5788","71","marin/bathroom-5932a0bb625d15a7.mp3"
"cedar","bathroom","bathroom","","","2.256","0.04261284","0.83082384","0.153101","0.0894","0.6036","1.6524","71","cedar/bathroom-5932a0bb625d15a7.mp3"
"marin","be afraid of","be afraid of","","","2.448","0.05908663","0.25367799","0.364371","0.367","1.6594","0.7886","","marin/be-afraid-of-eec8fae1e67693ea.mp3"
"cedar","be afraid of","be afraid of","","","2.664","0.04174078","0.39652884","0.247529","0.4656","1.4123","1.2518","","cedar/be-afraid-of-eec8fae1e67693ea.mp3"
"marin","be angry at / with","be angry at someone. Or, be angry with someone.","","","5.064","0.07154571","0.45431596","0.543255","0.0714","4.8564","0.2076","","marin/be-angry-at-with-8b563caabc77a300.mp3"
"cedar","be angry at / with","be angry at someone. Or, be angry with someone.","","","4.32","0.0840725","0.59491318","0.606554","0.0581","4.1418","0.1782","","cedar/be-angry-at-with-8b563caabc77a300.mp3"
"marin","be busy + V-ing / with N","be busy doing something. Or, be busy with something.","","","4.656","0.08318463","0.45233238","0.559117","0.0734","4.4917","0.1643","","marin/be-busy-v-ing-with-n-225d16963022d7c2.mp3"
"cedar","be busy + V-ing / with N","be busy doing something. Or, be busy with something.","","","3.816","0.07297603","0.45923913","0.597048","0.0668","3.6464","0.1696","","cedar/be-busy-v-ing-with-n-225d16963022d7c2.mp3"
"marin","be covered with","be covered with","","","1.8","0.05657358","0.31824502","0.403912","0.0743","1.1095","0.6905","","marin/be-covered-with-774f2d4b8515827b.mp3"
"cedar","be covered with","be covered with","","","2.712","0.05053758","0.45807341","0.314497","0.0745","1.4566","1.2554","","cedar/be-covered-with-774f2d4b8515827b.mp3"
"marin","be crazy about","be crazy about","","","2.016","0.06819263","0.38749644","0.504165","0.0747","1.5303","0.4857","","marin/be-crazy-about-7cec10d865617151.mp3"
"cedar","be crazy about","be crazy about","","","2.256","0.05625217","0.37910581","0.434536","0.0688","1.7215","0.5345","","cedar/be-crazy-about-7cec10d865617151.mp3"
"marin","be different from","be different from","","","1.56","0.06416265","0.39833739","0.521835","0.0829","1.3596","0.2004","","marin/be-different-from-6bd8a16347e9df04.mp3"
"cedar","be different from","be different from","","","2.16","0.05574619","0.56201231","0.387452","0.0645","1.3474","0.8126","","cedar/be-different-from-6bd8a16347e9df04.mp3"
"marin","be","be","","","1.752","0.03533007","0.33390534","0.183588","0.052","0.4919","1.2601","122","marin/be-ee731d67dfd44753.mp3"
"cedar","be","be","","","2.352","0.05040139","0.42896467","0.187101","1.3001","1.8291","0.5229","122","cedar/be-ee731d67dfd44753.mp3"
"marin","be famous for...","be famous for","","","2.616","0.06975112","0.38485879","0.448379","0.0831","2.0913","0.5247","","marin/be-famous-for-0fa35cc737f3da34.mp3"
"cedar","be famous for...","be famous for","","","1.704","0.06026738","0.47618276","0.520198","0.0796","1.3891","0.3149","","cedar/be-famous-for-0fa35cc737f3da34.mp3"
"marin","be filled with...","be filled with","","","2.064","0.06808567","0.39661083","0.417757","0.0706","1.7858","0.2782","","marin/be-filled-with-1e84d627739a0bde.mp3"
"cedar","be filled with...","be filled with","","","1.56","0.06350076","0.47555009","0.40207","0.0807","1.0505","0.5095","","cedar/be-filled-with-1e84d627739a0bde.mp3"
"marin","be good at...","be good at","","","1.416","0.0588004","0.31364241","0.48645","0.1924","1.323","0.093","","marin/be-good-at-f174f9f25395464d.mp3"
"cedar","be good at...","be good at","","","2.256","0.0485276","0.41507685","0.309286","0.1601","1.2147","1.0413","","cedar/be-good-at-f174f9f25395464d.mp3"
"marin","be happy with / about","be happy with something. Or, be happy about something.","","","4.56","0.07473338","0.52408463","0.525982","0.0665","4.3716","0.1884","","marin/be-happy-with-about-c11d08f80107e4df.mp3"
"cedar","be happy with / about","be happy with something. Or, be happy about something.","","","4.968","0.0688839","0.7324276","0.485503","0.0899","4.9423","0.0257","","cedar/be-happy-with-about-c11d08f80107e4df.mp3"
"marin","be helpful for","be helpful for","","","1.8","0.05245439","0.36677769","0.404271","0.2398","1.3121","0.4879","","marin/be-helpful-for-a7d18a5d9f51440d.mp3"
"cedar","be helpful for","be helpful for","","","2.064","0.06829497","0.53614426","0.39223","0.1116","1.5384","0.5256","","cedar/be-helpful-for-a7d18a5d9f51440d.mp3"
"marin","be hungry for","be hungry for","","","1.8","0.070455","0.35918868","0.465174","0.1527","1.4534","0.3466","","marin/be-hungry-for-723be58ec76b3ff1.mp3"
"cedar","be hungry for","be hungry for","","","1.656","0.05736641","0.40395403","0.497346","0.0819","1.3113","0.3447","","cedar/be-hungry-for-723be58ec76b3ff1.mp3"
"marin","be kind to...","be kind to","","","2.112","0.0701564","0.28710485","0.502486","0.0767","1.523","0.589","","marin/be-kind-to-4dd31cf287f083dd.mp3"
"cedar","be kind to...","be kind to","","","2.064","0.06059953","0.48704553","0.487403","0.0606","1.789","0.275","","cedar/be-kind-to-4dd31cf287f083dd.mp3"
"marin","be late for...","be late for","","","2.352","0.05264106","0.30257568","0.407995","0.0769","1.9562","0.3958","","marin/be-late-for-3f11bf247c3ca6a0.mp3"
"cedar","be late for...","be late for","","","2.16","0.06372171","0.47904116","0.383546","0.0764","1.877","0.283","","cedar/be-late-for-3f11bf247c3ca6a0.mp3"
"marin","be mad at / with","be mad at someone. Or, be mad with someone.","","","4.848","0.0726576","0.40658793","0.522759","0.1463","4.717","0.131","","marin/be-mad-at-with-292a724abded29c0.mp3"
"cedar","be mad at / with","be mad at someone. Or, be mad with someone.","","","4.008","0.06696581","0.47361085","0.552312","0.0725","3.8228","0.1852","","cedar/be-mad-at-with-292a724abded29c0.mp3"
"marin","be made of","be made of","","","1.92","0.05682652","0.30810162","0.485503","0.056","1.3091","0.6109","","marin/be-made-of-a5074bf9aea8f6ff.mp3"
"cedar","be made of","be made of","","","2.112","0.06043581","0.49822944","0.445539","0.1969","1.6317","0.4803","","cedar/be-made-of-a5074bf9aea8f6ff.mp3"
"marin","be popular with...","be popular with","","","2.16","0.05635873","0.3489179","0.489554","0.0543","1.8861","0.2739","","marin/be-popular-with-d6f5df6ac3e6a730.mp3"
"cedar","be popular with...","be popular with","","","2.76","0.06456968","0.46126813","0.377929","0.1893","1.7545","1.0055","","cedar/be-popular-with-d6f5df6ac3e6a730.mp3"
"marin","be proud of","be proud of","","","1.656","0.0625971","0.45969763","0.595021","0.0774","1.4002","0.2558","","marin/be-proud-of-9c454bfc193e28e7.mp3"
"cedar","be proud of","be proud of","","","1.968","0.06222027","0.5127027","0.483253","0.0713","1.6075","0.3605","","cedar/be-proud-of-9c454bfc193e28e7.mp3"
"marin","be ready for","be ready for","","","1.704","0.0600708","0.35223615","0.543134","0.0612","1.2214","0.4826","","marin/be-ready-for-f96ef00882a7a7d2.mp3"
"cedar","be ready for","be ready for","","","2.016","0.05743718","0.49516955","0.504475","0.0767","1.4638","0.5522","","cedar/be-ready-for-f96ef00882a7a7d2.mp3"
"marin","be short of...","be short of","","","2.904","0.05576377","0.36333385","0.355013","0.0854","2.1592","0.7448","","marin/be-short-of-1ab4ca09f89058cb.mp3"
"cedar","be short of...","be short of","","","2.112","0.05121487","0.42559603","0.409101","0.0772","1.7028","0.4092","","cedar/be-short-of-1ab4ca09f89058cb.mp3"
"marin","be successful in...","be successful in","","","2.52","0.06242142","0.42241949","0.477307","0.0654","2.2915","0.2285","","marin/be-successful-in-dd1a4d27c987f897.mp3"
"cedar","be successful in...","be successful in","","","2.16","0.05217452","0.53817093","0.491628","0.0692","1.503","0.657","","cedar/be-successful-in-dd1a4d27c987f897.mp3"
"marin","be the same as","be the same as","","","2.256","0.0610845","0.4876965","0.554281","0.0576","1.673","0.583","","marin/be-the-same-as-6313493a72875c20.mp3"
"cedar","be the same as","be the same as","","","2.256","0.0495685","0.48412961","0.513067","0.0608","1.8049","0.4511","","cedar/be-the-same-as-6313493a72875c20.mp3"
"marin","be tired of","be tired of","","","2.16","0.06653154","0.43014684","0.426524","0.0781","1.8222","0.3378","","marin/be-tired-of-a1d39dd03530b2f0.mp3"
"cedar","be tired of","be tired of","","","1.656","0.05710402","0.54687232","0.470725","0.0702","1.223","0.433","","cedar/be-tired-of-a1d39dd03530b2f0.mp3"
"marin","be worried about","be worried about","","","1.848","0.06803556","0.37072295","0.684828","0.0693","1.696","0.152","","marin/be-worried-about-936150776f3b8108.mp3"
"cedar","be worried about","be worried about","","","1.608","0.07079595","0.41372678","0.502371","0.0696","1.1672","0.4408","","cedar/be-worried-about-936150776f3b8108.mp3"
"marin","beach","beach","","","1.368","0.04211513","0.25345764","0.379889","0.348","1.138","0.23","108","marin/beach-2157e291ca3a8d6d.mp3"
"cedar","beach","beach","","","1.248","0.04871235","0.38374642","0.305055","0.0646","0.7077","0.5403","108","cedar/beach-2157e291ca3a8d6d.mp3"
"marin","bean","bean","","","1.056","0.0484629","0.17322105","0.422033","0.2715","0.7644","0.2916","39","marin/bean-1b18ec8e549ebb89.mp3"
"cedar","bean","bean","","","1.656","0.05936981","0.40865278","0.27969","0.5743","1.1713","0.4847","39","cedar/bean-1b18ec8e549ebb89.mp3"
"marin","bear","bear","","","1.056","0.06181976","0.48991606","0.283953","0.4902","0.8401","0.2159","111","marin/bear-4b69b9faa241ca24.mp3"
"cedar","bear","bear","","","0.96","0.06375321","0.48280102","0.41454","0.0602","0.6478","0.3122","111","cedar/bear-4b69b9faa241ca24.mp3"
"marin","beard","beard","","","0.864","0.06031572","0.27913693","0.425974","0.0961","0.6358","0.2282","19","marin/beard-95a741581dbdc817.mp3"
"cedar","beard","beard","","","0.96","0.0420153","0.31896034","0.357964","0.0645","0.6256","0.3344","19","cedar/beard-95a741581dbdc817.mp3"
"marin","beat","beat","","","0.96","0.04721152","0.4937104","0.195964","0.0855","0.4818","0.4782","59","marin/beat-4b3ac1fbf1637e58.mp3"
"cedar","beat","beat","","","0.912","0.03849351","0.36819127","0.278189","0.0699","0.5224","0.3896","59","cedar/beat-4b3ac1fbf1637e58.mp3"
"marin","Beats me.","Beats me.","","","1.704","0.06431353","0.27511257","0.464593","0.0653","1.0674","0.6366","","marin/beats-me-754a3bc6a7de1d65.mp3"
"cedar","Beats me.","Beats me.","","","1.92","0.04339062","0.32658467","0.23202","0.4219","0.9809","0.9391","","cedar/beats-me-754a3bc6a7de1d65.mp3"
"marin","beautiful","beautiful","","","1.2","0.05531589","0.30550265","0.359514","0.1839","0.765","0.435","11","marin/beautiful-a6418495714d6789.mp3"
"cedar","beautiful","beautiful","","","1.656","0.04318969","0.41060883","0.236048","0.6803","1.2389","0.4171","11","cedar/beautiful-a6418495714d6789.mp3"
"marin","beauty","beauty","","","2.016","0.05504075","0.35740301","0.203745","0.0891","0.5776","1.4384","2","marin/beauty-07c5f602cfd4bb82.mp3"
"cedar","beauty","beauty","","","1.152","0.06016085","0.49493","0.360135","0.0658","0.5795","0.5725","2","cedar/beauty-07c5f602cfd4bb82.mp3"
"marin","because","because","","","1.848","0.0429263","0.32437542","0.276357","0.376","1.0469","0.8011","133","marin/because-52a162294e71840a.mp3"
"cedar","because","because","","","1.368","0.04952479","0.553689","0.386102","0.0747","0.8424","0.5256","133","cedar/because-52a162294e71840a.mp3"
"marin","because of","because of","","","1.2","0.05039269","0.3241154","0.362292","0.0856","0.7601","0.4399","","marin/because-of-98b2682df850db9f.mp3"
"cedar","because of","because of","","","1.368","0.04346233","0.31230631","0.371178","0.066","0.823","0.545","","cedar/because-of-98b2682df850db9f.mp3"
"marin","become","become","","","1.2","0.04862264","0.27468404","0.402691","0.0831","0.6947","0.5053","10","marin/become-d62f6c26c3b0f9de.mp3"
"cedar","become","become","","","1.704","0.04731941","0.4065412","0.336891","0.0762","0.8877","0.8163","10","cedar/become-d62f6c26c3b0f9de.mp3"
"marin","bed","bed","","","1.056","0.05376904","0.57146144","0.278666","0.0852","0.8872","0.1688","69","marin/bed-7a48ddd9758c7a1a.mp3"
"cedar","bed","bed","","","0.816","0.05193065","0.58119023","0.363741","0.0581","0.5392","0.2768","69","cedar/bed-7a48ddd9758c7a1a.mp3"
"marin","bedroom","bedroom","","","1.008","0.0621341","0.5125339","0.507585","0.0651","0.7186","0.2894","69","marin/bedroom-8387a38ffcc275d3.mp3"
"cedar","bedroom","bedroom","","","1.104","0.04816727","0.488058","0.391908","0.2723","0.812","0.292","69","cedar/bedroom-8387a38ffcc275d3.mp3"
"marin","bee","bee","","","1.656","0.04898455","0.34626919","0.203741","0.3258","0.7461","0.9099","113","marin/bee-c150e5a8a604aceb.mp3"
"cedar","bee","bee","","","1.704","0.05223929","0.4613196","0.216598","0.7504","1.2056","0.4984","113","cedar/bee-c150e5a8a604aceb.mp3"
"marin","beef","beef","","","1.848","0.03488434","0.38140884","0.191942","0.0772","0.644","1.204","40","marin/beef-9133a08119601ab3.mp3"
"cedar","beef","beef","","","1.056","0.04985734","0.4609265","0.180141","0.2189","0.6009","0.4551","40","cedar/beef-9133a08119601ab3.mp3"
"marin","been","been","","","0.864","0.05944368","0.55402505","0.383994","0.0849","0.5101","0.3539","122","marin/been-ed58f1ce95e2156a.mp3"
"cedar","been","been","","","0.768","0.05532747","0.49435356","0.438504","0.0778","0.5858","0.1822","122","cedar/been-ed58f1ce95e2156a.mp3"
"marin","beer","beer","","","1.056","0.06430279","0.32039317","0.374231","0.0686","0.5544","0.5016","42","marin/beer-89954ee5df485c98.mp3"
"cedar","beer","beer","","","0.864","0.05662414","0.43038923","0.347897","0.077","0.5154","0.3486","42","cedar/beer-89954ee5df485c98.mp3"
"marin","before","before","","","1.32","0.06164564","0.41960499","0.362374","0.0558","0.6703","0.6498","131|133","marin/before-9160d4be34c8695b.mp3"
"cedar","before","before","","","1.248","0.07469933","0.47931898","0.413645","0.0762","0.8069","0.4411","131|133","cedar/before-9160d4be34c8695b.mp3"
"marin","begin","begin","","","1.104","0.07049001","0.36002907","0.475845","0.1","0.6986","0.4054","115","marin/begin-72dd223af541dd7f.mp3"
"cedar","begin","begin","","","1.248","0.04278386","0.45417222","0.256878","0.1817","0.5918","0.6562","115","cedar/begin-72dd223af541dd7f.mp3"
"marin","beginner","beginner","","","0.864","0.06928274","0.42494753","0.490066","0.0799","0.6295","0.2345","16","marin/beginner-5c25b4bed42f1e5e.mp3"
"cedar","beginner","beginner","","","1.608","0.03642532","0.37071165","0.282623","0.629","1.1729","0.4351","16","cedar/beginner-5c25b4bed42f1e5e.mp3"
"marin","beginning","beginning","","","1.104","0.07315853","0.31412813","0.546686","0.0558","0.735","0.369","31","marin/beginning-4178979d45990d73.mp3"
"cedar","beginning","beginning","","","2.568","0.03488364","0.43570754","0.147423","0.6263","1.1236","1.4444","31","cedar/beginning-4178979d45990d73.mp3"
"marin","behave","behave","","","1.608","0.0476653","0.31905526","0.277052","0.1108","0.6847","0.9233","75","marin/behave-f9d9c1f237675437.mp3"
"cedar","behave","behave","","","1.104","0.04125168","0.52996534","0.298064","0.3853","0.8192","0.2848","75","cedar/behave-f9d9c1f237675437.mp3"
"marin","behind","behind","","","1.32","0.05408794","0.32785445","0.400363","0.0886","0.7555","0.5645","130","marin/behind-21683bb8d9d70a9a.mp3"
"cedar","behind","behind","","","1.416","0.07250749","0.58121514","0.332289","0.0765","0.638","0.778","130","cedar/behind-21683bb8d9d70a9a.mp3"
"marin","believe","believe","","","1.368","0.06215269","0.32673931","0.46875","0.0741","0.9273","0.4408","18","marin/believe-2c38d6e903b66df7.mp3"
"cedar","believe","believe","","","1.56","0.05620104","0.48352152","0.348438","0.075","0.7838","0.7762","18","cedar/believe-2c38d6e903b66df7.mp3"
"marin","Believe in yourself.","Believe in yourself.","","","2.448","0.05561543","0.28327942","0.391059","0.2696","1.5634","0.8846","","marin/believe-in-yourself-fbcd07411393f001.mp3"
"cedar","Believe in yourself.","Believe in yourself.","","","1.968","0.06740117","0.40336019","0.523787","0.0769","1.388","0.58","","cedar/believe-in-yourself-fbcd07411393f001.mp3"
"marin","bell","bell","","","1.008","0.05788444","0.61737525","0.4839","0.0549","0.6956","0.3124","","marin/bell-3b34fb1a9b8be9e2.mp3"
"cedar","bell","bell","","","1.248","0.06330171","0.70895594","0.361028","0.069","0.7013","0.5467","","cedar/bell-3b34fb1a9b8be9e2.mp3"
"marin","belong","belong","","","1.152","0.0682964","0.3299171","0.573712","0.1692","0.8977","0.2543","58","marin/belong-7e2be4a62586d653.mp3"
"cedar","belong","belong","","","1.416","0.05371132","0.39097807","0.379752","0.2025","0.8463","0.5697","58","cedar/belong-7e2be4a62586d653.mp3"
"marin","belong to","belong to","","","1.92","0.05322264","0.3553642","0.362934","0.0579","0.9058","1.0142","","marin/belong-to-2b4d756c831bb6c0.mp3"
"cedar","belong to","belong to","","","1.512","0.08003271","0.51841635","0.538194","0.0789","1.0808","0.4312","","cedar/belong-to-2b4d756c831bb6c0.mp3"
"marin","below","below","","","1.056","0.07484694","0.39654779","0.513198","0.0692","0.7073","0.3487","130","marin/below-a8835f464621a107.mp3"
"cedar","below","below","","","0.816","0.07181394","0.42405838","0.571615","0.0839","0.6395","0.1765","130","cedar/below-a8835f464621a107.mp3"
"marin","belt","belt","","","0.96","0.04420137","0.37884006","0.352778","0.0665","0.6316","0.3284","48","marin/belt-4a0a138a281c8e22.mp3"
"cedar","belt","belt","","","1.104","0.0443452","0.49594605","0.212051","0.0578","0.523","0.581","48","cedar/belt-4a0a138a281c8e22.mp3"
"marin","bench","bench","","","1.008","0.04880644","0.5082165","0.343791","0.0832","0.6236","0.3844","","marin/bench-4b974ca0ce5be5e0.mp3"
"cedar","bench","bench","","","1.104","0.04072297","0.50004464","0.355242","0.0641","0.6635","0.4405","","cedar/bench-4b974ca0ce5be5e0.mp3"
"marin","beside","beside","","","1.368","0.05273397","0.33185613","0.436099","0.0854","0.7989","0.5691","130","marin/beside-331355ff080edb87.mp3"
"cedar","beside","beside","","","1.8","0.03148467","0.46696687","0.232697","0.423","1.0049","0.7951","130","cedar/beside-331355ff080edb87.mp3"
"marin","besides","besides","","","1.8","0.05313375","0.4794043","0.374213","0.0737","0.8907","0.9093","120","marin/besides-fa502a50fe0ce896.mp3"
"cedar","besides","besides","","","1.416","0.06026428","0.59272158","0.529676","0.0755","1.1047","0.3113","120","cedar/besides-fa502a50fe0ce896.mp3"
"marin","best wishes","best wishes","","","1.656","0.06548092","0.63639116","0.45505","0.0825","1.3159","0.3401","","marin/best-wishes-cfc5c43ef59a8402.mp3"
"cedar","best wishes","best wishes","","","1.56","0.05853711","0.7772218","0.421474","0.0634","1.2303","0.3297","","cedar/best-wishes-cfc5c43ef59a8402.mp3"
"marin","Better late than never.","Better late than never.","","","1.608","0.0753049","0.44657525","0.58564","0.0898","1.3937","0.2143","","marin/better-late-than-never-591f6555a68deb1a.mp3"
"cedar","Better late than never.","Better late than never.","","","2.016","0.07837367","0.65674949","0.505932","0.0644","1.6837","0.3323","","cedar/better-late-than-never-591f6555a68deb1a.mp3"
"marin","between","between","","","1.056","0.05331532","0.42747748","0.381767","0.1283","0.6915","0.3645","130","marin/between-3a44df8389799f95.mp3"
"cedar","between","between","","","1.2","0.04746095","0.38409591","0.364306","0.1531","0.7691","0.4309","130","cedar/between-3a44df8389799f95.mp3"
"marin","beyond","beyond","","","1.704","0.05227801","0.30331945","0.367909","0.0758","0.8375","0.8665","130","marin/beyond-c462463f7293e7e2.mp3"
"cedar","beyond","beyond","","","1.752","0.05563314","0.50715584","0.324332","0.0683","0.833","0.919","130","cedar/beyond-c462463f7293e7e2.mp3"
"marin","bicycle","bicycle","","","1.2","0.04592834","0.29584458","0.307517","0.4228","0.9325","0.2675","92","marin/bicycle-61341bf44aeae661.mp3"
"cedar","bicycle","bicycle","","","1.512","0.04055045","0.49024135","0.305597","0.0738","0.8072","0.7048","92","cedar/bicycle-61341bf44aeae661.mp3"
"marin","bicycle (bike)","bicycle. Or, bike.","","","2.616","0.07432479","0.59748739","0.330833","0.1507","2.3969","0.2191","","marin/bicycle-bike-0676d437f4814005.mp3"
"cedar","bicycle (bike)","bicycle. Or, bike.","","","2.256","0.06940052","0.7923618","0.388778","0.0633","2.0337","0.2223","","cedar/bicycle-bike-0676d437f4814005.mp3"
"marin","big","big","","","0.72","0.07597323","0.46533099","0.362587","0.0863","0.4685","0.2515","97","marin/big-5e46266be5fda850.mp3"
"cedar","big","big","","","0.96","0.07792447","0.73386317","0.302821","0.0712","0.4733","0.4867","97","cedar/big-5e46266be5fda850.mp3"
"marin","bill","bill","","","1.104","0.06781966","0.38785413","0.361753","0.0634","0.5777","0.5263","36","marin/bill-e3e9c51a59cf84a8.mp3"
"cedar","bill","bill","","","0.912","0.06819226","0.53174269","0.383292","0.0659","0.544","0.368","36","cedar/bill-e3e9c51a59cf84a8.mp3"
"marin","biology","biology","","","1.416","0.06214562","0.55072987","0.500897","0.08","0.9391","0.4769","76","marin/biology-dafba98a06074954.mp3"
"cedar","biology","biology","","","1.104","0.07568213","0.59921843","0.573804","0.0668","0.8706","0.2334","76","cedar/biology-dafba98a06074954.mp3"
"marin","bird","bird","","","1.2","0.05842707","0.30993521","0.316545","0.5712","1.0604","0.1396","111","marin/bird-a9d03262d23184d1.mp3"
"cedar","bird","bird","","","1.608","0.05820327","0.44599164","0.246152","0.0914","0.7918","0.8162","111","cedar/bird-a9d03262d23184d1.mp3"
"marin","birthday","birthday","","","0.912","0.06601976","0.64127541","0.303682","0.1165","0.5787","0.3333","103","marin/birthday-e4a0bb62dd9a0993.mp3"
"cedar","birthday","birthday","","","1.512","0.07356353","0.65595853","0.335028","0.066","0.8826","0.6294","103","cedar/birthday-e4a0bb62dd9a0993.mp3"
"marin","bite","bite","","","0.648","0.06494092","0.66987938","0.311343","0.0686","0.4595","0.1885","112","marin/bite-213ee3f72a188f94.mp3"
"cedar","bite","bite","","","1.008","0.0433046","0.62230313","0.210565","0.0739","0.5884","0.4196","112","cedar/bite-213ee3f72a188f94.mp3"
"marin","bitter","bitter","","","0.96","0.05613067","0.44976693","0.301953","0.0642","0.4606","0.4994","44","marin/bitter-d68a8a043cc7b28f.mp3"
"cedar","bitter","bitter","","","1.008","0.03505439","0.31735721","0.245556","0.3954","0.7053","0.3027","44","cedar/bitter-d68a8a043cc7b28f.mp3"
"marin","black","black","","","0.864","0.04699735","0.46437013","0.274498","0.161","0.6487","0.2153","51","marin/black-9e03777a7e4a9d86.mp3"
"cedar","black","black","","","1.56","0.03650328","0.44690031","0.176763","0.2395","0.7137","0.8463","51","cedar/black-9e03777a7e4a9d86.mp3"
"marin","blackboard","blackboard","","","1.152","0.05522723","0.50798321","0.328432","0.0856","0.7366","0.4154","75","marin/blackboard-3a732d5a8530a130.mp3"
"cedar","blackboard","blackboard","","","1.248","0.06200179","0.75902814","0.490785","0.08","0.9181","0.3299","75","cedar/blackboard-3a732d5a8530a130.mp3"
"marin","blame","blame","","","0.912","0.06046733","0.37250486","0.52193","0.0831","0.6427","0.2693","66","marin/blame-0e2f2ad5f6926323.mp3"
"cedar","blame","blame","","","0.864","0.05163402","0.38520521","0.522786","0.075","0.6911","0.1729","66","cedar/blame-0e2f2ad5f6926323.mp3"
"marin","blank","blank","","","1.368","0.03879814","0.34900266","0.184424","0.1481","0.5383","0.8297","79","marin/blank-bebb33642d7a1cb2.mp3"
"cedar","blank","blank","","","1.152","0.03518263","0.43336669","0.251194","0.2942","0.8137","0.3383","79","cedar/blank-bebb33642d7a1cb2.mp3"
"marin","blanket","blanket","","","1.752","0.04243333","0.37399203","0.199558","0.4826","1.0484","0.7036","69","marin/blanket-830a4b5fa179c8a0.mp3"
"cedar","blanket","blanket","","","1.152","0.04823806","0.54192853","0.34554","0.0734","0.7981","0.3539","69","cedar/blanket-830a4b5fa179c8a0.mp3"
"marin","bless","bless","","","1.32","0.04565631","0.3251076","0.371701","0.4329","1.0633","0.2567","66","marin/bless-adb15d20681fa73c.mp3"
"cedar","bless","bless","","","0.912","0.04377639","0.53680807","0.270696","0.138","0.523","0.389","66","cedar/bless-adb15d20681fa73c.mp3"
"marin","blind","blind","","","1.416","0.05076124","0.27044117","0.363038","0.3568","0.9469","0.4691","17","marin/blind-c75cccb658556e9e.mp3"
"cedar","blind","blind","","","1.968","0.02751207","0.3690244","0.159648","0.4219","0.8452","1.1227","17","cedar/blind-c75cccb658556e9e.mp3"
"marin","block","block","","","1.008","0.05200328","0.39860934","0.300017","0.1385","0.735","0.273","93","marin/block-90a7b08f76a1a33d.mp3"
"cedar","block","block","","","1.056","0.04464026","0.49500859","0.226661","0.0898","0.6025","0.4535","93","cedar/block-90a7b08f76a1a33d.mp3"
"marin","blood","blood","","","1.2","0.05778876","0.48864412","0.304514","0.1422","0.59","0.61","24","marin/blood-f5f65ed60fe8d63f.mp3"
"cedar","blood","blood","","","1.152","0.04258774","0.41728848","0.300817","0.072","0.6204","0.5316","24","cedar/blood-f5f65ed60fe8d63f.mp3"
"marin","blouse","blouse","","","1.152","0.05585549","0.46071878","0.452384","0.0491","0.7873","0.3647","48","marin/blouse-f7edd7237dac6750.mp3"
"cedar","blouse","blouse","","","1.152","0.05144613","0.57050455","0.303819","0.121","0.6358","0.5162","48","cedar/blouse-f7edd7237dac6750.mp3"
"marin","blow","blow","","","0.96","0.06704424","0.43831405","0.423459","0.0749","0.5594","0.4006","104","marin/blow-5a8118a615769f72.mp3"
"cedar","blow","blow","","","1.2","0.04340953","0.49097863","0.277743","0.0747","0.6393","0.5607","104","cedar/blow-5a8118a615769f72.mp3"
"marin","blow away","blow away","","","1.752","0.06209574","0.33696836","0.50478","0.0803","1.2116","0.5404","","marin/blow-away-c2d4e06a15aaeadc.mp3"
"cedar","blow away","blow away","","","1.32","0.0691364","0.49998495","0.528835","0.0892","1.0289","0.2911","","cedar/blow-away-c2d4e06a15aaeadc.mp3"
"marin","blow down","blow down","","","1.704","0.06749284","0.38163501","0.554981","0.1318","1.1802","0.5238","","marin/blow-down-0cfabaa1a9caae7b.mp3"
"cedar","blow down","blow down","","","1.464","0.06935454","0.45097327","0.529315","0.0768","1.023","0.441","","cedar/blow-down-0cfabaa1a9caae7b.mp3"
"marin","blow kisses","blow kisses","","","1.416","0.0683506","0.49690408","0.487156","0.1204","1.0469","0.3691","","marin/blow-kisses-34e98f13ac1efd9a.mp3"
"cedar","blow kisses","blow kisses","","","1.608","0.06979784","0.49068987","0.546512","0.0739","1.3935","0.2145","","cedar/blow-kisses-34e98f13ac1efd9a.mp3"
"marin","blow out","blow out","","","2.448","0.04749344","0.32156083","0.259949","0.067","0.905","1.543","","marin/blow-out-f1547ea58a35ae58.mp3"
"cedar","blow out","blow out","","","1.512","0.06531267","0.52923191","0.445643","0.0711","1.1026","0.4094","","cedar/blow-out-f1547ea58a35ae58.mp3"
"marin","blow up","blow up","","","1.32","0.06413102","0.33334962","0.430524","0.0935","1.009","0.311","","marin/blow-up-a1a07d2503cfdfa0.mp3"
"cedar","blow up","blow up","","","1.368","0.0608081","0.41742775","0.400235","0.1043","0.9335","0.4345","","cedar/blow-up-a1a07d2503cfdfa0.mp3"
"marin","blue","blue","","","1.704","0.05163896","0.36064339","0.256627","0.312","0.8516","0.8524","51","marin/blue-a0bee6616b5e5eae.mp3"
"cedar","blue","blue","","","1.056","0.06391869","0.44311559","0.366024","0.0803","0.5872","0.4688","51","cedar/blue-a0bee6616b5e5eae.mp3"
"marin","board","board","","","1.464","0.05857137","0.44179797","0.235371","0.0648","0.5817","0.8823","80|94","marin/board-1924edc9ce6eb6eb.mp3"
"cedar","board","board","","","2.064","0.04311204","0.3588886","0.194586","0.0606","0.6825","1.3815","80|94","cedar/board-1924edc9ce6eb6eb.mp3"
"marin","boat","boat","","","1.056","0.04143169","0.37525919","0.19115","0.1715","0.5356","0.5204","91","marin/boat-c988ce061f3602da.mp3"
"cedar","boat","boat","","","1.008","0.05982888","0.55428392","0.35892","0.0755","0.5977","0.4103","91","cedar/boat-c988ce061f3602da.mp3"
"marin","body","body","","","0.96","0.05790492","0.65869534","0.314692","0.0698","0.5199","0.4401","20","marin/body-9e2ec912af5dff2a.mp3"
"cedar","body","body","","","1.008","0.05613512","0.54177928","0.347243","0.0817","0.6389","0.3691","20","cedar/body-9e2ec912af5dff2a.mp3"
"marin","boil","boil","","","1.008","0.08127404","0.57783538","0.306589","0.0806","0.4832","0.5248","45","marin/boil-6850e6e5e37666e2.mp3"
"cedar","boil","boil","","","1.104","0.07072604","0.56665862","0.406514","0.0789","0.6175","0.4865","45","cedar/boil-6850e6e5e37666e2.mp3"
"marin","bomb","bomb","","","1.056","0.06474985","0.64356893","0.445293","0.0498","0.5804","0.4756","63","marin/bomb-3663de5613f2813e.mp3"
"cedar","bomb","bomb","","","1.152","0.06043027","0.53704208","0.403628","0.0737","0.7594","0.3926","63","cedar/bomb-3663de5613f2813e.mp3"
"marin","Bone","Bone","","","0.96","0.06884191","0.53370446","0.445334","0.059","0.5777","0.3823","40","marin/bone-5f2c6925ce1ed33b.mp3"
"cedar","Bone","Bone","","","0.96","0.06594323","0.57340968","0.418186","0.1731","0.6449","0.3151","40","cedar/bone-5f2c6925ce1ed33b.mp3"
"marin","book","book","","","0.96","0.04522159","0.47804189","0.203906","0.1486","0.5469","0.4131","81","marin/book-3c4dbff9eeda9410.mp3"
"cedar","book","book","","","0.864","0.05443124","0.5525282","0.274619","0.0789","0.4969","0.3671","81","cedar/book-3c4dbff9eeda9410.mp3"
"marin","bookcase","bookcase","","","1.656","0.04995866","0.39806864","0.32542","0.2552","1.3684","0.2876","69","marin/bookcase-ca17fcb4912d387e.mp3"
"cedar","bookcase","bookcase","","","1.464","0.06334566","0.52645314","0.430413","0.0734","1.3443","0.1197","69","cedar/bookcase-ca17fcb4912d387e.mp3"
"marin","bookstore","bookstore","","","1.152","0.06461532","0.46388498","0.496618","0.08","0.899","0.253","86","marin/bookstore-415fad1ce806af60.mp3"
"cedar","bookstore","bookstore","","","1.56","0.04250833","0.48656821","0.236084","0.1542","0.7357","0.8243","86","cedar/bookstore-415fad1ce806af60.mp3"
"marin","bored","bored","","","1.008","0.06797803","0.42666411","0.40317","0.0597","0.608","0.4","17","marin/bored-6d34e9741127cfc1.mp3"
"cedar","bored","bored","","","0.96","0.068203","0.4254199","0.34451","0.0737","0.6576","0.3024","17","cedar/bored-6d34e9741127cfc1.mp3"
"marin","boring","boring","","","0.912","0.08295685","0.42066798","0.57463","0.0608","0.6418","0.2702","88","marin/boring-5a0bd7c1e1638a3d.mp3"
"cedar","boring","boring","","","1.608","0.04575239","0.38732448","0.248083","0.3434","0.9077","0.7003","88","cedar/boring-5a0bd7c1e1638a3d.mp3"
"marin","born","born","","","1.008","0.05769783","0.35069287","0.358548","0.3255","0.7241","0.2839","1","marin/born-8f242784fdf7f608.mp3"
"cedar","born","born","","","1.464","0.04898338","0.39215249","0.233792","0.1702","0.6259","0.8381","1","cedar/born-8f242784fdf7f608.mp3"
"marin","borrow","borrow","","","0.864","0.08386693","0.62656593","0.606433","0.0656","0.6727","0.1913","36","marin/borrow-28c7cdae2f0ef09b.mp3"
"cedar","borrow","borrow","","","0.864","0.10159825","0.69878101","0.430965","0.1172","0.588","0.276","36","cedar/borrow-28c7cdae2f0ef09b.mp3"
"marin","borrow from / lend to","borrow from someone. Or, lend to someone.","","","3.36","0.06881105","0.43622354","0.609927","0.0714","3.2145","0.1455","","marin/borrow-from-lend-to-fb86566019eb2e97.mp3"
"cedar","borrow from / lend to","borrow from someone. Or, lend to someone.","","","3.048","0.05984587","0.50205004","0.515864","0.0703","3.0076","0.0404","","cedar/borrow-from-lend-to-fb86566019eb2e97.mp3"
"marin","boss","boss","","","1.008","0.05267929","0.4962112","0.361917","0.0829","0.6208","0.3872","8","marin/boss-1bfb99d3aa02d515.mp3"
"cedar","boss","boss","","","1.32","0.04230116","0.47670448","0.279104","0.1867","0.7444","0.5756","8","cedar/boss-1bfb99d3aa02d515.mp3"
"marin","both","both","","","1.008","0.05804023","0.48204777","0.323743","0.0774","0.623","0.385","128","marin/both-f6dfac81ebf3cd51.mp3"
"cedar","both","both","","","0.864","0.06240387","0.68595344","0.209491","0.0672","0.3654","0.4986","128","cedar/both-f6dfac81ebf3cd51.mp3"
"marin","bother","bother","","","1.104","0.07795675","0.59799057","0.484394","0.0832","0.7065","0.3975","66","marin/bother-64f9f534b396ab69.mp3"
"cedar","bother","bother","","","1.752","0.05094826","0.5023964","0.255303","0.7313","1.3136","0.4384","66","cedar/bother-64f9f534b396ab69.mp3"
"marin","bottle","bottle","","","1.008","0.04723732","0.59437424","0.315683","0.2131","0.5929","0.4151","100","marin/bottle-70af26a42d5652f5.mp3"
"cedar","bottle","bottle","","","1.152","0.05167531","0.48597905","0.311632","0.0716","0.6312","0.5208","100","cedar/bottle-70af26a42d5652f5.mp3"
"marin","bottom","bottom","","","0.912","0.07565681","0.70572203","0.394942","0.1365","0.5544","0.3576","83","marin/bottom-dbbe8ac2e23d8c06.mp3"
"cedar","bottom","bottom","","","1.368","0.04517546","0.48853016","0.244853","0.411","0.8294","0.5386","83","cedar/bottom-dbbe8ac2e23d8c06.mp3"
"marin","bow","bow. Bow.","","","2.616","0.05839994","0.41438395","0.306073","0.1444","1.9541","0.6619","","marin/bow-1e6272f5b9113956.mp3"
"cedar","bow","bow. Bow.","","","1.92","0.10479531","0.92494416","0.407454","0.0674","1.3906","0.5294","","cedar/bow-1e6272f5b9113956.mp3"
"marin","bow","bow","","","0.96","0.0547977","0.6634081","0.456402","0.071","0.5905","0.3695","","marin/bow-5c1513d3cf76c130.mp3"
"cedar","bow","bow","","","0.96","0.06051693","0.76120919","0.303147","0.0835","0.506","0.454","","cedar/bow-5c1513d3cf76c130.mp3"
"marin","bow","bow","","","1.2","0.06108607","0.67638326","0.297292","0.1053","0.5214","0.6786","64","marin/bow-d95beaf6099e257c.mp3"
"cedar","bow","bow","","","0.816","0.06583526","0.65597022","0.381664","0.1581","0.5869","0.2291","64","cedar/bow-d95beaf6099e257c.mp3"
"marin","bowl","bowl","","","0.96","0.06700465","0.39879769","0.439345","0.0684","0.6915","0.2685","46","marin/bowl-77b3b60218bffcff.mp3"
"cedar","bowl","bowl","","","0.96","0.05957211","0.40913096","0.400499","0.3014","0.7817","0.1783","46","cedar/bowl-77b3b60218bffcff.mp3"
"marin","bowling","bowling","","","1.464","0.06636649","0.55934417","0.372239","0.0763","0.7209","0.7431","52","marin/bowling-7ae01e3b6e7e6816.mp3"
"cedar","bowling","bowling","","","1.008","0.07569916","0.61817998","0.494213","0.0714","0.7366","0.2714","52","cedar/bowling-7ae01e3b6e7e6816.mp3"
"marin","box","box","","","1.056","0.05422766","0.59353125","0.359276","0.069","0.673","0.383","80","marin/box-9d8f48dbb150f040.mp3"
"cedar","box","box","","","1.2","0.03919077","0.40891486","0.290868","0.3508","0.9424","0.2576","80","cedar/box-9d8f48dbb150f040.mp3"
"marin","boy","boy","","","0.912","0.07977341","0.41523513","0.461349","0.0626","0.6054","0.3066","1","marin/boy-fa5b92bbeb99bc24.mp3"
"cedar","boy","boy","","","1.2","0.06647932","0.40286055","0.384618","0.0744","0.6548","0.5452","1","cedar/boy-fa5b92bbeb99bc24.mp3"
"marin","branch","branch","","","1.32","0.04998837","0.41285136","0.332292","0.0941","0.6954","0.6246","8|113","marin/branch-2bf74fd761df1710.mp3"
"cedar","branch","branch","","","1.968","0.03583004","0.4928714","0.151412","0.2451","0.7337","1.2343","8|113","cedar/branch-2bf74fd761df1710.mp3"
"marin","brave","brave","","","1.368","0.04267066","0.27121225","0.336014","0.268","0.8574","0.5106","14","marin/brave-67f95f51d3953337.mp3"
"cedar","brave","brave","","","0.96","0.06358666","0.58935094","0.384679","0.0892","0.6263","0.3337","14","cedar/brave-67f95f51d3953337.mp3"
"marin","bread","bread","","","0.96","0.0625838","0.43890595","0.395291","0.0806","0.5459","0.4141","41","marin/bread-f942d248a81932a8.mp3"
"cedar","bread","bread","","","1.248","0.04625186","0.45182392","0.253188","0.3588","0.7764","0.4716","41","cedar/bread-f942d248a81932a8.mp3"
"marin","break","break","","","1.8","0.03797698","0.32508451","0.110174","0.1639","0.4972","1.3028","62","marin/break-84a6ea824cac8e3b.mp3"
"cedar","break","break","","","1.248","0.04151974","0.48017931","0.140792","0.2141","0.531","0.717","62","cedar/break-84a6ea824cac8e3b.mp3"
"marin","break down","break down","","","1.368","0.06265319","0.42909649","0.413362","0.1069","0.9968","0.3712","","marin/break-down-3297aeb8049ba44e.mp3"
"cedar","break down","break down","","","1.92","0.04128086","0.53204584","0.250977","0.0707","1.1307","0.7893","","cedar/break-down-3297aeb8049ba44e.mp3"
"marin","break into pieces","break into pieces","","","1.968","0.05940832","0.4142451","0.4646","0.1079","1.4601","0.5079","","marin/break-into-pieces-f8973a4989febf92.mp3"
"cedar","break into pieces","break into pieces","","","2.208","0.05734967","0.57399946","0.412666","0.0591","1.5864","0.6216","","cedar/break-into-pieces-f8973a4989febf92.mp3"
"marin","breakfast","breakfast","","","1.512","0.03854455","0.4711484","0.269015","0.1099","0.8946","0.6174","41","marin/breakfast-ac7e6e6ed522c48c.mp3"
"cedar","breakfast","breakfast","","","1.32","0.03537474","0.47148135","0.198343","0.4142","0.8916","0.4284","41","cedar/breakfast-ac7e6e6ed522c48c.mp3"
"marin","bridge","bridge","","","1.248","0.05370729","0.51971287","0.257161","0.5056","0.9317","0.3163","93","marin/bridge-062ad4dc6d69b881.mp3"
"cedar","bridge","bridge","","","1.008","0.04837929","0.40710652","0.32767","0.3518","0.8883","0.1197","93","cedar/bridge-062ad4dc6d69b881.mp3"
"marin","bright","bright","","","0.864","0.05068227","0.38663265","0.268326","0.1398","0.5239","0.3401","104","marin/bright-594a11f107bd7461.mp3"
"cedar","bright","bright","","","0.96","0.05542594","0.51522356","0.270117","0.1091","0.5238","0.4362","104","cedar/bright-594a11f107bd7461.mp3"
"marin","bring","bring","","","1.056","0.05862532","0.38698795","0.350477","0.1615","0.5708","0.4852","114","marin/bring-f280cfc95ee6240a.mp3"
"cedar","bring","bring","","","1.008","0.04789244","0.37777472","0.368717","0.2357","0.7019","0.3061","114","cedar/bring-f280cfc95ee6240a.mp3"
"marin","bring up","bring up","","","1.104","0.05697056","0.38065302","0.36715","0.1336","0.8196","0.2844","","marin/bring-up-be83d2e811e45691.mp3"
"cedar","bring up","bring up","","","2.256","0.04040078","0.44651926","0.220606","0.0683","0.8868","1.3692","","cedar/bring-up-be83d2e811e45691.mp3"
"marin","broad","broad","","","1.2","0.05980821","0.52358532","0.29408","0.1129","0.5515","0.6485","97","marin/broad-28ca2eb0a318a77c.mp3"
"cedar","broad","broad","","","1.056","0.05047593","0.44847453","0.344204","0.1975","0.6902","0.3658","97","cedar/broad-28ca2eb0a318a77c.mp3"
"marin","broadcast","broadcast","","","2.112","0.04985408","0.47433874","0.270971","0.1329","0.9303","1.1817","60","marin/broadcast-fbeb879fbfa0a4c7.mp3"
"cedar","broadcast","broadcast","","","1.2","0.0671478","0.54116124","0.45283","0.0794","0.9688","0.2312","60","cedar/broadcast-fbeb879fbfa0a4c7.mp3"
"marin","brother","brother","","","1.368","0.05972707","0.61514354","0.213679","0.1105","0.4901","0.8779","26","marin/brother-ea2c139772e30249.mp3"
"cedar","brother","brother","","","1.56","0.04760618","0.44691542","0.191092","0.374","0.7387","0.8213","26","cedar/brother-ea2c139772e30249.mp3"
"marin","brown","brown","","","1.008","0.07161998","0.58021462","0.45575","0.1577","0.6617","0.3463","51","marin/brown-5f7dfc0c423d3757.mp3"
"cedar","brown","brown","","","1.416","0.05867139","0.65492237","0.348605","0.0634","0.7116","0.7044","51","cedar/brown-5f7dfc0c423d3757.mp3"
"marin","brunch","brunch","","","1.368","0.03900352","0.37479359","0.332526","0.0652","0.7361","0.6319","41","marin/brunch-6c472665b0d2a65d.mp3"
"cedar","brunch","brunch","","","1.656","0.02622984","0.29994968","0.179864","0.3638","0.8369","0.8191","41","cedar/brunch-6c472665b0d2a65d.mp3"
"marin","brush","brush","","","0.912","0.05386089","0.35880792","0.440835","0.1431","0.7358","0.1762","73","marin/brush-b867a95575842356.mp3"
"cedar","brush","brush","","","1.056","0.05603925","0.51325554","0.427655","0.0984","0.71","0.346","73","cedar/brush-b867a95575842356.mp3"
"marin","brush one's teeth","brush one's teeth","","","1.656","0.05681141","0.44358918","0.487407","0.0851","1.3137","0.3423","","marin/brush-ones-teeth-85b0735204a2239a.mp3"
"cedar","brush one's teeth","brush one's teeth","","","2.064","0.05949696","0.51801527","0.450995","0.057","1.4598","0.6042","","cedar/brush-ones-teeth-85b0735204a2239a.mp3"
"marin","bucket","bucket","","","0.864","0.05849228","0.71318156","0.312187","0.0693","0.5629","0.3011","72","marin/bucket-277c4325c479b893.mp3"
"cedar","bucket","bucket","","","0.912","0.06787827","0.73673671","0.326229","0.0677","0.5847","0.3273","72","cedar/bucket-277c4325c479b893.mp3"
"marin","buffet","buffet","","","0.96","0.06456208","0.65271246","0.390972","0.0651","0.5925","0.3675","85","marin/buffet-2fe7a3d3a79ade83.mp3"
"cedar","buffet","buffet","","","1.416","0.04617761","0.47700399","0.279308","0.4475","1.0642","0.3518","85","cedar/buffet-2fe7a3d3a79ade83.mp3"
"marin","bug","bug","","","1.152","0.05517326","0.52205634","0.278772","0.0853","0.5051","0.6469","113","marin/bug-bf5dad1c73abf127.mp3"
"cedar","bug","bug","","","1.608","0.0432486","0.5795145","0.204745","0.5647","1.0756","0.5324","113","cedar/bug-bf5dad1c73abf127.mp3"
"marin","build","build","","","1.368","0.05474411","0.40697181","0.207846","0.8187","1.1839","0.1841","58","marin/build-f10ec3ffef16a8da.mp3"
"cedar","build","build","","","0.96","0.06165337","0.5230363","0.321463","0.0786","0.5577","0.4023","58","cedar/build-f10ec3ffef16a8da.mp3"
"marin","building","building","","","0.96","0.06651233","0.34376484","0.620508","0.0673","0.7659","0.1941","67","marin/building-efa19f8f1d5ded57.mp3"
"cedar","building","building","","","1.368","0.07755051","0.34184715","0.530976","0.0816","1.0086","0.3594","67","cedar/building-efa19f8f1d5ded57.mp3"
"marin","bun","bun","","","0.768","0.05849969","0.42011139","0.573296","0.0663","0.5915","0.1765","41","marin/bun-ef85e4983d84a63a.mp3"
"cedar","bun","bun","","","1.104","0.05154573","0.54017562","0.298234","0.058","0.5509","0.5531","41","cedar/bun-ef85e4983d84a63a.mp3"
"marin","bundle","bundle","","","1.56","0.05951706","0.58080065","0.326335","0.0506","0.6739","0.8861","100","marin/bundle-ef17b7d320f2acc0.mp3"
"cedar","bundle","bundle","","","0.96","0.06042324","0.6062957","0.336458","0.0605","0.556","0.404","100","cedar/bundle-ef17b7d320f2acc0.mp3"
"marin","burger","burger","","","1.56","0.05636794","0.37550619","0.257866","0.8872","1.391","0.169","41","marin/burger-e1f67fc13db3df7d.mp3"
"cedar","burger","burger","","","1.656","0.04436976","0.3252711","0.176014","0.3547","0.7069","0.9491","41","cedar/burger-e1f67fc13db3df7d.mp3"
"marin","burn","burn","","","1.512","0.06303089","0.39530945","0.399526","0.0775","0.7991","0.7129","45","marin/burn-878e4165bbb1eba0.mp3"
"cedar","burn","burn","","","0.912","0.06191973","0.48989919","0.38496","0.0789","0.5936","0.3184","45","cedar/burn-878e4165bbb1eba0.mp3"
"marin","burn down","burn down","","","1.8","0.05718479","0.52931833","0.439826","0.047","1.1642","0.6358","","marin/burn-down-1aa93c47704b5661.mp3"
"cedar","burn down","burn down","","","1.608","0.06297627","0.52348143","0.479918","0.0814","1.1047","0.5033","","cedar/burn-down-1aa93c47704b5661.mp3"
"marin","burst","burst","","","1.056","0.06045304","0.58243817","0.354423","0.0853","0.6469","0.4091","22","marin/burst-5d4c5be04af85aed.mp3"
"cedar","burst","burst","","","0.816","0.06208105","0.60688823","0.399459","0.0675","0.5845","0.2315","22","cedar/burst-5d4c5be04af85aed.mp3"
"marin","bus","bus","","","1.248","0.04557668","0.50304365","0.355652","0.0775","0.7038","0.5442","91","marin/bus-29892acefcdb5bbd.mp3"
"cedar","bus","bus","","","0.912","0.05767176","0.55737138","0.380323","0.0544","0.6184","0.2936","91","cedar/bus-29892acefcdb5bbd.mp3"
"marin","bus stop","bus stop","","","1.464","0.06498549","0.63783097","0.421704","0.0765","1.2148","0.2492","91","marin/bus-stop-ee51a3a4418d9c54.mp3"
"cedar","bus stop","bus stop","","","1.752","0.04901155","0.59829974","0.350813","0.0864","1.2135","0.5385","91","cedar/bus-stop-ee51a3a4418d9c54.mp3"
"marin","business","business","","","1.248","0.05296801","0.39813694","0.49167","0.086","0.8986","0.3494","8","marin/business-c56abdcb2691d454.mp3"
"cedar","business","business","","","2.064","0.0403548","0.51219523","0.204044","0.1218","0.6937","1.3703","8","cedar/business-c56abdcb2691d454.mp3"
"marin","businessman","businessman","","","1.248","0.06518122","0.3649652","0.53549","0.0854","0.8996","0.3484","8","marin/businessman-ec3fbc012c556c10.mp3"
"cedar","businessman","businessman","","","1.368","0.05252015","0.37605643","0.476075","0.1905","0.9717","0.3963","8","cedar/businessman-ec3fbc012c556c10.mp3"
"marin","busy","busy","","","1.416","0.05918118","0.45539328","0.256665","0.0616","0.6418","0.7742","117","marin/busy-ffb9cff7a8ed4dc4.mp3"
"cedar","busy","busy","","","0.96","0.03766755","0.28957489","0.299848","0.3443","0.7332","0.2268","117","cedar/busy-ffb9cff7a8ed4dc4.mp3"
"marin","but","but","","","1.968","0.02546165","0.38133878","0.109788","0.5399","0.9976","0.9704","133","marin/but-aff551ea2910e22d.mp3"
"cedar","but","but","","","0.96","0.04414489","0.53770119","0.197504","0.1605","0.485","0.475","133","cedar/but-aff551ea2910e22d.mp3"
"marin","butter","butter","","","0.864","0.07401509","0.77621472","0.432581","0.0708","0.5169","0.3471","44","marin/butter-c79b7fa8326a24b6.mp3"
"cedar","butter","butter","","","1.416","0.04529567","0.5550819","0.223429","0.079","0.4865","0.9295","44","cedar/butter-c79b7fa8326a24b6.mp3"
"marin","butterfly","butterfly","","","1.752","0.0440944","0.43364435","0.23183","0.173","0.7982","0.9538","113","marin/butterfly-23ec315094943f98.mp3"
"cedar","butterfly","butterfly","","","1.56","0.06082612","0.8323462","0.232559","0.0827","0.621","0.939","113","cedar/butterfly-23ec315094943f98.mp3"
"marin","button","button","","","1.008","0.06359004","0.87892288","0.247106","0.1099","0.4698","0.5382","47","marin/button-47dfc5b2d94b1af3.mp3"
"cedar","button","button","","","1.104","0.04992449","0.59584934","0.419214","0.0733","0.7589","0.3451","47","cedar/button-47dfc5b2d94b1af3.mp3"
"marin","buy","buy","","","0.816","0.06938727","0.57238722","0.503115","0.0519","0.5553","0.2607","37","marin/buy-49c09b3cbe6579cc.mp3"
"cedar","buy","buy","","","0.912","0.06239112","0.63469309","0.354852","0.0811","0.6389","0.2731","37","cedar/buy-49c09b3cbe6579cc.mp3"
"marin","by","by","","","1.008","0.06866521","0.75589728","0.350405","0.0577","0.5036","0.5044","131|132","marin/by-918f10384daf5523.mp3"
"cedar","by","by","","","0.768","0.07680492","0.66336977","0.386041","0.0749","0.4916","0.2764","131|132","cedar/by-918f10384daf5523.mp3"
"marin","by chance","by chance","","","1.92","0.05826705","0.47578761","0.494868","0.0717","1.5684","0.3516","","marin/by-chance-3200fd52b3c0d35c.mp3"
"cedar","by chance","by chance","","","1.656","0.05370488","0.50128615","0.444419","0.0815","1.3685","0.2875","","cedar/by-chance-3200fd52b3c0d35c.mp3"
"marin","by hand","by hand","","","1.2","0.07168396","0.61482406","0.467535","0.1018","0.8042","0.3958","","marin/by-hand-ccc6730b7fa7e27b.mp3"
"cedar","by hand","by hand","","","1.32","0.06417176","0.60655773","0.496402","0.0809","0.97","0.35","","cedar/by-hand-ccc6730b7fa7e27b.mp3"
"marin","by heart","by heart","","","1.656","0.06184709","0.5453282","0.420378","0.0854","1.1314","0.5246","","marin/by-heart-74ed2764c1a00cf8.mp3"
"cedar","by heart","by heart","","","1.56","0.06317646","0.50169635","0.389637","0.0748","1.1693","0.3907","","cedar/by-heart-74ed2764c1a00cf8.mp3"
"marin","by one's side","by one's side","","","2.112","0.05642863","0.42255405","0.467507","0.1764","1.3554","0.7566","","marin/by-ones-side-17ebc68b703b7fe1.mp3"
"cedar","by one's side","by one's side","","","1.968","0.06707762","0.54493225","0.526719","0.0745","1.3965","0.5715","","cedar/by-ones-side-17ebc68b703b7fe1.mp3"
"marin","by the way","by the way","","","1.608","0.07140039","0.50657964","0.446181","0.0773","0.8808","0.7272","","marin/by-the-way-b60a05d7a453b902.mp3"
"cedar","by the way","by the way","","","1.56","0.06683765","0.46585971","0.474306","0.0726","0.9506","0.6094","","cedar/by-the-way-b60a05d7a453b902.mp3"
"marin","by turns","by turns","","","1.752","0.06071854","0.42901874","0.512236","0.1781","1.4396","0.3124","","marin/by-turns-c8fbfb59b5cd6718.mp3"
"cedar","by turns","by turns","","","2.256","0.05430954","0.56578487","0.339687","0.0732","1.4088","0.8472","","cedar/by-turns-c8fbfb59b5cd6718.mp3"
"marin","cabbage","cabbage","","","1.56","0.03538305","0.3219994","0.32516","0.0556","0.7799","0.7801","39","marin/cabbage-2b1f5dfffc5eedae.mp3"
"cedar","cabbage","cabbage","","","1.464","0.03203252","0.61967731","0.253287","0.4605","1.0271","0.4369","39","cedar/cabbage-2b1f5dfffc5eedae.mp3"
"marin","cable","cable","","","1.2","0.04908336","0.31056672","0.318681","0.0576","0.5825","0.6175","61","marin/cable-4944ae551a7cccbf.mp3"
"cedar","cable","cable","","","0.96","0.05228984","0.36343721","0.360373","0.1847","0.6535","0.3065","61","cedar/cable-4944ae551a7cccbf.mp3"
"marin","cafeteria","cafeteria","","","1.32","0.06064016","0.46541539","0.502399","0.0585","0.9902","0.3298","85","marin/cafeteria-7d7b9e5be47da7ac.mp3"
"cedar","cafeteria","cafeteria","","","1.416","0.05056364","0.64513528","0.415651","0.049","0.8925","0.5235","85","cedar/cafeteria-7d7b9e5be47da7ac.mp3"
"marin","cage","cage","","","1.152","0.0467185","0.31693852","0.353624","0.5304","1.055","0.097","58","marin/cage-50ea31e8efd48090.mp3"
"cedar","cage","cage","","","0.96","0.04996371","0.56380492","0.33227","0.0578","0.535","0.425","58","cedar/cage-50ea31e8efd48090.mp3"
"marin","cake","cake","","","0.96","0.0349366","0.30251163","0.221398","0.1368","0.5383","0.4217","42","marin/cake-288114bd0a979404.mp3"
"cedar","cake","cake","","","1.152","0.02632931","0.32752305","0.133554","0.314","0.6469","0.5051","42","cedar/cake-288114bd0a979404.mp3"
"marin","calendar","calendar","","","1.056","0.05354089","0.42218658","0.485578","0.051","0.7016","0.3544","32","marin/calendar-d935058f8e1f7263.mp3"
"cedar","calendar","calendar","","","2.064","0.0269658","0.44339973","0.1918","0.3293","0.8873","1.1767","32","cedar/calendar-d935058f8e1f7263.mp3"
"marin","call","call","","","1.656","0.04444227","0.51033133","0.14806","0.1602","0.4805","1.1755","60","marin/call-472df7efe735cdad.mp3"
"cedar","call","call","","","1.056","0.08280682","0.66945291","0.367977","0.1406","0.6285","0.4275","60","cedar/call-472df7efe735cdad.mp3"
"marin","call for help","call for help","","","1.848","0.06770989","0.51265788","0.418437","0.0531","1.4091","0.4389","","marin/call-for-help-073d878ddc738310.mp3"
"cedar","call for help","call for help","","","1.512","0.06838799","0.57419854","0.41121","0.089","1.0639","0.4481","","cedar/call-for-help-073d878ddc738310.mp3"
"marin","call it a day","call it a day","","","2.256","0.06406956","0.43197644","0.378897","0.098","1.4894","0.7666","","marin/call-it-a-day-5e32654804b792db.mp3"
"cedar","call it a day","call it a day","","","1.416","0.07474933","0.6264962","0.465395","0.0604","0.9764","0.4396","","cedar/call-it-a-day-5e32654804b792db.mp3"
"marin","call off","call off","","","1.752","0.05640683","0.34812915","0.360338","0.0548","1.0625","0.6895","","marin/call-off-0021552b4a4c09cd.mp3"
"cedar","call off","call off","","","1.464","0.06459628","0.4472577","0.377092","0.0518","0.9637","0.5003","","cedar/call-off-0021552b4a4c09cd.mp3"
"marin","call on","call on","","","1.416","0.05496552","0.32423508","0.493924","0.0573","1.0553","0.3607","","marin/call-on-a05292fb0663f166.mp3"
"cedar","call on","call on","","","1.416","0.07964624","0.73454612","0.367923","0.0538","0.7066","0.7094","","cedar/call-on-a05292fb0663f166.mp3"
"marin","call out","call out","","","1.56","0.04399304","0.29048407","0.344952","0.492","1.3363","0.2237","","marin/call-out-148b05a8150447a9.mp3"
"cedar","call out","call out","","","1.368","0.05909404","0.59411132","0.398072","0.1107","1.0901","0.2779","","cedar/call-out-148b05a8150447a9.mp3"
"marin","call up","call up","","","1.656","0.05486646","0.51057142","0.34916","0.1575","1.3431","0.3129","","marin/call-up-9fdf7e2d123763df.mp3"
"cedar","call up","call up","","","1.416","0.06216412","0.52135658","0.359728","0.148","1.0834","0.3326","","cedar/call-up-9fdf7e2d123763df.mp3"
"marin","calm","calm","","","1.2","0.0526111","0.38103384","0.355","0.0518","0.5927","0.6073","17","marin/calm-43cc99483cd1d06f.mp3"
"cedar","calm","calm","","","1.248","0.04196502","0.39101231","0.31644","0.4712","1.0233","0.2247","17","cedar/calm-43cc99483cd1d06f.mp3"
"marin","camera","camera","","","1.752","0.03592077","0.3112354","0.260357","0.1393","0.6856","1.0664","55","marin/camera-74c6f27396df27d3.mp3"
"cedar","camera","camera","","","1.104","0.04348283","0.46799749","0.367471","0.1601","0.6955","0.4085","55","cedar/camera-74c6f27396df27d3.mp3"
"marin","camp","camp","","","1.056","0.03808912","0.24570863","0.268091","0.2141","0.687","0.369","53","marin/camp-de57d1acb8400399.mp3"
"cedar","camp","camp","","","0.864","0.03657866","0.41415206","0.225598","0.1056","0.469","0.395","53","cedar/camp-de57d1acb8400399.mp3"
"marin","Campus","Campus","","","2.448","0.04313938","0.49220937","0.168794","0.0531","0.6268","1.8212","74","marin/campus-e962e5a7517eb0b2.mp3"
"cedar","Campus","Campus","","","1.32","0.02651297","0.27657923","0.247459","0.3228","0.8889","0.4311","74","cedar/campus-e962e5a7517eb0b2.mp3"
"marin","can","can","","","1.008","0.04441549","0.28649238","0.382048","0.0513","0.5515","0.4565","100|123","marin/can-0f79b795ac96d5da.mp3"
"cedar","can","can","","","1.104","0.03546189","0.46010309","0.30063","0.149","0.64","0.464","100|123","cedar/can-0f79b795ac96d5da.mp3"
"marin","Can I take a rain check?","Can I take a rain check?","","","1.92","0.07388138","0.4502196","0.577582","0.0528","1.5306","0.3894","","marin/can-i-take-a-rain-check-a8bc03eca8f9d03f.mp3"
"cedar","Can I take a rain check?","Can I take a rain check?","","","1.848","0.05373388","0.43213487","0.520709","0.0515","1.4698","0.3782","","cedar/can-i-take-a-rain-check-a8bc03eca8f9d03f.mp3"
"marin","cancel","cancel","","","0.912","0.0706864","0.43149146","0.455661","0.0969","0.5928","0.3192","37","marin/cancel-c60fefd0c0a6751b.mp3"
"cedar","cancel","cancel","","","1.608","0.0489737","0.57155478","0.251386","0.7639","1.2792","0.3288","37","cedar/cancel-c60fefd0c0a6751b.mp3"
"marin","cancer","cancer","","","1.464","0.03988874","0.24931568","0.288294","0.2201","0.7792","0.6848","24","marin/cancer-49263fa400084750.mp3"
"cedar","cancer","cancer","","","1.2","0.03576037","0.38260201","0.266458","0.5588","0.9913","0.2087","24","cedar/cancer-49263fa400084750.mp3"
"marin","candle","candle","","","1.368","0.05514995","0.33182311","0.310779","0.6926","1.2077","0.1603","70","marin/candle-0b458a5875c199ff.mp3"
"cedar","candle","candle","","","2.352","0.03039939","0.43100816","0.1837","0.0583","0.64","1.712","70","cedar/candle-0b458a5875c199ff.mp3"
"marin","candy","candy","","","1.248","0.0570847","0.28360194","0.320146","0.4868","0.9833","0.2647","43","marin/candy-a7b94e8bb18ddbb2.mp3"
"cedar","candy","candy","","","1.368","0.04385575","0.67755258","0.242035","0.049","0.5395","0.8285","43","cedar/candy-a7b94e8bb18ddbb2.mp3"
"marin","can't help but + V","can't help but do something.","","","2.208","0.06781374","0.3849386","0.514115","0.0578","1.8419","0.3661","","marin/cant-help-but-v-f8d21a488c489e25.mp3"
"cedar","can't help but + V","can't help but do something.","","","2.448","0.05793281","0.48238167","0.437764","0.0553","1.899","0.549","","cedar/cant-help-but-v-f8d21a488c489e25.mp3"
"marin","can't wait to...","can't wait to","","","2.208","0.05201513","0.37929362","0.35161","0.1785","1.6276","0.5804","","marin/cant-wait-to-83c51f50deb52a43.mp3"
"cedar","can't wait to...","can't wait to","","","1.92","0.04637761","0.53708631","0.342556","0.0528","1.2241","0.6959","","cedar/cant-wait-to-83c51f50deb52a43.mp3"
"marin","cap","cap","","","0.864","0.04997827","0.61236423","0.218268","0.0916","0.435","0.429","48","marin/cap-ab185873c38b37f4.mp3"
"cedar","cap","cap","","","0.912","0.03458501","0.47391319","0.223479","0.1791","0.6047","0.3073","48","cedar/cap-ab185873c38b37f4.mp3"
"marin","captain","captain","","","1.2","0.03878145","0.23827314","0.404965","0.1871","0.8813","0.3187","5","marin/captain-273e37dc8e74809d.mp3"
"cedar","captain","captain","","","1.008","0.04145442","0.64201921","0.311219","0.0906","0.6271","0.3809","5","cedar/captain-273e37dc8e74809d.mp3"
"marin","car","car","","","1.056","0.06094481","0.45377812","0.398082","0.1408","0.6409","0.4151","92","marin/car-f35ab270f45957f6.mp3"
"cedar","car","car","","","0.96","0.0512627","0.50578809","0.368229","0.0979","0.6065","0.3535","92","cedar/car-f35ab270f45957f6.mp3"
"marin","card","card","","","1.32","0.05420682","0.528952","0.308712","0.0568","0.561","0.759","","marin/card-ee5a8aebf57ef226.mp3"
"cedar","card","card","","","0.912","0.0576855","0.46186593","0.339273","0.0574","0.4836","0.4284","","cedar/card-ee5a8aebf57ef226.mp3"
"marin","cards","cards","","","1.32","0.04879001","0.40677407","0.343782","0.3073","0.8716","0.4484","57","marin/cards-2adec6295d3f2df7.mp3"
"cedar","cards","cards","","","1.248","0.03549867","0.32127103","0.303686","0.2937","0.8805","0.3675","57","cedar/cards-2adec6295d3f2df7.mp3"
"marin","care about","care about","","","1.512","0.05958872","0.30224806","0.46215","0.0906","1.0347","0.4773","","marin/care-about-d0e054149f9f689f.mp3"
"cedar","care about","care about","","","1.2","0.06302247","0.57684261","0.440104","0.0705","0.8859","0.3141","","cedar/care-about-d0e054149f9f689f.mp3"
"marin","care","care","","","1.32","0.05044756","0.41309631","0.269713","0.5418","0.9901","0.3299","28","marin/care-e2066c58bd7850b7.mp3"
"cedar","care","care","","","1.56","0.03829073","0.61255521","0.184468","0.4744","0.8807","0.6793","28","cedar/care-e2066c58bd7850b7.mp3"
"marin","care for...","care for","","","1.056","0.07448206","0.37263429","0.613202","0.0542","0.9247","0.1313","","marin/care-for-bc0a5ee558452107.mp3"
"cedar","care for...","care for","","","1.56","0.05586146","0.58257514","0.326469","0.0515","0.8392","0.7208","","cedar/care-for-bc0a5ee558452107.mp3"
"marin","careful","careful","","","1.368","0.05042775","0.43498009","0.231223","0.0578","0.5427","0.8253","13","marin/careful-f1af476f7f84e818.mp3"
"cedar","careful","careful","","","1.512","0.03229268","0.28700462","0.163677","0.5953","1.0531","0.4589","13","cedar/careful-f1af476f7f84e818.mp3"
"marin","careless","careless","","","1.056","0.0538539","0.41962332","0.453086","0.051","0.7188","0.3373","13","marin/careless-8d96c600b9a9617e.mp3"
"cedar","careless","careless","","","1.32","0.03285283","0.29708895","0.271117","0.2535","0.8869","0.4331","13","cedar/careless-8d96c600b9a9617e.mp3"
"marin","carpet","carpet","","","0.912","0.04144725","0.38432634","0.300347","0.1393","0.6469","0.2651","68","marin/carpet-de18ccc7ba7559b5.mp3"
"cedar","carpet","carpet","","","1.152","0.03829364","0.65099269","0.24736","0.4735","0.9858","0.1662","68","cedar/carpet-de18ccc7ba7559b5.mp3"
"marin","carrot","carrot","","","1.2","0.04225442","0.38808718","0.244757","0.0515","0.623","0.577","39","marin/carrot-b5ea7ec5fd469ce8.mp3"
"cedar","carrot","carrot","","","1.152","0.0453014","0.54426408","0.199237","0.1481","0.5462","0.6058","39","cedar/carrot-b5ea7ec5fd469ce8.mp3"
"marin","carry","carry","","","1.248","0.05073952","0.35524213","0.301132","0.1455","0.5958","0.6522","114","marin/carry-0ca1f8c3e24f0fbf.mp3"
"cedar","carry","carry","","","1.92","0.03454584","0.41399601","0.175195","0.1918","0.649","1.271","114","cedar/carry-0ca1f8c3e24f0fbf.mp3"
"marin","cartoon","cartoon","","","1.2","0.06564542","0.62494171","0.438507","0.0531","0.7082","0.4918","55","marin/cartoon-dac4a18a86060526.mp3"
"cedar","cartoon","cartoon","","","1.464","0.04250606","0.48129797","0.337489","0.1794","0.8576","0.6064","55","cedar/cartoon-dac4a18a86060526.mp3"
"marin","case","case","","","1.512","0.05054912","0.5025965","0.25383","0.0489","0.5491","0.9629","95","marin/case-1df17bc6eaaa4356.mp3"
"cedar","case","case","","","0.864","0.03383653","0.47773647","0.317057","0.164","0.573","0.291","95","cedar/case-1df17bc6eaaa4356.mp3"
"marin","cash","cash","","","1.416","0.05137922","0.68719649","0.279617","0.0606","0.6245","0.7915","36","marin/cash-dcf19ee4210f2c92.mp3"
"cedar","cash","cash","","","1.368","0.02891342","0.63544166","0.183449","0.474","0.9847","0.3833","36","cedar/cash-dcf19ee4210f2c92.mp3"
"marin","cassette","cassette","","","1.008","0.05859021","0.34938467","0.394263","0.0578","0.6553","0.3527","56","marin/cassette-a1b63f54a4771c80.mp3"
"cedar","cassette","cassette","","","1.104","0.04572089","0.45097315","0.327597","0.0556","0.6129","0.4911","56","cedar/cassette-a1b63f54a4771c80.mp3"
"marin","castle","castle","","","1.248","0.03904088","0.45514238","0.303235","0.3281","0.8588","0.3892","2","marin/castle-a297c21faee68549.mp3"
"cedar","castle","castle","","","1.416","0.03291389","0.56527048","0.221251","0.4266","0.8581","0.5579","2","cedar/castle-a297c21faee68549.mp3"
"marin","cat","cat","","","1.008","0.04557921","0.68694097","0.198247","0.061","0.4553","0.5527","110","marin/cat-175cc6f362b2f75a.mp3"
"cedar","cat","cat","","","1.152","0.01067639","0.23650236","0.093533","0.3076","0.7154","0.4366","110","cedar/cat-175cc6f362b2f75a.mp3"
"marin","catch","catch","","","0.96","0.03839832","0.54323733","0.259006","0.0958","0.5896","0.3704","62","marin/catch-2d94b729987d4762.mp3"
"cedar","catch","catch","","","1.56","0.02589012","0.43488908","0.153739","0.736","1.1359","0.4241","62","cedar/catch-2d94b729987d4762.mp3"
"marin","catch / have a cold","catch a cold. Or, have a cold.","","","3.648","0.06687809","0.54125255","0.450389","0.0535","3.1417","0.5063","","marin/catch-have-a-cold-05263f4256ba7f2a.mp3"
"cedar","catch / have a cold","catch a cold. Or, have a cold.","","","2.856","0.05503925","0.67690396","0.448413","0.0552","2.3839","0.4721","","cedar/catch-have-a-cold-05263f4256ba7f2a.mp3"
"marin","catch one's eye","catch one's eye","","","1.968","0.06845705","0.48882398","0.474784","0.0708","1.6325","0.3355","","marin/catch-ones-eye-c7ee865545bd5d91.mp3"
"cedar","catch one's eye","catch one's eye","","","2.064","0.04706594","0.49707073","0.403787","0.1826","1.4033","0.6607","","cedar/catch-ones-eye-c7ee865545bd5d91.mp3"
"marin","cause","cause","","","0.96","0.05580233","0.47842786","0.401085","0.0975","0.5908","0.3692","63","marin/cause-853c7f24f524a968.mp3"
"cedar","cause","cause","","","1.512","0.03985068","0.35582376","0.267444","0.2305","0.7805","0.7315","63","cedar/cause-853c7f24f524a968.mp3"
"marin","ceiling","ceiling","","","1.152","0.05730493","0.31152847","0.410265","0.16","0.7305","0.4215","73","marin/ceiling-8aaa5985f4795c48.mp3"
"cedar","ceiling","ceiling","","","1.968","0.04106699","0.31878313","0.249322","0.7669","1.3659","0.6021","73","cedar/ceiling-8aaa5985f4795c48.mp3"
"marin","celebrate","celebrate","","","1.248","0.04204525","0.24055375","0.489366","0.0684","0.9856","0.2624","103","marin/celebrate-84f1e8ae80960cb8.mp3"
"cedar","celebrate","celebrate","","","1.368","0.04529494","0.48943773","0.350953","0.1613","0.8598","0.5082","103","cedar/celebrate-84f1e8ae80960cb8.mp3"
"marin","cellphone","cellphone","","","1.152","0.06338445","0.31932923","0.632469","0.0596","0.9637","0.1883","61","marin/cellphone-905b7dcde73cf60a.mp3"
"cedar","cellphone","cellphone","","","1.368","0.05670222","0.54624695","0.378168","0.0617","0.8012","0.5668","61","cedar/cellphone-905b7dcde73cf60a.mp3"
"marin","cent","cent","","","2.448","0.03176524","0.49285424","0.124387","0.1701","0.646","1.802","36","marin/cent-918aa6c3799cc3d0.mp3"
"cedar","cent","cent","","","1.368","0.02408092","0.47409523","0.188079","0.3274","0.7562","0.6118","36","cedar/cent-918aa6c3799cc3d0.mp3"
"marin","center","center","","","1.008","0.04070141","0.2467317","0.378059","0.2616","0.7918","0.2162","83","marin/center-7f38dab1bba909cb.mp3"
"cedar","center","center","","","1.368","0.03932908","0.39001206","0.340445","0.1918","0.79","0.578","83","cedar/center-7f38dab1bba909cb.mp3"
"marin","centimeter (cm)","centimeter. Or, C M.","","","3.12","0.07920485","0.43602693","0.480976","0.1623","2.7521","0.3679","","marin/centimeter-cm-31a8f88e873255f4.mp3"
"cedar","centimeter (cm)","centimeter. Or, C M.","","","3.216","0.05629356","0.608661","0.441335","0.0663","2.8084","0.4076","","cedar/centimeter-cm-31a8f88e873255f4.mp3"
"marin","centimeter","centimeter","","","2.52","0.04165516","0.47755361","0.245354","0.0844","0.8945","1.6255","96","marin/centimeter-f743b47dadfaf2ce.mp3"
"cedar","centimeter","centimeter","","","1.56","0.04315217","0.48217174","0.293336","0.3614","0.9824","0.5776","96","cedar/centimeter-f743b47dadfaf2ce.mp3"
"marin","central","central","","","1.248","0.05176384","0.36911404","0.391326","0.1163","0.7389","0.5091","83","marin/central-e279b1ea081f0ae4.mp3"
"cedar","central","central","","","1.248","0.0376984","0.43486026","0.334702","0.1766","0.7874","0.4606","83","cedar/central-e279b1ea081f0ae4.mp3"
"marin","century","century","","","0.864","0.06076532","0.3403317","0.478443","0.2006","0.7163","0.1477","32","marin/century-25e9c67a71502cb0.mp3"
"cedar","century","century","","","2.256","0.03325016","0.36544764","0.203559","0.9149","1.5056","0.7504","32","cedar/century-25e9c67a71502cb0.mp3"
"marin","cereal","cereal","","","0.96","0.05630025","0.2573624","0.556033","0.1386","0.7828","0.1772","41","marin/cereal-5218c45a917bcdc2.mp3"
"cedar","cereal","cereal","","","1.416","0.03953036","0.46117461","0.315134","0.3845","0.9577","0.4583","41","cedar/cereal-5218c45a917bcdc2.mp3"
"marin","certain","certain","","","1.464","0.04939332","0.40217268","0.319231","0.4006","1.0415","0.4225","117","marin/certain-bd02a97762c8d4e4.mp3"
"cedar","certain","certain","","","1.368","0.05465743","0.46431738","0.330623","0.1767","0.7581","0.6099","117","cedar/certain-bd02a97762c8d4e4.mp3"
"marin","chair","chair","","","0.96","0.04152375","0.26711038","0.323915","0.1613","0.5712","0.3888","70","marin/chair-971717165a5fbfbe.mp3"
"cedar","chair","chair","","","1.152","0.03272536","0.31417871","0.250687","0.5576","0.9342","0.2178","70","cedar/chair-971717165a5fbfbe.mp3"
"marin","chalk","chalk","","","1.2","0.03361221","0.33556846","0.214479","0.234","0.7347","0.4653","75","marin/chalk-d50ebfd7d20661f3.mp3"
"cedar","chalk","chalk","","","0.864","0.04833315","0.7515043","0.254847","0.0575","0.481","0.383","75","cedar/chalk-d50ebfd7d20661f3.mp3"
"marin","chance","chance","","","1.416","0.03654121","0.32419613","0.240716","0.4615","0.9563","0.4597","90","marin/chance-3b9c9832802cab60.mp3"
"cedar","chance","chance","","","1.512","0.03536838","0.38633093","0.256986","0.3019","0.8477","0.6643","90","cedar/chance-3b9c9832802cab60.mp3"
"marin","change","change","","","1.32","0.04467929","0.27573013","0.337484","0.1578","0.7057","0.6143","36|94","marin/change-8eefdfa35348df2e.mp3"
"cedar","change","change","","","1.368","0.03779975","0.36338294","0.343217","0.371","1.023","0.345","36|94","cedar/change-8eefdfa35348df2e.mp3"
"marin","change into","change into","","","2.208","0.04528218","0.24423167","0.335192","0.0953","1.0865","1.1215","","marin/change-into-28c450565df03b4e.mp3"
"cedar","change into","change into","","","2.16","0.04379526","0.39252639","0.345245","0.1178","1.1432","1.0168","","cedar/change-into-28c450565df03b4e.mp3"
"marin","channel","channel","","","1.416","0.04306993","0.28715223","0.292608","0.3828","0.8843","0.5317","60","marin/channel-dec2a5245eb7a58a.mp3"
"cedar","channel","channel","","","1.152","0.04618513","0.40905663","0.29957","0.2781","0.7171","0.4349","60","cedar/channel-dec2a5245eb7a58a.mp3"
"marin","character","character","","","2.304","0.03710223","0.26483777","0.199499","0.2568","0.9019","1.4021","12","marin/character-ebfd274444af8216.mp3"
"cedar","character","character","","","0.96","0.04779781","0.49030855","0.340148","0.1031","0.6408","0.3192","12","cedar/character-ebfd274444af8216.mp3"
"marin","charge","charge","","","1.008","0.04603265","0.34854254","0.443266","0.0681","0.6814","0.3266","37","marin/charge-b76b3ea7fbc242bd.mp3"
"cedar","charge","charge","","","1.056","0.04041268","0.38926172","0.382477","0.0579","0.7182","0.3378","37","cedar/charge-b76b3ea7fbc242bd.mp3"
"marin","chart","chart","","","1.056","0.03869193","0.47254232","0.207485","0.4292","0.8363","0.2197","78","marin/chart-d6d05c6c0ef385a0.mp3"
"cedar","chart","chart","","","1.464","0.03591688","0.57849669","0.139529","0.6252","1.0032","0.4608","78","cedar/chart-d6d05c6c0ef385a0.mp3"
"marin","chase","chase","","","1.104","0.03937362","0.28447661","0.364753","0.2767","0.806","0.298","62","marin/chase-8df9b5e2bed9f667.mp3"
"cedar","chase","chase","","","1.656","0.03236785","0.42676109","0.269575","0.349","0.9238","0.7322","62","cedar/chase-8df9b5e2bed9f667.mp3"
"marin","cheap","cheap","","","1.008","0.04092214","0.34734479","0.227079","0.1042","0.5529","0.4551","37","marin/cheap-41a9230e6e37a837.mp3"
"cedar","cheap","cheap","","","1.464","0.02421228","0.27342176","0.153475","0.1791","0.5857","0.8783","37","cedar/cheap-41a9230e6e37a837.mp3"
"marin","cheat","cheat","","","0.96","0.0301703","0.21118803","0.207313","0.2265","0.6077","0.3523","79","marin/cheat-5653d95687b7e403.mp3"
"cedar","cheat","cheat","","","1.152","0.03490682","0.39703733","0.187355","0.4328","0.7943","0.3577","79","cedar/cheat-5653d95687b7e403.mp3"
"marin","cheat on exams","cheat on exams","","","2.016","0.06679264","0.32305428","0.563099","0.0578","1.8345","0.1815","","marin/cheat-on-exams-f357a9b039f4398b.mp3"
"cedar","cheat on exams","cheat on exams","","","2.304","0.057965","0.41879651","0.448107","0.0698","1.5489","0.7551","","cedar/cheat-on-exams-f357a9b039f4398b.mp3"
"marin","check","check","","","1.56","0.03097829","0.36214381","0.133467","0.1737","0.6025","0.9575","6|36","marin/check-b78232388282c642.mp3"
"cedar","check","check","","","1.8","0.03039896","0.49517375","0.095706","0.181","0.5198","1.2802","6|36","cedar/check-b78232388282c642.mp3"
"marin","check in / check out","check in, or check out","","","2.448","0.06130066","0.47160536","0.416267","0.0515","2.2884","0.1596","","marin/check-in-check-out-31e8b809dbc13c7d.mp3"
"cedar","check in / check out","check in, or check out","","","2.76","0.05693445","0.5607549","0.392535","0.2206","2.4223","0.3377","","cedar/check-in-check-out-31e8b809dbc13c7d.mp3"
"marin","cheer","cheer","","","0.864","0.07132483","0.40721896","0.386888","0.1022","0.498","0.366","","marin/cheer-27a2ba976056defe.mp3"
"cedar","cheer","cheer","","","1.32","0.03690025","0.34993684","0.222159","0.4052","0.8212","0.4988","","cedar/cheer-27a2ba976056defe.mp3"
"marin","cheer for...","cheer for","","","1.968","0.0596772","0.35854647","0.371655","0.3152","1.2635","0.7045","","marin/cheer-for-161491b4fb5092a1.mp3"
"cedar","cheer for...","cheer for","","","1.848","0.05875377","0.42428085","0.372723","0.1209","1.1978","0.6502","","cedar/cheer-for-161491b4fb5092a1.mp3"
"marin","cheer up","cheer up","","","1.416","0.03820072","0.19413023","0.330759","0.239","1.0336","0.3824","","marin/cheer-up-5ce1951eda5911e0.mp3"
"cedar","cheer up","cheer up","","","1.368","0.06254249","0.40367296","0.299236","0.1545","0.7089","0.6591","","cedar/cheer-up-5ce1951eda5911e0.mp3"
"marin","cheerleader","cheerleader","","","1.416","0.06589681","0.30123436","0.565972","0.0579","1.2302","0.1858","10","marin/cheerleader-f04e0eeb1c6d6712.mp3"
"cedar","cheerleader","cheerleader","","","1.368","0.05320108","0.35619861","0.319048","0.4765","1.035","0.333","10","cedar/cheerleader-f04e0eeb1c6d6712.mp3"
"marin","cheese","cheese","","","1.416","0.04536148","0.27114397","0.317782","0.3181","0.8532","0.5628","42","marin/cheese-3b884f7a5ea2c482.mp3"
"cedar","cheese","cheese","","","1.152","0.04488402","0.30041891","0.35735","0.1681","0.685","0.467","42","cedar/cheese-3b884f7a5ea2c482.mp3"
"marin","chemistry","chemistry","","","1.416","0.04598748","0.34393305","0.344544","0.1641","0.806","0.61","76","marin/chemistry-505b08f771a3b9c0.mp3"
"cedar","chemistry","chemistry","","","1.968","0.03044552","0.57200277","0.192423","0.123","0.6788","1.2892","76","cedar/chemistry-505b08f771a3b9c0.mp3"
"marin","chess","chess","","","1.104","0.04204127","0.45874885","0.356941","0.1511","0.7069","0.3971","57","marin/chess-29087f76686c3be3.mp3"
"cedar","chess","chess","","","2.16","0.01824124","0.36609852","0.154398","1.2345","1.7266","0.4334","57","cedar/chess-29087f76686c3be3.mp3"
"marin","chicken","chicken","","","1.008","0.04346353","0.36190602","0.294498","0.1703","0.615","0.393","40|110","marin/chicken-f1ed2aa141367031.mp3"
"cedar","chicken","chicken","","","1.32","0.03880589","0.46922773","0.231503","0.2798","0.7356","0.5844","40|110","cedar/chicken-f1ed2aa141367031.mp3"
"marin","child","child","","","0.816","0.05537964","0.45053622","0.515497","0.1075","0.6469","0.1691","1","marin/child-2fa14f53e6b15cac.mp3"
"cedar","child","child","","","0.912","0.04840621","0.48010066","0.33459","0.064","0.5288","0.3832","1","cedar/child-2fa14f53e6b15cac.mp3"
"marin","childhood","childhood","","","2.16","0.0375059","0.27369264","0.258131","0.0653","0.8297","1.3303","1","marin/childhood-628b2ce220bf8ded.mp3"
"cedar","childhood","childhood","","","1.656","0.03819761","0.51716644","0.269059","0.5201","1.1601","0.4959","1","cedar/childhood-628b2ce220bf8ded.mp3"
"marin","childish","childish","","","1.2","0.04583687","0.26617631","0.489705","0.146","0.9358","0.2642","13","marin/childish-6c6ad05edbc09f33.mp3"
"cedar","childish","childish","","","1.56","0.0393701","0.45653325","0.351429","0.1515","0.9055","0.6545","13","cedar/childish-6c6ad05edbc09f33.mp3"
"marin","childlike","childlike","","","1.848","0.04905416","0.36211312","0.329219","0.065","0.9486","0.8994","28","marin/childlike-b91eb5724f2508b7.mp3"
"cedar","childlike","childlike","","","1.512","0.04150799","0.40109611","0.333499","0.3743","1.1325","0.3795","28","cedar/childlike-b91eb5724f2508b7.mp3"
"marin","chin","chin","","","1.248","0.04390316","0.33230418","0.321882","0.4292","0.8924","0.3556","19","marin/chin-816f3b4431678258.mp3"
"cedar","chin","chin","","","1.2","0.03026181","0.36514932","0.253993","0.3142","0.703","0.497","19","cedar/chin-816f3b4431678258.mp3"
"marin","China","China","","","0.768","0.06713098","0.39728895","0.426351","0.0701","0.4808","0.2872","89","marin/china-a0ee530d00f27ab8.mp3"
"cedar","China","China","","","2.352","0.0289674","0.50684863","0.143167","0.3585","0.8287","1.5233","89","cedar/china-a0ee530d00f27ab8.mp3"
"marin","Chinese","Chinese","","","1.464","0.04426491","0.22064945","0.484446","0.1454","1.0198","0.4442","76","marin/chinese-47d3c749f7a0df38.mp3"
"cedar","Chinese","Chinese","","","1.248","0.05309232","0.6385777","0.425397","0.0768","0.7374","0.5106","76","cedar/chinese-47d3c749f7a0df38.mp3"
"marin","Chinese New Year","Chinese New Year","","","2.256","0.06805845","0.46425447","0.497968","0.0578","1.5295","0.7265","101","marin/chinese-new-year-593ff4d7a742da43.mp3"
"cedar","Chinese New Year","Chinese New Year","","","2.208","0.06502744","0.61323518","0.414704","0.0645","1.461","0.747","101","cedar/chinese-new-year-593ff4d7a742da43.mp3"
"marin","chocolate","chocolate","","","1.152","0.04257399","0.33493146","0.326443","0.0953","0.723","0.429","42","marin/chocolate-1ab57ba485755fa4.mp3"
"cedar","chocolate","chocolate","","","1.512","0.04665723","0.62613916","0.200107","0.1515","0.6444","0.8676","42","cedar/chocolate-1ab57ba485755fa4.mp3"
"marin","choice","choice","","","1.104","0.05174823","0.36713451","0.36932","0.1801","0.7384","0.3656","45","marin/choice-0e8802b6ec060b77.mp3"
"cedar","choice","choice","","","2.352","0.03470059","0.43919247","0.168288","0.6925","1.2245","1.1275","45","cedar/choice-0e8802b6ec060b77.mp3"
"marin","choose","choose","","","1.32","0.04095236","0.22780761","0.351089","0.4892","1.0716","0.2484","25","marin/choose-b4553a05ce2e2941.mp3"
"cedar","choose","choose","","","1.104","0.04595944","0.30561763","0.343712","0.141","0.6303","0.4737","25","cedar/choose-b4553a05ce2e2941.mp3"
"marin","chopstick(s)","chopsticks.","","","1.416","0.04188155","0.28925884","0.44006","0.1148","1.1398","0.2762","","marin/chopstick-s-fd03dcff69f79c95.mp3"
"cedar","chopstick(s)","chopsticks.","","","1.32","0.04877846","0.46116197","0.401562","0.11","0.9875","0.3325","","cedar/chopstick-s-fd03dcff69f79c95.mp3"
"marin","chopsticks","chopsticks","","","2.016","0.03773917","0.44678849","0.221561","0.2264","0.9858","1.0302","46","marin/chopsticks-5a0f93c3c92c8ba4.mp3"
"cedar","chopsticks","chopsticks","","","1.704","0.0340035","0.52064735","0.197721","0.4069","1.0943","0.6097","46","cedar/chopsticks-5a0f93c3c92c8ba4.mp3"
"marin","Christmas","Christmas","","","1.512","0.03692274","0.30705664","0.424879","0.296","1.223","0.289","101","marin/christmas-8174017fdc67448c.mp3"
"cedar","Christmas","Christmas","","","1.848","0.05077677","0.82600135","0.227836","0.0698","0.6444","1.2036","101","cedar/christmas-8174017fdc67448c.mp3"
"marin","Christmas Eve","Christmas Eve","","","1.704","0.06327705","0.50654006","0.485647","0.0515","1.1888","0.5152","","marin/christmas-eve-331b73ec6414c9e7.mp3"
"cedar","Christmas Eve","Christmas Eve","","","1.368","0.0569218","0.55420071","0.445739","0.0523","0.9936","0.3744","","cedar/christmas-eve-331b73ec6414c9e7.mp3"
"marin","chubby","chubby","","","1.152","0.03012464","0.30699009","0.268844","0.3243","0.7357","0.4163","11","marin/chubby-408c0a4453bc8f9b.mp3"
"cedar","chubby","chubby","","","1.248","0.04988302","0.46524876","0.282519","0.199","0.6738","0.5742","11","cedar/chubby-408c0a4453bc8f9b.mp3"
"marin","church","church","","","0.864","0.05576432","0.35013002","0.426818","0.1578","0.7045","0.1595","54","marin/church-8db8f016e2b465c7.mp3"
"cedar","church","church","","","1.92","0.0322668","0.50970072","0.141721","0.4615","0.8907","1.0293","54","cedar/church-8db8f016e2b465c7.mp3"
"marin","circle","circle","","","1.368","0.04405087","0.37950376","0.264605","0.25","0.7548","0.6133","99","marin/circle-cab03e90f5e8bd39.mp3"
"cedar","circle","circle","","","1.512","0.04740418","0.4614071","0.252838","0.1579","0.6979","0.8141","99","cedar/circle-cab03e90f5e8bd39.mp3"
"marin","city","city","","","1.608","0.03322358","0.23829618","0.212285","0.1113","0.5425","1.0655","86","marin/city-7a9c2d6c2a16e754.mp3"
"cedar","city","city","","","1.248","0.04003534","0.46351966","0.250985","0.5297","0.9235","0.3245","86","cedar/city-7a9c2d6c2a16e754.mp3"
"marin","clap","clap","","","0.864","0.05499654","0.66301197","0.212095","0.0658","0.4591","0.4049","59","marin/clap-9557fb0622fa69d3.mp3"
"cedar","clap","clap","","","1.008","0.04063755","0.60236192","0.173549","0.0518","0.4236","0.5844","59","cedar/clap-9557fb0622fa69d3.mp3"
"marin","class","class","","","0.912","0.05330576","0.46076891","0.443782","0.1507","0.7184","0.1936","75","marin/class-29e86792f4a6bb3c.mp3"
"cedar","class","class","","","1.464","0.04399665","0.62447357","0.24704","0.1819","0.736","0.728","75","cedar/class-29e86792f4a6bb3c.mp3"
"marin","classical","classical","","","1.2","0.04534857","0.43777025","0.361076","0.1849","0.7925","0.4075","56","marin/classical-02efd2ecdad48591.mp3"
"cedar","classical","classical","","","2.064","0.03446079","0.48141822","0.168897","0.1894","0.7372","1.3268","56","cedar/classical-02efd2ecdad48591.mp3"
"marin","classmate","classmate","","","2.664","0.03185216","0.33380875","0.187719","0.239","1.0095","1.6545","81","marin/classmate-06739c634f8ca64d.mp3"
"cedar","classmate","classmate","","","1.704","0.02640043","0.47281972","0.163097","0.6898","1.2297","0.4743","81","cedar/classmate-06739c634f8ca64d.mp3"
"marin","classroom","classroom","","","1.608","0.05571913","0.40325645","0.354128","0.2453","0.9721","0.6359","74","marin/classroom-c1c77c899e8630c1.mp3"
"cedar","classroom","classroom","","","1.056","0.05603333","0.70589882","0.429806","0.0586","0.7063","0.3497","74","cedar/classroom-c1c77c899e8630c1.mp3"
"marin","clean","clean","","","1.008","0.06535665","0.26593983","0.489501","0.0515","0.6789","0.3291","72","marin/clean-2e22da2ab1371330.mp3"
"cedar","clean","clean","","","1.656","0.04091178","0.38555303","0.239181","0.4965","1.042","0.614","72","cedar/clean-2e22da2ab1371330.mp3"
"marin","clean up","clean up","","","1.248","0.0517243","0.32884139","0.390875","0.1393","0.8962","0.3518","","marin/clean-up-8695073a1e13ad51.mp3"
"cedar","clean up","clean up","","","1.512","0.0560585","0.42937461","0.306809","0.0531","0.7916","0.7204","","cedar/clean-up-8695073a1e13ad51.mp3"
"marin","clean up the room","clean up the room","","","2.112","0.07063503","0.30212861","0.401929","0.6538","1.885","0.227","","marin/clean-up-the-room-4bcbc17a9ccfb657.mp3"
"cedar","clean up the room","clean up the room","","","1.92","0.054288","0.45678633","0.408496","0.0543","1.2605","0.6595","","cedar/clean-up-the-room-4bcbc17a9ccfb657.mp3"
"marin","clear","clear","","","1.248","0.04853061","0.35051346","0.276476","0.1452","0.5671","0.6809","104","marin/clear-3f17d3234a6e806f.mp3"
"cedar","clear","clear","","","1.056","0.03050434","0.22637735","0.198173","0.2938","0.6404","0.4156","104","cedar/clear-3f17d3234a6e806f.mp3"
"marin","clerk","clerk","","","1.2","0.03979426","0.43964514","0.161163","0.4245","0.8802","0.3198","8","marin/clerk-f7d790894e9dd39f.mp3"
"cedar","clerk","clerk","","","1.2","0.02773723","0.2813327","0.149288","0.3231","0.7575","0.4425","8","cedar/clerk-f7d790894e9dd39f.mp3"
"marin","clever","clever","","","1.32","0.041799","0.31207332","0.215972","0.608","1.0113","0.3087","16","marin/clever-d8f483f5312bb4ce.mp3"
"cedar","clever","clever","","","0.72","0.0621028","0.47719422","0.402344","0.0586","0.5059","0.2141","16","cedar/clever-d8f483f5312bb4ce.mp3"
"marin","climate","climate","","","1.2","0.05242421","0.28890109","0.317899","0.3327","0.9541","0.2459","105","marin/climate-b86ac36f8af6ddc4.mp3"
"cedar","climate","climate","","","1.2","0.04080127","0.41505516","0.274931","0.4599","1.0226","0.1774","105","cedar/climate-b86ac36f8af6ddc4.mp3"
"marin","climb","climb","","","1.416","0.05035574","0.36165601","0.294241","0.4885","0.9739","0.4421","53","marin/climb-eb165ff2541f80cf.mp3"
"cedar","climb","climb","","","1.104","0.03651488","0.34929335","0.354337","0.2335","0.7588","0.3452","53","cedar/climb-eb165ff2541f80cf.mp3"
"marin","clock","clock","","","1.248","0.03797991","0.52310097","0.185213","0.4102","0.9125","0.3355","35","marin/clock-6c91776bf1e35467.mp3"
"cedar","clock","clock","","","0.816","0.05977553","0.62356436","0.238485","0.0969","0.4591","0.3569","35","cedar/clock-6c91776bf1e35467.mp3"
"marin","close","close","","","1.104","0.06013555","0.44668302","0.387323","0.139","0.6884","0.4156","","marin/close-046ffa71a0e4bdae.mp3"
"cedar","close","close","","","1.2","0.03787545","0.40825081","0.27776","0.2793","0.7731","0.4269","","cedar/close-046ffa71a0e4bdae.mp3"
"marin","close","close","","","1.248","0.05589914","0.35795096","0.317157","0.1664","0.6843","0.5637","","marin/close-4cd8d574121ffad8.mp3"
"cedar","close","close","","","0.96","0.0671595","0.50394195","0.386133","0.1408","0.635","0.325","","cedar/close-4cd8d574121ffad8.mp3"
"marin","close","close. Close.","","","3.312","0.04160884","0.40655389","0.24427","0.5961","2.404","0.908","114","marin/close-667478949183832c.mp3"
"cedar","close","close. Close.","","","2.016","0.07196315","0.61355019","0.427652","0.0505","1.5891","0.4269","114","cedar/close-667478949183832c.mp3"
"marin","closet","closet","","","1.512","0.04584114","0.39900476","0.230765","0.1413","0.7198","0.7922","69","marin/closet-2d6793e308e69976.mp3"
"cedar","closet","closet","","","1.248","0.04223254","0.46334541","0.223157","0.4232","0.9222","0.3258","69","cedar/closet-2d6793e308e69976.mp3"
"marin","clothes","clothes","","","1.152","0.0602814","0.33246744","0.48461","0.0849","0.8139","0.3381","47","marin/clothes-9c89fd94f29ad944.mp3"
"cedar","clothes","clothes","","","1.464","0.04235297","0.42617801","0.267987","0.2327","0.8806","0.5834","47","cedar/clothes-9c89fd94f29ad944.mp3"
"marin","cloud","cloud","","","1.32","0.03616566","0.42286721","0.237405","0.1642","0.6415","0.6785","104","marin/cloud-9418871e2efab0a3.mp3"
"cedar","cloud","cloud","","","1.056","0.05243322","0.65617818","0.286577","0.0542","0.5397","0.5163","104","cedar/cloud-9418871e2efab0a3.mp3"
"marin","cloudy","cloudy","","","1.32","0.06112967","0.44231239","0.446402","0.0573","0.789","0.531","104","marin/cloudy-2bb245835329d939.mp3"
"cedar","cloudy","cloudy","","","1.248","0.04751668","0.517676","0.286709","0.2145","0.7244","0.5236","104","cedar/cloudy-2bb245835329d939.mp3"
"marin","club","club","","","1.104","0.0442647","0.43322307","0.219675","0.1531","0.5534","0.5506","55","marin/club-78a69796a1f6c3d1.mp3"
"cedar","club","club","","","1.92","0.04234901","0.49892309","0.21786","0.1605","0.7594","1.1606","55","cedar/club-78a69796a1f6c3d1.mp3"
"marin","coach","coach","","","1.056","0.04482689","0.44512278","0.225438","0.0887","0.4825","0.5735","6","marin/coach-f2a01ad640fda34d.mp3"
"cedar","coach","coach","","","0.864","0.04670133","0.49204546","0.357663","0.0974","0.5909","0.2731","6","cedar/coach-f2a01ad640fda34d.mp3"
"marin","coast","coast","","","1.512","0.03658027","0.33368483","0.211847","0.1368","0.6347","0.8773","108","marin/coast-6a8c081a30ddeef8.mp3"
"cedar","coast","coast","","","1.2","0.04134051","0.37098348","0.276962","0.1041","0.6282","0.5718","108","cedar/coast-6a8c081a30ddeef8.mp3"
"marin","coat","coat","","","1.008","0.04459685","0.41565692","0.262318","0.1131","0.5394","0.4686","48","marin/coat-3443f55af39724a6.mp3"
"cedar","coat","coat","","","1.056","0.03634438","0.47922289","0.198962","0.1573","0.5462","0.5098","48","cedar/coat-3443f55af39724a6.mp3"
"marin","cockroach","cockroach","","","1.008","0.05390587","0.53693444","0.358672","0.0556","0.7385","0.2695","113","marin/cockroach-749abe2e15661e09.mp3"
"cedar","cockroach","cockroach","","","2.808","0.02941537","0.35941961","0.156999","0.384","1.4395","1.3685","113","cedar/cockroach-749abe2e15661e09.mp3"
"marin","coffee","coffee","","","1.104","0.0458221","0.47801265","0.288912","0.1582","0.6439","0.4601","42","marin/coffee-4b5c2fdf195a98c4.mp3"
"cedar","coffee","coffee","","","0.96","0.06151457","0.54324907","0.334918","0.0485","0.5559","0.4041","42","cedar/coffee-4b5c2fdf195a98c4.mp3"
"marin","coin","coin","","","1.248","0.03838578","0.25159341","0.285273","0.2637","0.7219","0.5261","36","marin/coin-86d0b9af1c1434cc.mp3"
"cedar","coin","coin","","","2.76","0.03717097","0.47977087","0.135605","0.5815","1.0099","1.7501","36","cedar/coin-86d0b9af1c1434cc.mp3"
"marin","cola","cola","","","1.32","0.05398743","0.41928875","0.293419","0.1273","0.5864","0.7336","43","marin/cola-de45d39b476cd7e6.mp3"
"cedar","cola","cola","","","1.368","0.0374161","0.28521523","0.235289","0.344","0.7955","0.5725","43","cedar/cola-de45d39b476cd7e6.mp3"
"marin","cold","cold","","","1.104","0.04884978","0.33610895","0.368452","0.1079","0.673","0.431","21|23","marin/cold-fb9467d222b85553.mp3"
"cedar","cold","cold","","","1.56","0.03922445","0.55219966","0.209255","0.167","0.6941","0.8659","21|23","cedar/cold-fb9467d222b85553.mp3"
"marin","collect","collect","","","1.056","0.04639256","0.40285477","0.245028","0.0544","0.5856","0.4704","55","marin/collect-8ecedcacddb9d8b1.mp3"
"cedar","collect","collect","","","1.152","0.04389598","0.39944988","0.324146","0.1635","0.7902","0.3618","55","cedar/collect-8ecedcacddb9d8b1.mp3"
"marin","College","College","","","1.704","0.04005621","0.37800193","0.315899","0.289","1.023","0.681","74","marin/college-cb98b623989d64b5.mp3"
"cedar","College","College","","","1.608","0.04594212","0.45748439","0.251801","0.1831","0.746","0.862","74","cedar/college-cb98b623989d64b5.mp3"
"marin","color","color","","","0.864","0.04248628","0.43121767","0.291739","0.157","0.5407","0.3233","51","marin/color-a89feb52a8ba15ad.mp3"
"cedar","color","color","","","1.008","0.05281287","0.5350346","0.414683","0.1451","0.6829","0.3251","51","cedar/color-a89feb52a8ba15ad.mp3"
"marin","colorful","colorful","","","0.96","0.05763792","0.49197617","0.405881","0.1643","0.6935","0.2665","51","marin/colorful-6451fb5b259e4f66.mp3"
"cedar","colorful","colorful","","","1.464","0.03904772","0.32002425","0.327285","0.4949","1.2056","0.2584","51","cedar/colorful-6451fb5b259e4f66.mp3"
"marin","comb","comb","","","1.368","0.03802798","0.26511538","0.295702","0.2273","0.6997","0.6683","50","marin/comb-5c33ea0e76b057b7.mp3"
"cedar","comb","comb","","","1.512","0.05036493","0.6567632","0.215925","0.1578","0.5917","0.9203","50","cedar/comb-5c33ea0e76b057b7.mp3"
"marin","come across","come across","","","1.656","0.06315533","0.41204914","0.438645","0.0643","1.1719","0.4841","","marin/come-across-d73c2297a59bc7d7.mp3"
"cedar","come across","come across","","","2.664","0.03896493","0.49032301","0.257938","0.1788","1.1738","1.4902","","cedar/come-across-d73c2297a59bc7d7.mp3"
"marin","come back","come back","","","1.416","0.05972208","0.36410308","0.392523","0.053","0.8415","0.5745","","marin/come-back-8efb710c89acb190.mp3"
"cedar","come back","come back","","","1.32","0.0525473","0.53275448","0.404782","0.145","0.9001","0.4199","","cedar/come-back-8efb710c89acb190.mp3"
"marin","come","come","","","0.96","0.0482991","0.4265528","0.349913","0.1368","0.5236","0.4364","114","marin/come-d8a232da8da8f26b.mp3"
"cedar","come","come","","","0.96","0.0380292","0.34543717","0.321658","0.1793","0.6075","0.3525","114","cedar/come-d8a232da8da8f26b.mp3"
"marin","come down with","come down with","","","2.448","0.05447965","0.29615271","0.373723","0.1569","1.344","1.104","","marin/come-down-with-abd3ba50e64790e9.mp3"
"cedar","come down with","come down with","","","2.304","0.05856135","0.63174397","0.35291","0.053","1.0562","1.2478","","cedar/come-down-with-abd3ba50e64790e9.mp3"
"marin","come in","come in","","","1.056","0.06141307","0.26864168","0.43456","0.4262","0.9666","0.0894","","marin/come-in-f410b69aaf0a65bf.mp3"
"cedar","come in","come in","","","1.704","0.04474659","0.4582988","0.323442","0.1639","0.8918","0.8122","","cedar/come-in-f410b69aaf0a65bf.mp3"
"marin","Come on!","Come on!","","","1.104","0.06037776","0.30550259","0.522551","0.1589","0.8126","0.2914","","marin/come-on-85f7cb1d553a5447.mp3"
"cedar","Come on!","Come on!","","","1.848","0.04803342","0.50647706","0.315228","0.134","0.8415","1.0065","","cedar/come-on-85f7cb1d553a5447.mp3"
"marin","Come (on) in.","Come on in.","","","1.2","0.06296667","0.32801074","0.517135","0.0599","0.7699","0.4301","","marin/come-on-in-97b552fe3e353a38.mp3"
"cedar","Come (on) in.","Come on in.","","","1.464","0.05280359","0.48039615","0.396146","0.1888","0.8972","0.5667","","cedar/come-on-in-97b552fe3e353a38.mp3"
"marin","come over","come over","","","1.152","0.06607597","0.33211255","0.571199","0.0848","0.9426","0.2094","","marin/come-over-7eb9e17aa01b893a.mp3"
"cedar","come over","come over","","","2.112","0.04374759","0.39979702","0.315745","0.1277","1.2244","0.8876","","cedar/come-over-7eb9e17aa01b893a.mp3"
"marin","come to mind","come to mind","","","1.464","0.06530775","0.30502915","0.550788","0.0538","1.1434","0.3206","","marin/come-to-mind-be9aa98483a3030e.mp3"
"cedar","come to mind","come to mind","","","1.8","0.05385441","0.48601314","0.408738","0.0578","1.0835","0.7165","","cedar/come-to-mind-be9aa98483a3030e.mp3"
"marin","come to think of it","come to think of it","","","2.664","0.0473793","0.32930252","0.321079","0.1706","1.6095","1.0545","","marin/come-to-think-of-it-60dbe642efda6d0e.mp3"
"cedar","come to think of it","come to think of it","","","2.16","0.04932422","0.41096574","0.350752","0.1808","1.3757","0.7843","","cedar/come-to-think-of-it-60dbe642efda6d0e.mp3"
"marin","come true","come true","","","1.704","0.0457562","0.29261637","0.401152","0.1576","1.3552","0.3488","","marin/come-true-7a3822c6d6b554a2.mp3"
"cedar","come true","come true","","","1.656","0.04915964","0.44508338","0.340316","0.1173","1.0037","0.6523","","cedar/come-true-7a3822c6d6b554a2.mp3"
"marin","come up with","come up with","","","2.016","0.05004958","0.30211037","0.275949","0.3328","1.3492","0.6668","","marin/come-up-with-1c74ced16006f627.mp3"
"cedar","come up with","come up with","","","2.808","0.04422486","0.45561153","0.232765","0.0974","1.1601","1.6479","","cedar/come-up-with-1c74ced16006f627.mp3"
"marin","comfortable","comfortable","","","1.104","0.04143934","0.42757696","0.301725","0.1015","0.6329","0.4711","21","marin/comfortable-bcb6d563d96a9eff.mp3"
"cedar","comfortable","comfortable","","","1.8","0.02994901","0.43334937","0.238623","0.1206","0.7587","1.0413","21","cedar/comfortable-bcb6d563d96a9eff.mp3"
"marin","comic","comic","","","1.368","0.03860748","0.2419612","0.24499","0.2651","0.8337","0.5343","55","marin/comic-1a5c1d1d30401cfd.mp3"
"cedar","comic","comic","","","1.368","0.03635895","0.3869215","0.243604","0.3081","0.8414","0.5266","55","cedar/comic-1a5c1d1d30401cfd.mp3"
"marin","command","command","","","2.064","0.04226357","0.23549876","0.245115","0.4215","1.0375","1.0265","63","marin/command-f0a3d5493566a743.mp3"
"cedar","command","command","","","1.368","0.04634998","0.41260916","0.307688","0.2099","0.7703","0.5977","63","cedar/command-f0a3d5493566a743.mp3"
"marin","comment","comment","","","0.912","0.06031056","0.51753145","0.385759","0.0634","0.5856","0.3264","60","marin/comment-051fe4647898acc2.mp3"
"cedar","comment","comment","","","1.32","0.0340907","0.42576426","0.246701","0.139","0.6532","0.6668","60","cedar/comment-051fe4647898acc2.mp3"
"marin","common","common","","","0.912","0.06483222","0.41736144","0.493512","0.1378","0.6408","0.2712","2","marin/common-2ceb58c7c2994e69.mp3"
"cedar","common","common","","","1.752","0.03196982","0.50582725","0.175002","0.1828","0.6263","1.1257","2","cedar/common-2ceb58c7c2994e69.mp3"
"marin","company","company","","","1.512","0.04423942","0.29826728","0.248663","0.5081","1.0239","0.4881","5","marin/company-a3ca4c7828987e0c.mp3"
"cedar","company","company","","","1.92","0.02537729","0.30814141","0.217795","0.2935","0.9241","0.9959","5","cedar/company-a3ca4c7828987e0c.mp3"
"marin","compare","compare","","","1.8","0.04633853","0.33621341","0.25603","0.1578","0.7371","1.0629","9","marin/compare-8e15eacd04f6a2f1.mp3"
"cedar","compare","compare","","","1.104","0.05859476","0.47096476","0.443558","0.116","0.7698","0.3342","9","cedar/compare-8e15eacd04f6a2f1.mp3"
"marin","complain","complain","","","1.464","0.04291174","0.3419717","0.365252","0.2805","0.973","0.491","9","marin/complain-94886e855df39128.mp3"
"cedar","complain","complain","","","1.056","0.05651413","0.38772097","0.486545","0.0513","0.7422","0.3138","9","cedar/complain-94886e855df39128.mp3"
"marin","complete","complete","","","1.104","0.06280151","0.26092789","0.388191","0.0543","0.796","0.308","81","marin/complete-37a40f08d8548dba.mp3"
"cedar","complete","complete","","","1.104","0.03709833","0.37520823","0.272381","0.1416","0.7031","0.4009","81","cedar/complete-37a40f08d8548dba.mp3"
"marin","computer","computer","","","1.416","0.04281939","0.25299829","0.296978","0.341","0.8988","0.5172","61|69","marin/computer-658cee77608b10f7.mp3"
"cedar","computer","computer","","","1.152","0.06262058","0.50539088","0.538321","0.169","0.9565","0.1955","61|69","cedar/computer-658cee77608b10f7.mp3"
"marin","concern","concern","","","2.304","0.03866496","0.33106819","0.223334","0.1831","0.8201","1.4839","28","marin/concern-d6b5e465070bc27f.mp3"
"cedar","concern","concern","","","1.2","0.05146838","0.34052828","0.549549","0.1403","0.9587","0.2413","28","cedar/concern-d6b5e465070bc27f.mp3"
"marin","confident","confident","","","1.752","0.04486285","0.49101758","0.224042","0.0528","0.7095","1.0425","14","marin/confident-620cf93b6d0f5b4a.mp3"
"cedar","confident","confident","","","1.848","0.03174671","0.40097958","0.178211","0.2637","0.8546","0.9934","14","cedar/confident-620cf93b6d0f5b4a.mp3"
"marin","confuse","confuse","","","1.368","0.05178846","0.23770702","0.445678","0.1668","0.9691","0.3989","115","marin/confuse-9045cf0aca814534.mp3"
"cedar","confuse","confuse","","","1.656","0.04521082","0.40404722","0.330717","0.133","0.9071","0.7489","115","cedar/confuse-9045cf0aca814534.mp3"
"marin","congratulation","congratulation","","","2.112","0.05524563","0.39634472","0.380544","0.0544","1.0073","1.1047","103","marin/congratulation-ed565bcefaf1a1b9.mp3"
"cedar","congratulation","congratulation","","","1.56","0.06635508","0.52104878","0.582145","0.0519","1.2205","0.3395","103","cedar/congratulation-ed565bcefaf1a1b9.mp3"
"marin","consider","consider","","","1.512","0.05653424","0.31906095","0.364694","0.0491","0.7045","0.8075","18","marin/consider-79d2cb49f40335b7.mp3"
"cedar","consider","consider","","","1.752","0.04101621","0.30326855","0.291916","0.709","1.3849","0.3671","18","cedar/consider-79d2cb49f40335b7.mp3"
"marin","considerate","considerate","","","1.32","0.05138274","0.24468899","0.385211","0.1355","0.8553","0.4647","12","marin/considerate-99fe740258a9930e.mp3"
"cedar","considerate","considerate","","","1.2","0.05447305","0.39515817","0.401372","0.1393","0.8528","0.3472","12","cedar/considerate-99fe740258a9930e.mp3"
"marin","contact lens","contact lens","","","2.064","0.05997418","0.44896811","0.461382","0.1492","1.423","0.641","49","marin/contact-lens-044465637eeed1da.mp3"
"cedar","contact lens","contact lens","","","1.608","0.06037398","0.60563904","0.476627","0.142","1.244","0.364","49","cedar/contact-lens-044465637eeed1da.mp3"
"marin","continue","continue","","","1.464","0.05824741","0.30565962","0.350182","0.0541","0.653","0.811","10","marin/continue-7134fe6667b4b228.mp3"
"cedar","continue","continue","","","1.2","0.03752325","0.2628172","0.380486","0.2868","0.9362","0.2638","10","cedar/continue-7134fe6667b4b228.mp3"
"marin","contract","contract","","","1.368","0.05205632","0.41924617","0.384564","0.069","0.938","0.43","8","marin/contract-3dd7131bf1c92dd2.mp3"
"cedar","contract","contract","","","1.2","0.04662698","0.43260184","0.332726","0.1828","0.8562","0.3438","8","cedar/contract-3dd7131bf1c92dd2.mp3"
"marin","control","control","","","1.968","0.03758058","0.29439947","0.23176","0.439","1.0631","0.9049","66","marin/control-2e7f1f7a9dd3f827.mp3"
"cedar","control","control","","","1.152","0.05489196","0.40755412","0.393157","0.2169","0.7959","0.3561","66","cedar/control-2e7f1f7a9dd3f827.mp3"
"marin","convenience store","convenience store","","","1.92","0.07718005","0.45657489","0.575901","0.0515","1.49","0.43","85","marin/convenience-store-ab0d39cd47a9ab84.mp3"
"cedar","convenience store","convenience store","","","1.8","0.06131751","0.54651576","0.571562","0.059","1.5059","0.2941","85","cedar/convenience-store-ab0d39cd47a9ab84.mp3"
"marin","convenient","convenient","","","1.416","0.0663094","0.25676945","0.397967","0.0528","0.7919","0.6241","85","marin/convenient-4ab18a034870ff6a.mp3"
"cedar","convenient","convenient","","","1.656","0.05691232","0.50386143","0.340114","0.0903","0.8885","0.7675","85","cedar/convenient-4ab18a034870ff6a.mp3"
"marin","conversation","conversation","","","1.464","0.06688183","0.66325039","0.441869","0.0599","0.8432","0.6208","77","marin/conversation-c3f7986c9b7bdbbc.mp3"
"cedar","conversation","conversation","","","1.464","0.05275295","0.59817874","0.423042","0.1765","0.9219","0.5421","77","cedar/conversation-c3f7986c9b7bdbbc.mp3"
"marin","cook","cook","","","1.056","0.04348554","0.55784237","0.163707","0.2795","0.6414","0.4146","7|45","marin/cook-7b0350227da84526.mp3"
"cedar","cook","cook","","","0.816","0.04059769","0.40317735","0.210784","0.1055","0.4577","0.3583","7|45","cedar/cook-7b0350227da84526.mp3"
"marin","cookie","cookie","","","0.912","0.04152573","0.3543821","0.221331","0.1645","0.4715","0.4405","43","marin/cookie-946040acf82ba054.mp3"
"cedar","cookie","cookie","","","1.368","0.02712323","0.3549636","0.180875","0.5293","0.8922","0.4758","43","cedar/cookie-946040acf82ba054.mp3"
"marin","cool","cool","","","1.008","0.04782867","0.23281904","0.36818","0.1793","0.6215","0.3865","45|105","marin/cool-27c16ce7e3861da0.mp3"
"cedar","cool","cool","","","2.112","0.04971097","0.39273664","0.235253","0.8206","1.4393","0.6727","45|105","cedar/cool-27c16ce7e3861da0.mp3"
"marin","cool down","cool down","","","1.656","0.07885191","0.40613037","0.467404","0.0517","1.2466","0.4094","","marin/cool-down-067ec0d130d0ef57.mp3"
"cedar","cool down","cool down","","","1.704","0.07580893","0.44814131","0.447929","0.1267","1.0111","0.6929","","cedar/cool-down-067ec0d130d0ef57.mp3"
"marin","copy","copy","","","0.96","0.04478327","0.40431738","0.311133","0.1606","0.6126","0.3474","100","marin/copy-4d00967e353d87ca.mp3"
"cedar","copy","copy","","","1.104","0.03699076","0.39485157","0.246056","0.1294","0.5766","0.5274","100","cedar/copy-4d00967e353d87ca.mp3"
"marin","corn","corn","","","1.2","0.04065406","0.24589168","0.34783","0.2794","0.8071","0.3929","39","marin/corn-3d8ed572d7bff23c.mp3"
"cedar","corn","corn","","","1.32","0.04964193","0.36938921","0.284044","0.1727","0.7019","0.6181","39","cedar/corn-3d8ed572d7bff23c.mp3"
"marin","corner","corner","","","1.104","0.06634833","0.35355169","0.484752","0.1532","0.7918","0.3122","","marin/corner-d86b888da603876c.mp3"
"cedar","corner","corner","","","0.96","0.03721988","0.27968752","0.318468","0.2862","0.7454","0.2146","","cedar/corner-d86b888da603876c.mp3"
"marin","correct","correct","","","1.248","0.03633639","0.34816444","0.226112","0.3103","0.8469","0.4011","81","marin/correct-844cd17a64dffb0b.mp3"
"cedar","correct","correct","","","1.056","0.05852271","0.67869109","0.267578","0.051","0.5462","0.5098","81","cedar/correct-844cd17a64dffb0b.mp3"
"marin","cost","cost","","","1.2","0.05021413","0.55681026","0.289132","0.0565","0.6242","0.5758","37","marin/cost-40f07ad111a45a92.mp3"
"cedar","cost","cost","","","1.656","0.0305775","0.51137823","0.167434","0.448","0.9413","0.7147","37","cedar/cost-40f07ad111a45a92.mp3"
"marin","cotton","cotton","","","1.104","0.05092109","0.44400549","0.372717","0.1642","0.7294","0.3746","50","marin/cotton-540655e78a92f90c.mp3"
"cedar","cotton","cotton","","","1.2","0.05129437","0.41576844","0.30033","0.2252","0.7363","0.4637","50","cedar/cotton-540655e78a92f90c.mp3"
"marin","couch","couch","","","1.2","0.03319457","0.38745826","0.247969","0.3569","0.8286","0.3714","68","marin/couch-35678c3d32e91ad1.mp3"
"cedar","couch","couch","","","1.008","0.03919545","0.64530998","0.261429","0.16","0.6074","0.4006","68","cedar/couch-35678c3d32e91ad1.mp3"
"marin","cough","cough","","","1.368","0.04100682","0.41147208","0.215004","0.2328","0.7539","0.6141","23","marin/cough-9099db3e59a4c96f.mp3"
"cedar","cough","cough","","","1.512","0.02807051","0.43737465","0.139247","0.3048","0.7319","0.7801","23","cedar/cough-9099db3e59a4c96f.mp3"
"marin","could","could","","","1.248","0.04290783","0.33026758","0.187366","0.1538","0.5014","0.7466","123","marin/could-fd5d808f51f39751.mp3"
"cedar","could","could","","","0.96","0.05274216","0.44600186","0.276606","0.1413","0.5409","0.4191","123","cedar/could-fd5d808f51f39751.mp3"
"marin","count","count","","","0.768","0.0521594","0.42618686","0.320367","0.0634","0.523","0.245","78","marin/count-dd4034215dcc7fb1.mp3"
"cedar","count","count","","","1.608","0.02068482","0.30175841","0.145224","0.2335","0.735","0.873","78","cedar/count-dd4034215dcc7fb1.mp3"
"marin","Count me in.","Count me in.","","","1.2","0.06468356","0.36820152","0.53816","0.0576","0.9213","0.2787","","marin/count-me-in-75409e51ec25f46f.mp3"
"cedar","Count me in.","Count me in.","","","1.656","0.05929352","0.66095477","0.4317","0.1583","1.0573","0.5987","","cedar/count-me-in-75409e51ec25f46f.mp3"
"marin","country","country","","","1.464","0.03984586","0.32463285","0.270179","0.1388","0.6449","0.8191","89","marin/country-eac5d6c9288ea855.mp3"
"cedar","country","country","","","1.2","0.03300844","0.45771489","0.281892","0.4355","0.9113","0.2887","89","cedar/country-eac5d6c9288ea855.mp3"
"marin","couple","couple","","","2.568","0.05212942","0.43089661","0.433022","0.5098","2.3837","0.1843","27","marin/couple-94150dec7243cab5.mp3"
"cedar","couple","couple","","","1.152","0.02762004","0.34635901","0.202691","0.2791","0.6893","0.4627","27","cedar/couple-94150dec7243cab5.mp3"
"marin","courage","courage","","","1.2","0.04771471","0.37657818","0.386476","0.158","0.8045","0.3955","14","marin/courage-5920d4e396ea3ad3.mp3"
"cedar","courage","courage","","","1.056","0.047827","0.33411515","0.361703","0.1607","0.7222","0.3338","14","cedar/courage-5920d4e396ea3ad3.mp3"
"marin","course","course","","","1.248","0.04302505","0.40698972","0.277628","0.1745","0.69","0.558","77","marin/course-337a527a582aca13.mp3"
"cedar","course","course","","","1.008","0.05175949","0.41515836","0.34561","0.1542","0.6242","0.3838","77","cedar/course-337a527a582aca13.mp3"
"marin","court","court","","","1.056","0.05347637","0.37377024","0.229837","0.158","0.573","0.483","86","marin/court-a2ecccf8c9c36e45.mp3"
"cedar","court","court","","","0.864","0.05343989","0.43819505","0.245177","0.1603","0.5098","0.3542","86","cedar/court-a2ecccf8c9c36e45.mp3"
"marin","cousin","cousin","","","0.96","0.05828429","0.37856179","0.434158","0.1387","0.6364","0.3236","26","marin/cousin-4826d05cc65f32f5.mp3"
"cedar","cousin","cousin","","","1.008","0.04034653","0.45077628","0.331721","0.409","0.8676","0.1404","26","cedar/cousin-4826d05cc65f32f5.mp3"
"marin","cover","cover","","","1.008","0.04223807","0.46200332","0.274016","0.1416","0.5426","0.4654","46","marin/cover-60bd2f30ac6b96e9.mp3"
"cedar","cover","cover","","","1.008","0.05306988","0.67976534","0.241278","0.1403","0.4388","0.5692","46","cedar/cover-60bd2f30ac6b96e9.mp3"
"marin","cow","cow","","","0.864","0.05101992","0.41651136","0.509139","0.0575","0.6054","0.2586","110","marin/cow-46d045d2beba7ed3.mp3"
"cedar","cow","cow","","","0.768","0.04915869","0.75822544","0.374403","0.1827","0.5879","0.1801","110","cedar/cow-46d045d2beba7ed3.mp3"
"marin","cowboy","cowboy","","","2.064","0.04778454","0.37583819","0.283602","0.1328","0.8428","1.2212","4","marin/cowboy-2e876e0f6ec742df.mp3"
"cedar","cowboy","cowboy","","","1.368","0.04649032","0.50315505","0.346354","0.364","1.0161","0.3519","4","cedar/cowboy-2e876e0f6ec742df.mp3"
"marin","crab","crab","","","1.848","0.03817266","0.40717736","0.19901","0.519","1.045","0.803","40|112","marin/crab-7826b708c666008d.mp3"
"cedar","crab","crab","","","1.8","0.0369783","0.61516505","0.174734","0.447","0.9079","0.8921","40|112","cedar/crab-7826b708c666008d.mp3"
"marin","crayon","crayon","","","1.2","0.05770086","0.42922524","0.400781","0.1954","0.7983","0.4017","80","marin/crayon-5637bbf500ac9a9d.mp3"
"cedar","crayon","crayon","","","1.056","0.06199521","0.50384057","0.469953","0.1199","0.7547","0.3013","80","cedar/crayon-5637bbf500ac9a9d.mp3"
"marin","crazy","crazy","","","0.96","0.07091491","0.37134168","0.618446","0.0578","0.7491","0.2109","13","marin/crazy-d528bd646fb55994.mp3"
"cedar","crazy","crazy","","","1.368","0.04306808","0.3147099","0.345654","0.1464","0.824","0.544","13","cedar/crazy-d528bd646fb55994.mp3"
"marin","cream","cream","","","1.56","0.05181558","0.30314383","0.340785","0.0538","0.685","0.875","44","marin/cream-22af0898315a2391.mp3"
"cedar","cream","cream","","","1.368","0.03668692","0.3626481","0.266996","0.2266","0.7213","0.6467","44","cedar/cream-22af0898315a2391.mp3"
"marin","create","create","","","1.848","0.04770756","0.36421022","0.211388","0.1357","0.6884","1.1596","4","marin/create-0a03d89c3515d8d1.mp3"
"cedar","create","create","","","1.512","0.02737368","0.35459179","0.2139","0.2794","0.8222","0.6898","4","cedar/create-0a03d89c3515d8d1.mp3"
"marin","credit card","credit card","","","1.752","0.04978261","0.37458721","0.356723","0.0578","0.9895","0.7625","36","marin/credit-card-213430502dabe487.mp3"
"cedar","credit card","credit card","","","1.656","0.04837194","0.66102582","0.319885","0.056","1.2848","0.3712","36","cedar/credit-card-213430502dabe487.mp3"
"marin","crime","crime","","","0.864","0.0551152","0.53196698","0.486087","0.1578","0.6628","0.2012","62","marin/crime-300a972e034c532c.mp3"
"cedar","crime","crime","","","1.008","0.04677067","0.57634538","0.317605","0.158","0.6054","0.4026","62","cedar/crime-300a972e034c532c.mp3"
"marin","cross","cross","","","1.104","0.03313789","0.29572242","0.351959","0.2424","0.8208","0.2832","93","marin/cross-987921fe3926a34e.mp3"
"cedar","cross","cross","","","1.008","0.05042092","0.60485077","0.37035","0.1349","0.6711","0.3369","93","cedar/cross-987921fe3926a34e.mp3"
"marin","cross out","cross out","","","1.608","0.05610234","0.58501989","0.347209","0.048","0.9469","0.6611","","marin/cross-out-8ca1f89d2b9e48a8.mp3"
"cedar","cross out","cross out","","","1.2","0.06087976","0.4911041","0.513958","0.0506","1.0062","0.1938","","cedar/cross-out-8ca1f89d2b9e48a8.mp3"
"marin","crowd","crowd","","","1.152","0.04629174","0.42489827","0.371383","0.0581","0.6306","0.5214","100","marin/crowd-bde621abb969e2ba.mp3"
"cedar","crowd","crowd","","","1.56","0.04225645","0.55999291","0.245726","0.0538","0.6408","0.9193","100","cedar/crowd-bde621abb969e2ba.mp3"
"marin","crowded","crowded","","","0.912","0.06136813","0.33212343","0.418517","0.0533","0.5698","0.3422","116","marin/crowded-78e7ac8fc6338451.mp3"
"cedar","crowded","crowded","","","1.056","0.05962545","0.56249875","0.368864","0.1251","0.688","0.368","116","cedar/crowded-78e7ac8fc6338451.mp3"
"marin","cruel","cruel","","","1.704","0.04741671","0.30211478","0.259353","0.0511","0.578","1.126","12","marin/cruel-8872b039dc92633b.mp3"
"cedar","cruel","cruel","","","1.32","0.04508211","0.27150211","0.257813","0.4319","0.939","0.381","12","cedar/cruel-8872b039dc92633b.mp3"
"marin","cry","cry","","","1.008","0.05937655","0.52832431","0.392485","0.1604","0.6351","0.3729","22","marin/cry-9373967ee4fcc7fa.mp3"
"cedar","cry","cry","","","0.864","0.04393147","0.48958617","0.306689","0.0539","0.5313","0.3327","22","cedar/cry-9373967ee4fcc7fa.mp3"
"marin","culture","culture","","","1.656","0.04433553","0.3786307","0.226009","0.7194","1.2348","0.4212","54","marin/culture-cc7ac4f834f5b3f8.mp3"
"cedar","culture","culture","","","1.008","0.05226215","0.53208393","0.325045","0.1583","0.6302","0.3778","54","cedar/culture-cc7ac4f834f5b3f8.mp3"
"marin","cup","cup","","","1.8","0.04681059","0.55969638","0.192153","0.1378","1.5447","0.2553","46|100","marin/cup-f0bc6a51dafc6965.mp3"
"cedar","cup","cup","","","1.704","0.02077898","0.31451359","0.078969","1.061","1.3509","0.3531","46|100","cedar/cup-f0bc6a51dafc6965.mp3"
"marin","cure","cure","","","0.864","0.06105114","0.28824764","0.464193","0.0829","0.5915","0.2725","23","marin/cure-9b62433ad51b220e.mp3"
"cedar","cure","cure","","","1.056","0.051407","0.41391942","0.339252","0.2076","0.6916","0.3644","23","cedar/cure-9b62433ad51b220e.mp3"
"marin","curious","curious","","","1.8","0.03761193","0.35341254","0.264919","0.1765","0.8689","0.9311","14","marin/curious-8a24271c6366ec83.mp3"
"cedar","curious","curious","","","1.416","0.04409498","0.32942596","0.382533","0.1911","1.0095","0.4065","14","cedar/curious-8a24271c6366ec83.mp3"
"marin","current","current","","","1.2","0.03693113","0.22814381","0.267378","0.3145","0.8329","0.3671","34","marin/current-48aa6cae8c70abdb.mp3"
"cedar","current","current","","","1.32","0.03445131","0.33334616","0.196386","0.3331","0.7722","0.5478","34","cedar/current-48aa6cae8c70abdb.mp3"
"marin","curtain","curtain","","","0.912","0.0421299","0.3377651","0.386376","0.1656","0.6963","0.2157","68","marin/curtain-3242e4c6497645b3.mp3"
"cedar","curtain","curtain","","","1.104","0.03584646","0.32400763","0.329861","0.3092","0.885","0.219","68","cedar/curtain-3242e4c6497645b3.mp3"
"marin","curve","curve","","","1.32","0.04679726","0.32303113","0.279782","0.1583","0.673","0.647","99","marin/curve-931c3acd8498d407.mp3"
"cedar","curve","curve","","","1.32","0.04467452","0.35645816","0.310148","0.4956","1.056","0.264","99","cedar/curve-931c3acd8498d407.mp3"
"marin","custom","custom","","","1.2","0.03730351","0.35701597","0.33849","0.3265","0.8638","0.3362","54","marin/custom-c95b74032c438c7a.mp3"
"cedar","custom","custom","","","1.152","0.03818027","0.42521578","0.290437","0.2828","0.7594","0.3926","54","cedar/custom-c95b74032c438c7a.mp3"
"marin","customer","customer","","","1.368","0.03897856","0.32213172","0.300865","0.1597","0.7376","0.6304","37","marin/customer-1a1572723eca74fc.mp3"
"cedar","customer","customer","","","1.008","0.03106627","0.28034732","0.338542","0.3703","0.8632","0.1448","37","cedar/customer-1a1572723eca74fc.mp3"
"marin","cut","cut","","","1.056","0.03569685","0.43482998","0.18456","0.1197","0.4985","0.5575","45","marin/cut-717061f0708e0380.mp3"
"cedar","cut","cut","","","1.416","0.03018386","0.41249061","0.138948","0.3449","0.7562","0.6598","45","cedar/cut-717061f0708e0380.mp3"
"marin","cut down","cut down","","","1.608","0.04733807","0.30334687","0.377293","0.0578","1.1927","0.4153","","marin/cut-down-c9e876621c349248.mp3"
"cedar","cut down","cut down","","","1.248","0.04321385","0.47732106","0.341496","0.306","1.0016","0.2464","","cedar/cut-down-c9e876621c349248.mp3"
"marin","cute","cute","","","0.864","0.04931696","0.41213882","0.231819","0.0578","0.4461","0.4179","28","marin/cute-7572e7802281452f.mp3"
"cedar","cute","cute","","","0.96","0.03434242","0.30494216","0.183594","0.2594","0.6562","0.3038","28","cedar/cute-7572e7802281452f.mp3"
"marin","daily","daily","","","0.768","0.07289984","0.38785523","0.535129","0.083","0.5711","0.1969","31","marin/daily-113faf59ebe684f4.mp3"
"cedar","daily","daily","","","0.864","0.0585293","0.53427529","0.420452","0.0989","0.5914","0.2726","31","cedar/daily-113faf59ebe684f4.mp3"
"marin","damage","damage","","","1.92","0.04832128","0.41684753","0.252496","0.0806","0.6886","1.2314","109","marin/damage-fa82ca222fc9813a.mp3"
"cedar","damage","damage","","","1.512","0.04489302","0.48673055","0.299865","0.5235","1.1181","0.3939","109","cedar/damage-fa82ca222fc9813a.mp3"
"marin","dance","dance","","","1.152","0.05000745","0.4082742","0.378147","0.3928","0.9836","0.1684","55","marin/dance-42268a1e16421d60.mp3"
"cedar","dance","dance","","","1.056","0.04675491","0.62002653","0.333412","0.0894","0.6858","0.3702","55","cedar/dance-42268a1e16421d60.mp3"
"marin","danger","danger","","","0.96","0.06148523","0.32315931","0.539388","0.089","0.7609","0.1991","28","marin/danger-732bafc2bb57de3d.mp3"
"cedar","danger","danger","","","0.96","0.04213215","0.30199885","0.320378","0.3764","0.7866","0.1734","28","cedar/danger-732bafc2bb57de3d.mp3"
"marin","dangerous","dangerous","","","1.608","0.06366956","0.37831876","0.474166","0.0995","1.1225","0.4855","116","marin/dangerous-0e351fcbbe92a53b.mp3"
"cedar","dangerous","dangerous","","","1.2","0.05586253","0.42918116","0.405295","0.0831","0.7635","0.4365","116","cedar/dangerous-0e351fcbbe92a53b.mp3"
"marin","dark","dark","","","0.912","0.04943213","0.45131043","0.222633","0.0748","0.5382","0.3738","104","marin/dark-3d1cfa6deae94164.mp3"
"cedar","dark","dark","","","1.104","0.05827371","0.49219385","0.313444","0.0806","0.7582","0.3458","104","cedar/dark-3d1cfa6deae94164.mp3"
"marin","date","date","","","1.2","0.04461418","0.33494264","0.167361","0.5135","0.8275","0.3725","32","marin/date-426e0b848d77d7b3.mp3"
"cedar","date","date","","","1.008","0.04427567","0.51166493","0.261863","0.0899","0.5847","0.4233","32","cedar/date-426e0b848d77d7b3.mp3"
"marin","daughter","daughter","","","2.616","0.03796191","0.47297949","0.160758","0.0693","0.642","1.974","27","marin/daughter-ceda524a4fd2ae0c.mp3"
"cedar","daughter","daughter","","","1.704","0.04809816","0.52997988","0.217307","0.0745","0.5956","1.1084","27","cedar/daughter-ceda524a4fd2ae0c.mp3"
"marin","dawn","dawn","","","1.104","0.04932035","0.41574946","0.358922","0.1331","0.5917","0.5123","31","marin/dawn-8d0ce4186ddd8942.mp3"
"cedar","dawn","dawn","","","1.464","0.04084321","0.471816","0.279187","0.5615","1.0673","0.3967","31","cedar/dawn-8d0ce4186ddd8942.mp3"
"marin","day","day","","","1.464","0.04817497","0.42467368","0.220145","0.611","0.9683","0.4957","31","marin/day-1fb9e9366b34a84d.mp3"
"cedar","day","day","","","0.864","0.06021923","0.66659993","0.403959","0.0822","0.5431","0.3209","31","cedar/day-1fb9e9366b34a84d.mp3"
"marin","dead","dead","","","1.008","0.05787206","0.5262813","0.297805","0.0607","0.4431","0.5649","24","marin/dead-9edc05076fb5a592.mp3"
"cedar","dead","dead","","","1.056","0.05235314","0.59124917","0.345624","0.0939","0.5874","0.4686","24","cedar/dead-9edc05076fb5a592.mp3"
"marin","deaf","deaf","","","1.704","0.0416855","0.59043723","0.135368","0.0645","0.4978","1.2062","17","marin/deaf-a7917f417db9d040.mp3"
"cedar","deaf","deaf","","","1.512","0.0410393","0.57059097","0.190449","0.5102","1.0091","0.5029","17","cedar/deaf-a7917f417db9d040.mp3"
"marin","deal","deal","","","1.656","0.04682639","0.2860525","0.272192","0.2493","0.7598","0.8962","","marin/deal-b952205124d12163.mp3"
"cedar","deal","deal","","","1.056","0.04303235","0.25315171","0.391414","0.1519","0.6826","0.3734","","cedar/deal-b952205124d12163.mp3"
"marin","deal with","deal with","","","1.248","0.07311139","0.41496274","0.464577","0.0693","0.9197","0.3283","6","marin/deal-with-744aefee199fb702.mp3"
"cedar","deal with","deal with","","","1.56","0.05869948","0.30765507","0.368336","0.5004","1.2795","0.2805","6","cedar/deal-with-744aefee199fb702.mp3"
"marin","dear","dear","","","1.008","0.06730956","0.43171087","0.342944","0.0682","0.5287","0.4793","3","marin/dear-6e76851a294c9b68.mp3"
"cedar","dear","dear","","","1.2","0.03250103","0.29190239","0.153038","0.1695","0.429","0.771","3","cedar/dear-6e76851a294c9b68.mp3"
"marin","death","death","","","1.248","0.03516793","0.40673193","0.219551","0.0783","0.624","0.624","24","marin/death-f90f68bf2d9b7edb.mp3"
"cedar","death","death","","","0.72","0.04846402","0.6077528","0.252922","0.0794","0.403","0.317","24","cedar/death-f90f68bf2d9b7edb.mp3"
"marin","debate","debate","","","1.2","0.05420225","0.31574842","0.326632","0.0707","0.7562","0.4438","90","marin/debate-01d3d0daead6dada.mp3"
"cedar","debate","debate","","","1.32","0.03506406","0.38651383","0.223059","0.2213","0.723","0.597","90","cedar/debate-01d3d0daead6dada.mp3"
"marin","December","December","","","1.248","0.04658813","0.36410806","0.37944","0.0905","0.6778","0.5702","33","marin/december-b3c002cafbd22601.mp3"
"cedar","December","December","","","1.848","0.04776827","0.44670716","0.337955","0.6047","1.3506","0.4974","33","cedar/december-b3c002cafbd22601.mp3"
"marin","decide","decide","","","1.464","0.05744095","0.41770083","0.365693","0.1376","0.7919","0.6721","81","marin/decide-876270c51103160f.mp3"
"cedar","decide","decide","","","1.2","0.07256988","0.58022594","0.486372","0.0832","0.8885","0.3115","81","cedar/decide-876270c51103160f.mp3"
"marin","decide on + N","decide on something.","","","1.92","0.06063111","0.29217747","0.566385","0.1211","1.4402","0.4798","","marin/decide-on-n-583afcd5702f5f95.mp3"
"cedar","decide on + N","decide on something.","","","2.016","0.05929352","0.4408167","0.549179","0.1078","1.4856","0.5304","","cedar/decide-on-n-583afcd5702f5f95.mp3"
"marin","decision","decision","","","1.608","0.06310502","0.44697851","0.402337","0.0693","0.792","0.816","63","marin/decision-834608781b00d5df.mp3"
"cedar","decision","decision","","","1.8","0.04376084","0.31014249","0.421551","0.0761","1.0529","0.7471","63","cedar/decision-834608781b00d5df.mp3"
"marin","decorate","decorate","","","0.96","0.05341351","0.40661404","0.468164","0.0745","0.7968","0.1632","102","marin/decorate-505ac7ce0225c16f.mp3"
"cedar","decorate","decorate","","","1.248","0.05402686","0.70086849","0.350144","0.071","0.8562","0.3918","102","cedar/decorate-505ac7ce0225c16f.mp3"
"marin","decrease","decrease. Decrease.","","","2.76","0.04676132","0.41802144","0.331929","0.0839","1.8937","0.8663","9","marin/decrease-9ae0506a4e1ac20c.mp3"
"cedar","decrease","decrease. Decrease.","","","2.256","0.05201324","0.38367367","0.40722","0.165","1.9745","0.2815","9","cedar/decrease-9ae0506a4e1ac20c.mp3"
"marin","deep","deep","","","1.056","0.03934101","0.27187625","0.244989","0.2893","0.7292","0.3268","98","marin/deep-64896f89fd111900.mp3"
"cedar","deep","deep","","","1.104","0.0410652","0.38707474","0.183764","0.0905","0.4577","0.6463","98","cedar/deep-64896f89fd111900.mp3"
"marin","deer","deer","","","0.912","0.06477968","0.31600729","0.485312","0.0689","0.5838","0.3282","111","marin/deer-a84458ba7e2e5db7.mp3"
"cedar","deer","deer","","","1.152","0.04892159","0.30824855","0.31977","0.0755","0.6433","0.5087","111","cedar/deer-a84458ba7e2e5db7.mp3"
"marin","define","define","","","1.512","0.06335926","0.49389121","0.35119","0.1086","0.7348","0.7772","75","marin/define-e96a4146adf230a1.mp3"
"cedar","define","define","","","0.912","0.05475181","0.5639751","0.366434","0.0906","0.6204","0.2916","75","cedar/define-e96a4146adf230a1.mp3"
"marin","Degree","Degree","","","0.864","0.07152121","0.42760471","0.382813","0.116","0.5211","0.3429","74","marin/degree-5e613784555c47a7.mp3"
"cedar","Degree","Degree","","","1.32","0.05055616","0.48280352","0.304088","0.0754","0.622","0.698","74","cedar/degree-5e613784555c47a7.mp3"
"marin","delicious","delicious","","","1.464","0.05649397","0.3123593","0.531791","0.0778","1.0713","0.3927","44","marin/delicious-34318ea864dd26dd.mp3"
"cedar","delicious","delicious","","","1.704","0.04400211","0.43525302","0.306094","0.0796","0.768","0.936","44","cedar/delicious-34318ea864dd26dd.mp3"
"marin","deliver","deliver","","","1.2","0.05842936","0.32848766","0.376823","0.2282","0.7616","0.4384","7","marin/deliver-a7cfbe56a75fffe1.mp3"
"cedar","deliver","deliver","","","2.016","0.05385231","0.39946038","0.262225","0.2138","0.8122","1.2038","7","cedar/deliver-a7cfbe56a75fffe1.mp3"
"marin","dentist","dentist","","","1.248","0.06306943","0.4675768","0.331397","0.1393","0.7469","0.5011","6","marin/dentist-d6d32b7235eb3560.mp3"
"cedar","dentist","dentist","","","1.056","0.0578765","0.53441888","0.453993","0.0662","0.7716","0.2844","6","cedar/dentist-d6d32b7235eb3560.mp3"
"marin","Department","Department","","","1.656","0.04555319","0.36476746","0.245572","0.1543","0.7782","0.8778","74","marin/department-28302ecf0ec073f3.mp3"
"cedar","Department","Department","","","1.32","0.05486857","0.5469557","0.398343","0.0741","0.923","0.397","74","cedar/department-28302ecf0ec073f3.mp3"
"marin","department store","department store","","","1.416","0.0526923","0.4329854","0.491525","0.087","1.1638","0.2522","85","marin/department-store-e8bc1f2f4b1b1a06.mp3"
"cedar","department store","department store","","","2.208","0.04617953","0.49106118","0.337843","0.5201","1.9392","0.2688","85","cedar/department-store-e8bc1f2f4b1b1a06.mp3"
"marin","depend","depend","","","1.608","0.03512254","0.28324553","0.306696","0.2493","0.9129","0.6951","65","marin/depend-eee75d9de3bd3229.mp3"
"cedar","depend","depend","","","1.248","0.04730893","0.35771364","0.458717","0.0832","0.8721","0.3759","65","cedar/depend-eee75d9de3bd3229.mp3"
"marin","describe","describe","","","1.416","0.04829558","0.27589476","0.365981","0.3352","1.0033","0.4127","88","marin/describe-6fcfda8a862412e1.mp3"
"cedar","describe","describe","","","1.104","0.05400458","0.50668347","0.36481","0.0571","0.638","0.466","88","cedar/describe-6fcfda8a862412e1.mp3"
"marin","desert","desert","","","1.2","0.06309516","0.67581952","0.310451","0.052","0.6045","0.5955","108","marin/desert-3fa95e815b3d6479.mp3"
"cedar","desert","desert","","","1.056","0.04869156","0.61318153","0.305141","0.0661","0.6507","0.4053","108","cedar/desert-3fa95e815b3d6479.mp3"
"marin","design","design","","","1.104","0.07038002","0.41518658","0.515851","0.0742","0.7804","0.3236","102","marin/design-f52c370da768f628.mp3"
"cedar","design","design","","","1.608","0.04083305","0.41178262","0.276728","0.2235","0.8226","0.7854","102","cedar/design-f52c370da768f628.mp3"
"marin","desire","desire","","","1.368","0.06828761","0.43960547","0.411001","0.0799","0.7517","0.6163","18","marin/desire-872c99b67ebf918e.mp3"
"cedar","desire","desire","","","1.608","0.04531261","0.4295041","0.304584","0.1801","0.7802","0.8278","18","cedar/desire-872c99b67ebf918e.mp3"
"marin","desk","desk","","","0.912","0.04991669","0.5074994","0.378198","0.0776","0.6341","0.2779","69","marin/desk-23dc9af36aeeb659.mp3"
"cedar","desk","desk","","","0.912","0.05234984","0.72795814","0.303934","0.0834","0.5308","0.3812","69","cedar/desk-23dc9af36aeeb659.mp3"
"marin","dessert","dessert","","","0.96","0.07043714","0.40274826","0.401085","0.0827","0.673","0.287","42","marin/dessert-c59459b8d4114379.mp3"
"cedar","dessert","dessert","","","0.96","0.04757254","0.39130315","0.374631","0.0822","0.6654","0.2946","42","cedar/dessert-c59459b8d4114379.mp3"
"marin","detect","detect","","","1.656","0.03982298","0.44195315","0.177775","0.1345","0.7381","0.9179","62","marin/detect-bb99301fa4e91453.mp3"
"cedar","detect","detect","","","1.152","0.05144637","0.6391294","0.299714","0.0907","0.731","0.421","62","cedar/detect-bb99301fa4e91453.mp3"
"marin","develop","develop","","","1.152","0.06746398","0.44106644","0.387496","0.0543","0.734","0.418","10","marin/develop-239a504b8fa8af02.mp3"
"cedar","develop","develop","","","1.152","0.06673615","0.59285808","0.382053","0.0684","0.6835","0.4685","10","cedar/develop-239a504b8fa8af02.mp3"
"marin","dial","dial","","","1.008","0.05965018","0.60703886","0.335524","0.0874","0.573","0.435","60","marin/dial-21b36a5c36f5789c.mp3"
"cedar","dial","dial","","","0.864","0.08138014","0.72390652","0.378472","0.059","0.478","0.386","60","cedar/dial-21b36a5c36f5789c.mp3"
"marin","diamond","diamond","","","1.248","0.05364895","0.4814727","0.411926","0.0811","0.7417","0.5063","50","marin/diamond-fecec15807d6b187.mp3"
"cedar","diamond","diamond","","","1.56","0.05255962","0.59824884","0.31071","0.0703","0.6884","0.8716","50","cedar/diamond-fecec15807d6b187.mp3"
"marin","diary","diary","","","1.104","0.06498","0.57734764","0.442633","0.1762","0.723","0.381","80","marin/diary-d038bdd38e7ffa1a.mp3"
"cedar","diary","diary","","","1.368","0.05000409","0.60647506","0.329968","0.0709","0.6905","0.6775","80","cedar/diary-d038bdd38e7ffa1a.mp3"
"marin","dictionary","dictionary","","","1.368","0.05490726","0.42735118","0.400417","0.0856","0.8043","0.5638","77","marin/dictionary-97653dcef5a903d3.mp3"
"cedar","dictionary","dictionary","","","1.416","0.05174998","0.48567066","0.430776","0.0646","0.911","0.505","77","cedar/dictionary-97653dcef5a903d3.mp3"
"marin","did","did","","","1.152","0.0482644","0.34077972","0.255679","0.2752","0.6947","0.4573","122","marin/did-a919159f6113db7a.mp3"
"cedar","did","did","","","1.848","0.04268175","0.62271118","0.142192","0.0629","0.4221","1.4259","122","cedar/did-a919159f6113db7a.mp3"
"marin","die","die","","","1.056","0.05575401","0.66055363","0.257083","0.1113","0.4916","0.5644","24","marin/die-f87bcfa63efe5737.mp3"
"cedar","die","die","","","0.912","0.06153346","0.72414762","0.407666","0.0751","0.6011","0.3109","24","cedar/die-f87bcfa63efe5737.mp3"
"marin","diet","diet","","","0.96","0.06837497","0.74080431","0.347938","0.0686","0.623","0.337","25","marin/diet-00bfac971732649d.mp3"
"cedar","diet","diet","","","1.056","0.0526575","0.61704648","0.350675","0.083","0.683","0.373","25","cedar/diet-00bfac971732649d.mp3"
"marin","difference","difference","","","1.848","0.04083461","0.41054448","0.246043","0.089","0.7384","1.1096","117","marin/difference-bd73e5c35e798c8d.mp3"
"cedar","difference","difference","","","1.656","0.03773986","0.44328833","0.258894","0.4563","1.1541","0.5019","117","cedar/difference-bd73e5c35e798c8d.mp3"
"marin","different","different","","","1.104","0.05102059","0.37440354","0.318784","0.0836","0.6462","0.4578","117","marin/different-1170c8939638387e.mp3"
"cedar","different","different","","","1.368","0.04900072","0.61089265","0.223547","0.4544","0.9629","0.4051","117","cedar/different-1170c8939638387e.mp3"
"marin","difficult","difficult","","","1.968","0.03966252","0.46291348","0.180312","0.0808","0.6885","1.2795","10","marin/difficult-f74b6557be746650.mp3"
"cedar","difficult","difficult","","","1.2","0.04414399","0.44896033","0.279601","0.2149","0.8133","0.3867","10","cedar/difficult-f74b6557be746650.mp3"
"marin","difficulty","difficulty","","","1.2","0.05247065","0.40941432","0.370712","0.0703","0.7839","0.4161","25","marin/difficulty-af6e1cd181b337f4.mp3"
"cedar","difficulty","difficulty","","","1.248","0.04253762","0.40063867","0.381978","0.0618","0.9112","0.3368","25","cedar/difficulty-af6e1cd181b337f4.mp3"
"marin","dig","dig","","","1.104","0.06665241","0.60766053","0.195426","0.0776","0.4037","0.7003","59","marin/dig-1a8807e7df614d12.mp3"
"cedar","dig","dig","","","1.008","0.06080116","0.38869935","0.441737","0.0759","0.6807","0.3273","59","cedar/dig-1a8807e7df614d12.mp3"
"marin","dig in","dig in","","","1.656","0.06968155","0.37420666","0.476638","0.0801","1.1313","0.5247","","marin/dig-in-cd6136acdfcc7928.mp3"
"cedar","dig in","dig in","","","1.464","0.0570267","0.41062856","0.450094","0.0689","1.1418","0.3222","","cedar/dig-in-cd6136acdfcc7928.mp3"
"marin","diligent","diligent","","","1.32","0.05319769","0.36768791","0.375","0.2828","0.9756","0.3444","13","marin/diligent-51a26bdfc22e59ec.mp3"
"cedar","diligent","diligent","","","1.416","0.07183759","0.56377906","0.329949","0.0714","0.7062","0.7098","13","cedar/diligent-51a26bdfc22e59ec.mp3"
"marin","dining room","dining room","","","1.368","0.06736881","0.46900514","0.581871","0.0776","0.9918","0.3762","70","marin/dining-room-7e83f6c7658d0190.mp3"
"cedar","dining room","dining room","","","1.152","0.06549521","0.80644244","0.52143","0.0645","0.7905","0.3615","70","cedar/dining-room-7e83f6c7658d0190.mp3"
"marin","dinner","dinner","","","1.512","0.06136582","0.54776651","0.18553","0.069","0.4208","1.0912","41","marin/dinner-cd503e900370e165.mp3"
"cedar","dinner","dinner","","","0.912","0.05128822","0.49854329","0.289177","0.083","0.4427","0.4693","41","cedar/dinner-cd503e900370e165.mp3"
"marin","dinosaur","dinosaur","","","1.2","0.06267328","0.56304717","0.450313","0.1068","0.7802","0.4198","112","marin/dinosaur-494a9f2d760e09e5.mp3"
"cedar","dinosaur","dinosaur","","","1.104","0.05870943","0.68383557","0.534401","0.0698","0.8944","0.2096","112","cedar/dinosaur-494a9f2d760e09e5.mp3"
"marin","diplomat","diplomat","","","0.912","0.06164295","0.47188759","0.378175","0.0777","0.723","0.189","6","marin/diplomat-bbda18977f40b06b.mp3"
"cedar","diplomat","diplomat","","","1.656","0.05480692","0.52233285","0.3554","0.0737","0.9331","0.7229","6","cedar/diplomat-bbda18977f40b06b.mp3"
"marin","direct","direct","","","1.104","0.05501523","0.38239151","0.341335","0.0769","0.7383","0.3657","84","marin/direct-96f56a26868e3613.mp3"
"cedar","direct","direct","","","1.056","0.06498907","0.52058107","0.375927","0.0709","0.7301","0.3259","84","cedar/direct-96f56a26868e3613.mp3"
"marin","direction","direction","","","0.912","0.05519849","0.43545386","0.471583","0.0894","0.7191","0.1929","84","marin/direction-8aeec2629979acfe.mp3"
"cedar","direction","direction","","","1.56","0.05571605","0.61789489","0.315077","0.0808","0.7414","0.8186","84","cedar/direction-8aeec2629979acfe.mp3"
"marin","dirty","dirty","","","0.96","0.05725696","0.39086238","0.376324","0.1291","0.573","0.387","58","marin/dirty-abe9c2071f1d073a.mp3"
"cedar","dirty","dirty","","","1.104","0.05526531","0.52150488","0.307329","0.2892","0.6966","0.4074","58","cedar/dirty-abe9c2071f1d073a.mp3"
"marin","disappear","disappear","","","1.152","0.06954763","0.42802909","0.448134","0.0769","0.8171","0.3349","115","marin/disappear-bbb4687cc04ae141.mp3"
"cedar","disappear","disappear","","","2.16","0.05334746","0.45986402","0.318104","0.5208","1.5287","0.6313","115","cedar/disappear-bbb4687cc04ae141.mp3"
"marin","discover","discover","","","1.152","0.05016802","0.35524687","0.309534","0.1613","0.69","0.462","9","marin/discover-e093caa7061ae7c4.mp3"
"cedar","discover","discover","","","1.2","0.06163641","0.444475","0.412187","0.09","0.7632","0.4368","9","cedar/discover-e093caa7061ae7c4.mp3"
"marin","discuss","discuss","","","1.752","0.05386187","0.49219301","0.33746","0.0756","0.8415","0.9105","81","marin/discuss-d59b3715a5f101d6.mp3"
"cedar","discuss","discuss","","","1.152","0.06105644","0.54116374","0.517524","0.0642","0.8884","0.2636","81","cedar/discuss-d59b3715a5f101d6.mp3"
"marin","discussion","discussion","","","1.368","0.02943209","0.26499245","0.369792","0.2701","0.9637","0.4043","81","marin/discussion-56e8de126decf041.mp3"
"cedar","discussion","discussion","","","1.752","0.04950207","0.50599772","0.351313","0.07","0.8524","0.8996","81","cedar/discussion-56e8de126decf041.mp3"
"marin","dish","dish","","","1.104","0.03164624","0.28924006","0.296403","0.4306","0.9045","0.1995","46","marin/dish-3f4e793092e086c8.mp3"
"cedar","dish","dish","","","0.912","0.04636423","0.49281526","0.389072","0.0755","0.6085","0.3035","46","cedar/dish-3f4e793092e086c8.mp3"
"marin","dishonest","dishonest","","","1.2","0.05825946","0.34381145","0.509826","0.0813","0.8836","0.3164","13","marin/dishonest-f8b6a67e8893b185.mp3"
"cedar","dishonest","dishonest","","","1.92","0.04441663","0.38742051","0.365224","0.0677","1.2476","0.6724","13","cedar/dishonest-f8b6a67e8893b185.mp3"
"marin","distance","distance","","","1.608","0.03842857","0.31945005","0.308043","0.2728","0.9596","0.6484","96","marin/distance-8674c533ae925510.mp3"
"cedar","distance","distance","","","1.248","0.04361181","0.44745547","0.386902","0.1221","0.8547","0.3933","96","cedar/distance-8674c533ae925510.mp3"
"marin","distant","distant","","","1.104","0.05334791","0.4506551","0.306952","0.0717","0.6538","0.4502","96","marin/distant-f95be29376177c7b.mp3"
"cedar","distant","distant","","","1.008","0.03570903","0.32810003","0.328435","0.2201","0.733","0.275","96","cedar/distant-f95be29376177c7b.mp3"
"marin","divide","divide","","","1.704","0.06513435","0.56645077","0.303624","0.0829","0.7211","0.9829","78","marin/divide-eaeeb73683f9ddcc.mp3"
"cedar","divide","divide","","","1.464","0.0792528","0.78771329","0.357539","0.0607","0.7576","0.7064","78","cedar/divide-eaeeb73683f9ddcc.mp3"
"marin","dizzy","dizzy","","","1.248","0.07320455","0.5970943","0.261118","0.0995","0.4854","0.7626","23","marin/dizzy-f9e1b6f44c6732d4.mp3"
"cedar","dizzy","dizzy","","","0.96","0.05481749","0.47444189","0.291688","0.1535","0.5207","0.4393","23","cedar/dizzy-f9e1b6f44c6732d4.mp3"
"marin","do","do","","","1.368","0.04725636","0.29021475","0.263006","0.3227","0.7203","0.6477","115|122","marin/do-06083476ac96129f.mp3"
"cedar","do","do","","","1.056","0.04109707","0.2653046","0.348485","0.1468","0.6055","0.4505","115|122","cedar/do-06083476ac96129f.mp3"
"marin","do business with","do business with","","","1.656","0.0610818","0.29747659","0.471379","0.0516","1.1981","0.4579","","marin/do-business-with-5b6e2a946a2bd4c5.mp3"
"cedar","do business with","do business with","","","1.608","0.05999095","0.35942918","0.481784","0.0796","1.2047","0.4033","","cedar/do-business-with-5b6e2a946a2bd4c5.mp3"
"marin","do exercise","do exercise","","","1.608","0.06286236","0.5302242","0.537961","0.1547","1.3582","0.2498","","marin/do-exercise-8047ba0025481bd5.mp3"
"cedar","do exercise","do exercise","","","1.968","0.05453827","0.54334563","0.434314","0.0704","1.4989","0.4691","","cedar/do-exercise-8047ba0025481bd5.mp3"
"marin","do + 人 + good","do someone good.","","","2.208","0.06788063","0.29638118","0.503727","0.181","1.7486","0.4594","","marin/do-good-5ccbde669dbf34bb.mp3"
"cedar","do + 人 + good","do someone good.","","","2.448","0.05963216","0.41710028","0.495404","0.0728","1.9835","0.4645","","cedar/do-good-5ccbde669dbf34bb.mp3"
"marin","do homework","do homework","","","1.8","0.07846122","0.31857485","0.460949","0.0746","1.3577","0.4423","","marin/do-homework-8a2267e0c5995b5a.mp3"
"cedar","do homework","do homework","","","1.608","0.06326868","0.43655089","0.431126","0.0737","1.0822","0.5258","","cedar/do-homework-8a2267e0c5995b5a.mp3"
"marin","do one's part","do one's part","","","1.968","0.06535828","0.29388833","0.552718","0.0753","1.7969","0.1711","","marin/do-ones-part-0eb28f7c8f17ff1e.mp3"
"cedar","do one's part","do one's part","","","1.608","0.06388876","0.42586297","0.445248","0.0663","1.1526","0.4554","","cedar/do-ones-part-0eb28f7c8f17ff1e.mp3"
"marin","do one's / the shopping","do one's shopping. Or, do the shopping.","","","3.216","0.07265924","0.42169094","0.616831","0.0626","3.0463","0.1697","","marin/do-ones-the-shopping-b296b4dc38b57497.mp3"
"cedar","do one's / the shopping","do one's shopping. Or, do the shopping.","","","3.552","0.07305662","0.45590031","0.570758","0.0752","3.3528","0.1992","","cedar/do-ones-the-shopping-b296b4dc38b57497.mp3"
"marin","do / try one's best","do one's best. Or, try one's best.","","","3.408","0.0730287","0.51834422","0.551185","0.069","3.2408","0.1672","","marin/do-try-ones-best-1aab11f67f3e6dfe.mp3"
"cedar","do / try one's best","do one's best. Or, try one's best.","","","3.864","0.06391795","0.56505239","0.433068","0.0641","3.6331","0.2309","","cedar/do-try-ones-best-1aab11f67f3e6dfe.mp3"
"marin","doctor","doctor","","","0.864","0.06581481","0.65992761","0.276259","0.1245","0.5671","0.2969","6","marin/doctor-f1ac079230643f12.mp3"
"cedar","doctor","doctor","","","0.864","0.08870814","0.85345167","0.288291","0.0856","0.5241","0.3399","6","cedar/doctor-f1ac079230643f12.mp3"
"marin","dodge ball","dodge ball","","","1.848","0.07115924","0.49600291","0.494713","0.0693","1.3933","0.4547","52","marin/dodge-ball-0986cd09cb150155.mp3"
"cedar","dodge ball","dodge ball","","","1.32","0.0736243","0.65962064","0.517708","0.0788","1.0531","0.2669","52","cedar/dodge-ball-0986cd09cb150155.mp3"
"marin","does","does","","","1.416","0.05168711","0.50942165","0.290622","0.2211","0.7317","0.6843","122","marin/does-9531639a9e5bab3d.mp3"
"cedar","does","does","","","1.248","0.03291302","0.51810527","0.224292","0.4806","0.9358","0.3122","122","cedar/does-9531639a9e5bab3d.mp3"
"marin","dog","dog","","","0.912","0.05930073","0.49058723","0.409471","0.0833","0.5844","0.3276","110","marin/dog-b6d8423f6d3423aa.mp3"
"cedar","dog","dog","","","1.848","0.0548108","0.47752768","0.253055","0.0805","1.406","0.442","110","cedar/dog-b6d8423f6d3423aa.mp3"
"marin","doll","doll","","","1.2","0.0655993","0.72336769","0.349115","0.0694","0.5866","0.6134","57","marin/doll-1952e24448b7d579.mp3"
"cedar","doll","doll","","","1.008","0.06769239","0.63129377","0.397611","0.1573","0.6917","0.3163","57","cedar/doll-1952e24448b7d579.mp3"
"marin","dollar","dollar","","","1.056","0.0585178","0.38689378","0.483428","0.0662","0.7587","0.2973","36","marin/dollar-a9a01100c8564e44.mp3"
"cedar","dollar","dollar","","","1.2","0.04065914","0.50797951","0.268003","0.0698","0.5805","0.6195","36","cedar/dollar-a9a01100c8564e44.mp3"
"marin","dolphin","dolphin","","","1.248","0.06819113","0.51552939","0.451389","0.066","0.8787","0.3693","112","marin/dolphin-1f91a9b5dec436d7.mp3"
"cedar","dolphin","dolphin","","","1.416","0.06853069","0.63515478","0.358889","0.0734","0.8422","0.5738","112","cedar/dolphin-1f91a9b5dec436d7.mp3"
"marin","donkey","donkey","","","2.064","0.04838458","0.31926271","0.238978","0.637","1.3113","0.7527","110","marin/donkey-45814cf76274a6bf.mp3"
"cedar","donkey","donkey","","","1.104","0.04576942","0.48307714","0.34458","0.2324","0.7704","0.3336","110","cedar/donkey-45814cf76274a6bf.mp3"
"marin","Don't take a chance.","Don't take a chance.","","","1.656","0.05701593","0.30287445","0.536207","0.0608","1.4356","0.2204","","marin/dont-take-a-chance-a49f36135d37362d.mp3"
"cedar","Don't take a chance.","Don't take a chance.","","","1.704","0.05269221","0.58472902","0.390992","0.0745","1.2856","0.4184","","cedar/dont-take-a-chance-a49f36135d37362d.mp3"
"marin","door","door","","","1.56","0.04441434","0.31535977","0.254688","0.2926","0.7914","0.7686","67","marin/door-cb0582ab6ecad78f.mp3"
"cedar","door","door","","","1.2","0.04399793","0.37939155","0.216042","0.4264","0.7431","0.4569","67","cedar/door-cb0582ab6ecad78f.mp3"
"marin","dot","dot","","","1.104","0.05311496","0.59193236","0.221279","0.0771","0.5285","0.5755","99","marin/dot-5ddbce254c08372e.mp3"
"cedar","dot","dot","","","1.248","0.03856546","0.46988258","0.206347","0.1437","0.5937","0.6543","99","cedar/dot-5ddbce254c08372e.mp3"
"marin","Double Tenth Day","Double Tenth Day","","","2.16","0.074444","0.61835402","0.38478","0.0719","1.5917","0.5683","101","marin/double-tenth-day-f635e42e83298dce.mp3"
"cedar","Double Tenth Day","Double Tenth Day","","","2.064","0.04943776","0.56319833","0.384256","0.0762","1.757","0.307","101","cedar/double-tenth-day-f635e42e83298dce.mp3"
"marin","doubt","doubt","","","0.96","0.0391461","0.34495753","0.285894","0.0708","0.573","0.387","66","marin/doubt-4ecaddf11c4ef75e.mp3"
"cedar","doubt","doubt","","","1.704","0.03244203","0.36892441","0.146983","0.2724","0.7574","0.9466","66","cedar/doubt-4ecaddf11c4ef75e.mp3"
"marin","doughnut","doughnut","","","1.416","0.05990212","0.46281233","0.255179","0.0634","0.623","0.793","43","marin/doughnut-a9f5cc7ff00040d2.mp3"
"cedar","doughnut","doughnut","","","1.608","0.06975062","0.53073239","0.368444","0.0684","0.8722","0.7358","43","cedar/doughnut-a9f5cc7ff00040d2.mp3"
"marin","down","down","","","1.008","0.05726144","0.41145593","0.462364","0.0655","0.6111","0.3969","15|132","marin/down-f7332c41f0b3aecf.mp3"
"cedar","down","down","","","1.152","0.05087651","0.71629643","0.292969","0.1824","0.6288","0.5232","15|132","cedar/down-f7332c41f0b3aecf.mp3"
"marin","download","download","","","1.248","0.05440416","0.30559573","0.549997","0.1737","1.0101","0.2379","61","marin/download-241fc234ac0c3cd1.mp3"
"cedar","download","download","","","1.8","0.04505217","0.56876844","0.335938","0.475","1.2919","0.5081","61","cedar/download-241fc234ac0c3cd1.mp3"
"marin","downstairs","downstairs","","","1.656","0.05413858","0.49265724","0.412993","0.0676","0.9962","0.6598","71","marin/downstairs-f24d5cc1b42247b6.mp3"
"cedar","downstairs","downstairs","","","1.56","0.05725293","0.56219643","0.498144","0.0796","1.123","0.437","71","cedar/downstairs-f24d5cc1b42247b6.mp3"
"marin","downtown","downtown","","","1.32","0.06635864","0.47174296","0.478961","0.0773","0.82","0.5","86","marin/downtown-cd1611ed0772e7db.mp3"
"cedar","downtown","downtown","","","1.416","0.04949451","0.54379886","0.436205","0.2059","0.9902","0.4257","86","cedar/downtown-cd1611ed0772e7db.mp3"
"marin","dozen","dozen","","","0.864","0.07517188","0.68574119","0.519845","0.0625","0.6125","0.2515","100","marin/dozen-099d69d207e3539a.mp3"
"cedar","dozen","dozen","","","1.248","0.04193103","0.52409935","0.26893","0.5786","1.0313","0.2167","100","cedar/dozen-099d69d207e3539a.mp3"
"marin","dozens of","dozens of","","","1.608","0.06133365","0.5514161","0.466353","0.0575","1.3194","0.2886","","marin/dozens-of-053e1a64b73b9deb.mp3"
"cedar","dozens of","dozens of","","","1.464","0.06318592","0.60884768","0.365323","0.0713","0.7934","0.6706","","cedar/dozens-of-053e1a64b73b9deb.mp3"
"marin","Dr.","Dr.","","","1.056","0.05304188","0.41544551","0.352924","0.067","0.7365","0.3195","3","marin/dr-b1f28bd5a1e04385.mp3"
"cedar","Dr.","Dr.","","","1.2","0.03786214","0.56839836","0.221354","0.5132","0.9712","0.2288","3","cedar/dr-b1f28bd5a1e04385.mp3"
"marin","dragon","dragon","","","1.656","0.05382329","0.41709623","0.414943","0.0746","0.885","0.771","112","marin/dragon-24e11938b9091b4d.mp3"
"cedar","dragon","dragon","","","1.416","0.04446891","0.52431953","0.371116","0.4233","1.0862","0.3298","112","cedar/dragon-24e11938b9091b4d.mp3"
"marin","Dragon-boat Festival","Dragon-boat Festival","","","1.968","0.06901518","0.54986858","0.519489","0.0725","1.617","0.351","101","marin/dragon-boat-festival-88c510be93234c76.mp3"
"cedar","Dragon-boat Festival","Dragon-boat Festival","","","2.52","0.0634271","0.79242402","0.401066","0.0904","1.4394","1.0806","101","cedar/dragon-boat-festival-88c510be93234c76.mp3"
"marin","drama","drama","","","0.912","0.06945253","0.47553948","0.540365","0.0743","0.6504","0.2616","55","marin/drama-e49a84cfbb743b7a.mp3"
"cedar","drama","drama","","","1.2","0.05354218","0.48562306","0.321406","0.1022","0.6075","0.5925","55","cedar/drama-e49a84cfbb743b7a.mp3"
"marin","draw","draw","","","0.96","0.06039348","0.47582191","0.406402","0.0627","0.5625","0.3975","55","marin/draw-307b13993b7383c1.mp3"
"cedar","draw","draw","","","0.912","0.04794205","0.41448322","0.398894","0.0897","0.6034","0.3086","55","cedar/draw-307b13993b7383c1.mp3"
"marin","drawer","drawer","","","1.368","0.05270855","0.45352066","0.304185","0.0868","0.6383","0.7297","69","marin/drawer-5d5f1c41716a0908.mp3"
"cedar","drawer","drawer","","","1.368","0.0560926","0.43654558","0.339059","0.079","0.6831","0.6849","69","cedar/drawer-5d5f1c41716a0908.mp3"
"marin","dream about / of","dream about something. Or, dream of something.","","","4.464","0.07003003","0.49306387","0.519359","0.0744","4.2608","0.2032","","marin/dream-about-of-63608fbee170c8e2.mp3"
"cedar","dream about / of","dream about something. Or, dream of something.","","","4.752","0.0581424","0.59249711","0.415224","0.3463","4.2739","0.4781","","cedar/dream-about-of-63608fbee170c8e2.mp3"
"marin","dream","dream","","","0.864","0.05518413","0.25910613","0.501519","0.0786","0.5843","0.2797","90","marin/dream-b7e6f421b9fce473.mp3"
"cedar","dream","dream","","","1.32","0.04148217","0.41141573","0.313984","0.3748","0.9074","0.4126","90","cedar/dream-b7e6f421b9fce473.mp3"
"marin","dress","dress","","","1.512","0.03800482","0.39340582","0.273961","0.0803","0.6469","0.8651","48|50","marin/dress-a77b783dd795fe58.mp3"
"cedar","dress","dress","","","1.152","0.04226741","0.42512727","0.377333","0.069","0.685","0.467","48|50","cedar/dress-a77b783dd795fe58.mp3"
"marin","dress up","dress up","","","1.512","0.05047141","0.52485174","0.315118","0.0895","0.8625","0.6495","","marin/dress-up-531f35994c291974.mp3"
"cedar","dress up","dress up","","","3.408","0.03737592","0.52629983","0.225383","0.0716","3.1396","0.2684","","cedar/dress-up-531f35994c291974.mp3"
"marin","dresser","dresser","","","0.864","0.05302795","0.4717198","0.470028","0.0669","0.5714","0.2926","69","marin/dresser-b2ccf69b40a20bfe.mp3"
"cedar","dresser","dresser","","","0.96","0.04419127","0.51333863","0.370009","0.0904","0.64","0.32","69","cedar/dresser-b2ccf69b40a20bfe.mp3"
"marin","drink","drink","","","0.96","0.05020787","0.42199272","0.360221","0.0698","0.5969","0.3631","42","marin/drink-0bd86f12f4bba2d4.mp3"
"cedar","drink","drink","","","1.152","0.03402035","0.31713393","0.266168","0.2207","0.7017","0.4502","42","cedar/drink-0bd86f12f4bba2d4.mp3"
"marin","drink up","drink up","","","1.104","0.05342697","0.46126723","0.419327","0.074","0.7861","0.3179","","marin/drink-up-a2abdbd86c881c94.mp3"
"cedar","drink up","drink up","","","1.512","0.05099182","0.51257133","0.281732","0.3508","1.3366","0.1754","","cedar/drink-up-a2abdbd86c881c94.mp3"
"marin","drive","drive","","","1.368","0.06360082","0.34671247","0.54287","0.0783","0.9742","0.3938","94","marin/drive-020b2345b36d5393.mp3"
"cedar","drive","drive","","","1.104","0.05734897","0.59138578","0.3272","0.0664","0.6028","0.5012","94","cedar/drive-020b2345b36d5393.mp3"
"marin","driver","driver","","","0.96","0.05285671","0.46273166","0.450781","0.0934","0.6466","0.3134","7","marin/driver-b00d5cfee43ae40b.mp3"
"cedar","driver","driver","","","0.96","0.08335616","0.68130112","0.476931","0.0744","0.6154","0.3446","7","cedar/driver-b00d5cfee43ae40b.mp3"
"marin","drop","drop","","","1.752","0.03026425","0.34536722","0.121896","0.3542","0.735","1.017","59","marin/drop-35e4dbbcbd8d282b.mp3"
"cedar","drop","drop","","","0.912","0.02930992","0.27507508","0.261559","0.2284","0.6942","0.2178","59","cedar/drop-35e4dbbcbd8d282b.mp3"
"marin","drop out / stand out","drop out, or stand out","","","2.808","0.06518926","0.42137736","0.52869","0.0745","2.5553","0.2527","","marin/drop-out-stand-out-1dbb0783d164e910.mp3"
"cedar","drop out / stand out","drop out, or stand out","","","3.408","0.06068337","0.42597604","0.448467","0.0714","3.0892","0.3188","","cedar/drop-out-stand-out-1dbb0783d164e910.mp3"
"marin","drugstore","drugstore","","","2.016","0.03966011","0.27887765","0.288494","0.8881","1.6396","0.3764","85","marin/drugstore-4f60c32ce4ffc047.mp3"
"cedar","drugstore","drugstore","","","1.104","0.05464381","0.56588465","0.40574","0.0744","0.714","0.39","85","cedar/drugstore-4f60c32ce4ffc047.mp3"
"marin","drum","drum","","","1.008","0.06830274","0.57775289","0.467014","0.0651","0.6301","0.3779","56","marin/drum-30778e4c826cd2b9.mp3"
"cedar","drum","drum","","","1.152","0.04270186","0.54388493","0.378671","0.3828","0.9131","0.2389","56","cedar/drum-30778e4c826cd2b9.mp3"
"marin","dry","dry","","","1.008","0.05605077","0.41817802","0.383639","0.0546","0.532","0.476","105","marin/dry-2840e0eafda1d076.mp3"
"cedar","dry","dry","","","1.2","0.03272353","0.32078287","0.366875","0.0794","0.6713","0.5287","105","cedar/dry-2840e0eafda1d076.mp3"
"marin","dryer","dryer","","","1.248","0.05993464","0.42776695","0.440655","0.1628","0.7774","0.4706","71","marin/dryer-302085a734d17a0a.mp3"
"cedar","dryer","dryer","","","1.056","0.04705865","0.43278804","0.321102","0.1768","0.6354","0.4206","71","cedar/dryer-302085a734d17a0a.mp3"
"marin","duck","duck","","","1.008","0.04890183","0.42485118","0.190166","0.0729","0.523","0.485","40|110","marin/duck-5189148bef66f474.mp3"
"cedar","duck","duck","","","1.152","0.03568374","0.46484756","0.200883","0.4958","0.923","0.229","40|110","cedar/duck-5189148bef66f474.mp3"
"marin","dumb","dumb","","","0.912","0.05887362","0.38554749","0.458493","0.0721","0.589","0.323","17","marin/dumb-195f75e07dd55f2f.mp3"
"cedar","dumb","dumb","","","1.008","0.04936045","0.69595146","0.29456","0.0589","0.4714","0.5366","17","cedar/dumb-195f75e07dd55f2f.mp3"
"marin","dumpling","dumpling","","","1.008","0.06919296","0.78171188","0.403708","0.0823","0.6522","0.3558","41","marin/dumpling-274272ed033c2e2b.mp3"
"cedar","dumpling","dumpling","","","1.248","0.05853027","0.68377489","0.447666","0.0812","0.8562","0.3918","41","cedar/dumpling-274272ed033c2e2b.mp3"
"marin","during","during","","","0.768","0.07169078","0.47909698","0.536648","0.0673","0.5706","0.1974","131","marin/during-b8389153689074fa.mp3"
"cedar","during","during","","","1.368","0.04718278","0.38248244","0.316262","0.2741","0.8232","0.5448","131","cedar/during-b8389153689074fa.mp3"
"marin","duty","duty","","","0.96","0.0702547","0.41139472","0.346072","0.0692","0.4846","0.4754","5","marin/duty-d74718e58ff331fc.mp3"
"cedar","duty","duty","","","1.152","0.05251758","0.35535336","0.37849","0.0686","0.616","0.536","5","cedar/duty-d74718e58ff331fc.mp3"
"marin","e-mail","e-mail","","","1.464","0.06480258","0.39360043","0.276084","0.0991","0.5858","0.8782","60","marin/e-mail-40ccbf599f209273.mp3"
"cedar","e-mail","e-mail","","","1.656","0.05038494","0.45142969","0.369817","0.1515","0.8995","0.7565","60","cedar/e-mail-40ccbf599f209273.mp3"
"marin","each","each","","","0.864","0.05103878","0.42850456","0.285759","0.157","0.5359","0.3281","128","marin/each-28902f7956e0e5b1.mp3"
"cedar","each","each","","","0.96","0.04870118","0.35123265","0.269488","0.1528","0.539","0.421","128","cedar/each-28902f7956e0e5b1.mp3"
"marin","each other / one another","each other, or one another","","","2.712","0.07379318","0.39633396","0.561325","0.0523","2.5701","0.1419","","marin/each-other-one-another-78b2998b479598b8.mp3"
"cedar","each other / one another","each other, or one another","","","3.648","0.06773987","0.54555684","0.413788","0.5266","3.1587","0.4893","","cedar/each-other-one-another-78b2998b479598b8.mp3"
"marin","eagle","eagle","","","1.056","0.06008345","0.40342894","0.323607","0.046","0.4548","0.6012","111","marin/eagle-e0815a689383e8ce.mp3"
"cedar","eagle","eagle","","","1.248","0.04995457","0.360762","0.221187","0.1641","0.5242","0.7238","111","cedar/eagle-e0815a689383e8ce.mp3"
"marin","ear","ear","","","0.72","0.06572541","0.33421549","0.375897","0.2071","0.5192","0.2007","19","marin/ear-6f5cfb137dc83f25.mp3"
"cedar","ear","ear","","","0.96","0.05709075","0.38724253","0.277669","0.1021","0.4444","0.5156","19","cedar/ear-6f5cfb137dc83f25.mp3"
"marin","early","early","","","1.056","0.07243769","0.41726047","0.370384","0.0573","0.5391","0.5169","31","marin/early-1925258482b3f0de.mp3"
"cedar","early","early","","","1.056","0.05960612","0.42839757","0.335129","0.1701","0.6208","0.4352","31","cedar/early-1925258482b3f0de.mp3"
"marin","earn","earn","","","1.152","0.0531588","0.28991067","0.345486","0.425","0.8648","0.2872","8","marin/earn-07accf8ef6b62bfc.mp3"
"cedar","earn","earn","","","1.152","0.05070525","0.4311609","0.300781","0.173","0.6398","0.5122","8","cedar/earn-07accf8ef6b62bfc.mp3"
"marin","earring","earring","","","0.912","0.08363526","0.36014527","0.52595","0.1164","0.6397","0.2723","49","marin/earring-867b87ad906d2abb.mp3"
"cedar","earring","earring","","","1.368","0.0795639","0.64882356","0.244198","0.0565","0.494","0.874","49","cedar/earring-867b87ad906d2abb.mp3"
"marin","earth","earth","","","1.608","0.04406561","0.45415127","0.185323","0.1766","0.6879","0.9201","106","marin/earth-7e8c5f378b4addba.mp3"
"cedar","earth","earth","","","1.368","0.03770591","0.46291557","0.121863","0.202","0.4213","0.9468","106","cedar/earth-7e8c5f378b4addba.mp3"
"marin","earthquake","earthquake","","","1.248","0.08309019","0.51979339","0.453092","0.046","1.0486","0.1994","106","marin/earthquake-247025e5fa42f34b.mp3"
"cedar","earthquake","earthquake","","","1.152","0.05538389","0.4931733","0.294072","0.1398","0.7969","0.3551","106","cedar/earthquake-247025e5fa42f34b.mp3"
"marin","ease","ease","","","1.32","0.04488124","0.20923761","0.341225","0.5224","1.0545","0.2655","95","marin/ease-514c1c98553e9868.mp3"
"cedar","ease","ease","","","1.008","0.04910436","0.30882543","0.376281","0.0745","0.544","0.464","95","cedar/ease-514c1c98553e9868.mp3"
"marin","Easier said than done.","Easier said than done.","","","2.4","0.07078496","0.31391668","0.570078","0.0515","1.6812","0.7188","","marin/easier-said-than-done-c440cd10a04053c3.mp3"
"cedar","Easier said than done.","Easier said than done.","","","1.8","0.07769505","0.45696771","0.665683","0.0556","1.43","0.37","","cedar/easier-said-than-done-c440cd10a04053c3.mp3"
"marin","east","east","","","1.608","0.03874325","0.28722912","0.211171","0.1556","0.673","0.935","84","marin/east-80ea4fbde0e345a2.mp3"
"cedar","east","east","","","1.152","0.04141785","0.36598235","0.258247","0.1969","0.6243","0.5277","84","cedar/east-80ea4fbde0e345a2.mp3"
"marin","Easter","Easter","","","0.864","0.07210431","0.31119546","0.477406","0.0517","0.6107","0.2533","101","marin/easter-7748124ad261abcd.mp3"
"cedar","Easter","Easter","","","1.8","0.0420813","0.38169044","0.206875","0.3458","0.835","0.965","101","cedar/easter-7748124ad261abcd.mp3"
"marin","easy","easy","","","1.416","0.05280475","0.34320095","0.28097","0.4535","0.9212","0.4948","116","marin/easy-74f69e3aadb70215.mp3"
"cedar","easy","easy","","","1.008","0.05249447","0.30693388","0.342593","0.1546","0.5723","0.4357","116","cedar/easy-74f69e3aadb70215.mp3"
"marin","eat","eat","","","1.104","0.03370336","0.32545063","0.131208","0.1596","0.473","0.631","19","marin/eat-d5db1a2e799169e8.mp3"
"cedar","eat","eat","","","0.96","0.04376363","0.33616051","0.153885","0.1861","0.4629","0.4971","19","cedar/eat-d5db1a2e799169e8.mp3"
"marin","eat like a bird","eat like a bird","","","2.304","0.06388762","0.49063164","0.305302","0.6052","1.9036","0.4004","","marin/eat-like-a-bird-2cb47a4247931d47.mp3"
"cedar","eat like a bird","eat like a bird","","","1.464","0.06252418","0.44315344","0.432576","0.1195","1.2009","0.2631","","cedar/eat-like-a-bird-2cb47a4247931d47.mp3"
"marin","eat out","eat out","","","1.8","0.04067828","0.33157229","0.209063","0.6039","1.4354","0.3646","","marin/eat-out-f8c9648b53e28f50.mp3"
"cedar","eat out","eat out","","","1.56","0.04329291","0.60090506","0.261458","0.2074","1.1062","0.4538","","cedar/eat-out-f8c9648b53e28f50.mp3"
"marin","eat up","eat up","","","1.2","0.05497972","0.44438067","0.24783","0.105","0.8026","0.3974","","marin/eat-up-1edd9e69bbc89ec2.mp3"
"cedar","eat up","eat up","","","2.016","0.0344036","0.2843993","0.171896","0.6114","1.7007","0.3153","","cedar/eat-up-1edd9e69bbc89ec2.mp3"
"marin","Education","Education","","","1.512","0.05311084","0.32726935","0.500331","0.0594","1.0238","0.4882","74","marin/education-ce992678087400bc.mp3"
"cedar","Education","Education","","","1.152","0.06052872","0.54145831","0.499928","0.06","0.8249","0.3271","74","cedar/education-ce992678087400bc.mp3"
"marin","effort","effort","","","0.864","0.0429207","0.37020221","0.270568","0.0475","0.4873","0.3767","10","marin/effort-bb7aca74f2ea1d51.mp3"
"cedar","effort","effort","","","1.608","0.02638496","0.56928051","0.111292","0.258","0.6335","0.9745","10","cedar/effort-bb7aca74f2ea1d51.mp3"
"marin","egg","egg","","","2.352","0.03497271","0.29023916","0.115451","0.8324","1.2054","1.1466","40","marin/egg-abfd95ef4fb532c5.mp3"
"cedar","egg","egg","","","0.96","0.045839","0.39554322","0.253255","0.264","0.591","0.369","40","cedar/egg-abfd95ef4fb532c5.mp3"
"marin","eight","eight","","","1.008","0.03931218","0.32824945","0.20947","0.1767","0.5469","0.4611","29","marin/eight-470162c282f6c5af.mp3"
"cedar","eight","eight","","","1.008","0.03171917","0.30473709","0.180452","0.3705","0.6885","0.3195","29","cedar/eight-470162c282f6c5af.mp3"
"marin","eighteen","eighteen","","","1.008","0.05664578","0.29869696","0.447772","0.0576","0.6759","0.3321","29","marin/eighteen-156fe1686024a566.mp3"
"cedar","eighteen","eighteen","","","0.864","0.0594384","0.55893284","0.423708","0.0553","0.6076","0.2564","29","cedar/eighteen-156fe1686024a566.mp3"
"marin","eighty","eighty","","","0.912","0.07731143","0.42572147","0.379706","0.0569","0.4622","0.4498","30","marin/eighty-b06f94b36b9a761b.mp3"
"cedar","eighty","eighty","","","0.912","0.04983662","0.40528232","0.279126","0.1554","0.5135","0.3985","30","cedar/eighty-b06f94b36b9a761b.mp3"
"marin","either","either","","","1.512","0.05033899","0.39765888","0.238826","0.1493","0.5915","0.9205","121","marin/either-bba9fcabff7ba696.mp3"
"cedar","either","either","","","1.152","0.03812354","0.24597187","0.25293","0.2939","0.6503","0.5017","121","cedar/either-bba9fcabff7ba696.mp3"
"marin","either or","either or","","","1.704","0.06817693","0.44052038","0.316437","0.5253","1.4412","0.2628","133","marin/either-or-4cf9be0108e89781.mp3"
"cedar","either or","either or","","","1.704","0.05573939","0.45581764","0.381223","0.12","1.2619","0.4421","133","cedar/either-or-4cf9be0108e89781.mp3"
"marin","elder","elder","","","0.864","0.06465554","0.53145176","0.443335","0.1668","0.6106","0.2534","26","marin/elder-3c1442ecdec5f7bf.mp3"
"cedar","elder","elder","","","1.464","0.05787166","0.62954521","0.268044","0.158","0.679","0.785","26","cedar/elder-3c1442ecdec5f7bf.mp3"
"marin","elect","elect","","","1.416","0.05845641","0.48686141","0.237715","0.1594","0.7382","0.6777","90","marin/elect-563f2de6bfcf1773.mp3"
"cedar","elect","elect","","","0.912","0.05944864","0.5255205","0.308845","0.1957","0.6885","0.2235","90","cedar/elect-563f2de6bfcf1773.mp3"
"marin","electric","electric","","","1.416","0.0507566","0.52358288","0.263448","0.113","0.7837","0.6323","69","marin/electric-a7de19a1cfe749ff.mp3"
"cedar","electric","electric","","","1.32","0.04353178","0.65723717","0.231818","0.0981","0.7337","0.5863","69","cedar/electric-a7de19a1cfe749ff.mp3"
"marin","Electronic","Electronic","","","1.416","0.05697404","0.3182134","0.43675","0.0637","1.0482","0.3678","35","marin/electronic-3e2374a1b834d2ba.mp3"
"cedar","Electronic","Electronic","","","1.368","0.04709297","0.47283474","0.307611","0.137","0.836","0.532","35","cedar/electronic-3e2374a1b834d2ba.mp3"
"marin","elementary school","elementary school","","","1.56","0.06387714","0.35840619","0.604046","0.0545","1.206","0.354","74","marin/elementary-school-710f3e7d8b81e2d4.mp3"
"cedar","elementary school","elementary school","","","1.2","0.0717733","0.46729034","0.578854","0.0542","0.9447","0.2553","74","cedar/elementary-school-710f3e7d8b81e2d4.mp3"
"marin","elephant","elephant","","","1.8","0.04437761","0.31996992","0.208588","1.0612","1.6384","0.1616","111","marin/elephant-f87ee5ffc8e4828e.mp3"
"cedar","elephant","elephant","","","0.96","0.06377147","0.66672337","0.3","0.1008","0.5907","0.3693","111","cedar/elephant-f87ee5ffc8e4828e.mp3"
"marin","eleven","eleven","","","1.848","0.06305844","0.41816121","0.288364","0.1553","0.7434","1.1046","29","marin/eleven-801cea89ae869cc9.mp3"
"cedar","eleven","eleven","","","1.2","0.04945351","0.46662626","0.400365","0.2611","0.8057","0.3942","29","cedar/eleven-801cea89ae869cc9.mp3"
"marin","else","else","","","1.2","0.0533896","0.51117271","0.323351","0.1638","0.6523","0.5477","120","marin/else-235df3f729dfa7ee.mp3"
"cedar","else","else","","","1.32","0.03371367","0.47410583","0.202652","0.3019","0.7245","0.5955","120","cedar/else-235df3f729dfa7ee.mp3"
"marin","embarrass","embarrass","","","1.512","0.0697588","0.28451529","0.530933","0.0575","1.0718","0.4402","18","marin/embarrass-88fe1dcc3548446d.mp3"
"cedar","embarrass","embarrass","","","1.368","0.05943425","0.42299685","0.437424","0.164","0.9358","0.4322","18","cedar/embarrass-88fe1dcc3548446d.mp3"
"marin","emotion","emotion","","","1.2","0.07029482","0.29086494","0.479983","0.0865","0.7415","0.4585","22","marin/emotion-516ae6629e4a3af0.mp3"
"cedar","emotion","emotion","","","1.752","0.05320884","0.430195","0.319409","0.1359","0.8146","0.9374","22","cedar/emotion-516ae6629e4a3af0.mp3"
"marin","emphasize","emphasize","","","1.104","0.05521641","0.31120345","0.523173","0.0547","0.8285","0.2755","90","marin/emphasize-1606660905578704.mp3"
"cedar","emphasize","emphasize","","","1.416","0.04645695","0.56950992","0.409958","0.0558","0.8888","0.5272","90","cedar/emphasize-1606660905578704.mp3"
"marin","employ","employ","","","2.16","0.03966617","0.31728426","0.247338","0.2656","0.987","1.173","8","marin/employ-563ade38d792c8c6.mp3"
"cedar","employ","employ","","","1.464","0.04200859","0.37310159","0.282758","0.3869","1.023","0.441","8","cedar/employ-563ade38d792c8c6.mp3"
"marin","empty","empty","","","1.152","0.05867147","0.49457881","0.277615","0.1596","0.6452","0.5068","116","marin/empty-45fd2f9df187bc41.mp3"
"cedar","empty","empty","","","1.056","0.05391063","0.54176164","0.309146","0.0617","0.4834","0.5726","116","cedar/empty-45fd2f9df187bc41.mp3"
"marin","end","end","","","0.96","0.04827387","0.31380913","0.323589","0.1766","0.5441","0.4159","115","marin/end-48332fe667bc51ac.mp3"
"cedar","end","end","","","1.968","0.030661","0.40938193","0.162485","0.3483","1.9456","0.0224","115","cedar/end-48332fe667bc51ac.mp3"
"marin","end up with","end up with","","","1.752","0.06326893","0.49082118","0.361325","0.0638","1.1982","0.5538","","marin/end-up-with-fc88ff19a6ae198f.mp3"
"cedar","end up with","end up with","","","1.56","0.0721958","0.64474732","0.389249","0.0542","0.8831","0.6769","","cedar/end-up-with-fc88ff19a6ae198f.mp3"
"marin","enemy","enemy","","","1.368","0.04747092","0.43565452","0.29689","0.2639","0.7045","0.6635","63","marin/enemy-fc8658cbc3ea1809.mp3"
"cedar","enemy","enemy","","","1.8","0.04118676","0.38945001","0.199282","0.2289","0.6436","1.1564","63","cedar/enemy-fc8658cbc3ea1809.mp3"
"marin","energetic","energetic","","","1.464","0.05943457","0.33695233","0.381347","0.0569","0.8042","0.6598","15","marin/energetic-abbbf0586fdc5f77.mp3"
"cedar","energetic","energetic","","","1.368","0.04844798","0.37884736","0.357517","0.3461","0.9985","0.3695","15","cedar/energetic-abbbf0586fdc5f77.mp3"
"marin","energy","energy","","","2.256","0.05203404","0.4698022","0.195423","0.1553","0.6994","1.5566","21","marin/energy-1c14b3d31319dc22.mp3"
"cedar","energy","energy","","","1.512","0.03867805","0.44462651","0.231399","0.1998","0.653","0.859","21","cedar/energy-1c14b3d31319dc22.mp3"
"marin","engine","engine","","","1.512","0.06572616","0.39130652","0.342841","0.0598","0.6383","0.8737","92","marin/engine-a16e8c2cd3405c77.mp3"
"cedar","engine","engine","","","1.968","0.02997615","0.27348837","0.199356","0.398","0.8741","1.0939","92","cedar/engine-a16e8c2cd3405c77.mp3"
"marin","engineer","engineer","","","2.016","0.06722524","0.33495694","0.388972","0.0581","0.9025","1.1135","6","marin/engineer-37279d6adeb3647a.mp3"
"cedar","engineer","engineer","","","1.2","0.0598414","0.36561242","0.515503","0.0539","0.7816","0.4184","6","cedar/engineer-37279d6adeb3647a.mp3"
"marin","English","English","","","1.248","0.07257131","0.30369592","0.571164","0.1389","0.9892","0.2588","76","marin/english-c58d1c37848448c9.mp3"
"cedar","English","English","","","1.008","0.05861021","0.36255115","0.456432","0.2079","0.7847","0.2233","76","cedar/english-c58d1c37848448c9.mp3"
"marin","enjoy","enjoy","","","1.92","0.05865247","0.35968876","0.318848","0.1259","0.8447","1.0753","65","marin/enjoy-977b99777c38167f.mp3"
"cedar","enjoy","enjoy","","","1.416","0.06094098","0.3813391","0.43906","0.1494","0.883","0.533","65","cedar/enjoy-977b99777c38167f.mp3"
"marin","enjoy oneself","enjoy oneself","","","1.848","0.06448802","0.29518032","0.570639","0.1145","1.4105","0.4375","","marin/enjoy-oneself-9f85128bd424bd0b.mp3"
"cedar","enjoy oneself","enjoy oneself","","","2.4","0.0580367","0.39160916","0.392075","0.0928","1.3585","1.0415","","cedar/enjoy-oneself-9f85128bd424bd0b.mp3"
"marin","enough","enough","","","1.2","0.04976529","0.29487851","0.282535","0.1577","0.706","0.494","129","marin/enough-781fb5e48c02fe19.mp3"
"cedar","enough","enough","","","1.512","0.03973168","0.539159","0.200273","0.3265","0.7886","0.7234","129","cedar/enough-781fb5e48c02fe19.mp3"
"marin","Enough about me.","Enough about me.","","","2.064","0.06234707","0.34560809","0.40299","0.0561","1.1422","0.9218","","marin/enough-about-me-61dc42471e693a8f.mp3"
"cedar","Enough about me.","Enough about me.","","","1.848","0.06595993","0.63010967","0.474691","0.1106","1.4437","0.4043","","cedar/enough-about-me-61dc42471e693a8f.mp3"
"marin","enter","enter","","","0.864","0.06080355","0.35957935","0.362172","0.0575","0.4455","0.4185","83","marin/enter-b53852dc82a51f0a.mp3"
"cedar","enter","enter","","","0.912","0.05186917","0.52407694","0.320175","0.0548","0.4568","0.4552","83","cedar/enter-b53852dc82a51f0a.mp3"
"marin","entrance","entrance. Entrance.","","","2.664","0.0626617","0.46842942","0.38153","0.06","2.0588","0.6052","83","marin/entrance-68014d841167be19.mp3"
"cedar","entrance","entrance. Entrance.","","","2.016","0.04129858","0.49554396","0.336444","0.2382","1.848","0.168","83","cedar/entrance-68014d841167be19.mp3"
"marin","envelope","envelope","","","1.2","0.08120193","0.38015988","0.44566","0.0571","0.7536","0.4464","80","marin/envelope-014d43d7335efe2a.mp3"
"cedar","envelope","envelope","","","1.32","0.06238721","0.58845133","0.338636","0.0558","0.685","0.635","80","cedar/envelope-014d43d7335efe2a.mp3"
"marin","environment","environment","","","1.2","0.07809125","0.34497938","0.58875","0.052","0.9095","0.2905","109","marin/environment-2699ff265931c5cc.mp3"
"cedar","environment","environment","","","1.368","0.06934375","0.44035837","0.488319","0.0569","0.9129","0.4551","109","cedar/environment-2699ff265931c5cc.mp3"
"marin","envy","envy","","","1.056","0.07865527","0.27897802","0.541331","0.0608","0.7017","0.3543","22","marin/envy-eb9efb6543a36d9c.mp3"
"cedar","envy","envy","","","1.152","0.04506171","0.41336396","0.288176","0.3127","0.746","0.406","22","cedar/envy-eb9efb6543a36d9c.mp3"
"marin","equal","equal","","","0.96","0.05641357","0.35488459","0.343381","0.1676","0.6373","0.3227","78","marin/equal-1907d592edca1235.mp3"
"cedar","equal","equal","","","1.152","0.04791651","0.38023964","0.280888","0.0989","0.5788","0.5732","78","cedar/equal-1907d592edca1235.mp3"
"marin","eraser","eraser","","","1.2","0.06665136","0.3239091","0.555365","0.1675","0.9212","0.2788","80","marin/eraser-3bc2d2c6fbc20a4a.mp3"
"cedar","eraser","eraser","","","1.104","0.06741627","0.45920441","0.500226","0.0921","0.7802","0.3238","80","cedar/eraser-3bc2d2c6fbc20a4a.mp3"
"marin","error","error","","","1.368","0.05265192","0.41696551","0.265366","0.232","0.6419","0.7261","78","marin/error-f097b5f4f46cda2d.mp3"
"cedar","error","error","","","1.2","0.03747764","0.31452644","0.242639","0.3857","0.7323","0.4677","78","cedar/error-f097b5f4f46cda2d.mp3"
"marin","especially","especially","","","1.656","0.04105832","0.36503473","0.369238","0.4224","1.1959","0.4601","119","marin/especially-17e351add4913f24.mp3"
"cedar","especially","especially","","","1.152","0.0499951","0.46126711","0.395363","0.1702","0.8136","0.3384","119","cedar/especially-17e351add4913f24.mp3"
"marin","eve","eve","","","0.912","0.05596771","0.25371432","0.435832","0.3049","0.789","0.123","","marin/eve-517cf23f6779047c.mp3"
"cedar","eve","eve","","","1.056","0.04283628","0.27002114","0.249369","0.1578","0.5629","0.4931","","cedar/eve-517cf23f6779047c.mp3"
"marin","even","even","","","1.008","0.07316826","0.30352384","0.477803","0.0636","0.5919","0.4161","119","marin/even-58fc49110a62f896.mp3"
"cedar","even","even","","","1.104","0.05118705","0.46020743","0.247377","0.0547","0.4258","0.6783","119","cedar/even-58fc49110a62f896.mp3"
"marin","evening","evening","","","1.104","0.04750263","0.24075834","0.426612","0.1685","0.7099","0.3941","31","marin/evening-eeb40814af2f3869.mp3"
"cedar","evening","evening","","","1.368","0.04737442","0.32551673","0.34905","0.1795","0.7759","0.5921","31","cedar/evening-eeb40814af2f3869.mp3"
"marin","event","event","","","2.52","0.04146088","0.4668124","0.17309","0.1578","0.7319","1.7881","52","marin/event-d8073d788ee641f2.mp3"
"cedar","event","event","","","1.152","0.05324027","0.58421439","0.313712","0.1713","0.6444","0.5076","52","cedar/event-d8073d788ee641f2.mp3"
"marin","ever","ever","","","0.816","0.05568929","0.47882378","0.351409","0.1013","0.4301","0.3859","118","marin/ever-13414947a721f90a.mp3"
"cedar","ever","ever","","","1.104","0.04688516","0.6948545","0.259511","0.114","0.5287","0.5753","118","cedar/ever-13414947a721f90a.mp3"
"marin","every","every","","","0.864","0.06153822","0.60125613","0.439333","0.1492","0.5923","0.2717","125","marin/every-ce706dbba072ee8c.mp3"
"cedar","every","every","","","1.104","0.04097874","0.45532969","0.224562","0.3142","0.6402","0.4638","125","cedar/every-ce706dbba072ee8c.mp3"
"marin","everybody","everybody","","","1.2","0.06954423","0.46147683","0.441076","0.0668","0.6802","0.5198","127","marin/everybody-b5cb1ab4257ac4b6.mp3"
"cedar","everybody","everybody","","","1.248","0.07213654","0.81453335","0.484842","0.1168","0.8458","0.4022","127","cedar/everybody-b5cb1ab4257ac4b6.mp3"
"marin","everyone","everyone","","","1.416","0.05341548","0.40433004","0.373367","0.3727","0.9738","0.4422","127","marin/everyone-a7fca98332f7f402.mp3"
"cedar","everyone","everyone","","","1.248","0.044484","0.43496242","0.37934","0.2814","0.8864","0.3616","127","cedar/everyone-a7fca98332f7f402.mp3"
"marin","everyone (everybody)","everyone. Or, everybody.","","","3.216","0.0909135","0.62469","0.401009","0.0607","2.6893","0.5267","","marin/everyone-everybody-74d0f1476bab2b10.mp3"
"cedar","everyone (everybody)","everyone. Or, everybody.","","","2.856","0.05911938","0.78963727","0.371207","0.2198","2.3937","0.4623","","cedar/everyone-everybody-74d0f1476bab2b10.mp3"
"marin","everything","everything","","","1.368","0.05905855","0.53043962","0.341435","0.0916","0.697","0.671","127","marin/everything-eb81716da981cba8.mp3"
"cedar","everything","everything","","","1.56","0.03532416","0.31180182","0.363996","0.334","1.1676","0.3924","127","cedar/everything-eb81716da981cba8.mp3"
"marin","everywhere","everywhere","","","1.248","0.05665994","0.49407974","0.468182","0.056","0.79","0.458","120","marin/everywhere-2c310be88eb2eaf8.mp3"
"cedar","everywhere","everywhere","","","1.8","0.05449066","0.45043838","0.419479","0.2453","1.1609","0.6391","120","cedar/everywhere-2c310be88eb2eaf8.mp3"
"marin","evil","evil","","","1.512","0.05193731","0.3432515","0.252094","0.1512","0.6212","0.8908","12","marin/evil-886b67480dbe73b4.mp3"
"cedar","evil","evil","","","0.96","0.04275334","0.34924304","0.298828","0.1608","0.5568","0.4032","12","cedar/evil-886b67480dbe73b4.mp3"
"marin","exam","exam","","","1.104","0.06333034","0.39884079","0.475978","0.0948","0.7072","0.3968","79","marin/exam-26e7b1b5865d66e3.mp3"
"cedar","exam","exam","","","1.104","0.07138983","0.53813255","0.501302","0.0993","0.7331","0.3709","79","cedar/exam-26e7b1b5865d66e3.mp3"
"marin","example","example","","","1.248","0.04569372","0.3159219","0.388355","0.3519","0.974","0.274","75","marin/example-13550350a8681c84.mp3"
"cedar","example","example","","","0.96","0.04967323","0.44104373","0.396788","0.1343","0.6407","0.3193","75","cedar/example-13550350a8681c84.mp3"
"marin","excellent","excellent","","","1.608","0.0326549","0.26785225","0.264977","0.0619","0.6805","0.9275","82","marin/excellent-06ea957c200002be.mp3"
"cedar","excellent","excellent","","","1.056","0.05490761","0.68108225","0.36336","0.1361","0.7056","0.3504","82","cedar/excellent-06ea957c200002be.mp3"
"marin","except","except","","","1.152","0.04763292","0.42178005","0.288556","0.1604","0.7748","0.3772","132","marin/except-00fbf65d9f84fbdb.mp3"
"cedar","except","except","","","1.152","0.04989028","0.5151118","0.35055","0.1267","0.8147","0.3373","132","cedar/except-00fbf65d9f84fbdb.mp3"
"marin","excited","excited","","","2.664","0.03974665","0.3723059","0.188345","1.0451","1.6719","0.9921","17","marin/excited-7c0086a850aff1ba.mp3"
"cedar","excited","excited","","","1.008","0.06089192","0.57536846","0.450045","0.1508","0.7713","0.2367","17","cedar/excited-7c0086a850aff1ba.mp3"
"marin","exciting","exciting","","","1.008","0.05829687","0.38919553","0.560785","0.046","0.748","0.26","54","marin/exciting-cbe98191973b35bf.mp3"
"cedar","exciting","exciting","","","1.704","0.04101157","0.46885553","0.278683","0.4602","1.1087","0.5953","54","cedar/exciting-cbe98191973b35bf.mp3"
"marin","excuse","excuse","","","1.248","0.05165688","0.32021147","0.449553","0.058","0.8533","0.3947","66","marin/excuse-2c27b07f5772a0f9.mp3"
"cedar","excuse","excuse","","","1.248","0.04291546","0.36922598","0.382178","0.1803","0.9245","0.3235","66","cedar/excuse-2c27b07f5772a0f9.mp3"
"marin","Excuse me.","Excuse me.","","","1.752","0.05785485","0.37079069","0.335474","0.1517","0.8992","0.8528","","marin/excuse-me-bd7799f9b8aad34a.mp3"
"cedar","Excuse me.","Excuse me.","","","2.208","0.06160143","0.43119732","0.276768","0.9199","1.6934","0.5146","","cedar/excuse-me-bd7799f9b8aad34a.mp3"
"marin","exercise","exercise","","","1.512","0.05038346","0.76417881","0.390088","0.1363","0.9199","0.5921","25","marin/exercise-8e9a7d483bf5a547.mp3"
"cedar","exercise","exercise","","","1.32","0.04633926","0.47638157","0.460874","0.0553","0.8785","0.4415","25","cedar/exercise-8e9a7d483bf5a547.mp3"
"marin","exist","exist","","","1.416","0.06183068","0.35681704","0.437147","0.057","0.8374","0.5786","112","marin/exist-9bab6bfd30218e4a.mp3"
"cedar","exist","exist","","","1.152","0.04722151","0.45819688","0.437988","0.1781","0.9129","0.2391","112","cedar/exist-9bab6bfd30218e4a.mp3"
"marin","exit","exit","","","1.248","0.03677107","0.36968559","0.216146","0.7065","1.1309","0.1171","83","marin/exit-9577a8bfed904bd5.mp3"
"cedar","exit","exit","","","1.56","0.03815738","0.61472785","0.210497","0.1859","0.6588","0.9012","83","cedar/exit-9577a8bfed904bd5.mp3"
"marin","expect","expect","","","1.32","0.05434534","0.58779877","0.293419","0.1405","0.9313","0.3887","88","marin/expect-3e7babb892fcc7be.mp3"
"cedar","expect","expect","","","1.248","0.04637808","0.46315297","0.272102","0.178","0.8098","0.4382","88","cedar/expect-3e7babb892fcc7be.mp3"
"marin","expensive","expensive","","","1.92","0.04481199","0.33170933","0.286871","0.0656","0.92","1","37","marin/expensive-fc1220aa7243647c.mp3"
"cedar","expensive","expensive","","","1.512","0.03833173","0.30978668","0.350777","0.2492","1.123","0.389","37","cedar/expensive-fc1220aa7243647c.mp3"
"marin","experience","experience","","","1.416","0.04785253","0.28186631","0.44827","0.054","0.9698","0.4462","8","marin/experience-1f8ab4feb7e45c6f.mp3"
"cedar","experience","experience","","","1.8","0.04551418","0.48544693","0.308102","0.1764","0.9806","0.8194","8","cedar/experience-1f8ab4feb7e45c6f.mp3"
"marin","explain","explain","","","1.704","0.05709537","0.31430554","0.364375","0.1667","0.9848","0.7192","95","marin/explain-79638bf1005925e9.mp3"
"cedar","explain","explain","","","1.104","0.04538357","0.36334455","0.425347","0.0553","0.7368","0.3672","95","cedar/explain-79638bf1005925e9.mp3"
"marin","express","express","","","1.368","0.0523056","0.44153479","0.438338","0.1586","1.0745","0.2935","9","marin/express-d424a191fde9763d.mp3"
"cedar","express","express","","","1.464","0.04368272","0.58523983","0.288394","0.165","0.8358","0.6282","9","cedar/express-d424a191fde9763d.mp3"
"marin","extra","extra","","","0.864","0.04082948","0.36436233","0.374132","0.0574","0.5553","0.3087","98","marin/extra-65110ea3b8b62b0c.mp3"
"cedar","extra","extra","","","1.152","0.04125259","0.50933009","0.322862","0.1741","0.7106","0.4414","98","cedar/extra-65110ea3b8b62b0c.mp3"
"marin","eye","eye","","","1.464","0.04198317","0.43704191","0.212773","0.1637","0.5875","0.8765","19","marin/eye-3b5e273d2eb0e1b2.mp3"
"cedar","eye","eye","","","0.96","0.05984506","0.64289719","0.221571","0.0983","0.4139","0.5461","19","cedar/eye-3b5e273d2eb0e1b2.mp3"
"marin","face","face","","","1.32","0.04474081","0.50382233","0.252936","0.2206","0.753","0.567","19","marin/face-98d57c25a2bed283.mp3"
"cedar","face","face","","","1.416","0.03694273","0.40263325","0.186397","0.4386","0.8389","0.5771","19","cedar/face-98d57c25a2bed283.mp3"
"marin","face the problem / music","face the problem. Or, face the music.","","","3.912","0.07658932","0.59464121","0.434177","0.0646","3.4341","0.4779","","marin/face-the-problem-music-9f0770c7bbb96e7b.mp3"
"cedar","face the problem / music","face the problem. Or, face the music.","","","3.912","0.06460393","0.66621828","0.419905","0.2137","3.7635","0.1485","","cedar/face-the-problem-music-9f0770c7bbb96e7b.mp3"
"marin","fact","fact","","","1.008","0.04896501","0.39403921","0.27817","0.1356","0.7462","0.2618","95","marin/fact-52f3037e7d24dd27.mp3"
"cedar","fact","fact","","","1.008","0.02953476","0.42144096","0.171916","0.2706","0.8172","0.1908","95","cedar/fact-52f3037e7d24dd27.mp3"
"marin","factory","factory","","","1.464","0.04206045","0.52628392","0.254369","0.1636","0.7922","0.6718","109","marin/factory-f24e362e035d2833.mp3"
"cedar","factory","factory","","","1.056","0.04099139","0.53508776","0.280421","0.2352","0.7812","0.2748","109","cedar/factory-f24e362e035d2833.mp3"
"marin","fail","fail","","","1.248","0.04182047","0.30924058","0.217314","0.3097","0.7021","0.5459","79","marin/fail-2056a28ea38a000f.mp3"
"cedar","fail","fail","","","1.752","0.03874455","0.51926255","0.132705","0.7825","1.1094","0.6426","79","cedar/fail-2056a28ea38a000f.mp3"
"marin","fair","fair","","","0.912","0.05454738","0.51849955","0.336303","0.087","0.5517","0.3603","90","marin/fair-adbf4ef6446a2744.mp3"
"cedar","fair","fair","","","1.416","0.04578424","0.55659395","0.189383","0.3637","0.8109","0.6051","90","cedar/fair-adbf4ef6446a2744.mp3"
"marin","fall","fall","","","1.152","0.04997018","0.46776566","0.326787","0.1624","0.7086","0.4434","33","marin/fall-8cffd2ea394009f3.mp3"
"cedar","fall","fall","","","1.608","0.04203058","0.47235379","0.157779","0.3127","0.7131","0.8949","33","cedar/fall-8cffd2ea394009f3.mp3"
"marin","fall asleep","fall asleep","","","1.704","0.0543972","0.4450182","0.337221","0.166","1.1334","0.5706","","marin/fall-asleep-d6d39b741ab75493.mp3"
"cedar","fall asleep","fall asleep","","","2.16","0.04609399","0.48985472","0.261198","0.7386","1.6379","0.5221","","cedar/fall-asleep-d6d39b741ab75493.mp3"
"marin","fall behind","fall behind","","","1.704","0.06817891","0.44177753","0.545004","0.0663","1.2553","0.4487","","marin/fall-behind-0d16f8a54c8e9641.mp3"
"cedar","fall behind","fall behind","","","1.848","0.06345511","0.50112188","0.448954","0.0942","1.3848","0.4632","","cedar/fall-behind-0d16f8a54c8e9641.mp3"
"marin","fall down / over","fall down. Or, fall over.","","","3.552","0.07934048","0.4780229","0.446005","0.0817","3.2019","0.3501","","marin/fall-down-over-4dc05eb04156fe08.mp3"
"cedar","fall down / over","fall down. Or, fall over.","","","2.904","0.08515359","0.66553253","0.470156","0.088","2.7076","0.1964","","cedar/fall-down-over-4dc05eb04156fe08.mp3"
"marin","fall in love","fall in love","","","1.56","0.0677755","0.49805465","0.467775","0.2117","1.2082","0.3518","","marin/fall-in-love-e831782f3dd9831a.mp3"
"cedar","fall in love","fall in love","","","3","0.05938259","0.5655027","0.291722","0.0818","1.4381","1.5619","","cedar/fall-in-love-e831782f3dd9831a.mp3"
"marin","fall off","fall off","","","1.656","0.05392169","0.40248463","0.37427","0.0792","1.1194","0.5366","","marin/fall-off-c234406028d0e5c1.mp3"
"cedar","fall off","fall off","","","1.248","0.08179285","0.5784018","0.403546","0.0886","0.803","0.445","","cedar/fall-off-c234406028d0e5c1.mp3"
"marin","false","false","","","1.608","0.03594186","0.37619826","0.254897","0.2757","0.9402","0.6678","116","marin/false-2ed27c1421e6928d.mp3"
"cedar","false","false","","","1.2","0.02944488","0.31749168","0.216997","0.5117","1.0858","0.1142","116","cedar/false-2ed27c1421e6928d.mp3"
"marin","family","family","","","2.448","0.04280295","0.33458188","0.174266","0.5797","1.1959","1.2521","26","marin/family-f886996f4c6cb40c.mp3"
"cedar","family","family","","","1.104","0.05103403","0.45252943","0.299762","0.2754","0.7414","0.3626","26","cedar/family-f886996f4c6cb40c.mp3"
"marin","famous","famous","","","1.152","0.05217684","0.43316898","0.449472","0.1519","0.873","0.279","54","marin/famous-e0ea39afa33dd73a.mp3"
"cedar","famous","famous","","","1.008","0.04245282","0.49370253","0.310061","0.1925","0.7045","0.3035","54","cedar/famous-e0ea39afa33dd73a.mp3"
"marin","fan","fan","","","0.912","0.03690626","0.32477951","0.317891","0.2605","0.7099","0.2021","56|69","marin/fan-f834705953d087b8.mp3"
"cedar","fan","fan","","","1.92","0.0306887","0.44321322","0.212391","0.3302","0.9587","0.9613","56|69","cedar/fan-f834705953d087b8.mp3"
"marin","fancy","fancy","","","1.2","0.05089306","0.35383323","0.406562","0.2551","0.8938","0.3062","48","marin/fancy-496fb2aeb17f73c2.mp3"
"cedar","fancy","fancy","","","1.608","0.03651193","0.46337843","0.245284","0.5234","1.1401","0.4679","48","cedar/fancy-496fb2aeb17f73c2.mp3"
"marin","fantastic","fantastic","","","2.4","0.04183245","0.35842532","0.21809","0.0701","0.9546","1.4454","58","marin/fantastic-49ff94b963ca179b.mp3"
"cedar","fantastic","fantastic","","","1.368","0.03420698","0.46504557","0.293464","0.4015","1.1046","0.2634","58","cedar/fantastic-49ff94b963ca179b.mp3"
"marin","far","far","","","1.2","0.04127278","0.37976453","0.267448","0.0622","0.5888","0.6112","96","marin/far-2988ecd11da523d3.mp3"
"cedar","far","far","","","2.208","0.04699611","0.63259411","0.144861","0.5239","1.0881","1.1199","96","cedar/far-2988ecd11da523d3.mp3"
"marin","far from","far from","","","1.848","0.06186145","0.61819094","0.422766","0.0698","1.2786","0.5694","","marin/far-from-a331535803a6a2b4.mp3"
"cedar","far from","far from","","","2.16","0.04634959","0.46534875","0.291348","0.0748","1.2705","0.8895","","cedar/far-from-a331535803a6a2b4.mp3"
"marin","farm","farm","","","1.32","0.04985463","0.50727791","0.258902","0.5569","1.1085","0.2115","88","marin/farm-1ea63c0562f2027d.mp3"
"cedar","farm","farm","","","1.2","0.05819962","0.47087315","0.331406","0.2077","0.7955","0.4045","88","cedar/farm-1ea63c0562f2027d.mp3"
"marin","farmer","farmer","","","1.32","0.05649065","0.36452717","0.368592","0.2742","0.9104","0.4096","2|88","marin/farmer-bff19f303cacb411.mp3"
"cedar","farmer","farmer","","","1.368","0.05006511","0.51387775","0.291758","0.5795","1.1676","0.2004","2|88","cedar/farmer-bff19f303cacb411.mp3"
"marin","fashionable","fashionable","","","1.704","0.04459174","0.54356831","0.331915","0.1117","0.8927","0.8113","48","marin/fashionable-ac643c5b1ce9bf35.mp3"
"cedar","fashionable","fashionable","","","1.248","0.04926917","0.53802437","0.483741","0.2273","0.9694","0.2786","48","cedar/fashionable-ac643c5b1ce9bf35.mp3"
"marin","fast","fast","","","1.416","0.03055292","0.32934472","0.227313","0.1407","0.8335","0.5825","92","marin/fast-f10264dbe79d60da.mp3"
"cedar","fast","fast","","","0.96","0.04757272","0.54971844","0.275499","0.1028","0.6193","0.3407","92","cedar/fast-f10264dbe79d60da.mp3"
"marin","fast food restaurant","fast food restaurant","","","2.112","0.05827115","0.52789193","0.470831","0.1534","1.7205","0.3915","","marin/fast-food-restaurant-c9b51136e7a571da.mp3"
"cedar","fast food restaurant","fast food restaurant","","","1.656","0.06482828","0.76215565","0.46207","0.0891","1.3397","0.3163","","cedar/fast-food-restaurant-c9b51136e7a571da.mp3"
"marin","fat","fat","","","1.152","0.04371827","0.43057936","0.266077","0.085","0.7382","0.4137","11","marin/fat-5d82c81117de5c42.mp3"
"cedar","fat","fat","","","1.2","0.03125296","0.46256912","0.168108","0.2077","0.773","0.427","11","cedar/fat-5d82c81117de5c42.mp3"
"marin","father","father","","","1.248","0.03994892","0.32738844","0.264206","0.3051","0.8427","0.4052","26","marin/father-9d38a860d6f12693.mp3"
"cedar","father","father","","","1.104","0.0361109","0.3055045","0.292686","0.3466","0.7599","0.3441","26","cedar/father-9d38a860d6f12693.mp3"
"marin","Father's Day","Father's Day","","","1.32","0.06297342","0.39717066","0.507655","0.0856","1.0369","0.2831","101","marin/fathers-day-5a8f3e18a5f4a406.mp3"
"cedar","Father's Day","Father's Day","","","1.248","0.06971393","0.5730527","0.375501","0.1201","0.773","0.475","101","cedar/fathers-day-5a8f3e18a5f4a406.mp3"
"marin","faucet","faucet","","","1.104","0.0448205","0.53180909","0.295101","0.1701","0.8239","0.2801","71","marin/faucet-97c35f6c083fbf93.mp3"
"cedar","faucet","faucet","","","1.92","0.03885502","0.51919788","0.163553","0.1292","0.7098","1.2102","71","cedar/faucet-97c35f6c083fbf93.mp3"
"marin","fault","fault","","","1.248","0.03956637","0.49280477","0.189336","0.5424","1.0453","0.2027","66","marin/fault-39a4c3d2d514992e.mp3"
"cedar","fault","fault","","","1.848","0.03262607","0.44128647","0.087065","0.3363","0.7028","1.1452","66","cedar/fault-39a4c3d2d514992e.mp3"
"marin","favorite","favorite","","","1.752","0.04738141","0.41566455","0.202959","0.3819","0.9917","0.7603","90","marin/favorite-e07dea2af7858f5c.mp3"
"cedar","favorite","favorite","","","1.704","0.03133103","0.332075","0.181057","0.5756","1.1114","0.5926","90","cedar/favorite-e07dea2af7858f5c.mp3"
"marin","fear","fear","","","1.656","0.03069625","0.27662152","0.139593","0.3302","0.7401","0.9159","14","marin/fear-a71696fe554e5843.mp3"
"cedar","fear","fear","","","1.056","0.05581248","0.4446176","0.275746","0.4403","0.8758","0.1802","14","cedar/fear-a71696fe554e5843.mp3"
"marin","February","February","","","1.248","0.06134521","0.32737705","0.443977","0.3302","1.0318","0.2162","33","marin/february-b8887840d4bedbe1.mp3"
"cedar","February","February","","","1.416","0.0490179","0.36950779","0.38321","0.203","0.9132","0.5028","33","cedar/february-b8887840d4bedbe1.mp3"
"marin","fee","fee","","","1.008","0.03266609","0.17773765","0.274326","0.1636","0.6283","0.3797","37","marin/fee-7ea02e2393ad2908.mp3"
"cedar","fee","fee","","","1.92","0.04135167","0.39649889","0.147928","0.3292","0.8142","1.1058","37","cedar/fee-7ea02e2393ad2908.mp3"
"marin","feed","feed","","","1.248","0.03920738","0.23641916","0.364149","0.1292","0.823","0.425","58","marin/feed-4f916658c31a007c.mp3"
"cedar","feed","feed","","","0.96","0.03997298","0.2778343","0.213845","0.166","0.558","0.402","58","cedar/feed-4f916658c31a007c.mp3"
"marin","feed on","feed on","","","1.512","0.06193837","0.31630281","0.480407","0.1623","1.1647","0.3473","","marin/feed-on-b8d8b2354f8f1ccf.mp3"
"cedar","feed on","feed on","","","1.56","0.04498214","0.30066478","0.373184","0.173","1.011","0.549","","cedar/feed-on-b8d8b2354f8f1ccf.mp3"
"marin","feed with","feed with","","","1.512","0.05991769","0.33482817","0.436522","0.0792","1.3309","0.1811","","marin/feed-with-63e6f6a8cd3bd860.mp3"
"cedar","feed with","feed with","","","1.416","0.03733656","0.28381908","0.301686","0.1792","0.9858","0.4302","","cedar/feed-with-63e6f6a8cd3bd860.mp3"
"marin","feel","feel","","","0.96","0.05440052","0.37246063","0.303407","0.0746","0.4708","0.4892","22","marin/feel-2fe775994cededbc.mp3"
"cedar","feel","feel","","","1.368","0.04379361","0.33954063","0.209643","0.0923","0.6047","0.7633","22","cedar/feel-2fe775994cededbc.mp3"
"marin","feel like + V-ing","feel like doing something.","","","2.904","0.07040021","0.34796613","0.446711","0.066","2.0587","0.8453","","marin/feel-like-v-ing-8bac8cda602bc422.mp3"
"cedar","feel like + V-ing","feel like doing something.","","","2.448","0.06393676","0.47951114","0.443185","0.0831","1.7139","0.7341","","cedar/feel-like-v-ing-8bac8cda602bc422.mp3"
"marin","feeling","feeling","","","1.2","0.04676343","0.28271264","0.380174","0.0823","0.716","0.484","22","marin/feeling-ffb2a443145d2735.mp3"
"cedar","feeling","feeling","","","2.352","0.03845922","0.34183156","0.190618","0.1911","0.899","1.453","22","cedar/feeling-ffb2a443145d2735.mp3"
"marin","female","female","","","1.968","0.04329644","0.30268806","0.199653","0.3903","0.9241","1.0439","1","marin/female-764a628e94e17ead.mp3"
"cedar","female","female","","","1.512","0.03731729","0.36221111","0.229167","0.2749","0.7917","0.7203","1","cedar/female-764a628e94e17ead.mp3"
"marin","fence","fence","","","1.008","0.04635624","0.40257999","0.355985","0.1006","0.6884","0.3196","67","marin/fence-f25e2cc3fbece0ca.mp3"
"cedar","fence","fence","","","1.104","0.03957612","0.44028255","0.29395","0.325","0.8629","0.2411","67","cedar/fence-f25e2cc3fbece0ca.mp3"
"marin","festival","festival","","","1.248","0.03783411","0.29342639","0.345169","0.1637","0.8169","0.4311","101","marin/festival-09e090ac5c81ac1d.mp3"
"cedar","festival","festival","","","1.056","0.05556057","0.4954187","0.369003","0.1439","0.7174","0.3386","101","cedar/festival-09e090ac5c81ac1d.mp3"
"marin","fever","fever","","","1.248","0.04176481","0.27645981","0.260617","0.425","0.9119","0.3361","23","marin/fever-6810e066e229adeb.mp3"
"cedar","fever","fever","","","1.2","0.04117588","0.31395513","0.253316","0.2248","0.7061","0.4939","23","cedar/fever-6810e066e229adeb.mp3"
"marin","few","few","","","1.2","0.04950501","0.23625466","0.342656","0.1622","0.6946","0.5054","129","marin/few-f6dcc3e6559e43e2.mp3"
"cedar","few","few","","","1.104","0.05724512","0.41563067","0.322652","0.1925","0.7584","0.3456","129","cedar/few-f6dcc3e6559e43e2.mp3"
"marin","fifteen","fifteen","","","1.512","0.06571568","0.50993562","0.341711","0.2137","1.0905","0.4215","29","marin/fifteen-038ce93b8d54a7ae.mp3"
"cedar","fifteen","fifteen","","","1.92","0.0371082","0.43185812","0.197222","0.3386","0.8963","1.0237","29","cedar/fifteen-038ce93b8d54a7ae.mp3"
"marin","fifty","fifty","","","1.704","0.04133038","0.4011839","0.182903","0.166","0.7576","0.9464","30","marin/fifty-38172e64af9923c3.mp3"
"cedar","fifty","fifty","","","1.008","0.04463518","0.38569596","0.227121","0.2204","0.6419","0.3661","30","cedar/fifty-38172e64af9923c3.mp3"
"marin","fight","fight","","","1.2","0.03800566","0.47441906","0.158003","0.1248","0.5883","0.6117","63","marin/fight-933d4c5787e89aa0.mp3"
"cedar","fight","fight","","","1.056","0.03758131","0.54964077","0.202967","0.0791","0.5463","0.5098","63","cedar/fight-933d4c5787e89aa0.mp3"
"marin","file","file","","","0.864","0.05284744","0.59403485","0.418089","0.1239","0.6239","0.2401","60","marin/file-8b911a8716b94442.mp3"
"cedar","file","file","","","1.704","0.04580276","0.58372277","0.204531","0.5844","1.156","0.548","60","cedar/file-8b911a8716b94442.mp3"
"marin","fill","fill","","","1.104","0.04837898","0.35431388","0.289006","0.2747","0.7434","0.3606","24","marin/fill-dc5e28d36758be08.mp3"
"cedar","fill","fill","","","1.056","0.04976832","0.51763576","0.243213","0.2292","0.6407","0.4153","24","cedar/fill-dc5e28d36758be08.mp3"
"marin","film","film","","","1.464","0.04214764","0.4206425","0.257926","0.1623","0.6444","0.8196","61","marin/film-c6f0a19b2cf185c1.mp3"
"cedar","film","film","","","0.96","0.05557965","0.51716864","0.314822","0.1924","0.6287","0.3313","61","cedar/film-c6f0a19b2cf185c1.mp3"
"marin","final","final","","","1.704","0.04920143","0.61526155","0.230817","0.088","0.5818","1.1222","79","marin/final-9149a1639fd729ca.mp3"
"cedar","final","final","","","1.416","0.04353989","0.45759416","0.217853","0.5405","1.0362","0.3798","79","cedar/final-9149a1639fd729ca.mp3"
"marin","finally","finally","","","1.92","0.05157759","0.43389553","0.310026","0.3317","1.1869","0.7331","120","marin/finally-cdd5b125350e814b.mp3"
"cedar","finally","finally","","","1.2","0.05583369","0.63810778","0.308281","0.1623","0.7287","0.4713","120","cedar/finally-cdd5b125350e814b.mp3"
"marin","find","find","","","1.56","0.04314102","0.53844702","0.206063","0.7817","1.2436","0.3164","9","marin/find-2816fd917d4a24d0.mp3"
"cedar","find","find","","","1.056","0.03574676","0.42822811","0.228772","0.1585","0.6016","0.4544","9","cedar/find-2816fd917d4a24d0.mp3"
"marin","find out","find out","","","1.56","0.0501914","0.49702537","0.365264","0.0749","0.9686","0.5914","","marin/find-out-0ffb60932430aa6f.mp3"
"cedar","find out","find out","","","1.32","0.05664123","0.56293947","0.397396","0.0755","1.137","0.183","","cedar/find-out-0ffb60932430aa6f.mp3"
"marin","fine","fine","","","1.2","0.03783254","0.4500781","0.279427","0.4077","0.9713","0.2287","94","marin/fine-8ecc5f94c57b05d6.mp3"
"cedar","fine","fine","","","1.368","0.04702183","0.47970593","0.292245","0.4218","1.0047","0.3633","94","cedar/fine-8ecc5f94c57b05d6.mp3"
"marin","finger","finger","","","1.368","0.0533704","0.37743458","0.344618","0.1925","0.8402","0.5278","20","marin/finger-c9bb91afa06f5c24.mp3"
"cedar","finger","finger","","","1.2","0.04620759","0.38706851","0.272813","0.1292","0.6431","0.5569","20","cedar/finger-c9bb91afa06f5c24.mp3"
"marin","finish","finish","","","1.248","0.0529144","0.49454299","0.3331","0.0597","0.6441","0.6039","115","marin/finish-05c87768b46695e1.mp3"
"cedar","finish","finish","","","1.704","0.03043731","0.38809562","0.173489","0.9038","1.3084","0.3956","115","cedar/finish-05c87768b46695e1.mp3"
"marin","fire","fire","","","0.96","0.05243786","0.41219756","0.371745","0.1923","0.6922","0.2678","106","marin/fire-cb8eb7c5a5525bb3.mp3"
"cedar","fire","fire","","","1.608","0.04635341","0.67370772","0.193745","0.3302","0.835","0.773","106","cedar/fire-cb8eb7c5a5525bb3.mp3"
"marin","fire station","fire station","","","1.704","0.05533798","0.39952669","0.509341","0.1678","1.368","0.336","86","marin/fire-station-e85c015ba81b5ce2.mp3"
"cedar","fire station","fire station","","","2.064","0.04307448","0.56055433","0.222313","0.8765","1.5479","0.5161","86","cedar/fire-station-e85c015ba81b5ce2.mp3"
"marin","first","first","","","2.016","0.03967116","0.41102174","0.166222","0.9856","1.5969","0.4191","30","marin/first-b640e840b19d3786.mp3"
"cedar","first","first","","","1.32","0.02793147","0.40600556","0.154419","0.488","0.9045","0.4155","30","cedar/first-b640e840b19d3786.mp3"
"marin","first name","first name","","","2.568","0.05337437","0.30133915","0.298027","0.6239","1.9054","0.6626","3","marin/first-name-63f53e09781c97df.mp3"
"cedar","first name","first name","","","1.656","0.04252258","0.33743769","0.312588","0.344","1.2336","0.4224","3","cedar/first-name-63f53e09781c97df.mp3"
"marin","fish","fish","","","1.248","0.0345658","0.33242515","0.262069","0.2728","0.8318","0.4162","40|53|112","marin/fish-29024d823c3f8a90.mp3"
"cedar","fish","fish","","","1.56","0.02871435","0.37094903","0.140678","0.7969","1.2276","0.3324","40|53|112","cedar/fish-29024d823c3f8a90.mp3"
"marin","fisherman","fisherman","","","1.104","0.05518546","0.35567003","0.521286","0.1135","0.8856","0.2184","88","marin/fisherman-c2b06c7086463b1c.mp3"
"cedar","fisherman","fisherman","","","1.56","0.03894521","0.46126345","0.257746","0.3792","0.9599","0.6001","88","cedar/fisherman-c2b06c7086463b1c.mp3"
"marin","fit","fit","","","1.416","0.03839892","0.34511477","0.119615","0.6831","1.086","0.33","50","marin/fit-245f96285b109ccf.mp3"
"cedar","fit","fit","","","1.248","0.04583124","0.59619975","0.10597","0.76","1.0853","0.1627","50","cedar/fit-245f96285b109ccf.mp3"
"marin","five","five","","","1.104","0.04056456","0.37779537","0.231488","0.338","0.7492","0.3548","29","marin/five-ac169f9fb7cb48d4.mp3"
"cedar","five","five","","","0.912","0.04069611","0.42141095","0.249749","0.2066","0.6146","0.2974","29","cedar/five-ac169f9fb7cb48d4.mp3"
"marin","fix","fix","","","2.016","0.02920909","0.34717569","0.157469","0.2767","0.8902","1.1258","73","marin/fix-2619be9dc0356a19.mp3"
"cedar","fix","fix","","","1.056","0.04693215","0.48056531","0.257931","0.1601","0.7084","0.3476","73","cedar/fix-2619be9dc0356a19.mp3"
"marin","flag","flag","","","0.864","0.04078917","0.34976757","0.333719","0.0622","0.5918","0.2722","63","marin/flag-938c2a3dfa19c1a4.mp3"
"cedar","flag","flag","","","1.56","0.04025141","0.50731933","0.210043","0.2356","0.7806","0.7794","63","cedar/flag-938c2a3dfa19c1a4.mp3"
"marin","flashlight","flashlight","","","1.56","0.04930866","0.31195578","0.422997","0.0817","1.023","0.537","71","marin/flashlight-4117d4f85ae60904.mp3"
"cedar","flashlight","flashlight","","","1.008","0.05875649","0.58242339","0.424066","0.1101","0.7831","0.2249","71","cedar/flashlight-4117d4f85ae60904.mp3"
"marin","flat tire","flat tire","","","1.608","0.05441749","0.41582021","0.413065","0.0622","1.2934","0.3146","92","marin/flat-tire-de1f28aa4f365cbb.mp3"
"cedar","flat tire","flat tire","","","2.712","0.03972777","0.44199437","0.209985","0.7424","2.0096","0.7024","92","cedar/flat-tire-de1f28aa4f365cbb.mp3"
"marin","flight","flight","","","1.248","0.04119837","0.46625221","0.185046","0.0622","0.523","0.725","91","marin/flight-fa149eb974eaffea.mp3"
"cedar","flight","flight","","","1.32","0.03402323","0.5056988","0.146638","0.3792","0.8331","0.4869","91","cedar/flight-fa149eb974eaffea.mp3"
"marin","floor","floor","","","1.56","0.04323119","0.37829712","0.213769","0.0622","0.5671","0.9929","72","marin/floor-7192e6167bbe099c.mp3"
"cedar","floor","floor","","","1.152","0.05404604","0.39138532","0.364005","0.2275","0.8412","0.3108","72","cedar/floor-7192e6167bbe099c.mp3"
"marin","flour","flour","","","2.112","0.04295906","0.32290319","0.201685","0.4734","1.0712","1.0408","41","marin/flour-327ca43ec1789b2f.mp3"
"cedar","flour","flour","","","1.368","0.05246301","0.53657955","0.388813","0.1577","0.9808","0.3872","41","cedar/flour-327ca43ec1789b2f.mp3"
"marin","flower","flower","","","1.152","0.04672942","0.39235687","0.37887","0.1654","0.8127","0.3392","113","marin/flower-94dc35fed0a7210b.mp3"
"cedar","flower","flower","","","1.656","0.03196836","0.34569106","0.254479","0.2801","0.969","0.687","113","cedar/flower-94dc35fed0a7210b.mp3"
"marin","flu","flu","","","1.104","0.05448429","0.28761032","0.394607","0.1006","0.717","0.387","23","marin/flu-65ca6915a943e92f.mp3"
"cedar","flu","flu","","","1.104","0.04828433","0.32008752","0.35345","0.1856","0.7703","0.3337","23","cedar/flu-65ca6915a943e92f.mp3"
"marin","flute","flute","","","0.864","0.05421232","0.33123031","0.346668","0.0682","0.5877","0.2763","56","marin/flute-df15518328f574a1.mp3"
"cedar","flute","flute","","","1.512","0.04018962","0.34675109","0.231068","0.1678","0.7944","0.7176","56","cedar/flute-df15518328f574a1.mp3"
"marin","fly","fly","","","0.864","0.06029017","0.40778533","0.488354","0.0622","0.6016","0.2624","92","marin/fly-005df9c67f4c0093.mp3"
"cedar","fly","fly","","","0.96","0.05479117","0.58661133","0.318902","0.0739","0.5438","0.4162","92","cedar/fly-005df9c67f4c0093.mp3"
"marin","fly a kite","fly a kite","","","1.656","0.05388988","0.36047643","0.457339","0.0907","1.4356","0.2204","","marin/fly-a-kite-b8611228257eea0d.mp3"
"cedar","fly a kite","fly a kite","","","1.752","0.04758139","0.43330166","0.39091","0.1247","1.2629","0.4891","","cedar/fly-a-kite-b8611228257eea0d.mp3"
"marin","focus","focus","","","2.016","0.04309595","0.4365094","0.216632","0.1907","0.885","1.131","10|75","marin/focus-1d60c3818cfb64a0.mp3"
"cedar","focus","focus","","","1.152","0.05618523","0.54009473","0.357982","0.1577","0.7944","0.3576","10|75","cedar/focus-1d60c3818cfb64a0.mp3"
"marin","fog","fog","","","1.56","0.04186412","0.31320107","0.234148","0.6577","1.246","0.314","104","marin/fog-9d59ab579f827447.mp3"
"cedar","fog","fog","","","1.56","0.02876443","0.36580393","0.158133","0.5292","0.9782","0.5818","104","cedar/fog-9d59ab579f827447.mp3"
"marin","foggy","foggy","","","1.2","0.05435922","0.39414912","0.389149","0.2577","0.8863","0.3137","104","marin/foggy-6efc3d76276e30f1.mp3"
"cedar","foggy","foggy","","","1.8","0.0574356","0.6079424","0.257153","0.5292","1.2056","0.5944","104","cedar/foggy-6efc3d76276e30f1.mp3"
"marin","follow","follow","","","1.104","0.04461286","0.37941387","0.314481","0.2742","0.8579","0.2461","114","marin/follow-98e42a805bc4c805.mp3"
"cedar","follow","follow","","","1.248","0.05227297","0.51578146","0.261318","0.3403","0.844","0.404","114","cedar/follow-98e42a805bc4c805.mp3"
"marin","food","food","","","1.104","0.04926141","0.32654151","0.249415","0.2137","0.6806","0.4234","43","marin/food-e2a8938cc31754f6.mp3"
"cedar","food","food","","","0.96","0.04367","0.27510008","0.210764","0.4386","0.783","0.177","43","cedar/food-e2a8938cc31754f6.mp3"
"marin","fool","fool","","","1.2","0.05551132","0.32890633","0.329844","0.2013","0.7425","0.4575","66","marin/fool-433aaeb6e34312b9.mp3"
"cedar","fool","fool","","","0.72","0.06026167","0.32235411","0.350897","0.0646","0.4883","0.2317","66","cedar/fool-433aaeb6e34312b9.mp3"
"marin","foolish","foolish","","","1.656","0.04047786","0.22443253","0.289868","0.4224","1.1461","0.5099","16","marin/foolish-9db325c81d3c4098.mp3"
"cedar","foolish","foolish","","","1.704","0.04385213","0.30322176","0.238104","0.1823","0.8146","0.8894","16","cedar/foolish-9db325c81d3c4098.mp3"
"marin","foot","foot","","","0.912","0.05008658","0.45331848","0.216785","0.0751","0.523","0.389","20|96","marin/foot-4d77d1087fbdc82e.mp3"
"cedar","foot","foot","","","0.96","0.04392808","0.41770566","0.182053","0.1248","0.5085","0.4515","20|96","cedar/foot-4d77d1087fbdc82e.mp3"
"marin","football","football","","","1.008","0.05166032","0.45043445","0.32798","0.1161","0.6433","0.3647","52","marin/football-205b60ee79914af6.mp3"
"cedar","football","football","","","1.464","0.04220014","0.38749698","0.205103","0.315","0.8424","0.6216","52","cedar/football-205b60ee79914af6.mp3"
"marin","for a rainy day","for a rainy day","","","1.608","0.06265356","0.36590469","0.458735","0.071","0.987","0.621","","marin/for-a-rainy-day-2a29b47e3069e4da.mp3"
"cedar","for a rainy day","for a rainy day","","","2.616","0.05335411","0.35738373","0.469029","0.1467","1.6767","0.9393","","cedar/for-a-rainy-day-2a29b47e3069e4da.mp3"
"marin","for example","for example","","","1.416","0.06806833","0.37512544","0.522246","0.0734","1.0328","0.3832","","marin/for-example-847771f4eb160198.mp3"
"cedar","for example","for example","","","1.416","0.06609059","0.46268049","0.391169","0.088","0.8332","0.5828","","cedar/for-example-847771f4eb160198.mp3"
"marin","for","for","","","1.656","0.04703819","0.4169172","0.177536","0.4242","0.8639","0.7921","131|132","marin/for-fb599077f6897578.mp3"
"cedar","for","for","","","1.056","0.06481521","0.51566482","0.327158","0.1098","0.5924","0.4636","131|132","cedar/for-fb599077f6897578.mp3"
"marin","for free","for free","","","1.704","0.0468312","0.32750627","0.314652","0.1123","0.893","0.811","","marin/for-free-26741a8e861206e6.mp3"
"cedar","for free","for free","","","1.464","0.04624613","0.49992281","0.233379","0.4968","1.0282","0.4358","","cedar/for-free-26741a8e861206e6.mp3"
"marin","For here or to go?","For here or to go?","","","2.448","0.05792441","0.33706173","0.366532","0.1819","1.721","0.727","","marin/for-here-or-to-go-ed869f7cddcbdf62.mp3"
"cedar","For here or to go?","For here or to go?","","","2.616","0.05390063","0.47344592","0.336344","0.5216","2.0628","0.5532","","cedar/for-here-or-to-go-ed869f7cddcbdf62.mp3"
"marin","for sale","for sale","","","1.416","0.05347936","0.2711738","0.526821","0.0836","1.0928","0.3232","","marin/for-sale-373bea555047f495.mp3"
"cedar","for sale","for sale","","","1.368","0.07169035","0.40525949","0.478436","0.0707","0.9316","0.4364","","cedar/for-sale-373bea555047f495.mp3"
"marin","foreign","foreign","possible-tail-truncation","","2.208","0.04632925","0.37209216","0.230648","0.6077","2.1959","0.0121","54","marin/foreign-98f059308e647d8f.mp3"
"cedar","foreign","foreign","","","1.704","0.03557065","0.34381741","0.178086","0.3292","0.8855","0.8185","54","cedar/foreign-98f059308e647d8f.mp3"
"marin","foreigner","foreigner","","","1.248","0.06171877","0.41065487","0.348858","0.0739","0.6424","0.6056","54","marin/foreigner-49c8a2fced82b533.mp3"
"cedar","foreigner","foreigner","","","1.008","0.06756304","0.43887505","0.386657","0.0646","0.6275","0.3805","54","cedar/foreigner-49c8a2fced82b533.mp3"
"marin","forest","forest","","","1.464","0.05231097","0.39523852","0.260659","0.1746","0.8876","0.5764","108","marin/forest-421d64abd5edd3ea.mp3"
"cedar","forest","forest","","","1.752","0.03723847","0.39775476","0.188428","0.4218","0.9836","0.7684","108","cedar/forest-421d64abd5edd3ea.mp3"
"marin","forget","forget","","","1.104","0.05792794","0.37582102","0.361111","0.1323","0.773","0.331","82","marin/forget-887cebc40c09c95c.mp3"
"cedar","forget","forget","","","1.56","0.03861421","0.42746508","0.194725","0.3292","0.9222","0.6378","82","cedar/forget-887cebc40c09c95c.mp3"
"marin","forgive","forgive","","","2.16","0.05368896","0.38233325","0.179186","1.1207","1.6975","0.4625","66","marin/forgive-ec8aaa8f53b45d72.mp3"
"cedar","forgive","forgive","","","2.064","0.04473908","0.51750755","0.215419","0.1711","0.8622","1.2018","66","cedar/forgive-ec8aaa8f53b45d72.mp3"
"marin","fork","fork","","","1.464","0.03893588","0.37705535","0.155268","0.2577","0.794","0.67","46","marin/fork-24ecccc1ee8d3596.mp3"
"cedar","fork","fork","","","1.56","0.04512239","0.43119773","0.150494","0.1747","0.7026","0.8574","46","cedar/fork-24ecccc1ee8d3596.mp3"
"marin","form","form","","","0.912","0.05356158","0.35628676","0.505414","0.0818","0.6648","0.2472","99","marin/form-65b50b6de4cfe504.mp3"
"cedar","form","form","","","2.112","0.03009588","0.33320284","0.14319","0.3135","0.7601","1.3519","99","cedar/form-65b50b6de4cfe504.mp3"
"marin","formal","formal","","","1.608","0.04176937","0.25880492","0.206507","0.2292","0.7513","0.8567","27","marin/formal-fcc09a81349e08f3.mp3"
"cedar","formal","formal","","","1.104","0.05099202","0.4854992","0.247132","0.144","0.5889","0.5151","27","cedar/formal-fcc09a81349e08f3.mp3"
"marin","former","former","","","1.464","0.06517912","0.43740916","0.317367","0.0803","0.6914","0.7726","34","marin/former-fd762fde166b3abb.mp3"
"cedar","former","former","","","1.56","0.04620855","0.40259609","0.227564","0.4292","0.9574","0.6026","34","cedar/former-fd762fde166b3abb.mp3"
"marin","forty","forty","","","1.368","0.04622934","0.43726388","0.228725","0.1239","0.5856","0.7824","30","marin/forty-93cb5a6ffe966711.mp3"
"cedar","forty","forty","","","1.056","0.05467791","0.39493313","0.260831","0.1775","0.6111","0.4449","30","cedar/forty-93cb5a6ffe966711.mp3"
"marin","forward","forward","","","1.104","0.08493779","0.68773186","0.265738","0.0827","0.5297","0.5743","84","marin/forward-2c144e16ba7150df.mp3"
"cedar","forward","forward","","","1.704","0.04784424","0.39125657","0.238996","0.406","1.0862","0.6178","84","cedar/forward-2c144e16ba7150df.mp3"
"marin","four","four","","","1.008","0.04920786","0.37797493","0.250992","0.3747","0.7971","0.2109","29","marin/four-ab929fcd55940379.mp3"
"cedar","four","four","","","1.008","0.065127","0.44942805","0.337984","0.1923","0.6922","0.3158","29","cedar/four-ab929fcd55940379.mp3"
"marin","fourteen","fourteen","","","1.32","0.07127948","0.45568472","0.436585","0.0661","0.9258","0.3942","29","marin/fourteen-54cdb54686d67bee.mp3"
"cedar","fourteen","fourteen","","","1.248","0.03691744","0.25560594","0.338141","0.3816","0.9955","0.2525","29","cedar/fourteen-54cdb54686d67bee.mp3"
"marin","fox","fox","","","1.968","0.02890499","0.33856857","0.154726","0.5122","1.1464","0.8216","111","marin/fox-6b11f0c75173495b.mp3"
"cedar","fox","fox","","","1.056","0.06302615","0.73262942","0.238005","0.1201","0.5671","0.4889","111","cedar/fox-6b11f0c75173495b.mp3"
"marin","frank","frank","","","1.656","0.02194084","0.23904558","0.131139","0.2739","0.7969","0.8591","13","marin/frank-fb21a73290893080.mp3"
"cedar","frank","frank","","","1.152","0.0477002","0.59105468","0.181858","0.3077","0.8337","0.3183","13","cedar/frank-fb21a73290893080.mp3"
"marin","free","free","","","1.104","0.0421188","0.25238919","0.286232","0.2636","0.744","0.36","37","marin/free-0cf9340d8bc2f1f7.mp3"
"cedar","free","free","","","1.656","0.02688593","0.25220016","0.201842","0.2577","0.842","0.814","37","cedar/free-0cf9340d8bc2f1f7.mp3"
"marin","freedom","freedom","","","1.752","0.03987183","0.34648257","0.232104","0.2206","0.7762","0.9758","90","marin/freedom-c0be061e11ceb0e6.mp3"
"cedar","freedom","freedom","","","1.248","0.03736633","0.23336533","0.330946","0.406","1.024","0.224","90","cedar/freedom-c0be061e11ceb0e6.mp3"
"marin","freezer","freezer","","","1.152","0.04912433","0.27289096","0.371618","0.1907","0.7978","0.3542","70","marin/freezer-b8b18ebcf670b5df.mp3"
"cedar","freezer","freezer","","","1.2","0.04633469","0.23872566","0.382413","0.1775","0.8898","0.3102","70","cedar/freezer-b8b18ebcf670b5df.mp3"
"marin","freezing","freezing","","","1.2","0.04779736","0.30835524","0.406858","0.0622","0.7441","0.4559","105","marin/freezing-451586e380f3d7d3.mp3"
"cedar","freezing","freezing","","","2.016","0.0455471","0.33413434","0.21133","0.994","1.5665","0.4495","105","cedar/freezing-451586e380f3d7d3.mp3"
"marin","fresh","fresh","","","1.104","0.04458943","0.47972038","0.369509","0.0683","0.6896","0.4144","39","marin/fresh-02db0d2659c9d48b.mp3"
"cedar","fresh","fresh","","","1.32","0.02598472","0.36129966","0.186695","0.3292","0.823","0.497","39","cedar/fresh-02db0d2659c9d48b.mp3"
"marin","Friday","Friday","","","0.96","0.05236133","0.48100364","0.398481","0.0961","0.6385","0.3215","32","marin/friday-11c4048281d3c20b.mp3"
"cedar","Friday","Friday","","","1.008","0.05462929","0.54950756","0.328745","0.1671","0.6904","0.3176","32","cedar/friday-11c4048281d3c20b.mp3"
"marin","friend","friend","","","0.96","0.04663509","0.45386711","0.423763","0.0791","0.6469","0.3131","64","marin/friend-8e8b4d64f704c7a6.mp3"
"cedar","friend","friend","","","1.92","0.03165465","0.50959748","0.165484","0.5137","1.0451","0.8749","64","cedar/friend-8e8b4d64f704c7a6.mp3"
"marin","friendly","friendly","","","1.56","0.04928454","0.42890009","0.322102","0.2122","0.8597","0.7003","12","marin/friendly-3264c18576598660.mp3"
"cedar","friendly","friendly","","","1.368","0.03940541","0.45108354","0.244213","0.5783","1.0048","0.3632","12","cedar/friendly-3264c18576598660.mp3"
"marin","fries","fries","","","1.248","0.03969978","0.35197809","0.35854","0.274","0.9066","0.3414","","marin/fries-dc96b5008bd4ce63.mp3"
"cedar","fries","fries","","","1.8","0.03679297","0.45594609","0.227083","0.2794","0.9305","0.8695","","cedar/fries-dc96b5008bd4ce63.mp3"
"marin","fries (French fries)","fries. Or, French fries.","","","2.52","0.06522548","0.48199725","0.481548","0.0739","2.24","0.28","43","marin/fries-french-fries-3785ac5a215e2f5f.mp3"
"cedar","fries (French fries)","fries. Or, French fries.","","","2.76","0.0650531","0.56683749","0.345418","0.088","2.4891","0.2709","43","cedar/fries-french-fries-3785ac5a215e2f5f.mp3"
"marin","frighten","frighten","","","1.8","0.03419584","0.38106635","0.254931","0.3316","1.136","0.664","102","marin/frighten-20f917353f7ecebc.mp3"
"cedar","frighten","frighten","","","1.008","0.04732806","0.60343713","0.296152","0.0856","0.5879","0.4201","102","cedar/frighten-20f917353f7ecebc.mp3"
"marin","frog","frog","","","1.32","0.04961808","0.45298001","0.298643","0.2577","0.8724","0.4476","112","marin/frog-cdd7a30c9f433270.mp3"
"cedar","frog","frog","","","1.248","0.05040069","0.4581244","0.280215","0.2211","0.7393","0.5087","112","cedar/frog-cdd7a30c9f433270.mp3"
"marin","from","from","","","1.464","0.04972135","0.5719853","0.247979","0.1234","0.5945","0.8695","131","marin/from-c85090422a84ecc2.mp3"
"cedar","from","from","","","0.96","0.04551381","0.52794826","0.364323","0.1069","0.6014","0.3586","131","cedar/from-c85090422a84ecc2.mp3"
"marin","from head to toe","from head to toe","","","1.512","0.07088351","0.58790278","0.536183","0.0655","1.2792","0.2328","","marin/from-head-to-toe-0e0322975622dad4.mp3"
"cedar","from head to toe","from head to toe","","","2.448","0.04637792","0.51084286","0.34958","0.1371","1.6561","0.7919","","cedar/from-head-to-toe-0e0322975622dad4.mp3"
"marin","from now / then on","from now on. Or, from then on.","","","3.504","0.082162","0.50981921","0.550484","0.066","3.1253","0.3787","","marin/from-now-then-on-14259b92ad41bbfd.mp3"
"cedar","from now / then on","from now on. Or, from then on.","","","3.168","0.07338","0.65810096","0.498941","0.088","2.8036","0.3644","","cedar/from-now-then-on-14259b92ad41bbfd.mp3"
"marin","from time to time","from time to time","","","2.208","0.06332885","0.39915583","0.599553","0.0818","1.8246","0.3834","","marin/from-time-to-time-cb03272cd0eed5a0.mp3"
"cedar","from time to time","from time to time","","","1.92","0.04897179","0.51387906","0.397602","0.5036","1.6315","0.2885","","cedar/from-time-to-time-cb03272cd0eed5a0.mp3"
"marin","front","front","","","2.4","0.04070514","0.60837507","0.140139","1.6412","2.2397","0.1603","83","marin/front-ffe98be8292a598a.mp3"
"cedar","front","front","","","1.32","0.03495343","0.54372239","0.146749","0.3292","0.8062","0.5138","83","cedar/front-ffe98be8292a598a.mp3"
"marin","fruit","fruit","","","0.912","0.04949178","0.31075102","0.291301","0.0636","0.5317","0.3803","38","marin/fruit-3da58268745d9ab3.mp3"
"cedar","fruit","fruit","","","1.008","0.04371872","0.42720431","0.217675","0.0895","0.5629","0.4451","38","cedar/fruit-3da58268745d9ab3.mp3"
"marin","fry","fry","","","0.864","0.05381874","0.5421133","0.395375","0.0707","0.5994","0.2646","45","marin/fry-8d9be881f78d0447.mp3"
"cedar","fry","fry","","","1.968","0.03408429","0.49362814","0.164549","0.3292","0.9206","1.0474","45","cedar/fry-8d9be881f78d0447.mp3"
"marin","full","full","","","1.2","0.06084183","0.62036246","0.312483","0.3787","0.9292","0.2708","21","marin/full-0e716a5fef4e6dc1.mp3"
"cedar","full","full","","","1.608","0.05667401","0.65668166","0.160513","0.3513","0.7968","0.8112","21","cedar/full-0e716a5fef4e6dc1.mp3"
"marin","fun","fun","","","1.008","0.04198733","0.46966544","0.271185","0.2244","0.6959","0.3121","52","marin/fun-a6e200708d54745f.mp3"
"cedar","fun","fun","","","0.816","0.05045349","0.53124958","0.306219","0.0895","0.5042","0.3117","52","cedar/fun-a6e200708d54745f.mp3"
"marin","funny","funny","possible-tail-truncation","","0.6","0.06749771","0.59990019","0.506771","0.0624","0.5896","0.0104","87","marin/funny-ee23f374f55398db.mp3"
"cedar","funny","funny","","","1.056","0.05654108","0.67230469","0.185705","0.1273","0.4027","0.6533","87","cedar/funny-ee23f374f55398db.mp3"
"marin","furniture","furniture","","","1.32","0.05130048","0.36215436","0.330145","0.1706","0.8219","0.4981","68","marin/furniture-90426b396cd33d21.mp3"
"cedar","furniture","furniture","","","1.104","0.06648426","0.50078332","0.458013","0.1292","0.8799","0.2241","68","cedar/furniture-90426b396cd33d21.mp3"
"marin","future","future","","","1.464","0.04586746","0.298168","0.243297","0.5739","1.1136","0.3504","34","marin/future-a43f2f35bcce4611.mp3"
"cedar","future","future","","","1.464","0.03965824","0.37020236","0.216374","0.503","0.9906","0.4734","34","cedar/future-a43f2f35bcce4611.mp3"
"marin","gain","gain","","","0.864","0.05816898","0.39031473","0.426143","0.0796","0.5503","0.3137","25","marin/gain-2a87f5474f795cda.mp3"
"cedar","gain","gain","","","1.152","0.05636852","0.76270598","0.351743","0.0717","0.6028","0.5492","25","cedar/gain-2a87f5474f795cda.mp3"
"marin","game","game","","","1.32","0.04857704","0.46748379","0.335685","0.4388","0.9576","0.3624","57","marin/game-ab01b207e55ad6c5.mp3"
"cedar","game","game","","","0.72","0.05044744","0.44779173","0.389178","0.2083","0.5876","0.1324","57","cedar/game-ab01b207e55ad6c5.mp3"
"marin","garage","garage","","","1.104","0.08180364","0.47925812","0.543931","0.0647","0.7823","0.3218","67","marin/garage-557a65ac136b28b3.mp3"
"cedar","garage","garage","","","1.2","0.04371938","0.47360405","0.345417","0.383","0.9531","0.2469","67","cedar/garage-557a65ac136b28b3.mp3"
"marin","garbage","garbage","","","1.104","0.06650826","0.4927431","0.482375","0.0854","0.7858","0.3182","109","marin/garbage-233d4809807d21d1.mp3"
"cedar","garbage","garbage","","","0.912","0.04884562","0.43569613","0.409859","0.1484","0.673","0.239","109","cedar/garbage-233d4809807d21d1.mp3"
"marin","garden","garden","","","1.104","0.05832799","0.51816154","0.39706","0.0775","0.6275","0.4765","67","marin/garden-796bec6fb7d25e9d.mp3"
"cedar","garden","garden","","","0.864","0.08522834","0.69270432","0.390963","0.0887","0.5351","0.3289","67","cedar/garden-796bec6fb7d25e9d.mp3"
"marin","gas","gas","","","1.656","0.049634","0.6418699","0.271513","0.0731","0.6684","0.9876","92","marin/gas-18fd2813d801c3ec.mp3"
"cedar","gas","gas","","","1.248","0.05903399","0.85631746","0.311866","0.0836","0.623","0.625","92","cedar/gas-18fd2813d801c3ec.mp3"
"marin","gate","gate","","","1.056","0.04183605","0.39378557","0.23838","0.0879","0.5883","0.4677","67","marin/gate-b53de24efca88587.mp3"
"cedar","gate","gate","","","1.416","0.03120203","0.39654481","0.165401","0.1604","0.5853","0.8307","67","cedar/gate-b53de24efca88587.mp3"
"marin","gather","gather","","","1.656","0.04569518","0.46860182","0.26648","0.3263","0.8901","0.7659","10","marin/gather-6a6510f73cd00a25.mp3"
"cedar","gather","gather","","","0.864","0.06741477","0.78925854","0.409626","0.1397","0.6295","0.2345","10","cedar/gather-6a6510f73cd00a25.mp3"
"marin","general","general","","","1.056","0.048759","0.4385072","0.419468","0.0791","0.6402","0.4158","5","marin/general-b5365e3d6f3f08d5.mp3"
"cedar","general","general","","","0.72","0.07944425","0.84447742","0.483767","0.0683","0.5394","0.1806","5","cedar/general-b5365e3d6f3f08d5.mp3"
"marin","generous","generous","","","1.152","0.0562995","0.44346932","0.589554","0.0681","0.9211","0.2309","12","marin/generous-d28f8360a0633679.mp3"
"cedar","generous","generous","","","1.2","0.05000261","0.61803925","0.397951","0.0982","0.7556","0.4444","12","cedar/generous-d28f8360a0633679.mp3"
"marin","genius","genius","","","1.2","0.06362949","0.37204751","0.445278","0.0856","0.7405","0.4595","16","marin/genius-f1b26c9c9fa5eacb.mp3"
"cedar","genius","genius","","","1.416","0.03745465","0.37290728","0.339822","0.2351","0.8575","0.5585","16","cedar/genius-f1b26c9c9fa5eacb.mp3"
"marin","gentle","gentle","","","1.104","0.05184126","0.37481657","0.449879","0.077","0.7243","0.3797","12","marin/gentle-2521577847baf50d.mp3"
"cedar","gentle","gentle","","","1.32","0.04236366","0.39106607","0.35715","0.2477","0.8932","0.4268","12","cedar/gentle-2521577847baf50d.mp3"
"marin","gentleman","gentleman","","","1.152","0.05507068","0.35205516","0.493399","0.0878","0.8925","0.2595","3","marin/gentleman-c89a2788429d21a8.mp3"
"cedar","gentleman","gentleman","","","1.368","0.069866","0.80184162","0.513919","0.34","1.2192","0.1488","3","cedar/gentleman-c89a2788429d21a8.mp3"
"marin","geography","geography","","","2.568","0.05380735","0.40949389","0.217971","1.2425","1.9653","0.6027","76","marin/geography-41ee7522eb589a42.mp3"
"cedar","geography","geography","","","1.464","0.05453616","0.42550457","0.429588","0.1615","0.9824","0.4816","76","cedar/geography-41ee7522eb589a42.mp3"
"marin","gesture","gesture","","","1.2","0.05490419","0.52422029","0.376753","0.4076","0.9836","0.2164","64","marin/gesture-405c9804ba95368e.mp3"
"cedar","gesture","gesture","","","1.008","0.05179892","0.55831856","0.425141","0.0708","0.7056","0.3024","64","cedar/gesture-405c9804ba95368e.mp3"
"marin","get","get","","","1.248","0.03629243","0.41274816","0.170757","0.497","0.8914","0.3566","24","marin/get-6ff77efe3bb87212.mp3"
"cedar","get","get","","","0.96","0.03869364","0.44349593","0.231641","0.0871","0.523","0.437","24","cedar/get-6ff77efe3bb87212.mp3"
"marin","get along","get along","","","2.16","0.04941714","0.41769508","0.309674","0.0879","1.4361","0.7239","","marin/get-along-dee92fd4125a3f80.mp3"
"cedar","get along","get along","","","1.464","0.05685168","0.63749003","0.409068","0.085","1.205","0.259","","cedar/get-along-dee92fd4125a3f80.mp3"
"marin","get away","get away","","","1.416","0.07102386","0.48384413","0.437029","0.1522","1.2508","0.1652","","marin/get-away-12ad1825a98bc418.mp3"
"cedar","get away","get away","","","2.016","0.05413631","0.53694004","0.275773","0.0623","1.1049","0.9111","","cedar/get-away-12ad1825a98bc418.mp3"
"marin","get / be lost","get lost. Or, be lost.","","","2.712","0.07598773","0.56171721","0.490782","0.0579","2.4419","0.2701","","marin/get-be-lost-363f1479101fa714.mp3"
"cedar","get / be lost","get lost. Or, be lost.","","","2.952","0.05804196","0.59375542","0.404083","0.0696","2.6106","0.3414","","cedar/get-be-lost-363f1479101fa714.mp3"
"marin","get close to","get close to","","","1.752","0.06487757","0.52904171","0.382634","0.1416","1.3217","0.4303","","marin/get-close-to-df422b43e0a9d448.mp3"
"cedar","get close to","get close to","","","1.92","0.05253871","0.49168056","0.368783","0.0895","1.4796","0.4404","","cedar/get-close-to-df422b43e0a9d448.mp3"
"marin","get home","get home","","","1.56","0.06393804","0.60733759","0.328058","0.077","1.0555","0.5045","","marin/get-home-be31a7c5a1fff422.mp3"
"cedar","get home","get home","","","1.656","0.05750972","0.61207002","0.323181","0.0901","1.2627","0.3933","","cedar/get-home-be31a7c5a1fff422.mp3"
"marin","get in","get in","","","1.56","0.05537717","0.49921715","0.295473","0.0649","1.0797","0.4803","","marin/get-in-10a8d8c53313aade.mp3"
"cedar","get in","get in","","","1.464","0.04745832","0.43546003","0.346553","0.0805","1.305","0.159","","cedar/get-in-10a8d8c53313aade.mp3"
"marin","get into trouble","get into trouble","","","1.368","0.05927544","0.52481723","0.493619","0.0565","1.1078","0.2602","","marin/get-into-trouble-a1360c22a8b19cae.mp3"
"cedar","get into trouble","get into trouble","","","1.464","0.06282911","0.53981709","0.488843","0.0638","1.3008","0.1632","","cedar/get-into-trouble-a1360c22a8b19cae.mp3"
"marin","get married","get married","","","1.512","0.05406749","0.40264505","0.322531","0.2618","1.287","0.225","","marin/get-married-223f9c0eb3193161.mp3"
"cedar","get married","get married","","","1.968","0.05951233","0.69370669","0.246178","0.0644","1.0331","0.9349","","cedar/get-married-223f9c0eb3193161.mp3"
"marin","get off","get off","","","1.464","0.05876406","0.4839609","0.315986","0.0823","1.1088","0.3552","","marin/get-off-ce1633eb5cd1da28.mp3"
"cedar","get off","get off","","","2.4","0.04928406","0.51984859","0.164913","0.2764","1.4988","0.9012","","cedar/get-off-ce1633eb5cd1da28.mp3"
"marin","get on","get on","","","1.608","0.05726558","0.44164521","0.341392","0.0685","1.0913","0.5167","","marin/get-on-ae06866be4c52bb0.mp3"
"cedar","get on","get on","","","1.248","0.06443851","0.58912349","0.449503","0.075","0.954","0.294","","cedar/get-on-ae06866be4c52bb0.mp3"
"marin","get on / surf the Internet","get on the Internet. Or, surf the Internet.","","","3.96","0.07646878","0.48755124","0.488031","0.0644","3.7381","0.2219","","marin/get-on-surf-the-internet-5e25093ee018da48.mp3"
"cedar","get on / surf the Internet","get on the Internet. Or, surf the Internet.","","","4.056","0.06200875","0.51418072","0.435219","0.0735","3.8331","0.2229","","cedar/get-on-surf-the-internet-5e25093ee018da48.mp3"
"marin","get over","get over","","","1.704","0.05964015","0.50488269","0.296667","0.0746","1.0348","0.6692","","marin/get-over-e0e26460a2265447.mp3"
"cedar","get over","get over","","","1.704","0.06392371","0.62412852","0.332905","0.0689","1.2698","0.4342","","cedar/get-over-e0e26460a2265447.mp3"
"marin","get through","get through","","","2.064","0.04105412","0.46168011","0.198744","0.0763","0.8213","1.2428","","marin/get-through-ec7b284bb4656a32.mp3"
"cedar","get through","get through","","","1.704","0.05318975","0.6523838","0.313405","0.0826","1.3106","0.3934","","cedar/get-through-ec7b284bb4656a32.mp3"
"marin","get to / arrive at / arrive in","get to, or arrive at, or arrive in","","","4.416","0.0867854","0.54891872","0.528835","0.0764","4.1366","0.2794","","marin/get-to-arrive-at-arrive-in-59fc49f1d44479c7.mp3"
"cedar","get to / arrive at / arrive in","get to, or arrive at, or arrive in","","","5.304","0.07101492","0.60508728","0.413049","0.062","4.0486","1.2554","","cedar/get-to-arrive-at-arrive-in-59fc49f1d44479c7.mp3"
"marin","get up","get up","","","1.368","0.04369772","0.4176667","0.274153","0.0558","0.9147","0.4533","","marin/get-up-68a2e3101b7e1585.mp3"
"cedar","get up","get up","","","0.912","0.05109301","0.48443842","0.259412","0.1603","0.6297","0.2823","","cedar/get-up-68a2e3101b7e1585.mp3"
"marin","ghost","ghost","","","1.752","0.03435327","0.29911122","0.21611","0.2776","0.8871","0.8649","102","marin/ghost-7eb577216075f9b2.mp3"
"cedar","ghost","ghost","","","1.56","0.04388589","0.47953591","0.268056","0.1995","0.8099","0.7501","102","cedar/ghost-7eb577216075f9b2.mp3"
"marin","giant","giant","","","1.104","0.05596739","0.44558972","0.419592","0.0685","0.6968","0.4072","97","marin/giant-415633def0149deb.mp3"
"cedar","giant","giant","","","1.608","0.04896573","0.83991325","0.258149","0.0836","0.7347","0.8733","97","cedar/giant-415633def0149deb.mp3"
"marin","gift","gift","","","0.864","0.05366644","0.4566766","0.267916","0.1831","0.6242","0.2398","103","marin/gift-d697c67305d3dd63.mp3"
"cedar","gift","gift","","","1.152","0.04047747","0.60608524","0.193034","0.0596","0.4704","0.6816","103","cedar/gift-d697c67305d3dd63.mp3"
"marin","girl","girl","","","1.008","0.06007632","0.43034345","0.357846","0.0768","0.5616","0.4464","1","marin/girl-2b6083e365cfff40.mp3"
"cedar","girl","girl","","","0.96","0.07058476","0.64456856","0.319466","0.0814","0.4648","0.4952","1","cedar/girl-2b6083e365cfff40.mp3"
"marin","give","give","","","1.56","0.0515249","0.44897673","0.213315","0.7749","1.2279","0.3321","87","marin/give-6719e30363436176.mp3"
"cedar","give","give","","","1.368","0.05907353","0.54148412","0.269661","0.1365","0.6242","0.7438","87","cedar/give-6719e30363436176.mp3"
"marin","give... a big hand","give someone a big hand.","","","3.168","0.06791144","0.30668569","0.440742","0.7139","2.6375","0.5305","","marin/give-a-big-hand-3ec500a07ff0382a.mp3"
"cedar","give... a big hand","give someone a big hand.","","","2.352","0.07506368","0.58901066","0.569967","0.061","1.9652","0.3868","","cedar/give-a-big-hand-3ec500a07ff0382a.mp3"
"marin","give away","give away","","","1.464","0.06463401","0.32615012","0.551343","0.0856","1.1531","0.3109","","marin/give-away-a01ef4db1c6e6fb6.mp3"
"cedar","give away","give away","","","1.464","0.06909149","0.40686947","0.603825","0.0767","1.2387","0.2253","","cedar/give-away-a01ef4db1c6e6fb6.mp3"
"marin","give back","give back","","","1.512","0.06735074","0.48526466","0.352458","0.0744","1.1251","0.3869","","marin/give-back-26f2f395c5c6c893.mp3"
"cedar","give back","give back","","","1.416","0.05626999","0.51789308","0.318106","0.0906","1.015","0.401","","cedar/give-back-26f2f395c5c6c893.mp3"
"marin","give in","give in","","","1.752","0.05892677","0.33701816","0.452138","0.1539","1.1934","0.5586","","marin/give-in-b59b29cfcb515152.mp3"
"cedar","give in","give in","","","1.704","0.06211107","0.53367394","0.369926","0.0695","0.9302","0.7738","","cedar/give-in-b59b29cfcb515152.mp3"
"marin","give / lend... a hand","give someone a hand. Or, lend someone a hand.","","","4.512","0.0779456","0.43635812","0.593311","0.0594","4.2699","0.2421","","marin/give-lend-a-hand-7f5651eb7d9ebc18.mp3"
"cedar","give / lend... a hand","give someone a hand. Or, lend someone a hand.","","","5.856","0.07608137","0.69557291","0.488783","0.0699","5.4257","0.4303","","cedar/give-lend-a-hand-7f5651eb7d9ebc18.mp3"
"marin","Give me a break.","Give me a break.","","","1.56","0.0740466","0.43041345","0.461552","0.0603","1.0825","0.4775","","marin/give-me-a-break-9781c2c4b1770a14.mp3"
"cedar","Give me a break.","Give me a break.","","","1.8","0.0679468","0.5886026","0.534745","0.0716","1.4837","0.3163","","cedar/give-me-a-break-9781c2c4b1770a14.mp3"
"marin","give up","give up","","","1.512","0.06023166","0.55401629","0.352761","0.0745","0.8604","0.6516","","marin/give-up-10a2bb4963a5fcc3.mp3"
"cedar","give up","give up","","","1.2","0.0637001","0.42974842","0.341424","0.1706","0.8988","0.3012","","cedar/give-up-10a2bb4963a5fcc3.mp3"
"marin","glad","glad","","","1.104","0.05070387","0.30865929","0.474977","0.1744","0.8138","0.2902","15","marin/glad-986beb56e74aedce.mp3"
"cedar","glad","glad","","","1.152","0.06657976","0.64375824","0.386628","0.0825","0.7158","0.4362","15","cedar/glad-986beb56e74aedce.mp3"
"marin","glass","glass","","","1.416","0.04765696","0.44164121","0.357698","0.1243","0.797","0.619","46|100","marin/glass-e893640fd10c6166.mp3"
"cedar","glass","glass","","","1.056","0.06128998","0.83102238","0.337733","0.1109","0.654","0.402","46|100","cedar/glass-e893640fd10c6166.mp3"
"marin","glasses","glasses","","","1.416","0.0596912","0.46122164","0.476695","0.1069","0.9684","0.4476","49","marin/glasses-4cf58b85ad0e0fe1.mp3"
"cedar","glasses","glasses","","","1.248","0.04367838","0.54133558","0.304304","0.1952","0.7566","0.4914","49","cedar/glasses-4cf58b85ad0e0fe1.mp3"
"marin","glove","glove","","","0.864","0.05745059","0.40858492","0.451847","0.0738","0.6198","0.2442","49","marin/glove-dfb2fc54cb34c534.mp3"
"cedar","glove","glove","","","1.464","0.04218427","0.41543451","0.251067","0.4531","0.973","0.491","49","cedar/glove-dfb2fc54cb34c534.mp3"
"marin","glove(s)","gloves.","","","1.704","0.04398076","0.38558075","0.331267","0.0914","0.823","0.881","","marin/glove-s-b1b1c2b9572d8f7d.mp3"
"cedar","glove(s)","gloves.","","","1.656","0.05238239","0.65627933","0.241948","0.1394","0.6937","0.9623","","cedar/glove-s-b1b1c2b9572d8f7d.mp3"
"marin","glue","glue","","","1.512","0.06309983","0.48822725","0.307939","0.3292","0.8928","0.6192","80","marin/glue-90535f32d39c7b9b.mp3"
"cedar","glue","glue","","","1.152","0.05655987","0.41809756","0.2989","0.3864","0.7959","0.3561","80","cedar/glue-90535f32d39c7b9b.mp3"
"marin","go ahead","go ahead","","","1.56","0.06390683","0.42471841","0.401002","0.0826","0.9297","0.6303","","marin/go-ahead-c4bf3ea967d95d3d.mp3"
"cedar","go ahead","go ahead","","","1.656","0.05550185","0.51980454","0.36257","0.5176","1.3724","0.2836","","cedar/go-ahead-c4bf3ea967d95d3d.mp3"
"marin","go back","go back","","","2.808","0.02598072","0.22899014","0.122841","0.3772","0.9583","1.8497","","marin/go-back-5ded508cf2b8e991.mp3"
"cedar","go back","go back","","","1.32","0.07437383","0.56526786","0.394949","0.0749","0.8137","0.5063","","cedar/go-back-5ded508cf2b8e991.mp3"
"marin","go bird-watching","go bird-watching","","","1.848","0.08426316","0.41960129","0.612565","0.0781","1.6411","0.2069","","marin/go-bird-watching-43a849f4c3fa3f94.mp3"
"cedar","go bird-watching","go bird-watching","","","2.016","0.06701235","0.5124895","0.493273","0.0777","1.3989","0.6171","","cedar/go-bird-watching-43a849f4c3fa3f94.mp3"
"marin","go by","go by","","","1.608","0.08662582","0.50873148","0.566633","0.0577","1.3207","0.2873","","marin/go-by-44e2b5410562d972.mp3"
"cedar","go by","go by","","","1.464","0.08169665","0.71833271","0.404756","0.0858","1.1658","0.2982","","cedar/go-by-44e2b5410562d972.mp3"
"marin","go","go","","","1.416","0.05029854","0.52184945","0.243953","0.4417","0.8844","0.5316","114","marin/go-c2fc355f2b52e01e.mp3"
"cedar","go","go","","","0.816","0.08443571","0.86325711","0.300475","0.0884","0.4036","0.4124","114","cedar/go-c2fc355f2b52e01e.mp3"
"marin","go camping","go camping","","","1.512","0.06830377","0.46423486","0.424314","0.0544","0.9225","0.5895","","marin/go-camping-a19419ef2c0d6e90.mp3"
"cedar","go camping","go camping","","","1.464","0.0661019","0.47519758","0.486894","0.0691","1.2412","0.2228","","cedar/go-camping-a19419ef2c0d6e90.mp3"
"marin","go down","go down","","","1.8","0.0766594","0.45419466","0.509618","0.0644","1.0691","0.7309","","marin/go-down-ffb1ad95e3f1b28c.mp3"
"cedar","go down","go down","","","1.656","0.06389719","0.59752584","0.433046","0.0819","1.0112","0.6448","","cedar/go-down-ffb1ad95e3f1b28c.mp3"
"marin","go fishing","go fishing","","","1.32","0.06779306","0.39746952","0.479088","0.0773","0.9554","0.3646","","marin/go-fishing-9198aebca6d16837.mp3"
"cedar","go fishing","go fishing","","","1.32","0.07129905","0.48845783","0.486664","0.0677","0.9881","0.3319","","cedar/go-fishing-9198aebca6d16837.mp3"
"marin","go hiking","go hiking","","","1.512","0.06631831","0.44722968","0.412588","0.0713","1.102","0.41","","marin/go-hiking-b544fb0102535d78.mp3"
"cedar","go hiking","go hiking","","","2.304","0.04491544","0.46563834","0.264323","0.3317","1.1646","1.1394","","cedar/go-hiking-b544fb0102535d78.mp3"
"marin","go hunting","go hunting","","","1.656","0.06058697","0.34894958","0.459138","0.1398","1.4611","0.1949","","marin/go-hunting-7b4e46af4ab4eb37.mp3"
"cedar","go hunting","go hunting","","","1.32","0.07048476","0.5191564","0.466114","0.1064","0.9481","0.3719","","cedar/go-hunting-7b4e46af4ab4eb37.mp3"
"marin","go jogging","go jogging","","","1.968","0.07139269","0.44585574","0.411839","0.569","1.7402","0.2278","","marin/go-jogging-0828346698c6119c.mp3"
"cedar","go jogging","go jogging","","","1.704","0.05727706","0.38976228","0.494266","0.4451","1.5032","0.2008","","cedar/go-jogging-0828346698c6119c.mp3"
"marin","go mountain climbing","go mountain climbing","","","1.848","0.08418842","0.51185638","0.582916","0.1106","1.5036","0.3444","","marin/go-mountain-climbing-4d15ed2eddbe05b2.mp3"
"cedar","go mountain climbing","go mountain climbing","","","2.4","0.06356178","0.60849303","0.459861","0.0677","1.4902","0.9098","","cedar/go-mountain-climbing-4d15ed2eddbe05b2.mp3"
"marin","go off","go off","","","2.064","0.06338244","0.50287223","0.31251","0.0804","1.1039","0.9601","35","marin/go-off-8c0a534087c52900.mp3"
"cedar","go off","go off","","","1.2","0.07489932","0.61332744","0.376615","0.1016","0.9135","0.2865","35","cedar/go-off-8c0a534087c52900.mp3"
"marin","go on a trip","go on a trip","","","1.56","0.06960843","0.37866101","0.478365","0.0698","1.1701","0.3899","","marin/go-on-a-trip-c3ed44b1a77f0f3d.mp3"
"cedar","go on a trip","go on a trip","","","2.064","0.05703358","0.51496595","0.3416","0.0784","1.1364","0.9276","","cedar/go-on-a-trip-c3ed44b1a77f0f3d.mp3"
"marin","go on","go on","","","1.656","0.07082427","0.45634013","0.46256","0.114","1.2673","0.3887","","marin/go-on-bba265afd0903f20.mp3"
"cedar","go on","go on","","","1.512","0.05937398","0.45673752","0.385527","0.0708","0.8559","0.6561","","cedar/go-on-bba265afd0903f20.mp3"
"marin","go out","go out","","","2.016","0.05412827","0.43072447","0.276837","0.3191","1.2232","0.7928","","marin/go-out-b26aac6e3ba6c32b.mp3"
"cedar","go out","go out","","","2.016","0.05979188","0.67093915","0.230861","0.1037","0.8575","1.1585","","cedar/go-out-b26aac6e3ba6c32b.mp3"
"marin","go shopping","go shopping","","","1.152","0.07726565","0.50107884","0.600604","0.095","0.9712","0.1808","","marin/go-shopping-e4af534ed66b2941.mp3"
"cedar","go shopping","go shopping","","","2.4","0.06169859","0.53060144","0.30678","0.8724","1.8119","0.5881","","cedar/go-shopping-e4af534ed66b2941.mp3"
"marin","go swimming","go swimming","","","1.56","0.06308243","0.35528919","0.445339","0.0992","1.1927","0.3673","","marin/go-swimming-88d4765e190fc671.mp3"
"cedar","go swimming","go swimming","","","1.608","0.07773383","0.61926705","0.438161","0.1135","1.1621","0.4459","","cedar/go-swimming-88d4765e190fc671.mp3"
"marin","go through","go through","","","1.656","0.06199859","0.35045043","0.380762","0.6014","1.3897","0.2663","","marin/go-through-b286e0326b498a26.mp3"
"cedar","go through","go through","","","1.32","0.06642805","0.5297814","0.418056","0.101","0.8733","0.4467","","cedar/go-through-b286e0326b498a26.mp3"
"marin","go to bed / sleep","go to bed, or sleep","","","2.664","0.0605288","0.28464606","0.488097","0.0758","2.2402","0.4238","","marin/go-to-bed-sleep-50b9b7af42b0018b.mp3"
"cedar","go to bed / sleep","go to bed, or sleep","","","2.904","0.06033704","0.43096715","0.448433","0.0702","2.6856","0.2184","","cedar/go-to-bed-sleep-50b9b7af42b0018b.mp3"
"marin","go to church","go to church","","","1.704","0.05740831","0.30960122","0.532387","0.0652","1.4717","0.2323","","marin/go-to-church-106b73893a74fe57.mp3"
"cedar","go to church","go to church","","","2.064","0.06765746","0.60680586","0.414507","0.0532","1.8847","0.1793","","cedar/go-to-church-106b73893a74fe57.mp3"
"marin","go to school","go to school","","","1.8","0.07166563","0.38479292","0.557766","0.0771","1.3926","0.4074","","marin/go-to-school-0c1256c451ded393.mp3"
"cedar","go to school","go to school","","","1.968","0.06744382","0.5248273","0.50198","0.0578","1.6827","0.2853","","cedar/go-to-school-0c1256c451ded393.mp3"
"marin","go to work","go to work","","","1.152","0.0749055","0.46387723","0.486726","0.0576","0.9469","0.2051","","marin/go-to-work-99f96cd950b286d0.mp3"
"cedar","go to work","go to work","","","1.416","0.0725149","0.69976807","0.39395","0.0833","0.9304","0.4856","","cedar/go-to-work-99f96cd950b286d0.mp3"
"marin","go up","go up","","","1.32","0.07902833","0.50004774","0.40262","0.056","1.1226","0.1974","","marin/go-up-9a9b770dc19a995a.mp3"
"cedar","go up","go up","","","1.464","0.06476166","0.51061934","0.309625","0.3939","1.0868","0.3772","","cedar/go-up-9a9b770dc19a995a.mp3"
"marin","go with","go with","","","1.656","0.06754201","0.42016885","0.380951","0.0658","0.9337","0.7223","","marin/go-with-41c6aa080b97d62f.mp3"
"cedar","go with","go with","","","1.8","0.05896128","0.47875026","0.314757","0.1607","1.168","0.632","","cedar/go-with-41c6aa080b97d62f.mp3"
"marin","goal","goal","","","1.248","0.06417084","0.41922325","0.377771","0.3585","0.9196","0.3284","25","marin/goal-546c18d0062bb4d7.mp3"
"cedar","goal","goal","","","0.912","0.06848491","0.48412034","0.420185","0.0759","0.5877","0.3243","25","cedar/goal-546c18d0062bb4d7.mp3"
"marin","goat","goat","","","0.96","0.05661708","0.38606668","0.218663","0.1165","0.4969","0.4631","110","marin/goat-d4dc96b413bce5fe.mp3"
"cedar","goat","goat","","","0.912","0.04421382","0.37152237","0.28077","0.0821","0.573","0.339","110","cedar/goat-d4dc96b413bce5fe.mp3"
"marin","God bless you.","God bless you.","","","1.464","0.06183881","0.34131336","0.519439","0.314","1.2201","0.2439","","marin/god-bless-you-3fa442331c0c6e2b.mp3"
"cedar","God bless you.","God bless you.","","","1.968","0.07147863","0.58612186","0.451876","0.0541","1.4609","0.5071","","cedar/god-bless-you-3fa442331c0c6e2b.mp3"
"marin","God","God","","","1.104","0.06036413","0.60440159","0.230978","0.0856","0.4338","0.6703","2","marin/god-c6178f3c2f3bddcb.mp3"
"cedar","God","God","","","0.96","0.05620238","0.60828424","0.296745","0.1422","0.5563","0.4037","2","cedar/god-c6178f3c2f3bddcb.mp3"
"marin","gold","gold","","","1.152","0.06869894","0.55477673","0.333116","0.0645","0.6216","0.5304","50|51","marin/gold-3bb0ac0514ee5ab7.mp3"
"cedar","gold","gold","","","1.056","0.08097225","0.66243488","0.454979","0.07","0.6962","0.3598","50|51","cedar/gold-3bb0ac0514ee5ab7.mp3"
"marin","golden","golden","","","0.96","0.07850092","0.39506924","0.573698","0.0828","0.7217","0.2383","51","marin/golden-5ac03da17d7d5241.mp3"
"cedar","golden","golden","","","1.104","0.0863661","0.537579","0.438255","0.0572","0.6438","0.4602","51","cedar/golden-5ac03da17d7d5241.mp3"
"marin","golf","golf","","","1.248","0.04767382","0.60709679","0.193009","0.2224","0.7222","0.5258","52","marin/golf-0504e81dc054b9f7.mp3"
"cedar","golf","golf","","","2.4","0.06043294","0.93582237","0.108429","0.1022","0.5754","1.8246","52","cedar/golf-0504e81dc054b9f7.mp3"
"marin","good","good","","","1.056","0.05714294","0.38814095","0.346867","0.173","0.5919","0.4641","16","marin/good-106675dc1490d5cd.mp3"
"cedar","good","good","","","1.248","0.03672393","0.35275477","0.147336","0.4099","0.6661","0.5819","16","cedar/good-106675dc1490d5cd.mp3"
"marin","Good idea.","Good idea.","","","1.464","0.0669127","0.48292983","0.489384","0.0582","1.0913","0.3727","","marin/good-idea-5a7b569ca3db60d5.mp3"
"cedar","Good idea.","Good idea.","","","1.152","0.06998707","0.41591877","0.563278","0.0649","0.9557","0.1963","","cedar/good-idea-5a7b569ca3db60d5.mp3"
"marin","goodbye/bye","goodbye, or bye","","","2.304","0.08395271","0.49241668","0.469699","0.085","2.1282","0.1757","64|124","marin/goodbye-bye-d857fcd7c65b424c.mp3"
"cedar","goodbye/bye","goodbye, or bye","","","2.304","0.08180696","0.57795817","0.458261","0.0725","2.0618","0.2422","64|124","cedar/goodbye-bye-d857fcd7c65b424c.mp3"
"marin","goodness","goodness","","","0.96","0.05786223","0.33107018","0.455056","0.1605","0.6914","0.2686","12","marin/goodness-eeb82f57453524a3.mp3"
"cedar","goodness","goodness","","","1.416","0.04011211","0.38486317","0.331788","0.2368","0.8924","0.5236","12","cedar/goodness-eeb82f57453524a3.mp3"
"marin","goose","goose","","","1.656","0.05105034","0.3000465","0.23118","0.7523","1.227","0.429","40|110","marin/goose-1fbc02de3d979c27.mp3"
"cedar","goose","goose","","","1.056","0.04837005","0.36106065","0.32848","0.0718","0.5855","0.4705","40|110","cedar/goose-1fbc02de3d979c27.mp3"
"marin","goose egg","goose egg","","","1.8","0.06142948","0.44861582","0.359387","0.0798","0.9712","0.8288","","marin/goose-egg-0cb252e67923fd65.mp3"
"cedar","goose egg","goose egg","","","1.368","0.06958315","0.4657661","0.465537","0.0679","0.9926","0.3754","","cedar/goose-egg-0cb252e67923fd65.mp3"
"marin","government","government","","","1.248","0.04716384","0.43102244","0.303402","0.5643","1.0805","0.1675","89","marin/government-6e70a9872932e480.mp3"
"cedar","government","government","","","1.2","0.05068513","0.4495576","0.334115","0.2206","0.7831","0.4169","89","cedar/government-6e70a9872932e480.mp3"
"marin","grade","grade","","","1.056","0.06128762","0.43967304","0.352233","0.0729","0.5418","0.5142","79","marin/grade-a8e47556bc49bccd.mp3"
"cedar","grade","grade","","","1.2","0.05777253","0.53607059","0.327622","0.083","0.5894","0.6106","79","cedar/grade-a8e47556bc49bccd.mp3"
"marin","gram","gram","","","1.2","0.04963737","0.21706998","0.509722","0.1239","0.8426","0.3574","96","marin/gram-a2a949b56dfbada3.mp3"
"cedar","gram","gram","","","2.16","0.02788385","0.32820129","0.140394","0.3366","0.7591","1.4009","96","cedar/gram-a2a949b56dfbada3.mp3"
"marin","granddaughter","granddaughter","","","1.608","0.05803609","0.41126308","0.384264","0.079","0.8434","0.7646","26","marin/granddaughter-1a18921f828fcac4.mp3"
"cedar","granddaughter","granddaughter","","","1.248","0.07030811","0.50672251","0.521785","0.0586","0.856","0.392","26","cedar/granddaughter-1a18921f828fcac4.mp3"
"marin","grandfather","grandfather","","","3.168","0.04095812","0.31761783","0.274089","0.0637","1.1716","1.9964","26","marin/grandfather-309a0d382be75280.mp3"
"cedar","grandfather","grandfather","","","1.464","0.05723256","0.53394037","0.474584","0.0733","0.9587","0.5053","26","cedar/grandfather-309a0d382be75280.mp3"
"marin","grandmother","grandmother","","","1.248","0.06142821","0.33962157","0.544104","0.065","0.9463","0.3017","26","marin/grandmother-5066b29251988c38.mp3"
"cedar","grandmother","grandmother","","","1.464","0.05503016","0.46802631","0.508168","0.0497","0.9972","0.4667","26","cedar/grandmother-5066b29251988c38.mp3"
"marin","grandson","grandson","","","1.416","0.06685387","0.57319009","0.563898","0.0538","0.986","0.43","26","marin/grandson-f028d8bb424271f9.mp3"
"cedar","grandson","grandson","","","1.752","0.05055524","0.54614198","0.37217","0.0861","0.9388","0.8132","26","cedar/grandson-f028d8bb424271f9.mp3"
"marin","grape","grape","","","0.864","0.06156784","0.47164237","0.280165","0.0925","0.4905","0.3735","38","marin/grape-d6bcbf3130821910.mp3"
"cedar","grape","grape","","","0.96","0.04160727","0.44064891","0.293511","0.0662","0.5369","0.4231","38","cedar/grape-d6bcbf3130821910.mp3"
"marin","grass","grass","","","1.248","0.04553908","0.42482927","0.311415","0.2349","0.794","0.454","113","marin/grass-331f29d22b8733d0.mp3"
"cedar","grass","grass","","","1.32","0.048002","0.52090412","0.3131","0.0712","0.7358","0.5842","113","cedar/grass-331f29d22b8733d0.mp3"
"marin","gray","gray","","","1.104","0.04135459","0.25859696","0.302498","0.2849","0.7154","0.3886","51","marin/gray-45ad2d3c95167d43.mp3"
"cedar","gray","gray","","","1.008","0.0471677","0.39746395","0.443204","0.1338","0.7351","0.2729","51","cedar/gray-45ad2d3c95167d43.mp3"
"marin","great","great","","","1.368","0.02879845","0.35104138","0.144524","0.2265","0.6113","0.7567","16","marin/great-03770bb00e734f0d.mp3"
"cedar","great","great","","","1.608","0.0344297","0.51955616","0.12693","0.4422","0.8062","0.8018","16","cedar/great-03770bb00e734f0d.mp3"
"marin","greedy","greedy","","","1.32","0.05696388","0.32614404","0.318718","0.1044","0.5925","0.7275","13","marin/greedy-29802fbee58b9e35.mp3"
"cedar","greedy","greedy","","","1.056","0.05400535","0.30591062","0.461214","0.1995","0.7893","0.2667","13","cedar/greedy-29802fbee58b9e35.mp3"
"marin","green","green","","","1.368","0.04529941","0.21003841","0.327485","0.223","0.7555","0.6125","51","marin/green-068d48ea288a4f21.mp3"
"cedar","green","green","","","1.848","0.03572382","0.38690278","0.175809","0.2198","0.6308","1.2172","51","cedar/green-068d48ea288a4f21.mp3"
"marin","greet","greet","possible-tail-truncation","","1.104","0.05728247","0.41577408","0.318256","0.0533","1.0959","0.0081","64","marin/greet-d3d4ad10a32e6d76.mp3"
"cedar","greet","greet","","","0.912","0.03515832","0.35759512","0.209133","0.1833","0.5204","0.3916","64","cedar/greet-d3d4ad10a32e6d76.mp3"
"marin","ground","ground","","","1.104","0.05702509","0.47984639","0.51421","0.0774","0.7629","0.3411","","marin/ground-a730da9c405cef66.mp3"
"cedar","ground","ground","","","1.464","0.0387642","0.43507096","0.290286","0.2583","0.8215","0.6425","","cedar/ground-a730da9c405cef66.mp3"
"marin","group","group","","","1.2","0.04892228","0.34612083","0.315937","0.3449","0.9329","0.2671","100","marin/group-d5ffcfd21db4d419.mp3"
"cedar","group","group","","","0.912","0.05552967","0.43416676","0.315355","0.083","0.5514","0.3606","100","cedar/group-d5ffcfd21db4d419.mp3"
"marin","grow","grow","","","1.2","0.05816364","0.45314044","0.336146","0.0793","0.5829","0.6171","27","marin/grow-409b9602af40be78.mp3"
"cedar","grow","grow","","","0.864","0.05326598","0.49273783","0.311367","0.1284","0.5056","0.3584","27","cedar/grow-409b9602af40be78.mp3"
"marin","grow up","grow up","","","1.752","0.05659554","0.30772367","0.368412","0.1704","1.2781","0.4739","","marin/grow-up-405e339721e51aad.mp3"
"cedar","grow up","grow up","","","1.608","0.05193967","0.35195914","0.391493","0.0706","1.2135","0.3945","","cedar/grow-up-405e339721e51aad.mp3"
"marin","guard","guard","","","1.008","0.06731933","0.53175205","0.432312","0.081","0.6124","0.3956","62","marin/guard-c036167f99ac50ad.mp3"
"cedar","guard","guard","","","1.2","0.05800891","0.52278113","0.36776","0.0697","0.7587","0.4413","62","cedar/guard-c036167f99ac50ad.mp3"
"marin","guava","guava","","","1.92","0.04544176","0.38733554","0.242166","0.1415","0.7356","1.1844","38","marin/guava-97923d60076cbc1a.mp3"
"cedar","guava","guava","","","1.056","0.07398993","0.59441316","0.396721","0.0894","0.64","0.416","38","cedar/guava-97923d60076cbc1a.mp3"
"marin","guess","guess","","","0.768","0.06033873","0.57471663","0.502604","0.081","0.6032","0.1648","18","marin/guess-39d6b04812d497ef.mp3"
"cedar","guess","guess","","","1.104","0.0271412","0.29223064","0.218146","0.3556","0.7545","0.3495","18","cedar/guess-39d6b04812d497ef.mp3"
"marin","Guess what?","Guess what?","","","1.464","0.0573041","0.50036943","0.39145","0.0941","1.1847","0.2793","","marin/guess-what-347447b797f9d24a.mp3"
"cedar","Guess what?","Guess what?","","","1.248","0.05767939","0.56621218","0.438051","0.0639","0.8936","0.3544","","cedar/guess-what-347447b797f9d24a.mp3"
"marin","guest","guest","","","1.704","0.03330534","0.35267267","0.20524","0.2466","0.8469","0.8571","103","marin/guest-0ac29a59b98b4063.mp3"
"cedar","guest","guest","","","0.816","0.04611435","0.55212015","0.309896","0.1865","0.6064","0.2096","103","cedar/guest-0ac29a59b98b4063.mp3"
"marin","guide","guide","","","1.608","0.05194031","0.40663788","0.209538","0.0602","0.5137","1.0943","7","marin/guide-90c390ec1de806bf.mp3"
"cedar","guide","guide","","","1.152","0.04995169","0.68832964","0.299045","0.4839","0.9404","0.2116","7","cedar/guide-90c390ec1de806bf.mp3"
"marin","guitar","guitar","","","1.416","0.0455001","0.35560492","0.262344","0.4523","0.9633","0.4527","56","marin/guitar-2b84d4c3e6b56c42.mp3"
"cedar","guitar","guitar","","","1.104","0.05225339","0.47390866","0.327314","0.1613","0.6933","0.4107","56","cedar/guitar-2b84d4c3e6b56c42.mp3"
"marin","gun","gun","","","1.8","0.03905895","0.41128534","0.228785","0.0634","0.5525","1.2475","63","marin/gun-18f519ed26c2e665.mp3"
"cedar","gun","gun","","","1.32","0.04705422","0.54248667","0.268134","0.5669","0.9712","0.3488","63","cedar/gun-18f519ed26c2e665.mp3"
"marin","guy","guy","","","0.816","0.06539638","0.52230221","0.487107","0.0705","0.5894","0.2266","1","marin/guy-3987b23e41b2d729.mp3"
"cedar","guy","guy","","","1.104","0.06533194","0.80974686","0.276853","0.0643","0.4766","0.6274","1","cedar/guy-3987b23e41b2d729.mp3"
"marin","gym","gym","","","1.2","0.0536674","0.26354474","0.366146","0.5144","0.999","0.201","74","marin/gym-8b9e1c583550bea0.mp3"
"cedar","gym","gym","","","0.816","0.05507293","0.40615457","0.440819","0.0791","0.573","0.243","74","cedar/gym-8b9e1c583550bea0.mp3"
"marin","habit","habit","","","0.96","0.05052557","0.60844582","0.350326","0.0624","0.6053","0.3547","25","marin/habit-626bf4ba8cde3c29.mp3"
"cedar","habit","habit","","","0.96","0.03458802","0.4552021","0.273676","0.223","0.723","0.237","25","cedar/habit-626bf4ba8cde3c29.mp3"
"marin","had better","had better","","","1.464","0.05683532","0.47187921","0.438027","0.1198","1.1891","0.2749","","marin/had-better-0e642f6367aa9c0b.mp3"
"cedar","had better","had better","","","1.848","0.04929576","0.61725205","0.348113","0.0672","0.9916","0.8564","","cedar/had-better-0e642f6367aa9c0b.mp3"
"marin","had","had","","","1.416","0.02930061","0.47511649","0.183469","0.1745","0.5967","0.8193","122","marin/had-ccd91f04f27038e9.mp3"
"cedar","had","had","","","0.864","0.04983064","0.61064297","0.343485","0.0754","0.5452","0.3188","122","cedar/had-ccd91f04f27038e9.mp3"
"marin","hair dresser","hair dresser","","","1.2","0.05588189","0.36351508","0.595521","0.0636","0.9789","0.2211","7","marin/hair-dresser-e698e9fe76827b20.mp3"
"cedar","hair dresser","hair dresser","","","1.104","0.0693453","0.57016635","0.580805","0.1052","0.9836","0.1204","7","cedar/hair-dresser-e698e9fe76827b20.mp3"
"marin","hair","hair","","","1.056","0.04325877","0.27465069","0.354759","0.1077","0.6347","0.4213","19","marin/hair-f1fa611711547629.mp3"
"cedar","hair","hair","","","0.96","0.04470061","0.40209347","0.235178","0.2578","0.6124","0.3476","19","cedar/hair-f1fa611711547629.mp3"
"marin","half","half","","","0.912","0.04266206","0.46422338","0.342448","0.1629","0.695","0.217","98","marin/half-741cda0b2efdfdda.mp3"
"cedar","half","half","","","1.752","0.02883715","0.46831816","0.114821","0.1925","0.5904","1.1616","98","cedar/half-741cda0b2efdfdda.mp3"
"marin","Halloween","Halloween","","","2.208","0.05876023","0.45497108","0.380388","0.0623","1.0212","1.1868","","marin/halloween-4311ddc1adfe037d.mp3"
"cedar","Halloween","Halloween","","","1.104","0.07684778","0.51487279","0.625057","0.0629","0.8681","0.2359","","cedar/halloween-4311ddc1adfe037d.mp3"
"marin","ham","ham","","","1.056","0.04482593","0.30457968","0.359789","0.1653","0.6624","0.3936","41","marin/ham-89a93d620ac3b3db.mp3"
"cedar","ham","ham","","","1.32","0.03946097","0.55172545","0.281313","0.2153","0.7021","0.6179","41","cedar/ham-89a93d620ac3b3db.mp3"
"marin","hamburger","hamburger","","","1.248","0.06115096","0.29972997","0.535958","0.1153","0.9616","0.2864","43","marin/hamburger-8cec6a9cb8cb1941.mp3"
"cedar","hamburger","hamburger","","","1.848","0.0405442","0.49942684","0.245784","0.4296","1.0414","0.8066","43","cedar/hamburger-8cec6a9cb8cb1941.mp3"
"marin","hammer","hammer","","","0.768","0.05283129","0.3530196","0.392931","0.1521","0.5427","0.2253","71","marin/hammer-0a9670803b828310.mp3"
"cedar","hammer","hammer","","","0.912","0.04247642","0.42859933","0.350717","0.1907","0.6203","0.2917","71","cedar/hammer-0a9670803b828310.mp3"
"marin","hand","hand","","","1.104","0.06265495","0.31479871","0.370094","0.2582","0.7567","0.3473","20|81","marin/hand-fad6926e5d29328d.mp3"
"cedar","hand","hand","","","2.016","0.0332064","0.440258","0.172784","0.0907","0.5845","1.4315","20|81","cedar/hand-fad6926e5d29328d.mp3"
"marin","hand in","hand in","","","1.968","0.06007655","0.37926465","0.339727","0.0907","1.0634","0.9046","81","marin/hand-in-6a8eb7b0ce6ba53a.mp3"
"cedar","hand in","hand in","","","1.608","0.0540465","0.42797992","0.442527","0.126","1.3555","0.2525","81","cedar/hand-in-6a8eb7b0ce6ba53a.mp3"
"marin","handkerchief","handkerchief","","","1.464","0.05037216","0.33829504","0.309455","0.1015","0.8984","0.5656","49","marin/handkerchief-96b11905e32e979b.mp3"
"cedar","handkerchief","handkerchief","","","1.92","0.05274939","0.60262817","0.345757","0.0818","1.0943","0.8257","49","cedar/handkerchief-96b11905e32e979b.mp3"
"marin","handle","handle","","","1.152","0.04345554","0.23767853","0.274685","0.2955","0.6921","0.4599","10","marin/handle-03040a76508a0a91.mp3"
"cedar","handle","handle","","","1.104","0.05217069","0.45092016","0.424951","0.1306","0.7589","0.3451","10","cedar/handle-03040a76508a0a91.mp3"
"marin","handsome","handsome","","","1.104","0.05004094","0.25714329","0.49783","0.1624","0.832","0.272","11","marin/handsome-01ed999159d3d3d5.mp3"
"cedar","handsome","handsome","","","1.56","0.04132022","0.53633022","0.31063","0.1637","0.8003","0.7597","11","cedar/handsome-01ed999159d3d3d5.mp3"
"marin","hang","hang","","","1.2","0.04947838","0.37262291","0.400972","0.1013","0.6611","0.5389","102","marin/hang-4a5fa818335dd72f.mp3"
"cedar","hang","hang","","","1.512","0.03386299","0.5016883","0.216669","0.5409","0.955","0.557","102","cedar/hang-4a5fa818335dd72f.mp3"
"marin","hang on","hang on","","","1.368","0.06744747","0.32304886","0.582907","0.0653","1.0967","0.2713","","marin/hang-on-fa409dcb8bb33975.mp3"
"cedar","hang on","hang on","","","1.2","0.05541785","0.46421295","0.412743","0.0654","0.6997","0.5003","","cedar/hang-on-fa409dcb8bb33975.mp3"
"marin","hang... out","hang something out.","","","1.92","0.05841495","0.39945424","0.512923","0.0624","1.5044","0.4156","","marin/hang-out-170df941a729951b.mp3"
"cedar","hang... out","hang something out.","","","1.968","0.06460833","0.6438151","0.425347","0.071","1.4462","0.5218","","cedar/hang-out-170df941a729951b.mp3"
"marin","hang out","hang out","","","1.608","0.05552738","0.39003843","0.34169","0.0784","0.8969","0.7111","","marin/hang-out-2dc97d5cfc500174.mp3"
"cedar","hang out","hang out","","","1.2","0.04891302","0.47018173","0.433333","0.0701","0.8401","0.3599","","cedar/hang-out-2dc97d5cfc500174.mp3"
"marin","hang up","hang up","","","1.368","0.05442446","0.31363043","0.318683","0.254","0.9628","0.4052","","marin/hang-up-378451210f60dae1.mp3"
"cedar","hang up","hang up","","","1.2","0.05193061","0.51481837","0.382483","0.1129","1.0063","0.1937","","cedar/hang-up-378451210f60dae1.mp3"
"marin","hanger","hanger","","","1.656","0.04730117","0.39119756","0.260505","0.1356","0.6485","1.0075","69","marin/hanger-435704a29606d855.mp3"
"cedar","hanger","hanger","","","1.56","0.04033199","0.55656302","0.231116","0.1087","0.5871","0.9729","69","cedar/hanger-435704a29606d855.mp3"
"marin","happen","happen","","","1.56","0.03756595","0.37460098","0.229394","0.3753","0.8974","0.6626","95","marin/happen-b4e816644b6f31dd.mp3"
"cedar","happen","happen","","","1.008","0.04400771","0.84407926","0.296627","0.1739","0.6451","0.3629","95","cedar/happen-b4e816644b6f31dd.mp3"
"marin","happy","happy","","","0.864","0.05785307","0.70703679","0.215639","0.0772","0.4213","0.4427","15","marin/happy-00cff7af4265b66d.mp3"
"cedar","happy","happy","","","1.368","0.03048031","0.48793295","0.159768","0.6102","0.9881","0.3799","15","cedar/happy-00cff7af4265b66d.mp3"
"marin","hard","hard","","","0.912","0.07040205","0.56301576","0.419088","0.0695","0.543","0.369","116","marin/hard-87e434e018d14e94.mp3"
"cedar","hard","hard","","","1.416","0.05849105","0.55529141","0.225415","0.7955","1.2799","0.1361","116","cedar/hard-87e434e018d14e94.mp3"
"marin","hard-working","hard-working","","","1.512","0.05230845","0.33674204","0.346781","0.3588","1.0422","0.4698","13","marin/hard-working-a9212a9457d5a335.mp3"
"cedar","hard-working","hard-working","","","1.704","0.06936342","0.57343435","0.427389","0.0635","1.2038","0.5002","13","cedar/hard-working-a9212a9457d5a335.mp3"
"marin","hardly","hardly","","","0.912","0.07353755","0.58712208","0.462719","0.0521","0.5934","0.3186","119","marin/hardly-fbf539abc48a4dc0.mp3"
"cedar","hardly","hardly","","","1.2","0.06021579","0.51708359","0.320677","0.07","0.6248","0.5752","119","cedar/hardly-fbf539abc48a4dc0.mp3"
"marin","has","has","","","1.104","0.03933644","0.35202405","0.349921","0.2796","0.8187","0.2853","122","marin/has-81b13962a2e0f2b6.mp3"
"cedar","has","has","","","0.864","0.05790342","0.83981675","0.371648","0.1504","0.6358","0.2282","122","cedar/has-81b13962a2e0f2b6.mp3"
"marin","hat","hat","","","0.864","0.05342053","0.77782255","0.196687","0.0624","0.4217","0.4423","49","marin/hat-dd1b91a11b1a5d06.mp3"
"cedar","hat","hat","","","1.008","0.02242962","0.35603008","0.156932","0.3258","0.7214","0.2866","49","cedar/hat-dd1b91a11b1a5d06.mp3"
"marin","hate","hate","","","1.32","0.03530316","0.32929084","0.139015","0.2955","0.673","0.647","18","marin/hate-36df87b5d58f949c.mp3"
"cedar","hate","hate","","","1.056","0.04200209","0.4020943","0.195904","0.2132","0.5629","0.4931","18","cedar/hate-36df87b5d58f949c.mp3"
"marin","have","have","","","1.968","0.03971952","0.47453761","0.20936","0.4504","1.0464","0.9216","103|122","marin/have-898153d680ccb77d.mp3"
"cedar","have","have","","","1.104","0.04360657","0.61128312","0.327691","0.0814","0.6129","0.4911","103|122","cedar/have-898153d680ccb77d.mp3"
"marin","have a bad cough","have a bad cough","","","3.12","0.0603264","0.50545782","0.387093","0.0701","1.7026","1.4174","","marin/have-a-bad-cough-0fefb8cbcef9167a.mp3"
"cedar","have a bad cough","have a bad cough","","","2.016","0.06149714","0.70394725","0.462302","0.0653","1.4066","0.6094","","cedar/have-a-bad-cough-0fefb8cbcef9167a.mp3"
"marin","have a big dinner","have a big dinner","","","2.112","0.074734","0.52791953","0.47745","0.0521","1.5902","0.5218","","marin/have-a-big-dinner-3387104585b72cc4.mp3"
"cedar","have a big dinner","have a big dinner","","","1.752","0.05524248","0.40739533","0.500238","0.2544","1.3866","0.3654","","cedar/have-a-big-dinner-3387104585b72cc4.mp3"
"marin","have a good time","have a good time","","","2.016","0.05066803","0.2410851","0.493727","0.2753","1.6015","0.4145","","marin/have-a-good-time-3af9ca816a600c24.mp3"
"cedar","have a good time","have a good time","","","1.752","0.0550756","0.57390428","0.489702","0.0701","1.241","0.511","","cedar/have-a-good-time-3af9ca816a600c24.mp3"
"marin","have a runny nose","have a runny nose","","","2.616","0.07558291","0.50522298","0.545338","0.069","1.9129","0.7031","","marin/have-a-runny-nose-8f0767e65b41feb4.mp3"
"cedar","have a runny nose","have a runny nose","","","2.664","0.05844429","0.61300993","0.419857","0.0701","1.498","1.166","","cedar/have-a-runny-nose-8f0767e65b41feb4.mp3"
"marin","have a sale","have a sale","","","1.656","0.05915474","0.60649312","0.379466","0.0592","0.8371","0.8189","","marin/have-a-sale-92df44b3f29ab86f.mp3"
"cedar","have a sale","have a sale","","","2.016","0.05511061","0.58508587","0.462457","0.1153","1.312","0.704","","cedar/have-a-sale-92df44b3f29ab86f.mp3"
"marin","have a sweet tooth","have a sweet tooth","","","2.256","0.0581422","0.415501","0.492058","0.0783","1.8137","0.4423","","marin/have-a-sweet-tooth-02c1a1a9bf9e6cdb.mp3"
"cedar","have a sweet tooth","have a sweet tooth","","","2.016","0.05286618","0.71907324","0.426081","0.071","1.4081","0.6079","","cedar/have-a-sweet-tooth-02c1a1a9bf9e6cdb.mp3"
"marin","have a test","have a test","","","1.656","0.05492127","0.57885045","0.460698","0.0704","1.3704","0.2856","","marin/have-a-test-8c76432a3033f784.mp3"
"cedar","have a test","have a test","","","1.512","0.05345107","0.75624114","0.423708","0.0603","1.1242","0.3878","","cedar/have-a-test-8c76432a3033f784.mp3"
"marin","have an interest in","have an interest in","","","2.016","0.0662748","0.62061614","0.518136","0.0624","1.4571","0.5589","","marin/have-an-interest-in-066822cff5c36fb5.mp3"
"cedar","have an interest in","have an interest in","","","2.448","0.05875066","0.74846405","0.47178","0.0661","1.6786","0.7694","","cedar/have-an-interest-in-066822cff5c36fb5.mp3"
"marin","have butterflies in one's stomach","have butterflies in one's stomach","","","3.12","0.06846964","0.41542426","0.508413","0.0635","2.4212","0.6988","","marin/have-butterflies-in-ones-stomach-7d21cbfc1930f482.mp3"
"cedar","have butterflies in one's stomach","have butterflies in one's stomach","","","3.168","0.06650872","0.59627116","0.495864","0.071","2.7809","0.3871","","cedar/have-butterflies-in-ones-stomach-7d21cbfc1930f482.mp3"
"marin","have / go on a picnic","have a picnic. Or, go on a picnic.","","","3.456","0.06759063","0.61655396","0.395894","0.0521","2.9091","0.5469","","marin/have-go-on-a-picnic-5b1ed0d32b4d892f.mp3"
"cedar","have / go on a picnic","have a picnic. Or, go on a picnic.","","","3.864","0.07232606","0.72030431","0.402476","0.069","3.5467","0.3173","","cedar/have-go-on-a-picnic-5b1ed0d32b4d892f.mp3"
"marin","have / had to","have to. Or, had to.","","","2.52","0.06300864","0.50690401","0.450165","0.1103","2.3339","0.1861","","marin/have-had-to-6967771d9d39ae78.mp3"
"cedar","have / had to","have to. Or, had to.","","","3.216","0.05082826","0.57861859","0.376082","0.1292","2.8861","0.3299","","cedar/have-had-to-6967771d9d39ae78.mp3"
"marin","have / hold a party","have a party. Or, hold a party.","","","3.168","0.07184083","0.44177455","0.49082","0.0701","3.0461","0.1219","","marin/have-hold-a-party-f28bd7c64649f3fc.mp3"
"cedar","have / hold a party","have a party. Or, hold a party.","","","3.408","0.06879079","0.62874109","0.405284","0.0704","2.8642","0.5438","","cedar/have-hold-a-party-f28bd7c64649f3fc.mp3"
"marin","have no idea","have no idea","","","1.848","0.05911632","0.47252315","0.471422","0.0783","1.1433","0.7047","","marin/have-no-idea-6f1de8a7e2b821ba.mp3"
"cedar","have no idea","have no idea","","","1.512","0.06519468","0.65326089","0.557333","0.0653","1.1087","0.4033","","cedar/have-no-idea-6f1de8a7e2b821ba.mp3"
"marin","have problems + with N / (in) V-ing","have problems with something. Or, have problems doing something.","","","6.12","0.07731326","0.47794673","0.570101","0.0634","5.9152","0.2048","","marin/have-problems-with-n-in-v-ing-8b10f2c4b9177317.mp3"
"cedar","have problems + with N / (in) V-ing","have problems with something. Or, have problems doing something.","","","4.704","0.07318691","0.76299703","0.540719","0.069","4.471","0.233","","cedar/have-problems-with-n-in-v-ing-8b10f2c4b9177317.mp3"
"marin","have / take a seat","have a seat. Or, take a seat.","","","2.952","0.05237946","0.47759664","0.414204","0.0653","2.6712","0.2808","","marin/have-take-a-seat-ba9811012d370a97.mp3"
"cedar","have / take a seat","have a seat. Or, take a seat.","","","2.808","0.07263304","0.89096308","0.400812","0.0797","2.5097","0.2983","","cedar/have-take-a-seat-ba9811012d370a97.mp3"
"marin","he","he","","","0.912","0.0423357","0.2424176","0.371573","0.1605","0.6216","0.2904","126","marin/he-cac29d00a8721e48.mp3"
"cedar","he","he","","","0.912","0.03581914","0.27983382","0.210275","0.2007","0.4871","0.4249","126","cedar/he-cac29d00a8721e48.mp3"
"marin","head","head","","","1.248","0.04011369","0.40867612","0.19608","0.6152","0.9601","0.2879","19","marin/head-8944e854e3f44472.mp3"
"cedar","head","head","","","0.648","0.05232153","0.48851928","0.297614","0.0885","0.3859","0.2621","19","cedar/head-8944e854e3f44472.mp3"
"marin","headache","headache","","","1.416","0.04884278","0.3626765","0.233654","0.3279","0.8825","0.5335","23","marin/headache-cd7af11b6425b2dd.mp3"
"cedar","headache","headache","","","0.912","0.04664275","0.52218121","0.255734","0.0797","0.5181","0.3939","23","cedar/headache-cd7af11b6425b2dd.mp3"
"marin","health","health","","","0.96","0.06436254","0.72967273","0.241536","0.0653","0.5451","0.4149","21","marin/health-85c2468dd602520d.mp3"
"cedar","health","health","","","1.104","0.0425897","0.54136634","0.217071","0.123","0.6078","0.4962","21","cedar/health-85c2468dd602520d.mp3"
"marin","healthy","healthy","","","1.248","0.03604254","0.38878509","0.263371","0.3296","0.8126","0.4354","21","marin/healthy-63745aef95742025.mp3"
"cedar","healthy","healthy","","","1.248","0.04685987","0.53333139","0.203359","0.0684","0.4835","0.7645","21","cedar/healthy-63745aef95742025.mp3"
"marin","hear","hear","","","0.72","0.05297357","0.36107618","0.43015","0.1585","0.5515","0.1685","19","marin/hear-9f9f219f87e18d60.mp3"
"cedar","hear","hear","","","1.752","0.0325075","0.36010674","0.121742","0.7144","1.0402","0.7118","19","cedar/hear-9f9f219f87e18d60.mp3"
"marin","hear of / from","hear of someone. Or, hear from someone.","","","3","0.08136035","0.45002165","0.655972","0.0731","2.7537","0.2463","","marin/hear-of-from-e212087881cd0bbc.mp3"
"cedar","hear of / from","hear of someone. Or, hear from someone.","","","4.464","0.06688111","0.56072575","0.452892","0.0735","4.29","0.174","","cedar/hear-of-from-e212087881cd0bbc.mp3"
"marin","heart","heart","","","1.152","0.03773473","0.46940666","0.19014","0.1624","0.6053","0.5467","20","marin/heart-3b82f13c97e66a3d.mp3"
"cedar","heart","heart","","","0.912","0.03905916","0.43593267","0.183502","0.1857","0.587","0.325","20","cedar/heart-3b82f13c97e66a3d.mp3"
"marin","heat","heat","","","2.304","0.02676677","0.31226295","0.098226","0.9202","1.3638","0.9402","45|105","marin/heat-bc72b30810ddfd0f.mp3"
"cedar","heat","heat","","","1.464","0.02549094","0.26741201","0.132556","0.2603","0.6562","0.8078","45|105","cedar/heat-bc72b30810ddfd0f.mp3"
"marin","heater","heater","","","0.816","0.06388626","0.33991706","0.413577","0.0521","0.4991","0.3169","69","marin/heater-351611707fb82c15.mp3"
"cedar","heater","heater","","","1.416","0.03523983","0.38551497","0.171934","0.6936","1.0799","0.3361","69","cedar/heater-351611707fb82c15.mp3"
"marin","heavy","heavy","","","1.104","0.04006612","0.23282094","0.357526","0.121","0.6363","0.4677","11","marin/heavy-65570a696430e5b0.mp3"
"cedar","heavy","heavy","","","1.704","0.03826174","0.42667395","0.237395","0.3608","0.8967","0.8073","11","cedar/heavy-65570a696430e5b0.mp3"
"marin","height","height","","","1.32","0.03377382","0.29935992","0.182307","0.3003","0.736","0.584","97","marin/height-99f8890aefcb0216.mp3"
"cedar","height","height","","","0.816","0.03967234","0.50980866","0.252911","0.1191","0.4815","0.3345","97","cedar/height-99f8890aefcb0216.mp3"
"marin","helicopter","helicopter","","","1.368","0.05372057","0.46847314","0.310703","0.065","0.7388","0.6293","92","marin/helicopter-bb311024de03add7.mp3"
"cedar","helicopter","helicopter","","","1.32","0.05508237","0.70921648","0.367519","0.089","0.8631","0.4569","92","cedar/helicopter-bb311024de03add7.mp3"
"marin","hello","hello","","","1.056","0.05256577","0.30839735","0.351839","0.1089","0.5575","0.4985","64|124","marin/hello-5891b5b522d5df08.mp3"
"cedar","hello","hello","","","0.96","0.06197471","0.49853987","0.407682","0.1981","0.6773","0.2827","64|124","cedar/hello-5891b5b522d5df08.mp3"
"marin","help","help","","","0.864","0.04416562","0.31648928","0.389564","0.2152","0.7632","0.1008","95","marin/help-41ae84877dd3ce34.mp3"
"cedar","help","help","","","1.152","0.02807863","0.34427696","0.127622","0.3701","0.6838","0.4682","95","cedar/help-41ae84877dd3ce34.mp3"
"marin","help someone with something","help someone with something","","","2.448","0.06556081","0.45367679","0.412003","0.0885","1.8738","0.5742","","marin/help-someone-with-something-69a3659210bab037.mp3"
"cedar","help someone with something","help someone with something","","","2.304","0.07078265","0.60848743","0.512334","0.0823","1.8952","0.4088","","cedar/help-someone-with-something-69a3659210bab037.mp3"
"marin","helpful","helpful","","","1.32","0.05410733","0.43139216","0.324463","0.0707","0.7257","0.5943","","marin/helpful-33cee256b34c25cb.mp3"
"cedar","helpful","helpful","","","2.112","0.02464203","0.42002439","0.11558","0.564","0.9917","1.1203","","cedar/helpful-33cee256b34c25cb.mp3"
"marin","hen","hen","","","1.152","0.03707657","0.46247998","0.334491","0.1151","0.589","0.563","110","marin/hen-9fdcd8ffb5392343.mp3"
"cedar","hen","hen","","","1.008","0.04581046","0.46582156","0.354642","0.1251","0.5912","0.4168","110","cedar/hen-9fdcd8ffb5392343.mp3"
"marin","her","her","","","1.32","0.04113938","0.33386892","0.201278","0.2013","0.5914","0.7286","125|126","marin/her-8d796bccb2542ec3.mp3"
"cedar","her","her","","","1.056","0.04570566","0.58336979","0.19261","0.1729","0.464","0.592","125|126","cedar/her-8d796bccb2542ec3.mp3"
"marin","here","here","","","0.912","0.03972074","0.26195419","0.347999","0.2756","0.7169","0.1951","","marin/here-c6006557cc52f5dd.mp3"
"cedar","here","here","","","1.368","0.0345985","0.34598798","0.194338","0.5806","0.9672","0.4008","","cedar/here-c6006557cc52f5dd.mp3"
"marin","hero","hero","","","1.104","0.05199365","0.32950121","0.396437","0.3748","0.9292","0.1748","62","marin/hero-37a124fc348ffca0.mp3"
"cedar","hero","hero","","","1.464","0.0496413","0.47045487","0.294427","0.5768","1.153","0.311","62","cedar/hero-37a124fc348ffca0.mp3"
"marin","hers","hers","","","0.912","0.05166654","0.23256783","0.469481","0.1088","0.6845","0.2275","126","marin/hers-5a792d6d3d2cc8ac.mp3"
"cedar","hers","hers","","","1.464","0.0437479","0.35881603","0.229423","0.3528","0.8348","0.6292","126","cedar/hers-5a792d6d3d2cc8ac.mp3"
"marin","herself","herself","","","1.056","0.05139748","0.34225741","0.353437","0.0688","0.6821","0.3739","126","marin/herself-52dc5b0b1117757e.mp3"
"cedar","herself","herself","","","1.008","0.04760756","0.48487422","0.291584","0.3236","0.7442","0.2638","126","cedar/herself-52dc5b0b1117757e.mp3"
"marin","hey","hey","","","1.32","0.04214917","0.37710172","0.193576","0.5148","0.8419","0.4781","64|124","marin/hey-4e955fea0268518c.mp3"
"cedar","hey","hey","","","0.864","0.04501181","0.43448773","0.250145","0.1385","0.4266","0.4374","64|124","cedar/hey-4e955fea0268518c.mp3"
"marin","hi","hi","","","1.704","0.06502501","0.52530056","0.192415","1.1291","1.5419","0.1621","64|124","marin/hi-98ea6e4f216f2fb4.mp3"
"cedar","hi","hi","","","0.96","0.06456758","0.70916075","0.290299","0.0749","0.4678","0.4922","64|124","cedar/hi-98ea6e4f216f2fb4.mp3"
"marin","hide","hide","","","1.32","0.04475934","0.32465297","0.321891","0.3438","0.9301","0.3899","87","marin/hide-992b89c9dbad8a0e.mp3"
"cedar","hide","hide","","","1.2","0.04649367","0.49729812","0.277101","0.1702","0.6562","0.5438","87","cedar/hide-992b89c9dbad8a0e.mp3"
"marin","high","high","","","1.248","0.06470092","0.45664817","0.327524","0.3623","0.8805","0.3675","97","marin/high-0df539b40f21695d.mp3"
"cedar","high","high","","","1.704","0.04945097","0.45841551","0.209788","0.7316","1.1894","0.5146","97","cedar/high-0df539b40f21695d.mp3"
"marin","highway","highway","","","1.104","0.05788105","0.40112072","0.45254","0.069","0.6857","0.4183","93","marin/highway-b09bc390e141b141.mp3"
"cedar","highway","highway","","","1.248","0.05760981","0.47394365","0.510116","0.0623","0.8917","0.3563","93","cedar/highway-b09bc390e141b141.mp3"
"marin","hike","hike","","","0.96","0.04784144","0.54405993","0.185178","0.0907","0.4806","0.4794","53","marin/hike-f6b5dd23a45213c9.mp3"
"cedar","hike","hike","","","0.912","0.03557251","0.45556989","0.209681","0.1092","0.5847","0.3273","53","cedar/hike-f6b5dd23a45213c9.mp3"
"marin","hill","hill","","","1.464","0.04929333","0.35153866","0.208376","0.5608","0.9168","0.5472","108","marin/hill-c4f38cac191cf72a.mp3"
"cedar","hill","hill","","","1.008","0.05132343","0.41001147","0.293981","0.1538","0.5856","0.4224","108","cedar/hill-c4f38cac191cf72a.mp3"
"marin","him","him","","","1.152","0.04571969","0.3239502","0.31883","0.1245","0.5682","0.5838","126","marin/him-5ba4df1c3c8f32fe.mp3"
"cedar","him","him","","","1.008","0.03019523","0.28677744","0.239728","0.3385","0.6532","0.3548","126","cedar/him-5ba4df1c3c8f32fe.mp3"
"marin","himself","himself","","","1.368","0.0519754","0.32985428","0.313642","0.0735","0.7408","0.6273","126","marin/himself-7dfa29294ec3b16a.mp3"
"cedar","himself","himself","","","1.752","0.04337037","0.65829325","0.261748","0.4875","1.2193","0.5327","126","cedar/himself-7dfa29294ec3b16a.mp3"
"marin","hip","hip","","","1.32","0.03717773","0.4047347","0.099842","0.4347","0.7546","0.5654","20","marin/hip-f0b2516365f89fc4.mp3"
"cedar","hip","hip","","","1.464","0.02851369","0.36022347","0.089168","0.1357","0.4457","1.0183","20","cedar/hip-f0b2516365f89fc4.mp3"
"marin","hippo","hippo","","","0.648","0.04734935","0.30329475","0.308738","0.1234","0.4784","0.1696","111","marin/hippo-2246a6ef7b7ee172.mp3"
"cedar","hippo","hippo","","","1.008","0.0523863","0.50061065","0.286252","0.1552","0.5749","0.4331","111","cedar/hippo-2246a6ef7b7ee172.mp3"
"marin","hire","hire","","","0.96","0.06004629","0.42422619","0.458811","0.1519","0.6937","0.2663","8","marin/hire-7a8f35bd991336cf.mp3"
"cedar","hire","hire","","","1.152","0.05354654","0.67511046","0.255389","0.4052","0.8632","0.2888","8","cedar/hire-7a8f35bd991336cf.mp3"
"marin","his","his","","","1.464","0.06598477","0.61130804","0.223716","0.0653","0.4855","0.9785","125|126","marin/his-bcab0cf495720a34.mp3"
"cedar","his","his","","","0.864","0.04252444","0.34531453","0.31455","0.2323","0.6745","0.1895","125|126","cedar/his-bcab0cf495720a34.mp3"
"marin","history","history","","","1.752","0.04471903","0.36427253","0.273319","0.1796","0.8246","0.9274","76","marin/history-834e1cc36168f216.mp3"
"cedar","history","history","","","1.152","0.04879903","0.39574674","0.339844","0.1302","0.6893","0.4627","76","cedar/history-834e1cc36168f216.mp3"
"marin","hit","hit","","","0.864","0.03892373","0.34040082","0.188585","0.1651","0.5167","0.3473","59|95","marin/hit-74a02f560cc1d8e0.mp3"
"cedar","hit","hit","","","0.864","0.04270848","0.38517231","0.193528","0.3296","0.6469","0.2171","59|95","cedar/hit-74a02f560cc1d8e0.mp3"
"marin","hobby","hobby","","","0.912","0.06691902","0.51987499","0.337605","0.0788","0.5193","0.3927","55","marin/hobby-cfb94c35dbb25ebf.mp3"
"cedar","hobby","hobby","","","1.008","0.03932741","0.44055524","0.268415","0.126","0.5108","0.4972","55","cedar/hobby-cfb94c35dbb25ebf.mp3"
"marin","hold","hold","","","1.608","0.0411855","0.3988955","0.173326","0.3172","0.734","0.874","114","marin/hold-9027fe13bf6841cb.mp3"
"cedar","hold","hold","","","1.152","0.05769997","0.43263161","0.301233","0.271","0.7356","0.4164","114","cedar/hold-9027fe13bf6841cb.mp3"
"marin","holiday","holiday","","","0.96","0.08105305","0.47869852","0.553885","0.0695","0.737","0.223","101","marin/holiday-356ae214c30fc399.mp3"
"cedar","holiday","holiday","","","1.056","0.05867242","0.4263081","0.35539","0.3588","0.8595","0.1965","101","cedar/holiday-356ae214c30fc399.mp3"
"marin","home","home","","","0.96","0.05108959","0.38351595","0.415299","0.1698","0.6524","0.3076","67","marin/home-9a3e246041d3c27d.mp3"
"cedar","home","home","","","0.912","0.04648139","0.48598975","0.30286","0.1755","0.5877","0.3243","67","cedar/home-9a3e246041d3c27d.mp3"
"marin","homesick","homesick","","","1.056","0.05854749","0.36838675","0.408894","0.0695","0.7742","0.2818","15","marin/homesick-9523ed586310b156.mp3"
"cedar","homesick","homesick","","","1.008","0.07483366","0.57928085","0.416377","0.071","0.6841","0.3239","15","cedar/homesick-9523ed586310b156.mp3"
"marin","homework","homework","","","1.008","0.07097385","0.57746047","0.375455","0.069","0.6487","0.3593","79","marin/homework-c6fe25377256fa9d.mp3"
"cedar","homework","homework","","","1.416","0.04022488","0.33271861","0.264036","0.1732","0.7969","0.6191","79","cedar/homework-c6fe25377256fa9d.mp3"
"marin","honest","honest","","","1.248","0.07069504","0.47151005","0.317174","0.0571","0.5885","0.6595","13","marin/honest-00249c9ae9fff21d.mp3"
"cedar","honest","honest","","","1.56","0.03825901","0.50338155","0.211271","0.2016","0.6885","0.8715","13","cedar/honest-00249c9ae9fff21d.mp3"
"marin","honesty","honesty","","","1.248","0.0548773","0.28100261","0.373915","0.5126","1.0913","0.1567","13","marin/honesty-c2e73496e1d915d0.mp3"
"cedar","honesty","honesty","","","1.056","0.06404417","0.63932294","0.324002","0.1291","0.6012","0.4548","13","cedar/honesty-c2e73496e1d915d0.mp3"
"marin","honey","honey","","","0.912","0.06684026","0.51092166","0.368558","0.0676","0.4798","0.4322","44","marin/honey-880642b7a0bd163c.mp3"
"cedar","honey","honey","","","0.96","0.03805828","0.3967742","0.234874","0.3425","0.6907","0.2693","44","cedar/honey-880642b7a0bd163c.mp3"
"marin","hop","hop","","","0.912","0.05470732","0.44068307","0.205889","0.075","0.4247","0.4873","58","marin/hop-b119a95a6d048078.mp3"
"cedar","hop","hop","","","1.32","0.03428812","0.42464632","0.159549","0.1624","0.5834","0.7366","58","cedar/hop-b119a95a6d048078.mp3"
"marin","hope","hope","","","0.72","0.05691587","0.38452983","0.305382","0.0635","0.4351","0.2849","90","marin/hope-1b98c0c9d2e1eee7.mp3"
"cedar","hope","hope","","","1.152","0.03674332","0.542907","0.134115","0.2104","0.535","0.617","90","cedar/hope-1b98c0c9d2e1eee7.mp3"
"marin","horrible","horrible","","","1.56","0.05235963","0.35406658","0.35004","0.192","0.8638","0.6962","62","marin/horrible-e5c7471d04c88670.mp3"
"cedar","horrible","horrible","","","0.96","0.09058496","0.62026453","0.380382","0.0915","0.6105","0.3495","62","cedar/horrible-e5c7471d04c88670.mp3"
"marin","horse","horse","","","1.512","0.05192607","0.47103485","0.224385","0.142","0.637","0.875","110","marin/horse-dfc2562511e97dd9.mp3"
"cedar","horse","horse","","","1.152","0.04739558","0.35487112","0.26445","0.3421","0.7745","0.3775","110","cedar/horse-dfc2562511e97dd9.mp3"
"marin","hospital","hospital","","","1.2","0.04726687","0.42452005","0.33717","0.2521","0.8225","0.3775","86","marin/hospital-a3400cd90c53cbb8.mp3"
"cedar","hospital","hospital","","","1.608","0.04227464","0.57125515","0.226148","0.1926","0.7347","0.8733","86","cedar/hospital-a3400cd90c53cbb8.mp3"
"marin","host","host","","","0.912","0.04713588","0.39152497","0.340141","0.1129","0.5885","0.3235","103","marin/host-d329be9e3aea365b.mp3"
"cedar","host","host","","","1.32","0.05012745","0.59447426","0.286269","0.0695","0.639","0.681","103","cedar/host-d329be9e3aea365b.mp3"
"marin","hot dog","hot dog","","","1.368","0.04894295","0.44059947","0.322627","0.0691","0.7351","0.6329","43","marin/hot-dog-1b0cebc5cdf3fb2a.mp3"
"cedar","hot dog","hot dog","","","1.464","0.07308979","0.57014495","0.353982","0.0515","1.1938","0.2702","43","cedar/hot-dog-1b0cebc5cdf3fb2a.mp3"
"marin","hot","hot","","","1.416","0.0325069","0.35735548","0.136505","0.601","1.0476","0.3684","21|105","marin/hot-f2ea638348602c22.mp3"
"cedar","hot","hot","","","1.56","0.02265227","0.4897736","0.113608","0.162","0.573","0.987","21|105","cedar/hot-f2ea638348602c22.mp3"
"marin","hotel","hotel","","","1.008","0.05616216","0.31508544","0.457197","0.1521","0.7393","0.2687","86","marin/hotel-02fee044ac98c137.mp3"
"cedar","hotel","hotel","","","1.2","0.05586437","0.5318616","0.380486","0.1371","0.7535","0.4465","86","cedar/hotel-02fee044ac98c137.mp3"
"marin","hour","hour","","","0.912","0.06064729","0.47678134","0.314145","0.0671","0.4234","0.4886","35","marin/hour-cee757f12fdcafe6.mp3"
"cedar","hour","hour","","","0.72","0.06485352","0.527008","0.3864","0.128","0.5054","0.2146","35","cedar/hour-cee757f12fdcafe6.mp3"
"marin","house","house","","","0.912","0.05431255","0.59875977","0.384434","0.1092","0.6076","0.3044","67","marin/house-89961179f11a569e.mp3"
"cedar","house","house","","","1.248","0.02366012","0.3383708","0.212106","0.5551","1.0056","0.2424","67","cedar/house-89961179f11a569e.mp3"
"marin","housewife","housewife","","","1.752","0.04750635","0.43283802","0.298896","0.2906","1.1402","0.6118","72","marin/housewife-c3e4adc1865516e9.mp3"
"cedar","housewife","housewife","","","0.96","0.0504688","0.52440804","0.356402","0.0515","0.6292","0.3308","72","cedar/housewife-c3e4adc1865516e9.mp3"
"marin","housework","housework","","","0.96","0.05834873","0.40302148","0.461285","0.0786","0.8304","0.1296","72","marin/housework-a593c0eb5b0e9202.mp3"
"cedar","housework","housework","","","1.92","0.04970523","0.56108224","0.335113","0.1906","1.3837","0.5363","72","cedar/housework-a593c0eb5b0e9202.mp3"
"marin","how","how","","","1.656","0.03069604","0.39619717","0.198068","0.1297","0.5899","1.0661","124","marin/how-2c85cd096caedc56.mp3"
"cedar","how","how","","","1.32","0.03442902","0.50899643","0.240925","0.3551","0.7902","0.5298","124","cedar/how-2c85cd096caedc56.mp3"
"marin","How come?","How come?","","","1.32","0.05299334","0.31563303","0.486285","0.0783","0.957","0.363","","marin/how-come-ff17c1d67eb69b6c.mp3"
"cedar","How come?","How come?","","","1.512","0.04805228","0.41621915","0.394883","0.1593","0.9568","0.5552","","cedar/how-come-ff17c1d67eb69b6c.mp3"
"marin","How much is it?","How much is it?","","","1.848","0.06929762","0.40143484","0.525568","0.0682","1.4367","0.4113","","marin/how-much-is-it-667c6ba2fc1b741f.mp3"
"cedar","How much is it?","How much is it?","","","1.848","0.05642134","0.53975499","0.453339","0.0823","1.2717","0.5763","","cedar/how-much-is-it-667c6ba2fc1b741f.mp3"
"marin","however","however","","","1.056","0.05215253","0.26583555","0.57846","0.138","0.8713","0.1847","120","marin/however-26fc30eba0e58b03.mp3"
"cedar","however","however","","","1.32","0.04882403","0.43596748","0.396417","0.213","0.8882","0.4318","120","cedar/however-26fc30eba0e58b03.mp3"
"marin","How's it going?","How's it going?","","","1.848","0.06988618","0.46658915","0.482425","0.0783","1.1997","0.6483","","marin/hows-it-going-8848da70855bb3a1.mp3"
"cedar","How's it going?","How's it going?","","","1.464","0.06022187","0.58272046","0.416909","0.2106","0.9543","0.5097","","cedar/hows-it-going-8848da70855bb3a1.mp3"
"marin","hug","hug","","","1.056","0.03330953","0.25291148","0.272214","0.3521","0.7182","0.3378","64","marin/hug-2e26dfdad71ee74a.mp3"
"cedar","hug","hug","","","1.056","0.03361508","0.28937757","0.200107","0.3363","0.7061","0.3499","64","cedar/hug-2e26dfdad71ee74a.mp3"
"marin","human","human","","","1.152","0.0436142","0.25263888","0.370569","0.1161","0.6805","0.4715","2","marin/human-14becaa98801270f.mp3"
"cedar","human","human","","","1.512","0.04797192","0.33907035","0.271371","0.5138","1.0866","0.4254","2","cedar/human-14becaa98801270f.mp3"
"marin","humble","humble","","","1.92","0.05342311","0.41101417","0.241699","0.0691","0.6025","1.3175","13","marin/humble-a3632e5f290c9257.mp3"
"cedar","humble","humble","","","1.32","0.03929117","0.55497503","0.245565","0.1701","0.6326","0.6874","13","cedar/humble-a3632e5f290c9257.mp3"
"marin","humid","humid","","","1.656","0.03785101","0.30419114","0.245609","0.1346","0.7467","0.9093","105","marin/humid-a47d1817af1044d8.mp3"
"cedar","humid","humid","","","1.248","0.04743903","0.31677172","0.369808","0.1613","0.8193","0.4287","105","cedar/humid-a47d1817af1044d8.mp3"
"marin","humor","humor","","","1.104","0.05055147","0.30237195","0.332918","0.2172","0.7138","0.3902","13","marin/humor-0f9cde3cb05a7c48.mp3"
"cedar","humor","humor","","","1.056","0.0443211","0.31516367","0.306305","0.2715","0.7593","0.2967","13","cedar/humor-0f9cde3cb05a7c48.mp3"
"marin","humorous","humorous","","","1.32","0.05704044","0.29664272","0.440625","0.0689","0.8516","0.4684","13","marin/humorous-82e48e6bb9ed0394.mp3"
"cedar","humorous","humorous","","","1.464","0.05204078","0.35349694","0.365252","0.3776","1.1556","0.3084","13","cedar/humorous-82e48e6bb9ed0394.mp3"
"marin","hundred","hundred","","","1.152","0.065091","0.4213393","0.362901","0.069","0.6137","0.5383","30","marin/hundred-6fdc50f7bbd9b2af.mp3"
"cedar","hundred","hundred","","","1.416","0.03645431","0.46562967","0.22774","0.2201","0.7193","0.6967","30","cedar/hundred-6fdc50f7bbd9b2af.mp3"
"marin","hunger","hunger","","","1.56","0.04937514","0.42749852","0.263007","0.8052","1.3184","0.2416","21","marin/hunger-0bc2a21da71de034.mp3"
"cedar","hunger","hunger","","","1.008","0.05634148","0.59521645","0.286376","0.07","0.4869","0.5211","21","cedar/hunger-0bc2a21da71de034.mp3"
"marin","hungry","hungry","","","1.416","0.05973264","0.38409412","0.351062","0.0707","0.6922","0.7238","21","marin/hungry-e896cda688ea7ff9.mp3"
"cedar","hungry","hungry","","","1.152","0.04021162","0.34299576","0.318667","0.351","0.8206","0.3314","21","cedar/hungry-e896cda688ea7ff9.mp3"
"marin","hunt","hunt","","","1.056","0.03927926","0.46449041","0.244654","0.1624","0.607","0.449","88","marin/hunt-68879a7483ff2d5b.mp3"
"cedar","hunt","hunt","","","1.056","0.03133581","0.30942678","0.217172","0.3582","0.7738","0.2822","88","cedar/hunt-68879a7483ff2d5b.mp3"
"marin","hunter","hunter","","","0.912","0.04385381","0.29634994","0.372556","0.2552","0.7046","0.2074","88","marin/hunter-4e1f35b85bf27fee.mp3"
"cedar","hunter","hunter","","","1.104","0.05456558","0.64835316","0.281722","0.069","0.5096","0.5944","88","cedar/hunter-4e1f35b85bf27fee.mp3"
"marin","hurry","hurry","","","1.152","0.04618867","0.32580715","0.336335","0.1753","0.6965","0.4555","94","marin/hurry-f5fff56626f29e18.mp3"
"cedar","hurry","hurry","","","1.464","0.04680918","0.44346154","0.209273","0.2286","0.6515","0.8125","94","cedar/hurry-f5fff56626f29e18.mp3"
"marin","Hurry up!","Hurry up!","","","1.008","0.0716496","0.40048215","0.392795","0.07","0.6396","0.3684","","marin/hurry-up-3bb4beec30a5752d.mp3"
"cedar","Hurry up!","Hurry up!","","","1.056","0.08439809","0.55983388","0.32266","0.0767","0.5699","0.4861","","cedar/hurry-up-3bb4beec30a5752d.mp3"
"marin","hurt","hurt","","","1.512","0.02948088","0.28998885","0.126984","0.5419","0.9384","0.5736","24","marin/hurt-492221b8caf7955e.mp3"
"cedar","hurt","hurt","","","0.864","0.03768068","0.46523571","0.188392","0.1455","0.5401","0.3239","24","cedar/hurt-492221b8caf7955e.mp3"
"marin","husband","husband","","","1.2","0.05427522","0.4149763","0.403142","0.0683","0.7437","0.4563","27","marin/husband-3987b07d56fcee9f.mp3"
"cedar","husband","husband","","","1.248","0.05266812","0.63902652","0.228916","0.0926","0.5354","0.7126","27","cedar/husband-3987b07d56fcee9f.mp3"
"marin","I","I","","","1.656","0.05606922","0.30146292","0.433399","0.1847","1.3957","0.2603","126","marin/i-50c393f158c3de2d.mp3"
"cedar","I","I","","","0.648","0.04669429","0.42791682","0.35227","0.1921","0.5225","0.1255","126","cedar/i-50c393f158c3de2d.mp3"
"marin","I couldn't agree (with you) more.","I couldn't agree with you more.","","","2.664","0.07001094","0.60855347","0.477251","0.059","1.729","0.935","","marin/i-couldnt-agree-with-you-more-356c240971d04684.mp3"
"cedar","I couldn't agree (with you) more.","I couldn't agree with you more.","","","1.8","0.07524562","0.47359625","0.636701","0.0555","1.5074","0.2926","","cedar/i-couldnt-agree-with-you-more-356c240971d04684.mp3"
"marin","I don't get it.","I don't get it.","","","1.512","0.05899091","0.46133822","0.461819","0.0596","1.0462","0.4658","","marin/i-dont-get-it-2cc2bbd1cf03a1e7.mp3"
"cedar","I don't get it.","I don't get it.","","","1.368","0.06235962","0.6048016","0.470517","0.0558","1.1291","0.2389","","cedar/i-dont-get-it-2cc2bbd1cf03a1e7.mp3"
"marin","I have green fingers.","I have green fingers.","","","2.112","0.07497027","0.58104503","0.662938","0.049","1.7722","0.3398","","marin/i-have-green-fingers-2a049d052396e511.mp3"
"cedar","I have green fingers.","I have green fingers.","","","2.808","0.04394141","0.42994511","0.433011","0.225","1.9047","0.9033","","cedar/i-have-green-fingers-2a049d052396e511.mp3"
"marin","I mean it.","I mean it.","","","1.32","0.06280757","0.28978804","0.557544","0.0521","0.9969","0.3231","","marin/i-mean-it-3b6a558c537ce3c1.mp3"
"cedar","I mean it.","I mean it.","","","1.368","0.0570143","0.56273788","0.424677","0.0516","0.8358","0.5322","","cedar/i-mean-it-3b6a558c537ce3c1.mp3"
"marin","I see.","I see.","","","1.416","0.05282104","0.35121202","0.352386","0.4226","1.0191","0.3969","","marin/i-see-1518d47b04dc3acc.mp3"
"cedar","I see.","I see.","","","1.416","0.04263438","0.45206082","0.372646","0.2074","0.8876","0.5284","","cedar/i-see-1518d47b04dc3acc.mp3"
"marin","ice","ice","","","1.752","0.03901864","0.36376199","0.240606","0.6413","1.1707","0.5813","42","marin/ice-93edd898b926556e.mp3"
"cedar","ice","ice","","","1.008","0.03502816","0.56930691","0.270565","0.1251","0.5424","0.4656","42","cedar/ice-93edd898b926556e.mp3"
"marin","ice cream","ice cream","","","1.152","0.05013468","0.43440664","0.41739","0.0536","0.7087","0.4433","43","marin/ice-cream-25c30b3ab25ad624.mp3"
"cedar","ice cream","ice cream","","","1.248","0.04461852","0.54327154","0.468383","0.0633","0.9589","0.2891","43","cedar/ice-cream-25c30b3ab25ad624.mp3"
"marin","idea","idea","","","1.2","0.06156184","0.29898936","0.51559","0.1723","0.8967","0.3033","60","marin/idea-46324037edd1e07c.mp3"
"cedar","idea","idea","","","1.368","0.05695722","0.56240773","0.403341","0.1523","0.8384","0.5296","60","cedar/idea-46324037edd1e07c.mp3"
"marin","if","if","","","2.16","0.03038142","0.29719353","0.078781","0.7548","1.1512","1.0088","133","marin/if-e850a71ae52c4be4.mp3"
"cedar","if","if","","","0.96","0.05288949","0.58708388","0.181315","0.1685","0.5249","0.4351","133","cedar/if-e850a71ae52c4be4.mp3"
"marin","ignore","ignore","","","0.96","0.07312799","0.30367067","0.509288","0.0579","0.6478","0.3122","65","marin/ignore-db9dc4bd098da25c.mp3"
"cedar","ignore","ignore","","","1.512","0.05019835","0.45522574","0.327092","0.3178","0.8978","0.6142","65","cedar/ignore-db9dc4bd098da25c.mp3"
"marin","ill","ill","","","1.416","0.04656364","0.37777519","0.186279","0.2552","0.5704","0.8456","21","marin/ill-aeebd0d9ae13ba1c.mp3"
"cedar","ill","ill","","","1.248","0.04178937","0.39419606","0.186949","0.1813","0.4902","0.7578","21","cedar/ill-aeebd0d9ae13ba1c.mp3"
"marin","I'm all ears.","I'm all ears.","","","2.016","0.06921397","0.33954772","0.535218","0.1444","1.6219","0.3941","","marin/im-all-ears-0559397c4e909535.mp3"
"cedar","I'm all ears.","I'm all ears.","","","1.8","0.07283851","0.77055883","0.514433","0.0533","1.2629","0.5371","","cedar/im-all-ears-0559397c4e909535.mp3"
"marin","imagine","imagine","","","0.912","0.06650179","0.32814798","0.585709","0.1049","0.7113","0.2007","18","marin/imagine-6fe44757b0ff42af.mp3"
"cedar","imagine","imagine","","","1.8","0.04422902","0.53153402","0.295417","0.6873","1.3442","0.4558","18","cedar/imagine-6fe44757b0ff42af.mp3"
"marin","impolite","impolite","","","1.32","0.06194432","0.32334021","0.390625","0.1069","0.857","0.463","12","marin/impolite-1900e3a1c64632c6.mp3"
"cedar","impolite","impolite","","","1.104","0.06309556","0.60267079","0.431424","0.149","0.8688","0.2352","12","cedar/impolite-1900e3a1c64632c6.mp3"
"marin","importance","importance","","","1.152","0.06934761","0.33443904","0.461209","0.0615","0.8096","0.3424","90","marin/importance-b36f0767ea1caf47.mp3"
"cedar","importance","importance","","","1.512","0.04556862","0.31460711","0.387552","0.0579","0.9858","0.5262","90","cedar/importance-b36f0767ea1caf47.mp3"
"marin","important","important","","","1.368","0.05444444","0.32922095","0.373188","0.3428","1.1629","0.2051","90","marin/important-1fd84914aba013d0.mp3"
"cedar","important","important","","","1.152","0.05569092","0.44663945","0.392144","0.0979","0.8385","0.3135","90","cedar/important-1fd84914aba013d0.mp3"
"marin","impossible","impossible","","","1.752","0.05395816","0.35535595","0.3518","0.1862","0.9861","0.7659","116","marin/impossible-2c58f4f087b138a1.mp3"
"cedar","impossible","impossible","","","2.064","0.05662876","0.53499413","0.400779","0.0553","1.3479","0.7161","116","cedar/impossible-2c58f4f087b138a1.mp3"
"marin","improve","improve","","","2.712","0.045873","0.32590786","0.162065","0.0991","0.7547","1.9573","82","marin/improve-c8a4f0333a658ff6.mp3"
"cedar","improve","improve","","","1.56","0.05231892","0.58171749","0.318964","0.0974","0.749","0.811","82","cedar/improve-c8a4f0333a658ff6.mp3"
"marin","in a hurry","in a hurry","","","1.752","0.078348","0.59241736","0.510345","0.1153","1.5002","0.2518","","marin/in-a-hurry-670298f98d667433.mp3"
"cedar","in a hurry","in a hurry","","","1.512","0.05345545","0.69381869","0.27837","0.5293","1.0208","0.4912","","cedar/in-a-hurry-670298f98d667433.mp3"
"marin","in a short time","in a short time","","","2.112","0.05848551","0.31561977","0.486703","0.0997","1.6358","0.4762","","marin/in-a-short-time-2132e18de3f38f64.mp3"
"cedar","in a short time","in a short time","","","2.304","0.0480462","0.42571422","0.378364","0.0521","1.8476","0.4564","","cedar/in-a-short-time-2132e18de3f38f64.mp3"
"marin","in a... way","in a certain way.","","","1.848","0.05797047","0.30852607","0.439428","0.0536","0.9869","0.8611","","marin/in-a-way-7be58366a6e27858.mp3"
"cedar","in a... way","in a certain way.","","","1.656","0.06616125","0.50408655","0.551014","0.1028","1.198","0.458","","cedar/in-a-way-7be58366a6e27858.mp3"
"marin","in","in","","","0.816","0.06967882","0.36011499","0.403876","0.0487","0.4081","0.4079","130|131","marin/in-ab5080369a968a36.mp3"
"cedar","in","in","","","2.16","0.02957118","0.3393847","0.135021","0.1924","0.5809","1.5791","130|131","cedar/in-ab5080369a968a36.mp3"
"marin","in big trouble","in big trouble","","","1.656","0.05823018","0.40428546","0.427662","0.1765","1.3653","0.2907","","marin/in-big-trouble-5d9cf254088b2caa.mp3"
"cedar","in big trouble","in big trouble","","","2.208","0.05648148","0.53949291","0.411119","0.2023","1.9068","0.3012","","cedar/in-big-trouble-5d9cf254088b2caa.mp3"
"marin","in case / in that case","in case, or in that case","","","3","0.0706796","0.3950195","0.486868","0.0527","2.4816","0.5184","","marin/in-case-in-that-case-dc46248c0a6c33d7.mp3"
"cedar","in case / in that case","in case, or in that case","","","2.952","0.0556445","0.54290301","0.435164","0.149","2.5062","0.4458","","cedar/in-case-in-that-case-dc46248c0a6c33d7.mp3"
"marin","in common","in common","","","1.56","0.06331045","0.36070541","0.487927","0.1594","1.2037","0.3563","","marin/in-common-cbcc8ec6e34eefc0.mp3"
"cedar","in common","in common","","","1.56","0.06080245","0.50620991","0.426776","0.121","1.1661","0.3939","","cedar/in-common-cbcc8ec6e34eefc0.mp3"
"marin","in fact","in fact","","","1.656","0.05367293","0.52904809","0.301379","0.1576","1.1414","0.5146","","marin/in-fact-cbb8135693620cf8.mp3"
"cedar","in fact","in fact","","","1.248","0.0571004","0.61930329","0.283921","0.054","0.8062","0.4418","","cedar/in-fact-cbb8135693620cf8.mp3"
"marin","in front of","in front of","","","1.464","0.05939778","0.47038233","0.312785","0.0574","0.7402","0.7238","130","marin/in-front-of-84be0f477e81e0ff.mp3"
"cedar","in front of","in front of","","","2.352","0.04822206","0.44873673","0.318931","0.2961","2.0641","0.2879","130","cedar/in-front-of-84be0f477e81e0ff.mp3"
"marin","in one's free time","in one's free time","","","2.808","0.06267274","0.35060588","0.456204","0.5206","2.2521","0.5559","","marin/in-ones-free-time-b8527c0cbd51f60d.mp3"
"cedar","in one's free time","in one's free time","","","2.304","0.06752503","0.48347455","0.485722","0.0638","1.9591","0.3449","","cedar/in-ones-free-time-b8527c0cbd51f60d.mp3"
"marin","in order to","in order to","","","1.32","0.06194666","0.24281575","0.520439","0.0522","0.9919","0.3281","","marin/in-order-to-68a76302fd528e11.mp3"
"cedar","in order to","in order to","","","2.208","0.04399702","0.34614336","0.382643","0.2938","1.6618","0.5462","","cedar/in-order-to-68a76302fd528e11.mp3"
"marin","in person","in person","","","1.608","0.06377524","0.47738728","0.441426","0.0965","1.3154","0.2926","","marin/in-person-7c10488799096760.mp3"
"cedar","in person","in person","","","1.2","0.06366561","0.62303084","0.485747","0.0985","0.8706","0.3294","","cedar/in-person-7c10488799096760.mp3"
"marin","in pieces","in pieces","","","1.8","0.05873694","0.32941979","0.373484","0.0611","0.9698","0.8302","","marin/in-pieces-736b071c662a4c2c.mp3"
"cedar","in pieces","in pieces","","","1.464","0.0542949","0.62459368","0.450194","0.0958","1.1743","0.2897","","cedar/in-pieces-736b071c662a4c2c.mp3"
"marin","in public","in public","","","1.608","0.06264192","0.45768344","0.348375","0.1463","1.2136","0.3944","","marin/in-public-a2fdfc741ac6b51c.mp3"
"cedar","in public","in public","","","1.416","0.06123887","0.57376325","0.368821","0.0616","0.8499","0.5661","","cedar/in-public-a2fdfc741ac6b51c.mp3"
"marin","in return","in return","","","1.656","0.06954406","0.29595152","0.455918","0.052","1.1875","0.4685","","marin/in-return-758ca693700691d4.mp3"
"cedar","in return","in return","","","2.112","0.04869832","0.43214628","0.3452","0.1953","1.1382","0.9738","","cedar/in-return-758ca693700691d4.mp3"
"marin","in season","in season","","","1.464","0.06136005","0.30549991","0.563041","0.2057","1.2833","0.1807","","marin/in-season-072d5d2a279c784a.mp3"
"cedar","in season","in season","","","2.304","0.04701265","0.50367498","0.32185","0.0594","1.1207","1.1832","","cedar/in-season-072d5d2a279c784a.mp3"
"marin","in the end","in the end","","","1.104","0.08538299","0.30560115","0.645984","0.0517","0.8575","0.2465","","marin/in-the-end-ae6e71eaf5441f1a.mp3"
"cedar","in the end","in the end","","","1.368","0.06221087","0.48000473","0.484436","0.0569","0.8831","0.4849","","cedar/in-the-end-ae6e71eaf5441f1a.mp3"
"marin","in the past / future","in the past, or future","","","2.016","0.07013032","0.43322003","0.499535","0.0548","1.8113","0.2047","","marin/in-the-past-future-6e09496bf6e3ddc3.mp3"
"cedar","in the past / future","in the past, or future","","","2.712","0.0545489","0.47677982","0.372557","0.1239","2.0408","0.6712","","cedar/in-the-past-future-6e09496bf6e3ddc3.mp3"
"marin","in the shape of","in the shape of","","","1.92","0.06479659","0.40172088","0.506489","0.1368","1.5964","0.3236","","marin/in-the-shape-of-617697cf11a672b0.mp3"
"cedar","in the shape of","in the shape of","","","2.712","0.0558038","0.47393069","0.382252","0.1","1.496","1.216","","cedar/in-the-shape-of-617697cf11a672b0.mp3"
"marin","in time","in time","","","1.416","0.06077763","0.30895767","0.535325","0.0894","1.225","0.191","","marin/in-time-0fc590b2f48008bc.mp3"
"cedar","in time","in time","","","1.464","0.04058774","0.30180937","0.483194","0.23","1.1714","0.2926","","cedar/in-time-0fc590b2f48008bc.mp3"
"marin","in town","in town","","","1.416","0.06598958","0.42598403","0.471472","0.1038","1.0438","0.3722","","marin/in-town-5d07f1fdceb01e12.mp3"
"cedar","in town","in town","","","1.464","0.04446169","0.4859623","0.367899","0.4043","1.1082","0.3558","","cedar/in-town-5d07f1fdceb01e12.mp3"
"marin","inch","inch","","","1.416","0.04682123","0.31658697","0.209657","0.0656","0.473","0.943","96","marin/inch-851df2be285add91.mp3"
"cedar","inch","inch","","","1.056","0.04570595","0.51753408","0.276219","0.3256","0.7063","0.3497","96","cedar/inch-851df2be285add91.mp3"
"marin","include","include","","","1.32","0.0722981","0.331846","0.468371","0.1118","0.9196","0.4004","39|115","marin/include-bc586f3c9d3a4231.mp3"
"cedar","include","include","","","1.368","0.05380966","0.31879085","0.336471","0.2555","0.9186","0.4494","39|115","cedar/include-bc586f3c9d3a4231.mp3"
"marin","income","income","","","1.512","0.06810331","0.52203721","0.246817","0.1037","0.5919","0.9201","8","marin/income-434fa7b51edc6678.mp3"
"cedar","income","income","","","1.608","0.03706386","0.32261679","0.261077","0.4346","0.9586","0.6494","8","cedar/income-434fa7b51edc6678.mp3"
"marin","increase","increase. Increase.","","","2.904","0.06897082","0.39457455","0.47502","0.1242","2.3212","0.5828","9","marin/increase-a150fc629834b449.mp3"
"cedar","increase","increase. Increase.","","","2.616","0.05465882","0.53566182","0.38036","0.0565","1.9547","0.6613","9","cedar/increase-a150fc629834b449.mp3"
"marin","independent","independent","","","1.416","0.07051656","0.23491122","0.574918","0.0481","1.1053","0.3107","14","marin/independent-7cb42e561c843a61.mp3"
"cedar","independent","independent","","","1.704","0.03950811","0.32802442","0.328834","0.2503","1.1026","0.6014","14","cedar/independent-7cb42e561c843a61.mp3"
"marin","indicate","indicate","","","1.056","0.0775548","0.38163313","0.411399","0.0485","0.7305","0.3255","83","marin/indicate-307feec67e8ef3e8.mp3"
"cedar","indicate","indicate","","","1.968","0.04437485","0.3581993","0.177708","0.7326","1.3187","0.6493","83","cedar/indicate-307feec67e8ef3e8.mp3"
"marin","influence","influence","","","1.2","0.06547216","0.37683943","0.464913","0.1052","0.8868","0.3132","62","marin/influence-bbe66455f0eabea7.mp3"
"cedar","influence","influence","","","1.968","0.04405423","0.42535111","0.23103","0.0882","0.7167","1.2513","62","cedar/influence-bbe66455f0eabea7.mp3"
"marin","information","information","","","1.464","0.05959099","0.40595105","0.365409","0.0557","0.7418","0.7222","60","marin/information-83a36ab3779f4bcb.mp3"
"cedar","information","information","","","1.968","0.03187406","0.3724173","0.238027","0.303","1.0521","0.9159","60","cedar/information-83a36ab3779f4bcb.mp3"
"marin","ink","ink","","","1.2","0.0294956","0.27146462","0.15309","0.6688","0.9969","0.2031","80","marin/ink-a4d4d6b7e9289195.mp3"
"cedar","ink","ink","","","1.2","0.03412803","0.42113924","0.159184","0.1705","0.5482","0.6518","80","cedar/ink-a4d4d6b7e9289195.mp3"
"marin","insect","insect","","","1.8","0.04234673","0.263807","0.250451","0.5042","1.2256","0.5744","113","marin/insect-566f7dfb07d3b8d2.mp3"
"cedar","insect","insect","","","1.104","0.06049457","0.45730311","0.307348","0.1156","0.683","0.421","113","cedar/insect-566f7dfb07d3b8d2.mp3"
"marin","inside","inside","","","1.32","0.0582413","0.40354976","0.335685","0.1895","0.803","0.517","67","marin/inside-7b2441693c861bf6.mp3"
"cedar","inside","inside","","","1.608","0.0508686","0.39004323","0.397984","0.1965","0.9918","0.6162","67","cedar/inside-7b2441693c861bf6.mp3"
"marin","insist","insist","","","1.32","0.0682268","0.30212045","0.392693","0.0567","0.7309","0.5891","115","marin/insist-cfb92bca3d313b20.mp3"
"cedar","insist","insist","","","1.416","0.04225068","0.34279761","0.299582","0.4213","0.9973","0.4187","115","cedar/insist-cfb92bca3d313b20.mp3"
"marin","inspire","inspire","","","1.32","0.07267755","0.44017589","0.511727","0.0579","0.8947","0.4253","18","marin/inspire-b3d1b117386e7c49.mp3"
"cedar","inspire","inspire","","","2.616","0.04690128","0.62901187","0.219061","0.104","0.8928","1.7232","18","cedar/inspire-b3d1b117386e7c49.mp3"
"marin","instant","instant","","","1.32","0.0666645","0.36262646","0.30404","0.0614","0.6705","0.6495","35","marin/instant-7c32f1fd270c68a4.mp3"
"cedar","instant","instant","","","1.104","0.05499087","0.54320341","0.295233","0.168","0.6885","0.4155","35","cedar/instant-7c32f1fd270c68a4.mp3"
"marin","instrument","instrument","","","1.512","0.05290938","0.38050818","0.304191","0.4632","1.1054","0.4066","56","marin/instrument-e9eaed5548b3cf7f.mp3"
"cedar","instrument","instrument","","","1.368","0.04577057","0.33141524","0.324805","0.4106","1.0216","0.3464","56","cedar/instrument-e9eaed5548b3cf7f.mp3"
"marin","intelligent","intelligent","","","1.464","0.06167829","0.3331998","0.491006","0.056","1.1095","0.3545","16","marin/intelligent-e884502c94aace3f.mp3"
"cedar","intelligent","intelligent","","","1.92","0.04993828","0.48176852","0.407292","0.0594","1.1355","0.7845","16","cedar/intelligent-e884502c94aace3f.mp3"
"marin","interest","interest","","","1.32","0.06601978","0.52277774","0.295265","0.1557","0.7242","0.5958","55","marin/interest-eb575fe6f9a34c57.mp3"
"cedar","interest","interest","","","2.016","0.03542504","0.44752559","0.212498","0.5142","1.137","0.879","55","cedar/interest-eb575fe6f9a34c57.mp3"
"marin","interested","interested","","","2.208","0.05303554","0.37132123","0.255331","0.0579","0.8297","1.3783","17","marin/interested-c90b994c9313120b.mp3"
"cedar","interested","interested","","","1.8","0.03616117","0.47982779","0.224375","0.5882","1.161","0.639","17","cedar/interested-c90b994c9313120b.mp3"
"marin","interesting","interesting","","","1.2","0.07807355","0.46347451","0.496094","0.1025","0.829","0.371","54","marin/interesting-61adb99cfb7451f9.mp3"
"cedar","interesting","interesting","","","1.248","0.06475463","0.40158242","0.521601","0.0668","0.9713","0.2767","54","cedar/interesting-61adb99cfb7451f9.mp3"
"marin","international","international","","","2.352","0.05100312","0.38905808","0.325034","0.0526","0.9749","1.3771","89","marin/international-da469e4963ade5a4.mp3"
"cedar","international","international","","","1.104","0.06844137","0.56305081","0.586617","0.0532","0.8932","0.2108","89","cedar/international-da469e4963ade5a4.mp3"
"marin","Internet","Internet","","","1.8","0.04780688","0.49726444","0.217002","0.2446","0.8014","0.9986","60","marin/internet-193caba2173281b7.mp3"
"cedar","Internet","Internet","","","1.704","0.0376205","0.34062344","0.243031","0.1773","0.8509","0.8531","60","cedar/internet-193caba2173281b7.mp3"
"marin","interrupt","interrupt","","","1.32","0.05629959","0.24866261","0.355698","0.0528","0.7787","0.5413","65","marin/interrupt-15a0d72dc63a6263.mp3"
"cedar","interrupt","interrupt","","","1.368","0.06963118","0.48407003","0.408397","0.0965","0.9526","0.4154","65","cedar/interrupt-15a0d72dc63a6263.mp3"
"marin","interview","interview","","","1.056","0.06207591","0.42270955","0.433594","0.1015","0.6583","0.3977","8","marin/interview-59a36141804e0d04.mp3"
"cedar","interview","interview","","","1.416","0.05129853","0.54768217","0.450168","0.1328","0.928","0.488","8","cedar/interview-59a36141804e0d04.mp3"
"marin","into","into","","","1.56","0.04811263","0.28041086","0.2332","0.6534","1.1391","0.4209","132","marin/into-f48df2234a2d10dd.mp3"
"cedar","into","into","","","0.96","0.05860824","0.56594121","0.387717","0.0924","0.575","0.385","132","cedar/into-f48df2234a2d10dd.mp3"
"marin","introduce","introduce","","","1.464","0.05721992","0.34944892","0.397883","0.2078","0.9357","0.5282","64","marin/introduce-1ee2d94874f1188c.mp3"
"cedar","introduce","introduce","","","3.048","0.04069217","0.44007665","0.257512","0.0579","1.0534","1.9946","64","cedar/introduce-1ee2d94874f1188c.mp3"
"marin","invent","invent","","","1.248","0.05840144","0.38724878","0.354935","0.2285","0.8384","0.4096","6","marin/invent-022d77204ac39a00.mp3"
"cedar","invent","invent","","","1.368","0.05406605","0.56756431","0.477156","0.1771","1.023","0.345","6","cedar/invent-022d77204ac39a00.mp3"
"marin","invitation","invitation","","","1.248","0.06921971","0.31302786","0.539163","0.0979","0.9745","0.2735","103","marin/invitation-cc9f7d7938c2dc88.mp3"
"cedar","invitation","invitation","","","1.248","0.06901733","0.52891302","0.547109","0.0538","0.9645","0.2835","103","cedar/invitation-cc9f7d7938c2dc88.mp3"
"marin","invite","invite","","","0.96","0.08709399","0.4984307","0.435699","0.0535","0.6961","0.2639","103","marin/invite-84788cd8c2cc8ab0.mp3"
"cedar","invite","invite","","","1.152","0.06431198","0.58027154","0.39728","0.1572","0.804","0.348","103","cedar/invite-84788cd8c2cc8ab0.mp3"
"marin","iron","iron","","","1.416","0.05092902","0.3938871","0.283207","0.1256","0.5918","0.8242","72","marin/iron-895d07f6e4cfa752.mp3"
"cedar","iron","iron","","","0.816","0.06380799","0.59160829","0.378268","0.1145","0.5237","0.2923","72","cedar/iron-895d07f6e4cfa752.mp3"
"marin","is","is","","","1.32","0.05945132","0.43984666","0.290341","0.1584","0.6063","0.7137","122","marin/is-55165eeb5ff20b59.mp3"
"cedar","is","is","","","1.512","0.05616676","0.51473421","0.266452","0.8326","1.3081","0.2039","122","cedar/is-55165eeb5ff20b59.mp3"
"marin","island","island","","","1.704","0.05314951","0.44296992","0.302096","0.1173","0.7006","1.0034","108","marin/island-598ec1282398a2f5.mp3"
"cedar","island","island","","","1.008","0.06765703","0.73325366","0.382006","0.0621","0.5698","0.4382","108","cedar/island-598ec1282398a2f5.mp3"
"marin","it","it","","","1.512","0.0343621","0.31771332","0.104952","0.3561","0.673","0.839","126","marin/it-d2bc81b3c6edc55e.mp3"
"cedar","it","it","","","1.104","0.0280313","0.33447993","0.128906","0.3753","0.6531","0.4509","126","cedar/it-d2bc81b3c6edc55e.mp3"
"marin","It rains cats and dogs.","It rains cats and dogs.","","","2.616","0.07307761","0.40148234","0.597979","0.0552","2.2062","0.4098","","marin/it-rains-cats-and-dogs-3ecdd3d10469543d.mp3"
"cedar","It rains cats and dogs.","It rains cats and dogs.","","","2.352","0.05341568","0.47681218","0.495677","0.0515","1.7357","0.6163","","cedar/it-rains-cats-and-dogs-3ecdd3d10469543d.mp3"
"marin","item","item","","","1.152","0.05975971","0.57507133","0.306424","0.511","0.8996","0.2524","50","marin/item-879425ea8568550f.mp3"
"cedar","item","item","","","0.864","0.04999909","0.54087049","0.335311","0.1728","0.567","0.297","50","cedar/item-879425ea8568550f.mp3"
"marin","It's a deal. / Let's make a deal.","It's a deal. Or, let's make a deal.","","","3.408","0.07395372","0.41099945","0.512984","0.0525","3.2138","0.1942","","marin/its-a-deal-lets-make-a-deal-4c3c16340ed90c64.mp3"
"cedar","It's a deal. / Let's make a deal.","It's a deal. Or, let's make a deal.","","","2.808","0.07924216","0.56837529","0.49169","0.1019","2.542","0.266","","cedar/its-a-deal-lets-make-a-deal-4c3c16340ed90c64.mp3"
"marin","its","its","","","1.056","0.04872836","0.36942124","0.256333","0.2203","0.6603","0.3957","125|126","marin/its-acaa4cda7e0b12f9.mp3"
"cedar","its","its","","","1.416","0.03191936","0.47154874","0.18394","0.5145","0.9358","0.4802","125|126","cedar/its-acaa4cda7e0b12f9.mp3"
"marin","It's never too late to learn.","It's never too late to learn.","","","2.808","0.06360109","0.31868562","0.481355","0.6349","2.492","0.316","","marin/its-never-too-late-to-learn-bad8cc16fb597af0.mp3"
"cedar","It's never too late to learn.","It's never too late to learn.","","","3.264","0.05925815","0.68203026","0.396644","0.1319","2.1259","1.1381","","cedar/its-never-too-late-to-learn-bad8cc16fb597af0.mp3"
"marin","It's not my business.","It's not my business.","","","2.064","0.06446968","0.39276299","0.486444","0.1256","1.5184","0.5456","","marin/its-not-my-business-cd337710573fbfe9.mp3"
"cedar","It's not my business.","It's not my business.","","","2.256","0.06035659","0.48406595","0.482842","0.0556","1.4855","0.7705","","cedar/its-not-my-business-cd337710573fbfe9.mp3"
"marin","It's OK.","It's OK.","","","1.56","0.06536577","0.4525342","0.370353","0.1594","1.0638","0.4962","","marin/its-ok-7d8081e113407893.mp3"
"cedar","It's OK.","It's OK.","","","1.368","0.05942492","0.55543244","0.299814","0.1119","0.6348","0.7332","","cedar/its-ok-7d8081e113407893.mp3"
"marin","It's on me.","It's on me.","","","1.104","0.07189859","0.37644356","0.554706","0.1041","0.8429","0.2611","","marin/its-on-me-831ba02fe73b2bc7.mp3"
"cedar","It's on me.","It's on me.","","","1.56","0.0708972","0.4539369","0.530142","0.0536","1.1398","0.4203","","cedar/its-on-me-831ba02fe73b2bc7.mp3"
"marin","itself","itself","","","1.416","0.04421942","0.39433298","0.274394","0.0806","0.7355","0.6805","126","marin/itself-a809acec1255abb9.mp3"
"cedar","itself","itself","","","1.008","0.05110005","0.54485989","0.372003","0.0982","0.7201","0.2879","126","cedar/itself-a809acec1255abb9.mp3"
"marin","jacket","jacket","","","1.152","0.05299123","0.48409939","0.357295","0.0689","0.7129","0.4391","48","marin/jacket-32331c118dbea22e.mp3"
"cedar","jacket","jacket","","","0.912","0.04578258","0.66412824","0.253815","0.0834","0.5129","0.3991","48","cedar/jacket-32331c118dbea22e.mp3"
"marin","jam","jam","","","1.2","0.05276303","0.4252007","0.36224","0.0806","0.589","0.611","44","marin/jam-113edbc41f664602.mp3"
"cedar","jam","jam","","","0.96","0.05431326","0.55392832","0.372938","0.0982","0.5723","0.3877","44","cedar/jam-113edbc41f664602.mp3"
"marin","January","January","","","1.056","0.07354528","0.34559169","0.715929","0.0772","0.9103","0.1458","33","marin/january-05077c27c8685cf4.mp3"
"cedar","January","January","","","1.056","0.05452024","0.35030782","0.634608","0.0688","0.9117","0.1443","33","cedar/january-05077c27c8685cf4.mp3"
"marin","jazz","jazz","","","1.104","0.04770065","0.35690758","0.4385","0.1265","0.7187","0.3853","56","marin/jazz-0040f07215b2cd47.mp3"
"cedar","jazz","jazz","","","1.056","0.05265371","0.57739651","0.295336","0.1829","0.6204","0.4356","56","cedar/jazz-0040f07215b2cd47.mp3"
"marin","jealous","jealous","","","1.464","0.04198438","0.42855963","0.359546","0.057","0.7417","0.7223","13","marin/jealous-979c4eff364116ff.mp3"
"cedar","jealous","jealous","","","1.248","0.04429021","0.55758423","0.368056","0.0775","0.7858","0.4622","13","cedar/jealous-979c4eff364116ff.mp3"
"marin","jeans","jeans","","","1.2","0.04795511","0.30176908","0.463906","0.0749","0.7635","0.4365","47","marin/jeans-0d400a827d2f32ff.mp3"
"cedar","jeans","jeans","","","1.512","0.04591124","0.34788787","0.32158","0.0772","0.7205","0.7915","47","cedar/jeans-0d400a827d2f32ff.mp3"
"marin","jeep","jeep","","","0.768","0.047757","0.27863601","0.288113","0.0829","0.5112","0.2568","92","marin/jeep-cb4255326d887959.mp3"
"cedar","jeep","jeep","","","0.96","0.04741801","0.30323827","0.324132","0.0701","0.6156","0.3444","92","cedar/jeep-cb4255326d887959.mp3"
"marin","job","job","","","1.2","0.04269593","0.41565034","0.260799","0.2076","0.6407","0.5593","8","marin/job-4ba3b5773acea1d2.mp3"
"cedar","job","job","","","1.248","0.02912895","0.44282722","0.219835","0.2359","0.697","0.551","8","cedar/job-4ba3b5773acea1d2.mp3"
"marin","jog","jog","","","0.96","0.06095408","0.49518457","0.39694","0.0551","0.5837","0.3763","53","marin/jog-7af7f7693b98f5aa.mp3"
"cedar","jog","jog","","","2.256","0.03750101","0.59930801","0.157691","0.0712","0.6418","1.6142","53","cedar/jog-7af7f7693b98f5aa.mp3"
"marin","join","join","","","1.416","0.05243228","0.33576575","0.283251","0.6225","1.069","0.347","102","marin/join-cf93e6b3235d7080.mp3"
"cedar","join","join","","","0.912","0.07374858","0.52111417","0.455318","0.083","0.5893","0.3227","102","cedar/join-cf93e6b3235d7080.mp3"
"marin","joke","joke","","","1.752","0.03031195","0.28679469","0.161482","0.6336","1.1143","0.6377","57","marin/joke-d8785fbb4f27cc43.mp3"
"cedar","joke","joke","","","1.32","0.04327567","0.41835013","0.244729","0.0696","0.6338","0.6862","57","cedar/joke-d8785fbb4f27cc43.mp3"
"marin","journalist","journalist","","","1.848","0.04821499","0.33698508","0.461467","0.0545","1.1844","0.6636","7","marin/journalist-207dff93a07a19ac.mp3"
"cedar","journalist","journalist","","","1.968","0.05673301","0.45418772","0.319826","0.5772","1.3699","0.5981","7","cedar/journalist-207dff93a07a19ac.mp3"
"marin","joy","joy","","","1.056","0.0654984","0.37720555","0.400253","0.0681","0.5895","0.4665","15","marin/joy-58ee0be129f57b7a.mp3"
"cedar","joy","joy","","","1.104","0.06956292","0.56504542","0.34575","0.0805","0.5749","0.5291","15","cedar/joy-58ee0be129f57b7a.mp3"
"marin","judge","judge","","","1.104","0.05223002","0.37143838","0.431329","0.0734","0.6599","0.4441","6","marin/judge-b24ce7fc9a087418.mp3"
"cedar","judge","judge","","","1.056","0.03870245","0.39050689","0.339725","0.2257","0.7405","0.3155","6","cedar/judge-b24ce7fc9a087418.mp3"
"marin","juice","juice","","","1.008","0.05900262","0.34752959","0.501715","0.0654","0.6922","0.3158","42","marin/juice-1c29560d6acfba62.mp3"
"cedar","juice","juice","","","1.32","0.04321277","0.37284577","0.351326","0.5211","1.0858","0.2342","42","cedar/juice-1c29560d6acfba62.mp3"
"marin","July","July","","","1.704","0.05831598","0.41352087","0.338346","0.0679","0.737","0.967","33","marin/july-8c0122a5c642a2e0.mp3"
"cedar","July","July","","","1.008","0.06786279","0.43175593","0.440435","0.0831","0.6566","0.3514","33","cedar/july-8c0122a5c642a2e0.mp3"
"marin","jump","jump","","","0.96","0.0438359","0.3484481","0.338108","0.0892","0.5941","0.3659","58","marin/jump-9a6bc19588e058ae.mp3"
"cedar","jump","jump","","","0.96","0.05804222","0.53400397","0.297852","0.0783","0.5575","0.4025","58","cedar/jump-9a6bc19588e058ae.mp3"
"marin","June","June","","","1.2","0.06347432","0.30073684","0.416753","0.0741","0.6418","0.5582","33","marin/june-1a6b7ceff99c58a1.mp3"
"cedar","June","June","","","1.512","0.0417383","0.45898274","0.253376","0.3759","0.8511","0.6609","33","cedar/june-1a6b7ceff99c58a1.mp3"
"marin","junior high school","junior high school","","","1.968","0.05692989","0.28771174","0.492812","0.0803","1.3467","0.6213","74","marin/junior-high-school-f940196e8915e092.mp3"
"cedar","junior high school","junior high school","","","2.208","0.06484606","0.51494759","0.611724","0.0788","1.98","0.228","74","cedar/junior-high-school-f940196e8915e092.mp3"
"marin","just","just","","","1.2","0.04904053","0.49074209","0.335382","0.0698","0.6444","0.5556","119","marin/just-0ee8fd0768a0e041.mp3"
"cedar","just","just","","","1.656","0.02238369","0.31511477","0.181059","0.4763","1.0222","0.6338","119","cedar/just-0ee8fd0768a0e041.mp3"
"marin","Just a moment.","Just a moment.","","","2.016","0.05401154","0.36420694","0.310609","0.102","1.0053","1.0107","","marin/just-a-moment-997a7054d854be04.mp3"
"cedar","Just a moment.","Just a moment.","","","2.208","0.05662578","0.56856877","0.259662","1.099","1.8216","0.3864","","cedar/just-a-moment-997a7054d854be04.mp3"
"marin","kangaroo","kangaroo","","","2.52","0.05972944","0.32467586","0.259664","0.6955","1.4538","1.0662","111","marin/kangaroo-01dd2561496389a4.mp3"
"cedar","kangaroo","kangaroo","","","1.248","0.05796184","0.38993561","0.540498","0.1576","0.9729","0.2751","111","cedar/kangaroo-01dd2561496389a4.mp3"
"marin","keep an eye on","keep an eye on","","","1.512","0.06127962","0.3203786","0.593488","0.0535","1.2212","0.2908","","marin/keep-an-eye-on-413d5ffef92537f0.mp3"
"cedar","keep an eye on","keep an eye on","","","2.016","0.05231731","0.42886087","0.436632","0.1426","1.5763","0.4397","","cedar/keep-an-eye-on-413d5ffef92537f0.mp3"
"marin","keep away","keep away","","","1.248","0.0718329","0.46668711","0.444027","0.0965","0.9859","0.2621","","marin/keep-away-61440a27e82d60ce.mp3"
"cedar","keep away","keep away","","","1.656","0.05676011","0.53163946","0.36213","0.1609","1.2171","0.4389","","cedar/keep-away-61440a27e82d60ce.mp3"
"marin","keep","keep","","","0.864","0.03705755","0.2451679","0.225429","0.1367","0.4534","0.4106","72","marin/keep-f660a7996deacfbc.mp3"
"cedar","keep","keep","","","1.368","0.02504018","0.27417198","0.098197","0.4242","0.7356","0.6324","72","cedar/keep-f660a7996deacfbc.mp3"
"marin","keep... in mind","keep something in mind.","","","3.168","0.04829092","0.24771182","0.279106","0.6617","1.7969","1.3711","","marin/keep-in-mind-deab720aebf3337c.mp3"
"cedar","keep... in mind","keep something in mind.","","","2.112","0.04559913","0.39994588","0.460888","0.2745","1.759","0.353","","cedar/keep-in-mind-deab720aebf3337c.mp3"
"marin","keep on","keep on","","","2.352","0.061478","0.38880283","0.27032","0.0553","1.1924","1.1596","","marin/keep-on-31da66da07d93655.mp3"
"cedar","keep on","keep on","","","1.8","0.05104335","0.46073547","0.29015","0.1297","1.1558","0.6442","","cedar/keep-on-31da66da07d93655.mp3"
"marin","keep out","keep out","","","1.152","0.06232625","0.57810348","0.350658","0.1453","0.923","0.229","","marin/keep-out-eb1a5a3cb2de233f.mp3"
"cedar","keep out","keep out","","","1.32","0.04895429","0.69064665","0.280919","0.1416","0.8629","0.4571","","cedar/keep-out-eb1a5a3cb2de233f.mp3"
"marin","keep / stay in touch","keep in touch. Or, stay in touch.","","","3.912","0.07766023","0.57661587","0.417215","0.0576","3.505","0.407","","marin/keep-stay-in-touch-ed94344eb5c71a64.mp3"
"cedar","keep / stay in touch","keep in touch. Or, stay in touch.","","","3.12","0.05887182","0.54130363","0.450668","0.0976","2.9532","0.1668","","cedar/keep-stay-in-touch-ed94344eb5c71a64.mp3"
"marin","keep / stop from...","keep someone from doing something. Or, stop someone from doing something.","","","6.12","0.06721796","0.4543505","0.513654","0.5766","5.9528","0.1672","","marin/keep-stop-from-56c7eecb1f36134e.mp3"
"cedar","keep / stop from...","keep someone from doing something. Or, stop someone from doing something.","","","5.208","0.06193163","0.48604161","0.510949","0.0578","4.941","0.267","","cedar/keep-stop-from-56c7eecb1f36134e.mp3"
"marin","keep up","keep up","","","1.464","0.04365655","0.34805739","0.262409","0.1833","0.9057","0.5583","","marin/keep-up-4ccfcdc6ce77949e.mp3"
"cedar","keep up","keep up","","","1.56","0.03789636","0.4800944","0.171274","0.1655","1.0331","0.5269","","cedar/keep-up-4ccfcdc6ce77949e.mp3"
"marin","ketchup","ketchup","","","0.912","0.04206029","0.53658992","0.271245","0.0538","0.5555","0.3565","43","marin/ketchup-7a105a0faa2f2524.mp3"
"cedar","ketchup","ketchup","","","1.248","0.03031486","0.48487473","0.201489","0.5744","0.9794","0.2686","43","cedar/ketchup-7a105a0faa2f2524.mp3"
"marin","key","key","","","1.056","0.0456765","0.24010983","0.395163","0.0528","0.5898","0.4662","67","marin/key-a7998f247bd96569.mp3"
"cedar","key","key","","","1.248","0.03514503","0.39674285","0.20386","0.4266","0.8066","0.4414","67","cedar/key-a7998f247bd96569.mp3"
"marin","kick","kick","","","1.104","0.02461212","0.21562226","0.154948","0.2313","0.6247","0.4793","59","marin/kick-ac46152a7a3c578b.mp3"
"cedar","kick","kick","","","1.368","0.03304332","0.48625019","0.113182","0.1916","0.4969","0.8711","59","cedar/kick-ac46152a7a3c578b.mp3"
"marin","kid","kid","","","0.864","0.06430449","0.44975036","0.268326","0.1069","0.4417","0.4223","1","marin/kid-6fc05d29d29c5335.mp3"
"cedar","kid","kid","","","0.912","0.04715455","0.59257144","0.229418","0.0514","0.4389","0.4731","1","cedar/kid-6fc05d29d29c5335.mp3"
"marin","kill","kill","","","1.056","0.0343036","0.22123592","0.265526","0.2762","0.7211","0.3349","62","marin/kill-910610a58f355e10.mp3"
"cedar","kill","kill","","","1.92","0.03731505","0.43266788","0.181261","0.1458","0.5896","1.3304","62","cedar/kill-910610a58f355e10.mp3"
"marin","kilogram","kilogram","","","1.512","0.05727793","0.37499496","0.348021","0.2993","0.904","0.608","96","marin/kilogram-9967d71ef41c66de.mp3"
"cedar","kilogram","kilogram","","","2.16","0.05096473","0.38111687","0.276437","0.7615","1.5065","0.6535","96","cedar/kilogram-9967d71ef41c66de.mp3"
"marin","kilogram (kg)","kilogram. Or, K G.","","","2.712","0.0870733","0.52689862","0.541943","0.0578","2.5431","0.1689","","marin/kilogram-kg-78347536eb8c84e6.mp3"
"cedar","kilogram (kg)","kilogram. Or, K G.","","","3.12","0.06120211","0.42689815","0.414056","0.114","2.592","0.528","","cedar/kilogram-kg-78347536eb8c84e6.mp3"
"marin","kilometer","kilometer","","","1.368","0.05818343","0.32879162","0.443729","0.1578","0.8932","0.4748","96","marin/kilometer-c1a5f372d2d6a2ad.mp3"
"cedar","kilometer","kilometer","","","1.608","0.04163578","0.40645751","0.267089","0.6953","1.2536","0.3544","96","cedar/kilometer-c1a5f372d2d6a2ad.mp3"
"marin","kind","kind","","","1.608","0.04546964","0.37385041","0.30001","0.0543","0.6309","0.9771","12","marin/kind-e1ae364ec24dc399.mp3"
"cedar","kind","kind","","","1.152","0.0361023","0.4179213","0.279749","0.3304","0.7972","0.3548","12","cedar/kind-e1ae364ec24dc399.mp3"
"marin","kindergarten","kindergarten","","","1.968","0.05793994","0.31108823","0.312987","0.0553","0.7851","1.1829","87","marin/kindergarten-f95e5ee8447b41d8.mp3"
"cedar","kindergarten","kindergarten","","","0.96","0.07308235","0.51803601","0.567122","0.0514","0.7462","0.2138","87","cedar/kindergarten-f95e5ee8447b41d8.mp3"
"marin","king","king","","","0.768","0.06228797","0.49239799","0.431179","0.0524","0.4287","0.3393","2","marin/king-2edffc1b6d5c30cc.mp3"
"cedar","king","king","","","0.912","0.04662879","0.48565778","0.290228","0.1206","0.504","0.408","2","cedar/king-2edffc1b6d5c30cc.mp3"
"marin","kingdom","kingdom","","","1.056","0.08447536","0.38333115","0.553583","0.0553","0.735","0.321","2","marin/kingdom-85e82c7ed97c9f9a.mp3"
"cedar","kingdom","kingdom","","","2.112","0.03691287","0.33606222","0.221285","0.5078","1.1101","1.0019","2","cedar/kingdom-85e82c7ed97c9f9a.mp3"
"marin","kiss","kiss","","","2.616","0.02803088","0.4201484","0.139343","0.4494","0.929","1.687","","marin/kiss-71488f41aef223f5.mp3"
"cedar","kiss","kiss","","","1.464","0.04688582","0.47873944","0.204406","0.7368","1.138","0.326","","cedar/kiss-71488f41aef223f5.mp3"
"marin","kitchen","kitchen","","","1.2","0.04458409","0.41357905","0.347639","0.0535","0.6232","0.5767","70","marin/kitchen-3eafd00630c6a004.mp3"
"cedar","kitchen","kitchen","","","0.864","0.03934811","0.33594966","0.298804","0.052","0.4529","0.4111","70","cedar/kitchen-3eafd00630c6a004.mp3"
"marin","kite","kite","","","0.912","0.03775337","0.52053982","0.249132","0.1599","0.5856","0.3264","57","marin/kite-aa877fb15ca5e9b8.mp3"
"cedar","kite","kite","","","1.152","0.02839924","0.50430077","0.190629","0.1565","0.5831","0.5689","57","cedar/kite-aa877fb15ca5e9b8.mp3"
"marin","kitten","kitten","","","0.72","0.03399735","0.28016752","0.426013","0.0903","0.5507","0.1693","110","marin/kitten-ecb0d548b8745c9a.mp3"
"cedar","kitten","kitten","","","1.104","0.03847846","0.4427292","0.265682","0.3458","0.7588","0.3453","110","cedar/kitten-ecb0d548b8745c9a.mp3"
"marin","knee","knee","","","1.104","0.06381041","0.38407198","0.310273","0.1751","0.5925","0.5115","20","marin/knee-bfdc5896568616e9.mp3"
"cedar","knee","knee","","","0.864","0.05885179","0.34617218","0.420428","0.1498","0.5795","0.2845","20","cedar/knee-bfdc5896568616e9.mp3"
"marin","knife","knife","","","0.768","0.05863686","0.47026348","0.383192","0.079","0.5884","0.1796","46","marin/knife-4bb38b169e9ffd98.mp3"
"cedar","knife","knife","","","1.008","0.051133","0.82800233","0.203208","0.0696","0.4231","0.5849","46","cedar/knife-4bb38b169e9ffd98.mp3"
"marin","knock","knock","","","1.2","0.04305966","0.27682918","0.224479","0.4093","0.8825","0.3175","59","marin/knock-330227982f33a04e.mp3"
"cedar","knock","knock","","","0.912","0.05538056","0.75807297","0.266562","0.0586","0.4838","0.4282","59","cedar/knock-330227982f33a04e.mp3"
"marin","knock down","knock down","","","1.608","0.05575157","0.33658072","0.444742","0.1751","1.3653","0.2427","","marin/knock-down-74e3932aa8400e48.mp3"
"cedar","knock down","knock down","","","1.656","0.05505251","0.596654","0.398966","0.0606","1.3479","0.3081","","cedar/knock-down-74e3932aa8400e48.mp3"
"marin","know","know","","","1.32","0.05982827","0.33096334","0.324448","0.0803","0.5603","0.7597","18","marin/know-fe5b1afc202f35c1.mp3"
"cedar","know","know","","","0.768","0.07453287","0.50456363","0.434706","0.0551","0.463","0.305","18","cedar/know-fe5b1afc202f35c1.mp3"
"marin","knowledge","knowledge","","","0.912","0.07223935","0.47048059","0.532849","0.07","0.6425","0.2695","75","marin/knowledge-f363e042b62c03a3.mp3"
"cedar","knowledge","knowledge","","","1.2","0.04985963","0.44948608","0.468385","0.1677","0.9044","0.2956","75","cedar/knowledge-f363e042b62c03a3.mp3"
"marin","koala","koala","","","1.008","0.07469272","0.38124093","0.50835","0.1232","0.7124","0.2956","111","marin/koala-78d1d04162cf51ed.mp3"
"cedar","koala","koala","","","1.056","0.06441231","0.42549315","0.458452","0.1199","0.7013","0.3547","111","cedar/koala-78d1d04162cf51ed.mp3"
"marin","lack","lack","","","1.32","0.03259149","0.33284473","0.175158","0.5526","1.0325","0.2875","88","marin/lack-1c9537a1a0434e5c.mp3"
"cedar","lack","lack","","","1.248","0.0401755","0.51705056","0.196715","0.2304","0.6825","0.5655","88","cedar/lack-1c9537a1a0434e5c.mp3"
"marin","lady","lady","","","1.008","0.06036937","0.3617242","0.407242","0.154","0.6418","0.3662","3","marin/lady-4c3631483090bfca.mp3"
"cedar","lady","lady","","","1.152","0.05705072","0.51125818","0.320964","0.1672","0.6209","0.5311","3","cedar/lady-4c3631483090bfca.mp3"
"marin","lake","lake","","","0.648","0.05889562","0.40901706","0.326453","0.0985","0.4595","0.1885","107","marin/lake-0d0a15d05e959ee5.mp3"
"cedar","lake","lake","","","1.368","0.02854495","0.3484104","0.162433","0.4626","0.8802","0.4878","107","cedar/lake-0d0a15d05e959ee5.mp3"
"marin","lamb","lamb","","","1.608","0.06164716","0.32364815","0.349269","0.1609","0.757","0.851","40|110","marin/lamb-1302e6d56e73c7f0.mp3"
"cedar","lamb","lamb","","","1.056","0.04859694","0.54736024","0.336273","0.2328","0.6929","0.3631","40|110","cedar/lamb-1302e6d56e73c7f0.mp3"
"marin","lamp","lamp","","","1.368","0.0423649","0.23675714","0.221613","0.5896","1.098","0.27","68","marin/lamp-23270be54b22b665.mp3"
"cedar","lamp","lamp","","","1.152","0.04451936","0.488888","0.288683","0.114","0.6014","0.5506","68","cedar/lamp-23270be54b22b665.mp3"
"marin","land","land","","","0.816","0.06395127","0.53809237","0.483354","0.0816","0.573","0.243","92|108","marin/land-ad4ca806501b9aa5.mp3"
"cedar","land","land","","","0.864","0.05731285","0.56272542","0.389902","0.0828","0.5667","0.2973","92|108","cedar/land-ad4ca806501b9aa5.mp3"
"marin","language","language","","","1.464","0.04318639","0.31101277","0.349029","0.3066","0.955","0.509","76","marin/language-046a172ac82c2a83.mp3"
"cedar","language","language","","","1.704","0.04190481","0.50487089","0.30102","0.3436","1.017","0.687","76","cedar/language-046a172ac82c2a83.mp3"
"marin","lantern","lantern","","","1.104","0.06388431","0.49011558","0.460919","0.0606","0.6851","0.4189","101","marin/lantern-5e85764f37341114.mp3"
"cedar","lantern","lantern","","","1.512","0.04401196","0.43943161","0.335565","0.1839","0.8229","0.6891","101","cedar/lantern-5e85764f37341114.mp3"
"marin","Lantern Festival","Lantern Festival","","","1.92","0.05233204","0.29151383","0.474479","0.3365","1.6741","0.2459","101","marin/lantern-festival-40845cefe27073c4.mp3"
"cedar","Lantern Festival","Lantern Festival","","","2.256","0.03121041","0.31615552","0.248282","0.6367","1.5066","0.7494","101","cedar/lantern-festival-40845cefe27073c4.mp3"
"marin","large","large","","","1.608","0.05897878","0.3856006","0.358079","0.1791","0.8847","0.7233","97|98","marin/large-9bfce334a37bd1bc.mp3"
"cedar","large","large","","","1.464","0.04423425","0.46032855","0.30288","0.4736","1.0576","0.4064","97|98","cedar/large-9bfce334a37bd1bc.mp3"
"marin","last","last","","","1.104","0.05297584","0.40656266","0.385624","0.169","0.7787","0.3253","30","marin/last-761d1fb145ca8c71.mp3"
"cedar","last","last","","","1.152","0.04801425","0.56159681","0.31543","0.178","0.7335","0.4185","30","cedar/last-761d1fb145ca8c71.mp3"
"marin","last name / family name","last name, or family name","","","2.352","0.0726001","0.64192146","0.62252","0.0534","1.9427","0.4093","3","marin/last-name-family-name-54be618a889ace9c.mp3"
"cedar","last name / family name","last name, or family name","","","2.448","0.05677399","0.71714014","0.407365","0.0989","1.8403","0.6077","3","cedar/last-name-family-name-54be618a889ace9c.mp3"
"marin","late","late","","","0.72","0.06114214","0.41128343","0.385619","0.0993","0.5314","0.1886","31","marin/late-f152945b358aa26a.mp3"
"cedar","late","late","","","0.864","0.05726091","0.59530616","0.251109","0.1476","0.4831","0.3809","31","cedar/late-f152945b358aa26a.mp3"
"marin","later","later","","","0.912","0.06244275","0.43002388","0.330478","0.0749","0.457","0.455","34","marin/later-0bd7226ea868984d.mp3"
"cedar","later","later","","","1.2","0.0398269","0.36095345","0.253767","0.2277","0.6324","0.5676","34","cedar/later-0bd7226ea868984d.mp3"
"marin","latter","latter","","","1.104","0.0623466","0.74372202","0.288459","0.0811","0.4459","0.6581","34","marin/latter-0cdc9cd0eedb6bf2.mp3"
"cedar","latter","latter","","","1.2","0.05068645","0.46089563","0.377708","0.2239","0.7718","0.4282","34","cedar/latter-0cdc9cd0eedb6bf2.mp3"
"marin","laugh","laugh","","","0.96","0.05099623","0.56104338","0.280751","0.0935","0.5573","0.4027","87","marin/laugh-16170ef4bef89ac6.mp3"
"cedar","laugh","laugh","","","1.32","0.03514164","0.50247306","0.185464","0.2563","0.718","0.602","87","cedar/laugh-16170ef4bef89ac6.mp3"
"marin","laugh at","laugh at","","","1.92","0.05626608","0.58339381","0.331402","0.0991","1.1888","0.7312","","marin/laugh-at-a6d4473aa46f6ae0.mp3"
"cedar","laugh at","laugh at","","","1.416","0.04787152","0.51492918","0.376309","0.0639","0.9737","0.4423","","cedar/laugh-at-a6d4473aa46f6ae0.mp3"
"marin","law","law","","","1.512","0.06712819","0.52418405","0.313148","0.0882","0.6393","0.8727","76","marin/law-2866c35d6e7cf0ca.mp3"
"cedar","law","law","","","1.248","0.04835702","0.56009567","0.238665","0.446","0.8287","0.4193","76","cedar/law-2866c35d6e7cf0ca.mp3"
"marin","lawyer","lawyer","","","0.864","0.07619164","0.52706492","0.504654","0.069","0.5961","0.2679","6","marin/lawyer-7633005ff241bca0.mp3"
"cedar","lawyer","lawyer","","","0.96","0.06420778","0.44588023","0.443576","0.0667","0.6276","0.3324","6","cedar/lawyer-7633005ff241bca0.mp3"
"marin","lay","lay","","","0.864","0.06634498","0.49084955","0.437162","0.0696","0.5069","0.3571","112","marin/lay-a91191a3ecc0a438.mp3"
"cedar","lay","lay","","","2.016","0.03947653","0.54730332","0.175079","0.1721","0.6059","1.4101","112","cedar/lay-a91191a3ecc0a438.mp3"
"marin","lazy","lazy","","","0.864","0.07272379","0.35767543","0.564164","0.0847","0.6419","0.2221","13","marin/lazy-853ab7e7a4d88a59.mp3"
"cedar","lazy","lazy","","","1.368","0.04546974","0.54672009","0.286656","0.4878","0.9826","0.3854","13","cedar/lazy-853ab7e7a4d88a59.mp3"
"marin","lead","lead","","","1.416","0.05830531","0.37519237","0.29892","0.4389","0.9195","0.4965","7","marin/lead-90a07ad828f7b901.mp3"
"cedar","lead","lead","","","1.104","0.04060724","0.28307536","0.366508","0.2591","0.777","0.327","7","cedar/lead-90a07ad828f7b901.mp3"
"marin","lead to","lead to","","","1.32","0.06547512","0.30179811","0.469981","0.0834","0.9416","0.3784","","marin/lead-to-5d3830a9b90f96fa.mp3"
"cedar","lead to","lead to","","","1.608","0.05019453","0.34886861","0.32004","0.3694","1.396","0.212","","cedar/lead-to-5d3830a9b90f96fa.mp3"
"marin","leader","leader","","","0.864","0.07203927","0.30327722","0.579475","0.0933","0.6559","0.2081","63","marin/leader-2d6e3ead17e5ee15.mp3"
"cedar","leader","leader","","","1.704","0.04162848","0.34496453","0.187855","0.1837","0.5883","1.1157","63","cedar/leader-2d6e3ead17e5ee15.mp3"
"marin","leaf","leaf","","","1.2","0.05605466","0.40058744","0.338924","0.0573","0.6242","0.5758","113","marin/leaf-26d0bac9f0c7a35b.mp3"
"cedar","leaf","leaf","","","1.2","0.02877629","0.25324392","0.190764","0.3419","0.7802","0.4198","113","cedar/leaf-26d0bac9f0c7a35b.mp3"
"marin","learn","learn","","","1.104","0.06254857","0.38288394","0.457069","0.1303","0.6861","0.4179","75|82","marin/learn-8b8280eab7be8c10.mp3"
"cedar","learn","learn","","","1.368","0.05592838","0.52210832","0.256823","0.1551","0.6015","0.7665","75|82","cedar/learn-8b8280eab7be8c10.mp3"
"marin","learn from...","learn from","","","1.8","0.06687367","0.50355196","0.425312","0.0634","1.1975","0.6025","","marin/learn-from-028abb5b21a92978.mp3"
"cedar","learn from...","learn from","","","1.752","0.0474207","0.39429596","0.340028","0.3135","1.1479","0.6041","","cedar/learn-from-028abb5b21a92978.mp3"
"marin","least","least","","","1.56","0.03507848","0.22944324","0.209909","0.3237","0.8187","0.7413","119","marin/least-521280507025f264.mp3"
"cedar","least","least","","","1.008","0.05441637","0.52429956","0.335359","0.075","0.5853","0.4227","119","cedar/least-521280507025f264.mp3"
"marin","leave","leave","","","1.152","0.04499985","0.31122932","0.278158","0.4222","0.8595","0.2925","114","marin/leave-75491c7fc23cc4d9.mp3"
"cedar","leave","leave","","","1.248","0.04448508","0.29682329","0.265976","0.215","0.6654","0.5826","114","cedar/leave-75491c7fc23cc4d9.mp3"
"marin","leave a message","leave a message","","","2.112","0.056534","0.24143648","0.366379","0.6563","1.7836","0.3284","","marin/leave-a-message-85da5ada9ff153e3.mp3"
"cedar","leave a message","leave a message","","","1.704","0.05416047","0.47178921","0.431301","0.4782","1.4347","0.2693","","cedar/leave-a-message-85da5ada9ff153e3.mp3"
"marin","leave for","leave for","","","1.656","0.06737727","0.41270512","0.42975","0.1259","1.2045","0.4515","","marin/leave-for-6137bf0900a2b32c.mp3"
"cedar","leave for","leave for","","","1.416","0.05389568","0.33334196","0.392229","0.0829","1.2716","0.1444","","cedar/leave-for-6137bf0900a2b32c.mp3"
"marin","left","left","","","0.912","0.04669038","0.50507158","0.252193","0.0529","0.5137","0.3983","84","marin/left-14156f2c20b45bf6.mp3"
"cedar","left","left","","","1.152","0.0473339","0.75343633","0.159795","0.068","0.4217","0.7303","84","cedar/left-14156f2c20b45bf6.mp3"
"marin","leg","leg","","","1.368","0.04077729","0.41033879","0.238746","0.3784","0.8415","0.5265","20","marin/leg-17143fdb62930723.mp3"
"cedar","leg","leg","","","1.464","0.05110684","0.58233184","0.251779","0.6684","1.1736","0.2904","20","cedar/leg-17143fdb62930723.mp3"
"marin","lemon","lemon","","","0.912","0.06691624","0.35096559","0.4608","0.231","0.6922","0.2198","38","marin/lemon-1ebc4dca8f0d8680.mp3"
"cedar","lemon","lemon","","","1.008","0.05513226","0.74664819","0.284516","0.0668","0.4303","0.5777","38","cedar/lemon-1ebc4dca8f0d8680.mp3"
"marin","lend","lend","","","1.008","0.05124332","0.3453269","0.381118","0.1678","0.6101","0.3979","36","marin/lend-2038c47ede3220d8.mp3"
"cedar","lend","lend","","","1.152","0.0474154","0.52151376","0.361274","0.1634","0.6941","0.4579","36","cedar/lend-2038c47ede3220d8.mp3"
"marin","less","less","","","0.96","0.07543347","0.86933625","0.361806","0.0622","0.544","0.416","25","marin/less-29b52ea8f895e62b.mp3"
"cedar","less","less","","","1.608","0.03368495","0.43083835","0.216198","0.2943","0.7884","0.8196","25","cedar/less-29b52ea8f895e62b.mp3"
"marin","lesson","lesson","","","1.056","0.05785586","0.38982683","0.465495","0.2042","0.7977","0.2583","75","marin/lesson-293c5c4cd8b91ac9.mp3"
"cedar","lesson","lesson","","","1.968","0.04548731","0.78914469","0.205348","0.067","0.5992","1.3688","75","cedar/lesson-293c5c4cd8b91ac9.mp3"
"marin","let","let","","","1.2","0.04236197","0.48378688","0.182135","0.4181","0.823","0.377","109","marin/let-65db3e4b19f75dbd.mp3"
"cedar","let","let","","","1.248","0.03263027","0.37277481","0.205061","0.5081","0.929","0.319","109","cedar/let-65db3e4b19f75dbd.mp3"
"marin","Let's go.","Let's go.","","","1.56","0.06551748","0.419572","0.436632","0.1048","1.243","0.317","","marin/lets-go-03cfb7bfdd480ef9.mp3"
"cedar","Let's go.","Let's go.","","","0.912","0.05125836","0.64592391","0.382835","0.0686","0.5725","0.3395","","cedar/lets-go-03cfb7bfdd480ef9.mp3"
"marin","letter","letter","","","0.768","0.06859354","0.64752489","0.315864","0.0735","0.3866","0.3814","77","marin/letter-5f9f00f8c446e4bf.mp3"
"cedar","letter","letter","","","0.864","0.06745629","0.6608972","0.439622","0.0741","0.5287","0.3353","77","cedar/letter-5f9f00f8c446e4bf.mp3"
"marin","lettuce","lettuce","","","1.56","0.03954379","0.34892589","0.30446","0.4779","1.1058","0.4542","39","marin/lettuce-4e31d5723aafed26.mp3"
"cedar","lettuce","lettuce","","","0.96","0.06391096","0.67613679","0.4676","0.0712","0.6358","0.3242","39","cedar/lettuce-4e31d5723aafed26.mp3"
"marin","level","level","","","0.96","0.05800334","0.5440824","0.379861","0.1657","0.5856","0.3744","97","marin/level-1ee8d98a8c2f4131.mp3"
"cedar","level","level","","","1.104","0.04551311","0.44136357","0.361168","0.2202","0.7287","0.3753","97","cedar/level-1ee8d98a8c2f4131.mp3"
"marin","library","library","","","1.608","0.06478457","0.39744425","0.464837","0.3327","1.1577","0.4503","74","marin/library-b5e0dfe3c2b26956.mp3"
"cedar","library","library","","","0.96","0.07279153","0.72099674","0.430707","0.0892","0.6394","0.3206","74","cedar/library-b5e0dfe3c2b26956.mp3"
"marin","lick","lick","","","1.512","0.05065542","0.39621001","0.195533","0.6555","1.1483","0.3637","110","marin/lick-39a9808d4fb16a26.mp3"
"cedar","lick","lick","","","1.248","0.03420487","0.35807651","0.163278","0.1645","0.5469","0.7011","110","cedar/lick-39a9808d4fb16a26.mp3"
"marin","lid","lid","","","0.768","0.07125652","0.39544505","0.369358","0.1905","0.5436","0.2244","46","marin/lid-b09381e922e06428.mp3"
"cedar","lid","lid","","","1.464","0.06529444","0.51885712","0.308345","0.6779","1.1838","0.2802","46","cedar/lid-b09381e922e06428.mp3"
"marin","lie","lie","","","1.32","0.0498174","0.51263624","0.256897","0.2186","0.6252","0.6948","87","marin/lie-24b4d2157737e144.mp3"
"cedar","lie","lie","","","1.248","0.04116037","0.45809495","0.271034","0.2289","0.6708","0.5772","87","cedar/lie-24b4d2157737e144.mp3"
"marin","life","life","","","1.416","0.04131203","0.49433291","0.203272","0.1837","0.6478","0.7682","27","marin/life-b672b15e6b086a9b.mp3"
"cedar","life","life","","","1.968","0.0375691","0.55058581","0.132262","0.1401","0.589","1.379","27","cedar/life-b672b15e6b086a9b.mp3"
"marin","lift","lift","","","1.056","0.07975308","0.72229517","0.237966","0.0572","0.5101","0.5459","59","marin/lift-aa0dc1e125d9f431.mp3"
"cedar","lift","lift","","","1.104","0.04968845","0.42489678","0.253019","0.1712","0.6214","0.4826","59","cedar/lift-aa0dc1e125d9f431.mp3"
"marin","light","light","","","1.32","0.04795825","0.44598719","0.22017","0.1062","0.5595","0.7605","68","marin/light-00be490dace2ce95.mp3"
"cedar","light","light","","","1.416","0.03882125","0.49775195","0.184307","0.134","0.5855","0.8305","68","cedar/light-00be490dace2ce95.mp3"
"marin","light up","light up","","","1.248","0.0648498","0.55618668","0.340328","0.0775","1.0047","0.2433","","marin/light-up-4041798a7a1b8226.mp3"
"cedar","light up","light up","","","1.104","0.05230013","0.48175117","0.366376","0.221","0.7823","0.3217","","cedar/light-up-4041798a7a1b8226.mp3"
"marin","lightning","lightning","","","1.464","0.05936655","0.36760494","0.480405","0.1794","1.0268","0.4372","105","marin/lightning-ff5c62407a7685e6.mp3"
"cedar","lightning","lightning","","","1.368","0.04929251","0.58731723","0.305312","0.2409","0.7407","0.6273","105","cedar/lightning-ff5c62407a7685e6.mp3"
"marin","like","like","","","0.96","0.04848822","0.42391518","0.226042","0.1552","0.5855","0.3745","18|65|132","marin/like-172b36cab7a022ed.mp3"
"cedar","like","like","","","0.768","0.04397748","0.53364384","0.253961","0.2143","0.5847","0.1833","18|65|132","cedar/like-172b36cab7a022ed.mp3"
"marin","likely","likely","","","1.104","0.04592432","0.44834265","0.329654","0.0766","0.5919","0.5121","118","marin/likely-98c67b3831b680ec.mp3"
"cedar","likely","likely","","","1.416","0.03962365","0.49038044","0.220648","0.3037","0.776","0.64","118","cedar/likely-98c67b3831b680ec.mp3"
"marin","limit","limit","","","1.32","0.06456784","0.38351607","0.252841","0.4816","0.9553","0.3647","95","marin/limit-26cf4afeefce254d.mp3"
"cedar","limit","limit","","","1.92","0.03535266","0.43626511","0.178798","0.3763","0.8671","1.0529","95","cedar/limit-26cf4afeefce254d.mp3"
"marin","line","line","","","1.464","0.03921106","0.32309371","0.286885","0.2346","0.7087","0.7552","99","marin/line-c73b73af8851e9e9.mp3"
"cedar","line","line","","","1.368","0.04015049","0.35406199","0.317845","0.2516","0.7901","0.5779","99","cedar/line-c73b73af8851e9e9.mp3"
"marin","link","link","","","1.416","0.04694838","0.37320414","0.227931","0.1534","0.6417","0.7743","61","marin/link-cad2eabfd8aea39e.mp3"
"cedar","link","link","","","1.248","0.04610316","0.48954442","0.264557","0.3805","0.8871","0.3609","61","cedar/link-cad2eabfd8aea39e.mp3"
"marin","lion","lion","","","2.064","0.0590081","0.32418239","0.264353","1.186","1.7956","0.2684","111","marin/lion-4f1c7bcec1b9120e.mp3"
"cedar","lion","lion","","","1.104","0.05287969","0.51784027","0.407628","0.1525","0.7034","0.4006","111","cedar/lion-4f1c7bcec1b9120e.mp3"
"marin","lip","lip","","","0.96","0.04867853","0.40630937","0.208181","0.0758","0.436","0.524","19","marin/lip-e29998d2eb3ea632.mp3"
"cedar","lip","lip","","","0.864","0.04420366","0.3177723","0.240041","0.2198","0.5903","0.2737","19","cedar/lip-e29998d2eb3ea632.mp3"
"marin","liquid","liquid","","","1.2","0.05547402","0.42328635","0.282066","0.1615","0.6418","0.5582","43","marin/liquid-ee93a250d2d9cce6.mp3"
"cedar","liquid","liquid","","","1.2","0.04586643","0.43683395","0.351198","0.1719","0.7812","0.4188","43","cedar/liquid-ee93a250d2d9cce6.mp3"
"marin","list","list","","","1.056","0.04112836","0.33745557","0.251657","0.2836","0.7212","0.3348","","marin/list-7fd09355f7901c0d.mp3"
"cedar","list","list","","","1.008","0.04334864","0.35942054","0.300864","0.2287","0.6885","0.3195","","cedar/list-7fd09355f7901c0d.mp3"
"marin","listen","listen","","","1.008","0.0615942","0.39144108","0.462529","0.0729","0.6295","0.3785","61","marin/listen-37f5c1a64cb7c3f8.mp3"
"cedar","listen","listen","","","0.768","0.06292501","0.58394152","0.441678","0.0644","0.4828","0.2852","61","cedar/listen-37f5c1a64cb7c3f8.mp3"
"marin","listen to music","listen to music","","","2.52","0.0666254","0.33117303","0.358342","0.4766","1.7085","0.8115","","marin/listen-to-music-88b90320e97dbeb1.mp3"
"cedar","listen to music","listen to music","","","2.208","0.05123288","0.30117333","0.454852","0.3434","1.7985","0.4095","","cedar/listen-to-music-88b90320e97dbeb1.mp3"
"marin","liter","liter","","","0.864","0.06163368","0.35332939","0.4144","0.0639","0.509","0.355","96","marin/liter-1aafe6e3fea58cb1.mp3"
"cedar","liter","liter","","","0.912","0.06202176","0.4824284","0.288651","0.1289","0.4831","0.4289","96","cedar/liter-1aafe6e3fea58cb1.mp3"
"marin","little","little","","","1.104","0.05196074","0.31353348","0.29629","0.1743","0.5699","0.5341","97|98|129","marin/little-5a50086464e4f7b2.mp3"
"cedar","little","little","","","1.152","0.05557428","0.42120963","0.278248","0.2407","0.6325","0.5195","97|98|129","cedar/little-5a50086464e4f7b2.mp3"
"marin","live","live","","","1.56","0.04538213","0.28025264","0.235791","0.1978","0.673","0.887","27","marin/live-8558cbf99ae5e3fc.mp3"
"cedar","live","live","","","0.96","0.07898257","0.59585017","0.354427","0.0676","0.545","0.415","27","cedar/live-8558cbf99ae5e3fc.mp3"
"marin","living room","living room","","","1.656","0.0564519","0.28052193","0.419434","0.3324","1.1078","0.5482","68","marin/living-room-6a95b31787bc9257.mp3"
"cedar","living room","living room","","","1.56","0.06345682","0.4308539","0.515291","0.0661","0.9951","0.5649","68","cedar/living-room-6a95b31787bc9257.mp3"
"marin","loaf","loaf","","","1.968","0.04236504","0.37001857","0.178523","0.1234","0.6382","1.3297","100","marin/loaf-f455832b604d189e.mp3"
"cedar","loaf","loaf","","","1.464","0.04422309","0.49026984","0.199824","0.154","0.6478","0.8162","100","cedar/loaf-f455832b604d189e.mp3"
"marin","local","local","","","0.768","0.0803408","0.64236093","0.409587","0.0693","0.4882","0.2798","54","marin/local-efb83f2a277e9f49.mp3"
"cedar","local","local","","","1.2","0.05617803","0.51942873","0.288715","0.212","0.6826","0.5174","54","cedar/local-efb83f2a277e9f49.mp3"
"marin","lock","lock","","","1.056","0.05710234","0.36784098","0.333018","0.1691","0.757","0.299","67","marin/lock-d8c9f2728aa278eb.mp3"
"cedar","lock","lock","","","1.2","0.03291869","0.32935235","0.192743","0.3765","0.7774","0.4226","67","cedar/lock-d8c9f2728aa278eb.mp3"
"marin","Locker","Locker","","","1.008","0.07035764","0.61171776","0.279452","0.0711","0.4812","0.5268","74","marin/locker-a71a40d5b854ef81.mp3"
"cedar","Locker","Locker","","","1.32","0.05768348","0.48391762","0.279766","0.1601","0.6803","0.6397","74","cedar/locker-a71a40d5b854ef81.mp3"
"marin","lonely","lonely","","","1.152","0.05520337","0.36848316","0.472258","0.2343","0.8431","0.3089","15","marin/lonely-a15c9fc4addf266a.mp3"
"cedar","lonely","lonely","","","1.32","0.04869798","0.4710159","0.324826","0.1169","0.6447","0.6753","15","cedar/lonely-a15c9fc4addf266a.mp3"
"marin","long","long","","","1.008","0.05647831","0.51022661","0.431403","0.0621","0.5918","0.4162","96","marin/long-bbdbb75b415ee9a4.mp3"
"cedar","long","long","","","1.248","0.05416767","0.39165136","0.375818","0.2251","0.79","0.458","96","cedar/long-bbdbb75b415ee9a4.mp3"
"marin","long face","long face","","","1.752","0.04861968","0.35548431","0.503639","0.0696","1.4419","0.3101","","marin/long-face-134bf2c58471ba17.mp3"
"cedar","long face","long face","","","1.56","0.0632461","0.56127536","0.409388","0.0681","1.1242","0.4358","","cedar/long-face-134bf2c58471ba17.mp3"
"marin","look","look","","","1.248","0.03295469","0.24849908","0.137437","0.3197","0.6582","0.5898","19","marin/look-1be6881a7c5813d7.mp3"
"cedar","look","look","","","1.464","0.03053736","0.36928415","0.11955","0.7033","0.9908","0.4732","19","cedar/look-1be6881a7c5813d7.mp3"
"marin","look after","look after","","","1.656","0.05273701","0.44452405","0.309808","0.0467","1.1434","0.5126","","marin/look-after-69aac6dff8229290.mp3"
"cedar","look after","look after","","","1.656","0.04718813","0.6130529","0.287226","0.1782","1.285","0.371","","cedar/look-after-69aac6dff8229290.mp3"
"marin","look at","look at","","","1.008","0.05991188","0.39125669","0.406312","0.068","0.8053","0.2027","","marin/look-at-7282876d66d86633.mp3"
"cedar","look at","look at","","","1.32","0.03729967","0.36027673","0.279924","0.1688","1.1243","0.1957","","cedar/look-at-7282876d66d86633.mp3"
"marin","look down on","look down on","","","1.704","0.06923746","0.46521556","0.498484","0.0511","1.5418","0.1622","","marin/look-down-on-79325fba0b08ba6c.mp3"
"cedar","look down on","look down on","","","1.608","0.07000931","0.56742287","0.488042","0.0798","1.2702","0.3378","","cedar/look-down-on-79325fba0b08ba6c.mp3"
"marin","look for","look for","","","1.368","0.05204279","0.35926303","0.272844","0.1383","0.7613","0.6067","","marin/look-for-44db535cf30a9f25.mp3"
"cedar","look for","look for","","","1.968","0.05527503","0.44565257","0.306657","0.1536","1.3741","0.5939","","cedar/look-for-44db535cf30a9f25.mp3"
"marin","look for a job","look for a job","","","2.352","0.05900423","0.37680301","0.315458","0.4318","1.7922","0.5598","","marin/look-for-a-job-4d2fa4ed1ea1f15f.mp3"
"cedar","look for a job","look for a job","","","1.92","0.05877448","0.58217674","0.374273","0.1615","1.6373","0.2827","","cedar/look-for-a-job-4d2fa4ed1ea1f15f.mp3"
"marin","look into","look into","","","1.32","0.06590389","0.37326774","0.479972","0.1323","1.1999","0.1201","","marin/look-into-1c1ead347bdab218.mp3"
"cedar","look into","look into","","","1.56","0.05117896","0.4066622","0.37261","0.1097","1.3533","0.2067","","cedar/look-into-1c1ead347bdab218.mp3"
"marin","look out","look out","","","1.056","0.05914533","0.6845746","0.293186","0.0738","0.6442","0.4118","","marin/look-out-ae4054bc5627f517.mp3"
"cedar","look out","look out","","","1.512","0.05332459","0.56962734","0.220583","0.1149","0.6204","0.8916","","cedar/look-out-ae4054bc5627f517.mp3"
"marin","look up","look up","","","2.16","0.0477359","0.43113202","0.216792","0.3609","1.6322","0.5278","","marin/look-up-2c61c9ee9b66390f.mp3"
"cedar","look up","look up","","","1.848","0.04316063","0.48993206","0.166441","0.161","1.1101","0.7379","","cedar/look-up-2c61c9ee9b66390f.mp3"
"marin","look up to","look up to","","","1.512","0.0546688","0.44876125","0.349496","0.0888","1.0439","0.4681","","marin/look-up-to-3b36aba1f9c2aa54.mp3"
"cedar","look up to","look up to","","","1.656","0.05487031","0.46023464","0.360256","0.0724","1.4188","0.2372","","cedar/look-up-to-3b36aba1f9c2aa54.mp3"
"marin","lose","lose","","","1.104","0.06303858","0.4398877","0.397173","0.1706","0.6896","0.4144","57","marin/lose-fff59642a998c9f9.mp3"
"cedar","lose","lose","","","1.968","0.04933581","0.49474949","0.254414","0.0733","0.7198","1.2482","57","cedar/lose-fff59642a998c9f9.mp3"
"marin","lose heart","lose heart","","","1.752","0.05780716","0.41566005","0.344903","0.0831","0.9476","0.8044","","marin/lose-heart-9f2b8e69c3fe9c42.mp3"
"cedar","lose heart","lose heart","","","1.92","0.04864644","0.37154037","0.304351","0.2642","1.1699","0.7501","","cedar/lose-heart-9f2b8e69c3fe9c42.mp3"
"marin","lose one's job","lose one's job","","","1.752","0.07582702","0.30382553","0.640304","0.0853","1.4362","0.3158","","marin/lose-ones-job-4355b2d0a65dd9e6.mp3"
"cedar","lose one's job","lose one's job","","","1.608","0.06528433","0.41536337","0.559818","0.0767","1.2649","0.3431","","cedar/lose-ones-job-4355b2d0a65dd9e6.mp3"
"marin","lose weight","lose weight","","","1.512","0.0843582","0.47243252","0.430046","0.0643","1.1045","0.4075","","marin/lose-weight-f179bb963bbf255f.mp3"
"cedar","lose weight","lose weight","","","1.8","0.06043088","0.40716553","0.344722","0.2184","1.0385","0.7615","","cedar/lose-weight-f179bb963bbf255f.mp3"
"marin","loser","loser","","","1.248","0.06261295","0.37413055","0.363181","0.0728","0.5833","0.6647","57","marin/loser-bea00ee556e18f5e.mp3"
"cedar","loser","loser","","","1.512","0.04614953","0.30289209","0.281829","0.4924","1.0075","0.5045","57","cedar/loser-bea00ee556e18f5e.mp3"
"marin","loud","loud","","","2.208","0.04312788","0.42620054","0.218042","0.069","0.6436","1.5644","117","marin/loud-06f474afd773d690.mp3"
"cedar","loud","loud","","","1.056","0.05860333","0.62209821","0.452612","0.0789","0.6971","0.3589","117","cedar/loud-06f474afd773d690.mp3"
"marin","love","love","","","1.56","0.03617307","0.24169397","0.216907","0.8982","1.3756","0.1844","22","marin/love-6e6ed938298daf79.mp3"
"cedar","love","love","","","1.104","0.0576111","0.53529072","0.323596","0.1441","0.6182","0.4858","22","cedar/love-6e6ed938298daf79.mp3"
"marin","lovely","lovely","","","0.912","0.07018953","0.45563948","0.489309","0.0916","0.6354","0.2766","28","marin/lovely-ba22bae4d286f37a.mp3"
"cedar","lovely","lovely","","","1.104","0.04965942","0.54725331","0.393022","0.1889","0.7602","0.3438","28","cedar/lovely-ba22bae4d286f37a.mp3"
"marin","low","low","","","1.152","0.06373286","0.4917641","0.417697","0.0752","0.6046","0.5474","97","marin/low-5b22adcd5be685dd.mp3"
"cedar","low","low","","","1.2","0.05197982","0.431281","0.283785","0.1349","0.5567","0.6433","97","cedar/low-5b22adcd5be685dd.mp3"
"marin","lucky","lucky","","","1.056","0.04587996","0.44636413","0.241753","0.2066","0.5926","0.4634","24","marin/lucky-a82e0153014898dc.mp3"
"cedar","lucky","lucky","","","1.704","0.03987901","0.53067911","0.149807","0.2397","0.647","1.057","24","cedar/lucky-a82e0153014898dc.mp3"
"marin","Lucky you.","Lucky you.","","","1.752","0.06733166","0.57701612","0.450759","0.0805","1.2021","0.5499","","marin/lucky-you-ed4458391a545fa7.mp3"
"cedar","Lucky you.","Lucky you.","","","1.2","0.07086634","0.69296443","0.547153","0.0529","0.8828","0.3172","","cedar/lucky-you-ed4458391a545fa7.mp3"
"marin","lunch","lunch","","","1.464","0.04619586","0.46376836","0.261797","0.1793","0.6847","0.7793","41","marin/lunch-75b3d1dbb52111e0.mp3"
"cedar","lunch","lunch","","","1.2","0.04396806","0.48247749","0.218542","0.157","0.5623","0.6377","41","cedar/lunch-75b3d1dbb52111e0.mp3"
"marin","ma'am","ma'am","","","0.816","0.06997","0.55006653","0.52045","0.0546","0.5427","0.2733","3","marin/maam-d5e1ec95b17a27c5.mp3"
"cedar","ma'am","ma'am","","","1.056","0.05694038","0.55092931","0.327356","0.1826","0.6075","0.4485","3","cedar/maam-d5e1ec95b17a27c5.mp3"
"marin","machine","machine","","","1.2","0.05869133","0.35770044","0.481632","0.0684","0.7181","0.4819","61","marin/machine-8a12478d3f3301f0.mp3"
"cedar","machine","machine","","","1.152","0.05449305","0.38466138","0.421134","0.0711","0.6443","0.5077","61","cedar/machine-8a12478d3f3301f0.mp3"
"marin","mad","mad","","","1.152","0.0614851","0.47308421","0.409252","0.0687","0.6893","0.4627","15","marin/mad-581cee5cba070b75.mp3"
"cedar","mad","mad","","","1.056","0.05254308","0.61479533","0.405244","0.0807","0.734","0.322","15","cedar/mad-581cee5cba070b75.mp3"
"marin","magazine","magazine","","","1.2","0.07258963","0.57358658","0.515764","0.0579","0.7676","0.4324","55","marin/magazine-6cb6ca4d4921b0bf.mp3"
"cedar","magazine","magazine","","","1.608","0.04511864","0.66802526","0.399617","0.0633","0.8972","0.7108","55","cedar/magazine-6cb6ca4d4921b0bf.mp3"
"marin","magic","magic","","","1.152","0.06265931","0.54676515","0.385525","0.0745","0.7317","0.4203","4","marin/magic-3030ce6423e63c18.mp3"
"cedar","magic","magic","","","1.008","0.04006473","0.45274076","0.317853","0.073","0.6825","0.3255","4","cedar/magic-3030ce6423e63c18.mp3"
"marin","magician","magician","","","1.2","0.06723946","0.31258982","0.654601","0.1043","0.9901","0.2099","4","marin/magician-ee2e3259379a5933.mp3"
"cedar","magician","magician","","","0.96","0.06347352","0.5253008","0.4449","0.0634","0.5876","0.3724","4","cedar/magician-ee2e3259379a5933.mp3"
"marin","mail","mail","","","0.816","0.0706059","0.47057799","0.399637","0.0553","0.4517","0.3642","7","marin/mail-1fa29985befabc26.mp3"
"cedar","mail","mail","","","1.656","0.04796032","0.61280191","0.243861","0.5873","1.1038","0.5522","7","cedar/mail-1fa29985befabc26.mp3"
"marin","mailman","mailman","","","1.2","0.07808269","0.36978078","0.62724","0.0618","0.8788","0.3212","7","marin/mailman-706586481a6ed1e3.mp3"
"cedar","mailman","mailman","","","1.752","0.04460672","0.46208081","0.374358","0.3467","1.1189","0.6331","7","cedar/mailman-706586481a6ed1e3.mp3"
"marin","mailman (mail carrier)","mailman. Or, mail carrier.","","","2.712","0.07854787","0.48475164","0.595747","0.0663","2.5903","0.1217","","marin/mailman-mail-carrier-f593210c32fcb8f7.mp3"
"cedar","mailman (mail carrier)","mailman. Or, mail carrier.","","","3","0.06669742","0.4972215","0.51516","0.0761","2.811","0.189","","cedar/mailman-mail-carrier-f593210c32fcb8f7.mp3"
"marin","main","main","","","1.752","0.04495878","0.37840855","0.236825","0.0679","0.529","1.223","42","marin/main-6403203dd5a0867e.mp3"
"cedar","main","main","","","1.152","0.05011694","0.54782629","0.316135","0.3602","0.8186","0.3334","42","cedar/main-6403203dd5a0867e.mp3"
"marin","major","major","","","1.464","0.05530514","0.35723484","0.335966","0.1769","0.7576","0.7064","5|74","marin/major-9a538b453014bbd8.mp3"
"cedar","major","major","","","1.056","0.0539863","0.41233215","0.410393","0.1656","0.7069","0.3491","5|74","cedar/major-9a538b453014bbd8.mp3"
"marin","make a difference","make a difference","","","1.848","0.06068965","0.33542725","0.425133","0.0679","1.485","0.363","","marin/make-a-difference-075cbffb8d4104e7.mp3"
"cedar","make a difference","make a difference","","","1.32","0.05620919","0.50484204","0.487674","0.0684","1.1149","0.2051","","cedar/make-a-difference-075cbffb8d4104e7.mp3"
"marin","make a fire","make a fire","","","1.416","0.05800865","0.37576625","0.446063","0.066","0.9856","0.4304","","marin/make-a-fire-6c92ac5937725516.mp3"
"cedar","make a fire","make a fire","","","2.352","0.0496515","0.47973537","0.312491","0.178","1.5483","0.8037","","cedar/make-a-fire-6c92ac5937725516.mp3"
"marin","make a habit","make a habit","","","1.416","0.05619026","0.40719101","0.43547","0.0641","1.0756","0.3404","","marin/make-a-habit-b59465fb5db94a48.mp3"
"cedar","make a habit","make a habit","","","1.656","0.04634042","0.51590669","0.32186","0.0668","1.1594","0.4966","","cedar/make-a-habit-b59465fb5db94a48.mp3"
"marin","make a living","make a living","","","1.656","0.06404908","0.40415692","0.441677","0.0641","1.3076","0.3484","","marin/make-a-living-0d2d037192654459.mp3"
"cedar","make a living","make a living","","","1.32","0.06767201","0.66345048","0.504119","0.0572","1.1993","0.1207","","cedar/make-a-living-0d2d037192654459.mp3"
"marin","make a mistake","make a mistake","","","1.56","0.06382143","0.352732","0.432986","0.066","1.2482","0.3118","","marin/make-a-mistake-03ab4959e4bee6c4.mp3"
"cedar","make a mistake","make a mistake","","","1.416","0.05878925","0.51916337","0.404293","0.0664","1.1337","0.2823","","cedar/make-a-mistake-03ab4959e4bee6c4.mp3"
"marin","make a phone call","make a phone call","","","1.848","0.06156129","0.48334193","0.451817","0.0663","1.4701","0.3779","","marin/make-a-phone-call-a3270b34eefc819d.mp3"
"cedar","make a phone call","make a phone call","","","1.32","0.05593784","0.58157587","0.475963","0.0729","1.1163","0.2037","","cedar/make-a-phone-call-a3270b34eefc819d.mp3"
"marin","make breakfast","make breakfast","","","1.56","0.04247197","0.37489501","0.324386","0.0601","1.2648","0.2953","","marin/make-breakfast-c1baed1b8c24dc95.mp3"
"cedar","make breakfast","make breakfast","","","1.416","0.04544861","0.49399787","0.387491","0.0546","1.2743","0.1417","","cedar/make-breakfast-c1baed1b8c24dc95.mp3"
"marin","make","make","","","0.768","0.06125077","0.45609254","0.278971","0.0696","0.4497","0.3183","61","marin/make-c117ade9ea8a00ab.mp3"
"cedar","make","make","","","1.152","0.04598982","0.51307738","0.24235","0.1634","0.6341","0.5179","61","cedar/make-c117ade9ea8a00ab.mp3"
"marin","make friends","make friends","","","1.704","0.0685635","0.5141328","0.454849","0.0653","1.407","0.297","","marin/make-friends-3bc61400246682a6.mp3"
"cedar","make friends","make friends","","","1.56","0.06138968","0.60227162","0.354661","0.0871","1.0989","0.4611","","cedar/make-friends-3bc61400246682a6.mp3"
"marin","make fun of","make fun of","","","1.8","0.06032525","0.40839928","0.439028","0.0635","1.6358","0.1642","","marin/make-fun-of-52df28175aa14fab.mp3"
"cedar","make fun of","make fun of","","","1.416","0.05622639","0.53164738","0.379914","0.0677","1.106","0.31","","cedar/make-fun-of-52df28175aa14fab.mp3"
"marin","make money","make money","","","1.368","0.06890918","0.41172111","0.513143","0.0644","1.2279","0.1401","","marin/make-money-b4c3c977e7e99b8c.mp3"
"cedar","make money","make money","","","1.608","0.05944557","0.5306561","0.386194","0.0575","1.3998","0.2083","","cedar/make-money-b4c3c977e7e99b8c.mp3"
"marin","make noise","make noise","","","1.848","0.05706996","0.31268394","0.391921","0.4653","1.5698","0.2782","","marin/make-noise-ddc7a5f762a38034.mp3"
"cedar","make noise","make noise","","","1.512","0.06225759","0.50601101","0.451692","0.0699","1.3555","0.1565","","cedar/make-noise-ddc7a5f762a38034.mp3"
"marin","make sure","make sure","","","1.248","0.06781497","0.38076329","0.473441","0.0703","0.9955","0.2525","","marin/make-sure-9c599dfa5a948c4e.mp3"
"cedar","make sure","make sure","","","1.464","0.03332215","0.30649549","0.327712","0.2811","1.011","0.453","","cedar/make-sure-9c599dfa5a948c4e.mp3"
"marin","make the bed","make the bed","","","1.2","0.07248627","0.40607357","0.460833","0.0746","1.0817","0.1183","","marin/make-the-bed-543931ab72da8ccf.mp3"
"cedar","make the bed","make the bed","","","1.512","0.05980759","0.55753279","0.37037","0.07","1.0713","0.4407","","cedar/make-the-bed-543931ab72da8ccf.mp3"
"marin","make trouble","make trouble","","","1.248","0.063902","0.45116323","0.458216","0.055","1.1294","0.1186","","marin/make-trouble-59dc81a1de110781.mp3"
"cedar","make trouble","make trouble","","","1.608","0.05889412","0.58293432","0.334111","0.0698","1.2033","0.4047","","cedar/make-trouble-59dc81a1de110781.mp3"
"marin","make up one's mind","make up one's mind","","","1.656","0.07394731","0.43470952","0.590303","0.0684","1.3282","0.3278","","marin/make-up-ones-mind-feb873a65960334c.mp3"
"cedar","make up one's mind","make up one's mind","","","2.016","0.06866843","0.61043608","0.455605","0.071","1.4902","0.5258","","cedar/make-up-ones-mind-feb873a65960334c.mp3"
"marin","make use of","make use of","","","1.848","0.0749177","0.58843142","0.496967","0.0566","1.4437","0.4043","","marin/make-use-of-b991b407bb602393.mp3"
"cedar","make use of","make use of","","","1.92","0.04461586","0.32927912","0.438184","0.278","1.7105","0.2095","","cedar/make-use-of-b991b407bb602393.mp3"
"marin","male","male","","","0.96","0.06528617","0.35061461","0.348741","0.1289","0.5892","0.3708","1","marin/male-762a7b05125b1b75.mp3"
"cedar","male","male","","","1.152","0.04006292","0.39176852","0.22253","0.3166","0.6413","0.5107","1","cedar/male-762a7b05125b1b75.mp3"
"marin","mall","mall","","","1.104","0.05857705","0.34432679","0.399041","0.0938","0.6266","0.4774","85","marin/mall-81b72a25c39046ed.mp3"
"cedar","mall","mall","","","1.464","0.05206836","0.4750489","0.272769","0.2421","0.7007","0.7633","85","cedar/mall-81b72a25c39046ed.mp3"
"marin","man","man","","","0.768","0.05536042","0.36404756","0.484429","0.0575","0.47","0.298","1","marin/man-83304d1598e1d186.mp3"
"cedar","man","man","","","1.152","0.05479626","0.52277404","0.434263","0.0716","0.7326","0.4194","1","cedar/man-83304d1598e1d186.mp3"
"marin","manager","manager","","","1.008","0.07453817","0.41178653","0.538897","0.08","0.704","0.304","5","marin/manager-56379ff47fa29051.mp3"
"cedar","manager","manager","","","1.2","0.04503002","0.37031212","0.407865","0.2408","0.8632","0.3368","5","cedar/manager-56379ff47fa29051.mp3"
"marin","Mango","Mango","","","0.96","0.08186318","0.67940009","0.514106","0.0719","0.6233","0.3367","38","marin/mango-34b7e8138586fcd0.mp3"
"cedar","Mango","Mango","","","1.152","0.05907726","0.61076069","0.520743","0.0588","0.7577","0.3943","38","cedar/mango-34b7e8138586fcd0.mp3"
"marin","manner","manner","","","1.056","0.05940634","0.32528329","0.546816","0.0722","0.7175","0.3385","66","marin/manner-7271ce7bfad23bd3.mp3"
"cedar","manner","manner","","","1.152","0.03678243","0.38586563","0.290853","0.3373","0.7587","0.3933","66","cedar/manner-7271ce7bfad23bd3.mp3"
"marin","many","many","","","1.008","0.07152963","0.33177307","0.493758","0.0965","0.649","0.359","129","marin/many-6d0554a9ca79cccc.mp3"
"cedar","many","many","","","1.152","0.0479282","0.65251428","0.234465","0.0694","0.4052","0.7468","129","cedar/many-6d0554a9ca79cccc.mp3"
"marin","map","map","","","0.96","0.05129388","0.4555656","0.220833","0.063","0.4699","0.4901","84","marin/map-9817b74faa734cd7.mp3"
"cedar","map","map","","","0.864","0.05577425","0.71927541","0.267096","0.0704","0.4546","0.4094","84","cedar/map-9817b74faa734cd7.mp3"
"marin","March","March","","","0.912","0.07123488","0.3720288","0.462491","0.1849","0.7893","0.1227","33","marin/march-69a612ebba6f5d56.mp3"
"cedar","March","March","","","1.008","0.03240333","0.31775212","0.279948","0.2864","0.7605","0.2475","33","cedar/march-69a612ebba6f5d56.mp3"
"marin","mark","mark","","","0.912","0.06588459","0.39078388","0.293494","0.0683","0.5469","0.3651","79","marin/mark-a69ec6b9225dccc2.mp3"
"cedar","mark","mark","","","0.768","0.07294977","0.58543634","0.331923","0.0783","0.5124","0.2556","79","cedar/mark-a69ec6b9225dccc2.mp3"
"marin","marker","marker","","","1.008","0.0635601","0.38180634","0.437893","0.0881","0.7021","0.3059","80","marin/marker-d4169ac586761c1e.mp3"
"cedar","marker","marker","","","1.32","0.04427077","0.44860402","0.278756","0.1476","0.6634","0.6566","80","cedar/marker-d4169ac586761c1e.mp3"
"marin","market","market","","","0.864","0.03993135","0.35481209","0.245997","0.0752","0.5187","0.3453","85","marin/market-24df5894769dc8df.mp3"
"cedar","market","market","","","1.248","0.04508387","0.498849","0.21895","0.4742","0.9546","0.2934","85","cedar/market-24df5894769dc8df.mp3"
"marin","married","married","","","1.32","0.05864456","0.36279741","0.376436","0.0664","0.6518","0.6682","3|27","marin/married-c879e7bef473197a.mp3"
"cedar","married","married","","","0.864","0.06143418","0.41518942","0.505666","0.0631","0.6935","0.1705","3|27","cedar/married-c879e7bef473197a.mp3"
"marin","marry","marry","","","1.104","0.05808899","0.28382349","0.416082","0.1892","0.7047","0.3993","27","marin/marry-56e8ba68de8fb701.mp3"
"cedar","marry","marry","","","1.248","0.05697152","0.43585712","0.330078","0.3401","0.8186","0.4294","27","cedar/marry-56e8ba68de8fb701.mp3"
"marin","marvelous","marvelous","","","1.368","0.05772104","0.4040024","0.497761","0.0638","0.9135","0.4545","54","marin/marvelous-78adeabf1f17f13a.mp3"
"cedar","marvelous","marvelous","","","1.416","0.05401309","0.37988886","0.43057","0.1949","0.9858","0.4302","54","cedar/marvelous-78adeabf1f17f13a.mp3"
"marin","mask","mask","","","1.56","0.0527393","0.4880653","0.281891","0.0853","0.6987","0.8613","23|102","marin/mask-8d43afff4355a59d.mp3"
"cedar","mask","mask","","","0.912","0.0487042","0.5952757","0.316406","0.0608","0.523","0.389","23|102","cedar/mask-8d43afff4355a59d.mp3"
"marin","mass","mass","","","1.56","0.0368045","0.34191915","0.265371","0.3215","0.8907","0.6693","100","marin/mass-6dd32c34c9edcda6.mp3"
"cedar","mass","mass","","","3","0.03316805","0.58661264","0.16525","0.5831","1.1869","1.8131","100","cedar/mass-6dd32c34c9edcda6.mp3"
"marin","master","master","","","1.2","0.05957987","0.34327894","0.423056","0.1826","0.8207","0.3792","2","marin/master-9b3162498c21d7f9.mp3"
"cedar","master","master","","","1.248","0.05584864","0.62985504","0.371211","0.0725","0.6917","0.5563","2","cedar/master-9b3162498c21d7f9.mp3"
"marin","mat","mat","","","0.864","0.068326","0.87600672","0.280165","0.0592","0.5039","0.3601","71","marin/mat-89075f24aacd15ed.mp3"
"cedar","mat","mat","","","0.768","0.03546471","0.41475162","0.339789","0.1724","0.6385","0.1295","71","cedar/mat-89075f24aacd15ed.mp3"
"marin","match","match","","","1.008","0.05851143","0.50214928","0.35334","0.0781","0.623","0.385","50","marin/match-40d3f08df962ecc6.mp3"
"cedar","match","match","","","1.56","0.03469681","0.61176556","0.19164","0.1648","0.6528","0.9072","50","cedar/match-40d3f08df962ecc6.mp3"
"marin","math","math","","","1.608","0.04756849","0.32477957","0.21121","0.5209","1.0373","0.5707","76","marin/math-b29a69399359a136.mp3"
"cedar","math","math","","","1.2","0.05188031","0.85175407","0.182344","0.07","0.468","0.732","76","cedar/math-b29a69399359a136.mp3"
"marin","matter","matter","","","0.864","0.06294819","0.46757808","0.380377","0.0815","0.4909","0.3731","90","marin/matter-acbc154cdaa2d015.mp3"
"cedar","matter","matter","","","0.912","0.04395939","0.4741886","0.354121","0.2724","0.6945","0.2175","90","cedar/matter-acbc154cdaa2d015.mp3"
"marin","maximum","maximum","","","1.152","0.07628983","0.43664485","0.624873","0.0781","0.9564","0.1956","97","marin/maximum-5e0d0550fc60f069.mp3"
"cedar","maximum","maximum","","","1.704","0.04503726","0.63227379","0.33337","0.1765","0.905","0.799","97","cedar/maximum-5e0d0550fc60f069.mp3"
"marin","May","May","","","1.008","0.06773693","0.31593025","0.430824","0.1794","0.6669","0.3411","33|123","marin/may-537b2d12e10fb919.mp3"
"cedar","May","May","","","1.608","0.0450126","0.44365185","0.248717","0.6007","1.0713","0.5367","33|123","cedar/may-537b2d12e10fb919.mp3"
"marin","May I help you?","May I help you?","","","1.32","0.0722105","0.464645","0.613826","0.0647","1.0693","0.2507","","marin/may-i-help-you-acbb35d41ff2d2c8.mp3"
"cedar","May I help you?","May I help you?","","","1.368","0.07213053","0.61117864","0.566673","0.0678","1.108","0.26","","cedar/may-i-help-you-acbb35d41ff2d2c8.mp3"
"marin","maybe","maybe","","","1.2","0.06084674","0.35747343","0.358385","0.1683","0.6542","0.5458","118","marin/maybe-ed243e40b833c834.mp3"
"cedar","maybe","maybe","","","1.104","0.05484653","0.42191935","0.425102","0.2183","0.776","0.328","118","cedar/maybe-ed243e40b833c834.mp3"
"marin","me","me","","","1.008","0.04251335","0.24177858","0.345837","0.3903","0.8397","0.1683","126","marin/me-355f5c09a49a179a.mp3"
"cedar","me","me","","","1.32","0.0407729","0.37059212","0.235874","0.1767","0.576","0.744","126","cedar/me-355f5c09a49a179a.mp3"
"marin","meal","meal","","","1.416","0.05800244","0.31462407","0.290107","0.1787","0.6529","0.7631","41","marin/meal-107f32ae4c1980cd.mp3"
"cedar","meal","meal","","","1.152","0.04391425","0.29963991","0.271231","0.2472","0.6354","0.5166","41","cedar/meal-107f32ae4c1980cd.mp3"
"marin","mean","mean","","","0.96","0.06096975","0.31524411","0.477517","0.0691","0.6043","0.3557","77","marin/mean-b3a816bd5cc470db.mp3"
"cedar","mean","mean","","","0.96","0.05677325","0.38656998","0.42398","0.0625","0.5762","0.3838","77","cedar/mean-b3a816bd5cc470db.mp3"
"marin","meaning","meaning","","","0.912","0.06372944","0.31965297","0.496848","0.065","0.5841","0.3279","77","marin/meaning-537d7a0576620cac.mp3"
"cedar","meaning","meaning","","","1.248","0.03898257","0.35454783","0.304087","0.351","0.8347","0.4133","77","cedar/meaning-537d7a0576620cac.mp3"
"marin","measure","measure","","","0.96","0.07271312","0.3416439","0.556055","0.0602","0.6627","0.2973","96","marin/measure-7f379cf3f69d0876.mp3"
"cedar","measure","measure","","","1.416","0.06103488","0.52125752","0.269024","0.7625","1.2087","0.2073","96","cedar/measure-7f379cf3f69d0876.mp3"
"marin","meat","meat","","","0.96","0.06733873","0.31584716","0.262391","0.0892","0.4891","0.4709","","marin/meat-9a0a5cad8b8992ed.mp3"
"cedar","meat","meat","","","1.008","0.05582904","0.42837301","0.293981","0.0705","0.5241","0.4839","","cedar/meat-9a0a5cad8b8992ed.mp3"
"marin","mechanic","mechanic","","","1.704","0.0507865","0.26727614","0.268584","0.695","1.4969","0.2071","6","marin/mechanic-da32e82c29905e43.mp3"
"cedar","mechanic","mechanic","","","1.104","0.05395419","0.58795261","0.380491","0.0607","0.7774","0.3266","6","cedar/mechanic-da32e82c29905e43.mp3"
"marin","medicine","medicine","","","1.104","0.06828149","0.55689889","0.472694","0.0663","0.6833","0.4207","23","marin/medicine-5ecc1a9217be08cd.mp3"
"cedar","medicine","medicine","","","1.152","0.04657481","0.52545673","0.434118","0.067","0.7238","0.4282","23","cedar/medicine-5ecc1a9217be08cd.mp3"
"marin","medium","medium","","","1.248","0.06630513","0.28000778","0.479384","0.0649","0.7168","0.5312","98","marin/medium-98330f6ff24a545a.mp3"
"cedar","medium","medium","","","0.816","0.06104154","0.38881359","0.561785","0.0774","0.6538","0.1622","98","cedar/medium-98330f6ff24a545a.mp3"
"marin","meet","meet","","","0.864","0.05555433","0.30668736","0.282986","0.0683","0.446","0.418","64","marin/meet-8ffb40d44ce5a8ba.mp3"
"cedar","meet","meet","","","0.912","0.03193319","0.32417786","0.200704","0.3129","0.6385","0.2735","64","cedar/meet-8ffb40d44ce5a8ba.mp3"
"marin","meeting","meeting","","","1.104","0.05302984","0.26593357","0.382624","0.2723","0.756","0.348","8","marin/meeting-0e797b06369432dd.mp3"
"cedar","meeting","meeting","","","1.464","0.03641425","0.27863687","0.267902","0.5366","0.9992","0.4647","8","cedar/meeting-0e797b06369432dd.mp3"
"marin","member","member","","","0.816","0.08336269","0.46912646","0.431092","0.0689","0.4915","0.3245","26","marin/member-9a630df58958568e.mp3"
"cedar","member","member","","","0.96","0.05446583","0.45896515","0.421354","0.2203","0.7351","0.2249","26","cedar/member-9a630df58958568e.mp3"
"marin","memory","memory","","","0.96","0.07095936","0.31518221","0.53342","0.0669","0.6566","0.3034","103","marin/memory-a6552a4630f9ba4a.mp3"
"cedar","memory","memory","","","1.2","0.04513271","0.50785089","0.314913","0.1728","0.6428","0.5572","103","cedar/memory-a6552a4630f9ba4a.mp3"
"marin","men's room","men's room","","","1.656","0.07254439","0.44157788","0.478789","0.0656","0.9527","0.7033","86","marin/mens-room-371a4497d2df0399.mp3"
"cedar","men's room","men's room","","","1.512","0.0617392","0.56668413","0.519772","0.065","1.0096","0.5024","86","cedar/mens-room-371a4497d2df0399.mp3"
"marin","menu","menu","","","1.008","0.06281135","0.33449525","0.55787","0.0806","0.7017","0.3063","42","marin/menu-7e8a051c48ddd859.mp3"
"cedar","menu","menu","","","1.248","0.045395","0.41901249","0.369124","0.2364","0.8061","0.4419","42","cedar/menu-7e8a051c48ddd859.mp3"
"marin","message","message","","","1.416","0.05478735","0.29158777","0.287635","0.6433","1.246","0.17","60","marin/message-00cf20e07aa9699f.mp3"
"cedar","message","message","","","1.2","0.048515","0.60572052","0.39191","0.0586","0.696","0.504","60","cedar/message-00cf20e07aa9699f.mp3"
"marin","metal","metal","","","1.8","0.05905146","0.49857667","0.230706","0.0582","0.5428","1.2572","50","marin/metal-380844fc31d32213.mp3"
"cedar","metal","metal","","","0.864","0.05223122","0.63739544","0.424937","0.0627","0.5722","0.2918","50","cedar/metal-380844fc31d32213.mp3"
"marin","meter","meter","","","1.2","0.06160302","0.37591043","0.388993","0.1296","0.655","0.545","73|96","marin/meter-6711fdfb4920604f.mp3"
"cedar","meter","meter","","","0.96","0.05699507","0.42213851","0.357357","0.0657","0.5058","0.4542","73|96","cedar/meter-6711fdfb4920604f.mp3"
"marin","method","method","","","1.368","0.0596594","0.54357535","0.268488","0.0711","0.6137","0.7543","77","marin/method-9267048380ff1914.mp3"
"cedar","method","method","","","1.056","0.05057896","0.55867165","0.315893","0.1548","0.6654","0.3906","77","cedar/method-9267048380ff1914.mp3"
"marin","metro","metro","","","1.008","0.05186494","0.55154622","0.289497","0.0654","0.5391","0.4689","","marin/metro-354f312f47fda55b.mp3"
"cedar","metro","metro","","","1.704","0.04202913","0.5415138","0.230365","0.6726","1.1929","0.5111","","cedar/metro-354f312f47fda55b.mp3"
"marin","microwave","microwave","","","2.016","0.04995338","0.35480592","0.278429","0.6412","1.4598","0.5562","45|70","marin/microwave-d0af4d19be6c4949.mp3"
"cedar","microwave","microwave","","","1.464","0.06349944","0.6841048","0.472051","0.0635","0.9937","0.4703","45|70","cedar/microwave-d0af4d19be6c4949.mp3"
"marin","middle","middle","","","1.152","0.05237578","0.37798828","0.244502","0.117","0.4525","0.6995","83","marin/middle-ae66b56de7f24640.mp3"
"cedar","middle","middle","","","1.968","0.04481662","0.59692293","0.174903","0.068","0.5242","1.4438","83","cedar/middle-ae66b56de7f24640.mp3"
"marin","midnight","midnight","","","1.464","0.04495233","0.25450492","0.316228","0.2666","0.9053","0.5587","31","marin/midnight-efd5a0abdb096d02.mp3"
"cedar","midnight","midnight","","","0.816","0.06881224","0.90666479","0.404233","0.0714","0.573","0.243","31","cedar/midnight-efd5a0abdb096d02.mp3"
"marin","might","might","","","1.32","0.05112838","0.40404189","0.235133","0.0679","0.546","0.774","123","marin/might-e3f39a07e152f8d4.mp3"
"cedar","might","might","","","1.152","0.04193288","0.41045922","0.336245","0.1782","0.7394","0.4126","123","cedar/might-e3f39a07e152f8d4.mp3"
"marin","mile","mile","","","1.248","0.06009232","0.30968547","0.421942","0.1869","0.7666","0.4814","96","marin/mile-322ac9ce7b15d6d8.mp3"
"cedar","mile","mile","","","1.368","0.05015698","0.55602205","0.369045","0.3377","0.9087","0.4593","96","cedar/mile-322ac9ce7b15d6d8.mp3"
"marin","milk","milk","","","1.008","0.06732078","0.69949865","0.219308","0.0607","0.4631","0.5449","42","marin/milk-28b3e2baaf822711.mp3"
"cedar","milk","milk","","","1.056","0.05261624","0.46876198","0.240688","0.2206","0.6414","0.4146","42","cedar/milk-28b3e2baaf822711.mp3"
"marin","million","million","","","1.056","0.06334721","0.34346041","0.418048","0.0663","0.5902","0.4658","30","marin/million-5b89cca82773e637.mp3"
"cedar","million","million","","","1.656","0.05084812","0.49066955","0.349348","0.5536","1.235","0.421","30","cedar/million-5b89cca82773e637.mp3"
"marin","mind","mind","","","1.008","0.05730589","0.33275136","0.406085","0.1166","0.5941","0.4139","19","marin/mind-374e6716fc8bcf8d.mp3"
"cedar","mind","mind","","","1.056","0.04280277","0.36023185","0.362058","0.2764","0.7325","0.3235","19","cedar/mind-374e6716fc8bcf8d.mp3"
"marin","mine","mine","","","0.96","0.06299619","0.3968671","0.68941","0.0702","0.7999","0.1601","126","marin/mine-fcbc800db3f18670.mp3"
"cedar","mine","mine","","","1.416","0.04751475","0.48505482","0.305541","0.0537","0.6212","0.7948","126","cedar/mine-fcbc800db3f18670.mp3"
"marin","Minor","Minor","","","1.248","0.06456353","0.41860539","0.315872","0.0785","0.5883","0.6597","74","marin/minor-87eed31aa3e996ed.mp3"
"cedar","Minor","Minor","","","1.368","0.04821285","0.54989839","0.253883","0.2411","0.6416","0.7264","74","cedar/minor-87eed31aa3e996ed.mp3"
"marin","minus","minus","","","1.608","0.06024839","0.4390761","0.39823","0.1885","0.9416","0.6664","78","marin/minus-49abd56bed371ce0.mp3"
"cedar","minus","minus","","","1.368","0.03602723","0.35052738","0.308342","0.3035","0.8693","0.4987","78","cedar/minus-49abd56bed371ce0.mp3"
"marin","minute","minute","","","0.912","0.06351327","0.29686427","0.376805","0.067","0.623","0.289","35","marin/minute-dc8dd25f22c934b0.mp3"
"cedar","minute","minute","","","1.104","0.03942747","0.33858129","0.289912","0.2875","0.7562","0.3478","35","cedar/minute-dc8dd25f22c934b0.mp3"
"marin","mirror","mirror","","","1.416","0.06098045","0.35069057","0.359007","0.0651","0.6349","0.7811","69","marin/mirror-4c4fc90b2605c6c4.mp3"
"cedar","mirror","mirror","","","1.2","0.05878229","0.35030788","0.362031","0.161","0.6699","0.5301","69","cedar/mirror-4c4fc90b2605c6c4.mp3"
"marin","miss","miss","","","0.864","0.06505049","0.31425816","0.445602","0.0781","0.5836","0.2804","3|75","marin/miss-4285a18bdfa3bf80.mp3"
"cedar","miss","miss","","","0.96","0.06041449","0.50191367","0.420052","0.0777","0.5992","0.3608","3|75","cedar/miss-4285a18bdfa3bf80.mp3"
"marin","mistake","mistake","","","0.96","0.06512651","0.3237645","0.419878","0.1413","0.773","0.187","78","marin/mistake-ee938644f484525e.mp3"
"cedar","mistake","mistake","","","1.92","0.06377592","0.54571772","0.291048","0.7556","1.5808","0.3392","78","cedar/mistake-ee938644f484525e.mp3"
"marin","mix","mix","","","1.008","0.0473854","0.28060725","0.391762","0.1793","0.7708","0.2372","45","marin/mix-d25cf0977371d9f8.mp3"
"cedar","mix","mix","","","1.2","0.0306276","0.32202438","0.300035","0.3032","0.8858","0.3142","45","cedar/mix-d25cf0977371d9f8.mp3"
"marin","model","model","","","1.464","0.06285898","0.36941439","0.327712","0.069","0.6315","0.8325","4","marin/model-98ad61a25e3683b6.mp3"
"cedar","model","model","","","1.8","0.03726241","0.42186567","0.205046","0.0833","0.5676","1.2324","4","cedar/model-98ad61a25e3683b6.mp3"
"marin","modern","modern","","","1.464","0.07020351","0.39086068","0.402308","0.137","0.792","0.672","88","marin/modern-59932af361bcd10a.mp3"
"cedar","modern","modern","","","1.008","0.05358993","0.37177178","0.469515","0.1727","0.727","0.281","88","cedar/modern-59932af361bcd10a.mp3"
"marin","moment","moment","","","1.248","0.06672889","0.41158849","0.383447","0.0687","0.6847","0.5633","34","marin/moment-34383886f48a69a0.mp3"
"cedar","moment","moment","","","1.104","0.05618736","0.50822258","0.377944","0.2492","0.7554","0.3486","34","cedar/moment-34383886f48a69a0.mp3"
"marin","Monday","Monday","","","0.96","0.07344642","0.41174886","0.567122","0.0808","0.737","0.223","32","marin/monday-6021f1144fbb998c.mp3"
"cedar","Monday","Monday","","","1.248","0.04962445","0.37762916","0.292551","0.333","0.79","0.458","32","cedar/monday-6021f1144fbb998c.mp3"
"marin","money","money","","","1.2","0.0723907","0.43924999","0.378646","0.0659","0.5896","0.6104","36","marin/money-bdd070e53aed91f9.mp3"
"cedar","money","money","","","0.96","0.0517292","0.62463963","0.255425","0.0698","0.4023","0.5577","36","cedar/money-bdd070e53aed91f9.mp3"
"marin","monkey","monkey","","","0.72","0.07409131","0.5370518","0.475231","0.0756","0.5214","0.1986","111","marin/monkey-5a6e48105fea75cc.mp3"
"cedar","monkey","monkey","","","1.32","0.04446393","0.56143188","0.273911","0.046","0.5795","0.7405","111","cedar/monkey-5a6e48105fea75cc.mp3"
"marin","monster","monster","","","1.512","0.06211806","0.40772554","0.390914","0.1539","0.8928","0.6192","112","marin/monster-5830ec935d34d237.mp3"
"cedar","monster","monster","","","0.96","0.0692686","0.58611935","0.450629","0.0603","0.6416","0.3184","112","cedar/monster-5830ec935d34d237.mp3"
"marin","month","month","","","1.248","0.05228496","0.38842732","0.231136","0.0779","0.568","0.68","33","marin/month-b4a666ef7afa5db2.mp3"
"cedar","month","month","","","1.368","0.0504845","0.42869914","0.199409","0.3378","0.735","0.633","33","cedar/month-b4a666ef7afa5db2.mp3"
"marin","moon","moon","","","0.768","0.07241021","0.35781437","0.49113","0.0657","0.4777","0.2903","106","marin/moon-c82a40c8ec36e855.mp3"
"cedar","moon","moon","","","0.96","0.06915041","0.35506636","0.473459","0.1069","0.6535","0.3065","106","cedar/moon-c82a40c8ec36e855.mp3"
"marin","Moon Festival","Moon Festival","","","1.416","0.06365773","0.24440038","0.518362","0.0745","1.1087","0.3073","101","marin/moon-festival-b6a751fff85dda6b.mp3"
"cedar","Moon Festival","Moon Festival","","","1.368","0.07638414","0.5752055","0.569262","0.0634","1.1466","0.2214","101","cedar/moon-festival-b6a751fff85dda6b.mp3"
"marin","mop","mop","","","1.32","0.05282435","0.30559385","0.205161","0.1794","0.5928","0.7272","72","marin/mop-e32d33ff0d5b43da.mp3"
"cedar","mop","mop","","","0.864","0.04709973","0.44911182","0.273293","0.073","0.5154","0.3486","72","cedar/mop-e32d33ff0d5b43da.mp3"
"marin","mop the floor","mop the floor","","","1.368","0.06387445","0.36162859","0.423337","0.0665","1.0356","0.3324","","marin/mop-the-floor-c98336bbd88fc1bd.mp3"
"cedar","mop the floor","mop the floor","","","1.416","0.05267373","0.42356631","0.379796","0.0637","1.1094","0.3066","","cedar/mop-the-floor-c98336bbd88fc1bd.mp3"
"marin","more","more","","","1.32","0.06156105","0.32562101","0.265657","0.1908","0.5926","0.7274","25","marin/more-2396099c6c084fa4.mp3"
"cedar","more","more","","","0.816","0.07977026","0.54749382","0.44327","0.0642","0.5287","0.2873","25","cedar/more-2396099c6c084fa4.mp3"
"marin","morning","morning","","","1.008","0.07198267","0.42236444","0.513868","0.0667","0.6447","0.3633","31","marin/morning-cf2dc6eca2f024d9.mp3"
"cedar","morning","morning","","","1.464","0.0627063","0.4281373","0.397271","0.1373","0.8434","0.6206","31","cedar/morning-cf2dc6eca2f024d9.mp3"
"marin","mosquito","mosquito","","","1.152","0.06175041","0.39969105","0.48367","0.0812","0.8429","0.3091","113","marin/mosquito-e0752179d310546e.mp3"
"cedar","mosquito","mosquito","","","1.104","0.06032535","0.63264906","0.484356","0.065","0.7613","0.3427","113","cedar/mosquito-e0752179d310546e.mp3"
"marin","most","most","","","1.2","0.04897178","0.3774873","0.28842","0.0682","0.6028","0.5972","128","marin/most-da0e5f934d8b2a43.mp3"
"cedar","most","most","","","1.152","0.03077186","0.31317207","0.261068","0.1801","0.6885","0.4635","128","cedar/most-da0e5f934d8b2a43.mp3"
"marin","mother","mother","","","1.104","0.05877372","0.52106559","0.244603","0.0581","0.4108","0.6932","26","marin/mother-cd9fa2a62882db4c.mp3"
"cedar","mother","mother","","","1.152","0.06411801","0.44034824","0.504232","0.1489","0.8265","0.3255","26","cedar/mother-cd9fa2a62882db4c.mp3"
"marin","Mother's Day","Mother's Day","","","1.464","0.06690685","0.35172907","0.569629","0.0645","0.9931","0.4709","101","marin/mothers-day-73cf42fc3d907c0d.mp3"
"cedar","Mother's Day","Mother's Day","","","2.304","0.05183165","0.49584731","0.370832","0.0635","1.2931","1.0109","101","cedar/mothers-day-73cf42fc3d907c0d.mp3"
"marin","motion","motion","","","1.464","0.06159494","0.49245352","0.383296","0.068","0.704","0.76","84","marin/motion-13d453bdb82f0488.mp3"
"cedar","motion","motion","","","0.864","0.07343951","0.44733408","0.656202","0.0662","0.7388","0.1252","84","cedar/motion-13d453bdb82f0488.mp3"
"marin","motorcycle","motorcycle","","","1.32","0.07546914","0.46007708","0.642156","0.0641","1.0893","0.2307","92","marin/motorcycle-d642ecfa965e38f1.mp3"
"cedar","motorcycle","motorcycle","","","1.704","0.06253914","0.54293483","0.454641","0.0659","1.0725","0.6315","92","cedar/motorcycle-d642ecfa965e38f1.mp3"
"marin","mountain","mountain","","","1.008","0.0571739","0.37844247","0.498553","0.066","0.6904","0.3176","108","marin/mountain-ab23caa8402326b3.mp3"
"cedar","mountain","mountain","","","1.512","0.04833055","0.53830343","0.301877","0.5449","1.1309","0.3811","108","cedar/mountain-ab23caa8402326b3.mp3"
"marin","mouse","mouse","","","1.056","0.05342489","0.48798311","0.386975","0.0664","0.6014","0.4546","110","marin/mouse-16203db1746df7f0.mp3"
"cedar","mouse","mouse","","","1.008","0.05184798","0.58364213","0.472842","0.056","0.7022","0.3058","110","cedar/mouse-16203db1746df7f0.mp3"
"marin","mouth","mouth","","","1.2","0.05035296","0.60317606","0.264861","0.065","0.6383","0.5617","19","marin/mouth-b75346f82b7a4e39.mp3"
"cedar","mouth","mouth","","","1.056","0.05108965","0.75866216","0.237275","0.0695","0.4123","0.6438","19","cedar/mouth-b75346f82b7a4e39.mp3"
"marin","move away / to...","move away. Or, move to somewhere.","","","3.12","0.08893729","0.53431511","0.513588","0.0663","2.8931","0.2269","","marin/move-away-to-0bb5037cb8cd5f3b.mp3"
"cedar","move away / to...","move away. Or, move to somewhere.","","","3.552","0.07195105","0.57900572","0.452738","0.0696","3.3624","0.1896","","cedar/move-away-to-0bb5037cb8cd5f3b.mp3"
"marin","move","move","","","3","0.05421243","0.40070033","0.119854","2.0148","2.4629","0.5371","114","marin/move-c366d780a7cee327.mp3"
"cedar","move","move","","","1.416","0.05449021","0.33749473","0.292137","0.6462","1.2062","0.2098","114","cedar/move-c366d780a7cee327.mp3"
"marin","movement","movement","","","1.104","0.0672027","0.29154247","0.504303","0.0516","0.8553","0.2487","84|114","marin/movement-673b3bfcf0f71427.mp3"
"cedar","movement","movement","","","1.056","0.07197686","0.32993224","0.484809","0.076","0.7581","0.2979","84|114","cedar/movement-673b3bfcf0f71427.mp3"
"marin","movie","movie","","","0.96","0.08043394","0.30901274","0.499631","0.0662","0.6372","0.3228","55","marin/movie-7811fa646c1db721.mp3"
"cedar","movie","movie","","","1.104","0.05146173","0.3910141","0.273683","0.2394","0.6048","0.4992","55","cedar/movie-7811fa646c1db721.mp3"
"marin","Mr.","Mr.","","","1.104","0.06097107","0.28539851","0.496735","0.0641","0.723","0.381","3","marin/mr-01fbcddf419b79a8.mp3"
"cedar","Mr.","Mr.","","","1.152","0.06703799","0.44181198","0.491428","0.0658","0.8427","0.3092","3","cedar/mr-01fbcddf419b79a8.mp3"
"marin","Mrs.","Mrs.","","","0.96","0.07320879","0.29681516","0.563498","0.0645","0.7343","0.2257","3","marin/mrs-a2cc9201a5b5e9d1.mp3"
"cedar","Mrs.","Mrs.","","","1.416","0.04996694","0.38915199","0.313795","0.274","0.8238","0.5922","3","cedar/mrs-a2cc9201a5b5e9d1.mp3"
"marin","MRT","MRT","","","1.608","0.0643426","0.35613763","0.488236","0.0569","1.1419","0.4661","91","marin/mrt-4b573d609151219f.mp3"
"cedar","MRT","MRT","","","1.56","0.04545849","0.41310295","0.373277","0.2224","1.0503","0.5097","91","cedar/mrt-4b573d609151219f.mp3"
"marin","Ms.","Ms.","","","1.2","0.05398644","0.40809423","0.340035","0.0644","0.5914","0.6086","3","marin/ms-56aa9a7ba9eb01b1.mp3"
"cedar","Ms.","Ms.","","","1.752","0.04140814","0.29921016","0.22441","0.9317","1.4105","0.3415","3","cedar/ms-56aa9a7ba9eb01b1.mp3"
"marin","much","much","","","1.56","0.05143299","0.53467995","0.20398","0.1456","0.6699","0.8901","129","marin/much-81ca1a468fb5575b.mp3"
"cedar","much","much","","","1.008","0.0520341","0.43493962","0.36756","0.1375","0.6776","0.3304","129","cedar/much-81ca1a468fb5575b.mp3"
"marin","mud","mud","","","0.864","0.08144521","0.3969349","0.478877","0.0573","0.5305","0.3335","106","marin/mud-164d563e669b2088.mp3"
"cedar","mud","mud","","","1.2","0.05075555","0.47683316","0.320052","0.3719","0.885","0.315","106","cedar/mud-164d563e669b2088.mp3"
"marin","museum","museum","","","1.56","0.06637133","0.25088444","0.494458","0.234","1.0861","0.4739","86","marin/museum-4b0caca29097c1b7.mp3"
"cedar","museum","museum","","","1.104","0.07740471","0.46864626","0.512266","0.0799","0.7365","0.3675","86","cedar/museum-4b0caca29097c1b7.mp3"
"marin","music","music","","","1.008","0.0609841","0.24467275","0.409702","0.1209","0.7337","0.2743","56","marin/music-d543a2f9ecb11611.mp3"
"cedar","music","music","","","1.464","0.04871104","0.31075507","0.305385","0.0764","0.7469","0.7171","56","cedar/music-d543a2f9ecb11611.mp3"
"marin","musician","musician","","","2.112","0.06464422","0.27770522","0.545869","0.0784","1.3598","0.7522","4","marin/musician-e90a9633dd9cb260.mp3"
"cedar","musician","musician","","","1.056","0.05481538","0.33058658","0.515684","0.0672","0.7373","0.3187","4","cedar/musician-e90a9633dd9cb260.mp3"
"marin","must","must","","","1.416","0.04252643","0.32376194","0.276557","0.3715","0.9338","0.4822","123","marin/must-542764f962e4ca7e.mp3"
"cedar","must","must","","","0.864","0.06448159","0.62961298","0.417294","0.0834","0.6056","0.2584","123","cedar/must-542764f962e4ca7e.mp3"
"marin","my","my","","","1.152","0.0585231","0.36113596","0.372631","0.1059","0.6089","0.5431","125","marin/my-25711c0cb6cec3e4.mp3"
"cedar","my","my","","","2.016","0.05346659","0.50012898","0.247902","0.8056","1.3971","0.6189","125","cedar/my-25711c0cb6cec3e4.mp3"
"marin","myself","myself","","","1.056","0.0630402","0.58480591","0.44113","0.0527","0.7588","0.2972","126","marin/myself-6164740d74c99169.mp3"
"cedar","myself","myself","","","1.608","0.0608346","0.63840359","0.335627","0.0593","0.8193","0.7887","126","cedar/myself-6164740d74c99169.mp3"
"marin","nail","nail","","","1.2","0.07005568","0.31094471","0.428611","0.0905","0.6778","0.5222","20","marin/nail-f739f0eac94eadf7.mp3"
"cedar","nail","nail","","","0.864","0.06574671","0.59473085","0.444661","0.0832","0.5758","0.2882","20","cedar/nail-f739f0eac94eadf7.mp3"
"marin","name","name","","","0.768","0.06099189","0.43649736","0.398302","0.0694","0.4514","0.3166","3","marin/name-f80b1fa820d95a87.mp3"
"cedar","name","name","","","1.2","0.05416622","0.62626261","0.501024","0.0589","0.7841","0.4159","3","cedar/name-f80b1fa820d95a87.mp3"
"marin","napkin","napkin","","","0.96","0.05613559","0.49793863","0.420508","0.0616","0.6787","0.2813","46","marin/napkin-4288cfcf2a226d88.mp3"
"cedar","napkin","napkin","","","1.368","0.04918642","0.61487997","0.306393","0.1553","0.7899","0.5781","46","cedar/napkin-4288cfcf2a226d88.mp3"
"marin","narrow","narrow","","","1.104","0.06892843","0.37706465","0.529401","0.0642","0.7537","0.3503","97","marin/narrow-42607e58fdc09b32.mp3"
"cedar","narrow","narrow","","","1.416","0.05289482","0.43657917","0.368982","0.1713","0.803","0.613","97","cedar/narrow-42607e58fdc09b32.mp3"
"marin","nation","nation","","","1.248","0.06373268","0.28785986","0.440121","0.1123","0.7335","0.5145","89","marin/nation-1bd8ebe7cd46d9fc.mp3"
"cedar","nation","nation","","","1.2","0.05213607","0.36190355","0.514583","0.0901","0.8733","0.3267","89","cedar/nation-1bd8ebe7cd46d9fc.mp3"
"marin","national","national","","","1.248","0.06550262","0.58051848","0.475277","0.0766","0.7398","0.5082","89","marin/national-d061531fe303b8e5.mp3"
"cedar","national","national","","","0.912","0.055765","0.73935455","0.43999","0.0703","0.5926","0.3194","89","cedar/national-d061531fe303b8e5.mp3"
"marin","natural","natural","","","1.416","0.06625124","0.37403882","0.421419","0.1376","0.8917","0.5243","107","marin/natural-6e0a01ad9c35d722.mp3"
"cedar","natural","natural","","","1.368","0.0386168","0.581213","0.306363","0.3528","0.9546","0.4134","107","cedar/natural-6e0a01ad9c35d722.mp3"
"marin","nature","nature","","","1.056","0.0649845","0.31053436","0.500316","0.0676","0.7591","0.2969","107","marin/nature-8b6d54df725db2e4.mp3"
"cedar","nature","nature","","","1.32","0.05942687","0.76169008","0.32006","0.1488","0.6828","0.6372","107","cedar/nature-8b6d54df725db2e4.mp3"
"marin","naughty","naughty","","","1.152","0.05518751","0.34219313","0.382813","0.1575","0.6616","0.4904","28","marin/naughty-0c613adbef61ece5.mp3"
"cedar","naughty","naughty","","","1.512","0.04824982","0.44879466","0.305735","0.4755","1.0404","0.4716","28","cedar/naughty-0c613adbef61ece5.mp3"
"marin","near/by","near, or by","","","2.808","0.08549707","0.652978","0.416644","0.1046","2.4207","0.3873","130","marin/near-by-bd2822929a697bff.mp3"
"cedar","near/by","near, or by","","","2.952","0.06140143","0.48599452","0.33322","0.0665","2.3524","0.5996","130","cedar/near-by-bd2822929a697bff.mp3"
"marin","near","near","","","1.056","0.06060445","0.3325904","0.338502","0.0676","0.4834","0.5726","96","marin/near-f62df300790349eb.mp3"
"cedar","near","near","","","0.864","0.06519473","0.39383605","0.486907","0.0655","0.5805","0.2835","96","cedar/near-f62df300790349eb.mp3"
"marin","nearly","nearly","","","0.864","0.07131548","0.29585969","0.498722","0.1207","0.678","0.186","119","marin/nearly-3b974b73ef78d875.mp3"
"cedar","nearly","nearly","","","1.248","0.05315385","0.34728491","0.438318","0.175","0.8185","0.4295","119","cedar/nearly-3b974b73ef78d875.mp3"
"marin","necessary","necessary","","","1.704","0.05635887","0.28279647","0.448296","0.4697","1.3506","0.3534","39","marin/necessary-22644cbe7b9616c8.mp3"
"cedar","necessary","necessary","","","1.056","0.05378656","0.43576571","0.565637","0.0865","0.8224","0.2336","39","cedar/necessary-22644cbe7b9616c8.mp3"
"marin","neck","neck","","","0.864","0.07502072","0.38081941","0.362148","0.0658","0.6047","0.2593","20","marin/neck-4009d24bc023c943.mp3"
"cedar","neck","neck","","","1.152","0.03711213","0.52774435","0.271774","0.2385","0.7341","0.4179","20","cedar/neck-4009d24bc023c943.mp3"
"marin","necklace","necklace","","","1.056","0.05603172","0.37550363","0.514027","0.0465","0.8818","0.1742","49","marin/necklace-04cf8b18796e92e7.mp3"
"cedar","necklace","necklace","","","2.304","0.0325551","0.38142344","0.190873","0.6834","1.2875","1.0165","49","cedar/necklace-04cf8b18796e92e7.mp3"
"marin","need","need","","","1.152","0.06146509","0.3202551","0.279423","0.0667","0.4869","0.6651","28","marin/need-8c39eda988887387.mp3"
"cedar","need","need","","","0.816","0.05048118","0.28661042","0.407629","0.1345","0.5897","0.2263","28","cedar/need-8c39eda988887387.mp3"
"marin","needle","needle","","","1.056","0.07137192","0.32984853","0.450481","0.0625","0.5855","0.4705","71","marin/needle-d29210777777dac0.mp3"
"cedar","needle","needle","","","1.248","0.06130082","0.32707769","0.364734","0.1763","0.7033","0.5447","71","cedar/needle-d29210777777dac0.mp3"
"marin","negative","negative","","","1.464","0.05646724","0.34288865","0.380052","0.1848","0.9401","0.5239","65","marin/negative-02412e3090f7e0d9.mp3"
"cedar","negative","negative","","","2.352","0.04421496","0.53612047","0.223161","0.0939","0.7871","1.5649","65","cedar/negative-02412e3090f7e0d9.mp3"
"marin","neighbor","neighbor","","","1.104","0.06802255","0.35668558","0.39204","0.0719","0.5901","0.5139","102","marin/neighbor-efada34372b0f05d.mp3"
"cedar","neighbor","neighbor","","","1.512","0.04525526","0.45089182","0.306644","0.0841","0.6994","0.8126","102","cedar/neighbor-efada34372b0f05d.mp3"
"marin","neither","neither","","","0.816","0.08099647","0.46671078","0.596941","0.0657","0.631","0.185","121","marin/neither-e0214f6cb60de64f.mp3"
"cedar","neither","neither","","","1.416","0.06221965","0.47865903","0.348782","0.0652","0.6822","0.7338","121","cedar/neither-e0214f6cb60de64f.mp3"
"marin","neither nor","neither nor","","","1.656","0.0799261","0.37353006","0.544623","0.0582","1.2851","0.3709","133","marin/neither-nor-ac0c8155871876a9.mp3"
"cedar","neither nor","neither nor","","","1.512","0.04148429","0.28509939","0.400587","0.3849","1.3134","0.1986","133","cedar/neither-nor-ac0c8155871876a9.mp3"
"marin","nephew","nephew","","","0.864","0.0748297","0.54693842","0.448954","0.0697","0.5896","0.2744","26","marin/nephew-06f1d4fc52155788.mp3"
"cedar","nephew","nephew","","","1.32","0.03528232","0.59484649","0.295265","0.3493","0.9445","0.3755","26","cedar/nephew-06f1d4fc52155788.mp3"
"marin","nervous","nervous","","","1.152","0.07392793","0.34019315","0.516674","0.065","0.8208","0.3312","14","marin/nervous-44f8e80521fdc434.mp3"
"cedar","nervous","nervous","","","2.304","0.03660436","0.42077607","0.222855","0.2339","0.9506","1.3534","14","cedar/nervous-44f8e80521fdc434.mp3"
"marin","nest","nest","","","0.96","0.06188723","0.48041534","0.332292","0.071","0.5469","0.4131","111","marin/nest-acb8eb4439749a54.mp3"
"cedar","nest","nest","","","0.864","0.04922388","0.48822066","0.374904","0.0773","0.5231","0.3409","111","cedar/nest-acb8eb4439749a54.mp3"
"marin","never","never","","","2.352","0.04184778","0.51820439","0.128038","0.0728","0.4466","1.9054","118","marin/never-5373c0498ffa7946.mp3"
"cedar","never","never","","","1.056","0.05270648","0.67001373","0.345762","0.1686","0.6434","0.4126","118","cedar/never-5373c0498ffa7946.mp3"
"marin","Never mind.","Never mind.","","","1.32","0.07182494","0.50125152","0.497854","0.0579","0.7997","0.5203","","marin/never-mind-2e636e7145067572.mp3"
"cedar","Never mind.","Never mind.","","","1.368","0.05248595","0.58071429","0.36571","0.2676","0.9335","0.4345","","cedar/never-mind-2e636e7145067572.mp3"
"marin","new","new","","","0.864","0.08155794","0.34067211","0.499518","0.0786","0.5723","0.2917","61","marin/new-7aa7a5359173d05b.mp3"
"cedar","new","new","","","1.008","0.06249752","0.45824194","0.392836","0.0812","0.5914","0.4166","61","cedar/new-7aa7a5359173d05b.mp3"
"marin","New Year's Day","New Year's Day","","","2.208","0.05835249","0.27585936","0.522702","0.1333","1.5044","0.7036","101","marin/new-years-day-7d411385fde05f57.mp3"
"cedar","New Year's Day","New Year's Day","","","1.368","0.07186145","0.36933804","0.591389","0.0659","1.0735","0.2945","101","cedar/new-years-day-7d411385fde05f57.mp3"
"marin","New Year's Eve","New Year's Eve","","","2.616","0.0639063","0.25750685","0.409555","0.4084","1.7443","0.8717","101","marin/new-years-eve-e1e5b4d130133c5c.mp3"
"cedar","New Year's Eve","New Year's Eve","","","1.416","0.07093407","0.48970583","0.544727","0.056","0.9619","0.4541","101","cedar/new-years-eve-e1e5b4d130133c5c.mp3"
"marin","news","news","","","1.704","0.04728973","0.25529775","0.264085","0.3408","0.8698","0.8342","60","marin/news-76e57fdc52f3aea2.mp3"
"cedar","news","news","","","1.56","0.05883568","0.51388913","0.316413","0.0656","0.723","0.837","60","cedar/news-76e57fdc52f3aea2.mp3"
"marin","newspaper","newspaper","","","1.152","0.07593199","0.32913902","0.509946","0.0781","0.8903","0.2617","60","marin/newspaper-db6e57bf1c48415a.mp3"
"cedar","newspaper","newspaper","","","1.56","0.05592974","0.32870883","0.415331","0.2333","1.17","0.39","60","cedar/newspaper-db6e57bf1c48415a.mp3"
"marin","next","next","","","1.056","0.05075642","0.34581453","0.276851","0.1741","0.639","0.417","34","marin/next-8a0956311647187d.mp3"
"cedar","next","next","","","1.248","0.04496645","0.56656289","0.236679","0.0652","0.6104","0.6376","34","cedar/next-8a0956311647187d.mp3"
"marin","next door","next door","","","1.608","0.06115358","0.42801201","0.384639","0.0551","1.1349","0.4731","","marin/next-door-d01dcff0577e89e3.mp3"
"cedar","next door","next door","","","1.248","0.06322444","0.55483288","0.424212","0.073","1.0597","0.1883","","cedar/next-door-d01dcff0577e89e3.mp3"
"marin","nice","nice","","","1.92","0.04824349","0.50910139","0.232292","0.0547","0.6082","1.3118","12","marin/nice-f63e68ac0bf052ae.mp3"
"cedar","nice","nice","","","1.464","0.03116927","0.48037103","0.295637","0.3439","0.9424","0.5216","12","cedar/nice-f63e68ac0bf052ae.mp3"
"marin","nice-looking","nice-looking","","","1.608","0.06337912","0.45209384","0.472028","0.0772","1.1915","0.4165","11","marin/nice-looking-4415c2b7a609f5b3.mp3"
"cedar","nice-looking","nice-looking","","","2.952","0.03559875","0.4584294","0.237332","0.7598","2.0143","0.9377","11","cedar/nice-looking-4415c2b7a609f5b3.mp3"
"marin","Nice to meet you.","Nice to meet you.","","","1.704","0.06093097","0.23518699","0.566253","0.2426","1.5687","0.1353","","marin/nice-to-meet-you-1ff6a645764a102a.mp3"
"cedar","Nice to meet you.","Nice to meet you.","","","1.608","0.06074232","0.72336149","0.451039","0.0741","1.1994","0.4086","","cedar/nice-to-meet-you-1ff6a645764a102a.mp3"
"marin","niece","niece","","","1.512","0.06097841","0.29262394","0.361952","0.0861","0.7245","0.7875","26","marin/niece-d152cd0a9250a434.mp3"
"cedar","niece","niece","","","0.96","0.0495314","0.34208521","0.42934","0.0617","0.6105","0.3495","26","cedar/niece-d152cd0a9250a434.mp3"
"marin","night","night","","","1.416","0.0461655","0.31788528","0.219736","0.1499","0.6469","0.7691","31","marin/night-2dcfeed8362a3553.mp3"
"cedar","night","night","","","1.368","0.02465329","0.36840653","0.210481","0.3966","0.8877","0.4803","31","cedar/night-2dcfeed8362a3553.mp3"
"marin","nine","nine","","","3.12","0.04067043","0.36000526","0.120393","0.8281","1.2295","1.8905","29","marin/nine-9257872a1fba9781.mp3"
"cedar","nine","nine","","","1.104","0.05195671","0.53024739","0.367565","0.1675","0.6816","0.4224","29","cedar/nine-9257872a1fba9781.mp3"
"marin","nineteen","nineteen","","","1.152","0.07237191","0.57667279","0.543077","0.055","0.8429","0.3091","29","marin/nineteen-bf523ba755394ce7.mp3"
"cedar","nineteen","nineteen","","","1.32","0.05049333","0.53075325","0.442551","0.0775","0.8891","0.4309","29","cedar/nineteen-bf523ba755394ce7.mp3"
"marin","ninety","ninety","","","0.96","0.0715699","0.49300167","0.432704","0.0715","0.5543","0.4057","30","marin/ninety-9f03e8d3c2a46121.mp3"
"cedar","ninety","ninety","","","0.768","0.08029462","0.89935899","0.474745","0.0609","0.533","0.235","30","cedar/ninety-9f03e8d3c2a46121.mp3"
"marin","no","no","","","1.608","0.03857686","0.29574269","0.190208","0.6314","0.961","0.647","121","marin/no-564739ea8fa5926d.mp3"
"cedar","no","no","","","1.152","0.05031055","0.39543599","0.362033","0.2161","0.706","0.446","121","cedar/no-564739ea8fa5926d.mp3"
"marin","No big deal.","No big deal.","","","1.32","0.06825861","0.30586472","0.623501","0.0649","1.0377","0.2823","","marin/no-big-deal-bb814610fa903507.mp3"
"cedar","No big deal.","No big deal.","","","1.464","0.06759916","0.4360683","0.512238","0.17","1.1046","0.3594","","cedar/no-big-deal-bb814610fa903507.mp3"
"marin","no longer","no longer","","","1.368","0.07693041","0.33338949","0.566779","0.0555","0.9437","0.4243","","marin/no-longer-36e56f4ce96a6c16.mp3"
"cedar","no longer","no longer","","","1.248","0.06350792","0.49341184","0.465361","0.0605","0.7893","0.4587","","cedar/no-longer-36e56f4ce96a6c16.mp3"
"marin","No news is good news.","No news is good news.","","","3.312","0.06757187","0.31286231","0.51382","0.0688","2.2077","1.1042","","marin/no-news-is-good-news-815770ea78274821.mp3"
"cedar","No news is good news.","No news is good news.","","","2.52","0.06621712","0.45191211","0.607548","0.0661","2.323","0.197","","cedar/no-news-is-good-news-815770ea78274821.mp3"
"marin","No problem.","No problem.","","","1.704","0.05646818","0.35984015","0.424394","0.258","1.1472","0.5568","","marin/no-problem-012b17d8dfef6846.mp3"
"cedar","No problem.","No problem.","","","1.104","0.08928092","0.76351279","0.507888","0.0635","0.7682","0.3358","","cedar/no-problem-012b17d8dfef6846.mp3"
"marin","No way.","No way.","","","1.92","0.07119206","0.33908391","0.579253","0.0554","1.4996","0.4204","","marin/no-way-bac4aa84f5f20086.mp3"
"cedar","No way.","No way.","","","1.32","0.06933106","0.44332269","0.556802","0.0779","0.9383","0.3817","","cedar/no-way-bac4aa84f5f20086.mp3"
"marin","No wonder.","No wonder.","","","1.848","0.08194777","0.36552817","0.618653","0.0605","1.6927","0.1553","","marin/no-wonder-2e3835b99103cf33.mp3"
"cedar","No wonder.","No wonder.","","","1.56","0.06549679","0.49110615","0.495259","0.0679","0.9899","0.5701","","cedar/no-wonder-2e3835b99103cf33.mp3"
"marin","No worries.","No worries.","","","1.152","0.07236939","0.37047446","0.583984","0.0688","0.8533","0.2987","","marin/no-worries-64999f8265e0484e.mp3"
"cedar","No worries.","No worries.","","","1.152","0.06690213","0.34003398","0.480342","0.1811","0.8303","0.3217","","cedar/no-worries-64999f8265e0484e.mp3"
"marin","nobody","nobody","","","1.248","0.06665128","0.36228588","0.43331","0.0569","0.7153","0.5327","127","marin/nobody-4161b287516ae471.mp3"
"cedar","nobody","nobody","","","1.368","0.06306027","0.46244809","0.479837","0.0546","0.8622","0.5058","127","cedar/nobody-4161b287516ae471.mp3"
"marin","nod","nod","","","0.864","0.07881003","0.37571743","0.488691","0.081","0.5648","0.2992","64","marin/nod-f943aea56ad7ffdd.mp3"
"cedar","nod","nod","","","0.96","0.06256838","0.60971916","0.370074","0.0802","0.5854","0.3746","64","cedar/nod-f943aea56ad7ffdd.mp3"
"marin","noise","noise","","","1.752","0.05761686","0.26514709","0.349137","0.529","1.2198","0.5322","109","marin/noise-567b37fe7e3b26e1.mp3"
"cedar","noise","noise","","","1.512","0.04753744","0.49521521","0.288084","0.0751","0.6355","0.8765","109","cedar/noise-567b37fe7e3b26e1.mp3"
"marin","noisy","noisy","","","1.464","0.05757068","0.30610028","0.317609","0.1398","0.6861","0.7779","109","marin/noisy-a3661aeb2849373c.mp3"
"cedar","noisy","noisy","","","1.752","0.04992348","0.4356938","0.341146","0.1732","0.8638","0.8882","109","cedar/noisy-a3661aeb2849373c.mp3"
"marin","none","none","","","1.512","0.0569419","0.41289347","0.281291","0.0809","0.5492","0.9628","127","marin/none-fcf33dfbe13c2354.mp3"
"cedar","none","none","","","1.104","0.05831212","0.62106174","0.346732","0.1528","0.6156","0.4884","127","cedar/none-fcf33dfbe13c2354.mp3"
"marin","noodle","noodle","","","0.912","0.10344775","0.38487548","0.454313","0.0852","0.5916","0.3204","41","marin/noodle-6f04327d2ebeb9ca.mp3"
"cedar","noodle","noodle","","","1.008","0.06199992","0.41818923","0.421462","0.1828","0.6779","0.3301","41","cedar/noodle-6f04327d2ebeb9ca.mp3"
"marin","noon","noon","","","1.608","0.05549219","0.35972205","0.269641","0.1605","0.6478","0.9602","31","marin/noon-73f1443671fb7097.mp3"
"cedar","noon","noon","","","2.352","0.04031859","0.40557569","0.184045","0.2957","0.7903","1.5617","31","cedar/noon-73f1443671fb7097.mp3"
"marin","north","north","","","0.96","0.06703032","0.37518299","0.40076","0.1195","0.723","0.237","84","marin/north-0de53ab3c043ea1f.mp3"
"cedar","north","north","","","1.2","0.05214913","0.36418459","0.305885","0.1749","0.6256","0.5744","84","cedar/north-0de53ab3c043ea1f.mp3"
"marin","nose","nose","","","1.32","0.06009431","0.29767662","0.415878","0.0804","0.7198","0.6002","19","marin/nose-97eef64326687737.mp3"
"cedar","nose","nose","","","1.248","0.06646233","0.58316511","0.404547","0.0681","0.7262","0.5218","19","cedar/nose-97eef64326687737.mp3"
"marin","not at all","not at all","","","2.712","0.05011038","0.48385024","0.275358","0.0639","1.7447","0.9673","","marin/not-at-all-902cf4d96b517362.mp3"
"cedar","not at all","not at all","","","1.56","0.05102729","0.4724741","0.36855","0.0899","1.0548","0.5052","","cedar/not-at-all-902cf4d96b517362.mp3"
"marin","not","not","","","0.96","0.06321061","0.49471691","0.285786","0.0724","0.523","0.437","121","marin/not-dfb2a6b3ee002a7a.mp3"
"cedar","not","not","","","0.816","0.05088951","0.78220874","0.268484","0.0677","0.4717","0.3443","121","cedar/not-dfb2a6b3ee002a7a.mp3"
"marin","not yet","not yet","","","1.416","0.05670724","0.43179911","0.347163","0.0608","1.0595","0.3565","","marin/not-yet-936a86a654320aa5.mp3"
"cedar","not yet","not yet","","","1.608","0.04737942","0.46229362","0.316322","0.2497","1.1678","0.4403","","cedar/not-yet-936a86a654320aa5.mp3"
"marin","note","note","","","0.816","0.07084285","0.33859634","0.31993","0.0811","0.523","0.293","36|79","marin/note-389ed6887e49a315.mp3"
"cedar","note","note","","","1.704","0.04181443","0.52642435","0.192537","0.0662","0.5724","1.1316","36|79","cedar/note-389ed6887e49a315.mp3"
"marin","notebook","notebook","","","1.008","0.05761717","0.33245766","0.38862","0.0762","0.8337","0.1743","80","marin/notebook-d86d16645cd9862c.mp3"
"cedar","notebook","notebook","","","1.008","0.05682746","0.46653137","0.339988","0.0885","0.723","0.285","80","cedar/notebook-d86d16645cd9862c.mp3"
"marin","nothing","nothing","","","1.2","0.04411427","0.39813766","0.311354","0.2831","0.7884","0.4116","127","marin/nothing-72bc30bd85d75d05.mp3"
"cedar","nothing","nothing","","","1.104","0.04676684","0.60837275","0.372717","0.0634","0.6554","0.4486","127","cedar/nothing-72bc30bd85d75d05.mp3"
"marin","notice","notice","","","1.152","0.07729448","0.47160992","0.412543","0.0688","0.6629","0.4891","93","marin/notice-5de37b4c620461f2.mp3"
"cedar","notice","notice","","","1.752","0.04891554","0.44915462","0.260191","0.2332","0.8056","0.9464","93","cedar/notice-5de37b4c620461f2.mp3"
"marin","novel","novel","","","1.152","0.07255271","0.34081835","0.458767","0.0713","0.7039","0.4481","55","marin/novel-8f99a3defa32e181.mp3"
"cedar","novel","novel","","","1.464","0.07092745","0.60910791","0.413066","0.5272","1.2654","0.1986","55","cedar/novel-8f99a3defa32e181.mp3"
"marin","November","November","","","1.32","0.07080714","0.48135892","0.465309","0.0638","0.7655","0.5545","33","marin/november-a5bbea534a55d199.mp3"
"cedar","November","November","","","1.752","0.0573476","0.63508838","0.300537","0.0683","0.7019","1.0501","33","cedar/november-a5bbea534a55d199.mp3"
"marin","now","now","","","1.008","0.05753004","0.47657126","0.37779","0.1171","0.5857","0.4223","34","marin/now-4ebabbd77cf9141d.mp3"
"cedar","now","now","","","2.304","0.0531903","0.70512497","0.24018","1.086","1.7255","0.5785","34","cedar/now-4ebabbd77cf9141d.mp3"
"marin","number","number","","","2.568","0.04660623","0.31491959","0.191589","0.1146","0.6644","1.9036","29","marin/number-6d6f1adcd1e1ef89.mp3"
"cedar","number","number","","","1.008","0.05204894","0.50207192","0.366505","0.1985","0.6933","0.3147","29","cedar/number-6d6f1adcd1e1ef89.mp3"
"marin","nurse","nurse","","","1.416","0.05501047","0.37140355","0.333201","0.0655","0.6415","0.7745","6","marin/nurse-7aca34120c884c87.mp3"
"cedar","nurse","nurse","","","0.96","0.04807378","0.43789399","0.384375","0.1459","0.6634","0.2966","6","cedar/nurse-7aca34120c884c87.mp3"
"marin","Nut","Nut","","","0.864","0.05765809","0.31838042","0.324195","0.0754","0.5883","0.2757","38","marin/nut-5a9977bb0b8653f1.mp3"
"cedar","Nut","Nut","","","1.008","0.04609229","0.56890011","0.273913","0.1878","0.6062","0.4018","38","cedar/nut-5a9977bb0b8653f1.mp3"
"marin","obey","obey","","","1.248","0.06527921","0.51320285","0.448818","0.1395","0.7927","0.4553","63","marin/obey-5dd10de1d988cf8f.mp3"
"cedar","obey","obey","","","1.32","0.04998055","0.38165301","0.322475","0.435","0.9479","0.3721","63","cedar/obey-5dd10de1d988cf8f.mp3"
"marin","object","object. Object.","","","2.016","0.07299991","0.54352856","0.372117","0.0575","1.6815","0.3345","58","marin/object-e31cc977db5e4f1d.mp3"
"cedar","object","object. Object.","","","1.968","0.04135166","0.44846919","0.272728","0.2233","1.8046","0.1634","58","cedar/object-e31cc977db5e4f1d.mp3"
"marin","ocean","ocean","","","1.008","0.06217125","0.57324827","0.383743","0.1446","0.5918","0.4162","107","marin/ocean-f6372428d984206e.mp3"
"cedar","ocean","ocean","","","1.104","0.05316035","0.44629329","0.313387","0.317","0.7418","0.3622","107","cedar/ocean-f6372428d984206e.mp3"
"marin","o'clock","o'clock","","","2.016","0.02674015","0.26261306","0.125072","0.4166","0.957","1.059","","marin/oclock-6c02ffff856f14a1.mp3"
"cedar","o'clock","o'clock","","","0.864","0.03626841","0.54559445","0.227816","0.0601","0.4655","0.3985","","cedar/oclock-6c02ffff856f14a1.mp3"
"marin","October","October","","","1.248","0.04640162","0.38740522","0.292718","0.4047","0.9844","0.2636","33","marin/october-719cecbf765f1523.mp3"
"cedar","October","October","","","1.152","0.07981983","0.60061932","0.435312","0.0543","0.8645","0.2875","33","cedar/october-719cecbf765f1523.mp3"
"marin","of","of","","","0.768","0.06722475","0.44566262","0.336453","0.135","0.4903","0.2777","132","marin/of-8e648b887b7cea5e.mp3"
"cedar","of","of","","","2.352","0.02589605","0.33391434","0.1074","0.4176","0.7554","1.5966","132","cedar/of-8e648b887b7cea5e.mp3"
"marin","of all time","of all time","","","2.16","0.07889537","0.45010364","0.447386","0.0486","1.5902","0.5698","","marin/of-all-time-65cb9f20dc11456c.mp3"
"cedar","of all time","of all time","","","1.512","0.06485836","0.39576617","0.467634","0.0548","1.1036","0.4084","","cedar/of-all-time-65cb9f20dc11456c.mp3"
"marin","Of course / Of course not.","Of course. Or, of course not.","","","2.952","0.08595487","0.51746517","0.478898","0.0576","2.8053","0.1467","","marin/of-course-of-course-not-6ed2cddd2f1b9002.mp3"
"cedar","Of course / Of course not.","Of course. Or, of course not.","","","2.808","0.06237864","0.47917306","0.39794","0.1795","2.5944","0.2136","","cedar/of-course-of-course-not-6ed2cddd2f1b9002.mp3"
"marin","off","off","","","0.96","0.03977548","0.40035903","0.224544","0.172","0.5896","0.3704","132","marin/off-b470b84cf0cd3189.mp3"
"cedar","off","off","","","1.416","0.04254625","0.52446365","0.117879","0.4798","0.8194","0.5966","132","cedar/off-b470b84cf0cd3189.mp3"
"marin","offer","offer","","","0.648","0.08966104","0.52252156","0.391461","0.0673","0.455","0.193","66","marin/offer-01ebe741943728ca.mp3"
"cedar","offer","offer","","","1.464","0.05003747","0.68797678","0.163849","0.7957","1.1838","0.2802","66","cedar/offer-01ebe741943728ca.mp3"
"marin","office","office","","","1.368","0.04969478","0.49737969","0.275174","0.1625","0.7212","0.6468","86","marin/office-9d36b4e7dafb80a1.mp3"
"cedar","office","office","","","1.2","0.05057781","0.59970295","0.264062","0.2271","0.7858","0.4142","86","cedar/office-9d36b4e7dafb80a1.mp3"
"marin","officer","officer","","","1.32","0.0584211","0.52745718","0.306345","0.0794","0.6448","0.6753","5","marin/officer-5e878eb48fa92b37.mp3"
"cedar","officer","officer","","","1.056","0.05234322","0.5621624","0.303089","0.0729","0.5441","0.5119","5","cedar/officer-5e878eb48fa92b37.mp3"
"marin","often","often","","","1.056","0.05130004","0.44830158","0.289575","0.1668","0.5936","0.4624","118","marin/often-8bf3beda50f522dd.mp3"
"cedar","often","often","","","1.056","0.04916822","0.53539437","0.260377","0.2783","0.7218","0.3342","118","cedar/often-8bf3beda50f522dd.mp3"
"marin","oil","oil","","","0.96","0.06743675","0.36523247","0.365582","0.2111","0.624","0.336","44","marin/oil-5c6c2446fe434e2f.mp3"
"cedar","oil","oil","","","1.056","0.06147523","0.46708858","0.322739","0.1543","0.5717","0.4843","44","cedar/oil-5c6c2446fe434e2f.mp3"
"marin","OK","OK","","","0.912","0.05180972","0.43465629","0.304116","0.2414","0.6327","0.2793","124","marin/ok-dc51b8c96c2d745d.mp3"
"cedar","OK","OK","","","0.96","0.06541493","0.59577513","0.286632","0.1537","0.5857","0.3743","124","cedar/ok-dc51b8c96c2d745d.mp3"
"marin","old","old","","","1.104","0.07092851","0.42655453","0.383586","0.1559","0.6472","0.4568","17","marin/old-01d09d19c2139a46.mp3"
"cedar","old","old","","","1.368","0.06557557","0.51859391","0.251767","0.1477","0.6252","0.7428","17","cedar/old-01d09d19c2139a46.mp3"
"marin","omit","omit","","","1.008","0.07053636","0.53979427","0.363798","0.1288","0.673","0.335","115","marin/omit-bd4eb6279df8ed37.mp3"
"cedar","omit","omit","","","1.056","0.04793141","0.37744766","0.315795","0.1789","0.673","0.383","115","cedar/omit-bd4eb6279df8ed37.mp3"
"marin","on a business trip","on a business trip","","","2.856","0.06153896","0.39328754","0.368646","0.0496","1.6461","1.2099","","marin/on-a-business-trip-226310fd8b688a9a.mp3"
"cedar","on a business trip","on a business trip","","","1.92","0.06061151","0.4741933","0.472472","0.0805","1.4003","0.5197","","cedar/on-a-business-trip-226310fd8b688a9a.mp3"
"marin","on a diet","on a diet","","","1.464","0.06674239","0.43490341","0.489754","0.0915","1.0303","0.4337","","marin/on-a-diet-bd976a99ff81c28b.mp3"
"cedar","on a diet","on a diet","","","1.512","0.06288187","0.49542913","0.478175","0.0539","1.0222","0.4898","","cedar/on-a-diet-bd976a99ff81c28b.mp3"
"marin","on","on","","","1.248","0.06923455","0.46338469","0.320997","0.0486","0.4895","0.7585","130|131","marin/on-b6ac5bc39377e44e.mp3"
"cedar","on","on","","","0.96","0.03495187","0.33833602","0.279991","0.1754","0.5824","0.3776","130|131","cedar/on-b6ac5bc39377e44e.mp3"
"marin","on foot","on foot","","","1.56","0.04984964","0.35522231","0.341747","0.0606","1.073","0.487","","marin/on-foot-e54360102724074c.mp3"
"cedar","on foot","on foot","","","1.464","0.06844682","0.47475654","0.368468","0.0585","1.1722","0.2918","","cedar/on-foot-e54360102724074c.mp3"
"marin","on one's own","on one's own","","","2.16","0.08024004","0.47323862","0.590548","0.077","1.8646","0.2954","","marin/on-ones-own-6476ee0efd076f03.mp3"
"cedar","on one's own","on one's own","","","2.52","0.05824307","0.54181272","0.406068","0.0574","1.7525","0.7675","","cedar/on-ones-own-6476ee0efd076f03.mp3"
"marin","on sale","on sale","","","1.32","0.07286963","0.36540502","0.569792","0.0548","1.1125","0.2075","","marin/on-sale-623c2b6cabe3e1c0.mp3"
"cedar","on sale","on sale","","","1.32","0.0647485","0.44066894","0.55797","0.0951","1.1645","0.1555","","cedar/on-sale-623c2b6cabe3e1c0.mp3"
"marin","on... team","on a team.","","","1.464","0.0585566","0.48131773","0.427169","0.1577","0.936","0.528","","marin/on-team-9533dce18c6f9365.mp3"
"cedar","on... team","on a team.","","","1.512","0.05963908","0.41752473","0.509204","0.2573","1.2079","0.3041","","cedar/on-team-9533dce18c6f9365.mp3"
"marin","on the hour","on the hour","","","2.016","0.05791468","0.31902525","0.430039","0.4272","1.7139","0.3021","","marin/on-the-hour-e80a4a1d159cb274.mp3"
"cedar","on the hour","on the hour","","","1.656","0.05894157","0.42285269","0.460422","0.0575","0.9873","0.6687","","cedar/on-the-hour-e80a4a1d159cb274.mp3"
"marin","on the other hand","on the other hand","","","2.16","0.0653271","0.31301296","0.536998","0.3887","1.7375","0.4225","","marin/on-the-other-hand-30d4f3f2a8fa1477.mp3"
"cedar","on the other hand","on the other hand","","","1.704","0.05665582","0.45431504","0.477675","0.0543","1.0712","0.6328","","cedar/on-the-other-hand-30d4f3f2a8fa1477.mp3"
"marin","on the way to...","on the way to","","","1.608","0.06785679","0.34677342","0.567397","0.0609","1.2004","0.4076","","marin/on-the-way-to-6a367082ad6da255.mp3"
"cedar","on the way to...","on the way to","","","2.16","0.05515585","0.38778064","0.449865","0.3724","1.9449","0.2151","","cedar/on-the-way-to-6a367082ad6da255.mp3"
"marin","on time","on time","","","1.8","0.05476586","0.30877978","0.433032","0.2731","1.1916","0.6084","","marin/on-time-bc2ea4c97b1adce2.mp3"
"cedar","on time","on time","","","1.416","0.05706752","0.44185308","0.492129","0.0576","0.9927","0.4233","","cedar/on-time-bc2ea4c97b1adce2.mp3"
"marin","on vacation","on vacation","","","1.512","0.06150537","0.31734383","0.537822","0.0493","1.2208","0.2912","","marin/on-vacation-a4d88e1affa7e8a1.mp3"
"cedar","on vacation","on vacation","","","1.608","0.05797187","0.4849903","0.428651","0.1076","1.0674","0.5406","","cedar/on-vacation-a4d88e1affa7e8a1.mp3"
"marin","on weekdays","on weekdays","","","1.608","0.06573295","0.31416005","0.541395","0.0485","1.2838","0.3242","","marin/on-weekdays-d970d2729f2c33c6.mp3"
"cedar","on weekdays","on weekdays","","","2.064","0.06406764","0.55368811","0.404716","0.0592","1.5095","0.5545","","cedar/on-weekdays-d970d2729f2c33c6.mp3"
"marin","on weekends","on weekends","","","1.968","0.05932632","0.38817453","0.44075","0.0546","1.1306","0.8374","","marin/on-weekends-0144818f7e432720.mp3"
"cedar","on weekends","on weekends","","","1.8","0.04715114","0.40491933","0.393542","0.1724","1.2357","0.5643","","cedar/on-weekends-0144818f7e432720.mp3"
"marin","once","once","","","1.368","0.03976166","0.40176123","0.27493","0.1692","0.6414","0.7266","118","marin/once-ad06e72726f6d8ff.mp3"
"cedar","once","once","","","1.056","0.058242","0.54042232","0.290917","0.2188","0.611","0.445","118","cedar/once-ad06e72726f6d8ff.mp3"
"marin","Once in a blue moon.","Once in a blue moon.","","","2.616","0.08672447","0.45212299","0.548332","0.0693","1.83","0.786","","marin/once-in-a-blue-moon-2fac0a0428982729.mp3"
"cedar","Once in a blue moon.","Once in a blue moon.","","","2.064","0.0717371","0.53241432","0.499445","0.0724","1.5712","0.4928","","cedar/once-in-a-blue-moon-2fac0a0428982729.mp3"
"marin","once / twice a year","once a year. Or, twice a year.","","","2.712","0.07007377","0.50680631","0.533747","0.0683","2.6199","0.0921","","marin/once-twice-a-year-f88736dd2dd5c5bd.mp3"
"cedar","once / twice a year","once a year. Or, twice a year.","","","3.72","0.07286927","0.58202893","0.418397","0.082","3.1081","0.6119","","cedar/once-twice-a-year-f88736dd2dd5c5bd.mp3"
"marin","one","one","","","1.656","0.03485265","0.30276832","0.228538","0.2861","0.7234","0.9326","29","marin/one-2c8b08da5ce60398.mp3"
"cedar","one","one","","","1.464","0.04408348","0.52020013","0.236552","0.1569","0.5851","0.8789","29","cedar/one-2c8b08da5ce60398.mp3"
"marin","oneself","oneself","","","1.704","0.05483552","0.49430552","0.364522","0.0579","0.923","0.781","126","marin/oneself-6de7317e0b0b647f.mp3"
"cedar","oneself","oneself","","","1.368","0.06958384","0.48578295","0.464516","0.0833","0.92","0.448","126","cedar/oneself-6de7317e0b0b647f.mp3"
"marin","onion","onion","","","0.912","0.07640619","0.51335472","0.426878","0.1512","0.6016","0.3104","39","marin/onion-a7ecb1e63098b438.mp3"
"cedar","onion","onion","","","1.248","0.0465382","0.50918061","0.260166","0.0576","0.4846","0.7634","39","cedar/onion-a7ecb1e63098b438.mp3"
"marin","only","only","","","1.968","0.05494444","0.38421527","0.256532","0.3519","0.8872","1.0808","25","marin/only-321b4285d2fec34a.mp3"
"cedar","only","only","","","1.056","0.0555857","0.37598577","0.374744","0.1866","0.6609","0.3951","25","cedar/only-321b4285d2fec34a.mp3"
"marin","open","open","","","1.368","0.05861907","0.46774846","0.285468","0.1775","0.6603","0.7077","114","marin/open-30da2826a39aee42.mp3"
"cedar","open","open","","","1.32","0.04823407","0.43940419","0.255256","0.2646","0.7576","0.5624","114","cedar/open-30da2826a39aee42.mp3"
"marin","open up","open up","","","1.608","0.06091716","0.47966883","0.293364","0.5757","1.3249","0.2831","","marin/open-up-4c91f8ea697771ca.mp3"
"cedar","open up","open up","","","2.016","0.05093666","0.46540478","0.176195","0.5885","1.1865","0.8295","","cedar/open-up-4c91f8ea697771ca.mp3"
"marin","operation","operation","","","1.008","0.05917186","0.39873838","0.505746","0.0544","0.7305","0.2775","6","marin/operation-9cc82df73ee18c7a.mp3"
"cedar","operation","operation","","","1.752","0.05952073","0.49682251","0.364643","0.0556","0.8775","0.8745","6","cedar/operation-9cc82df73ee18c7a.mp3"
"marin","opinion","opinion","","","0.864","0.05569736","0.41461566","0.473838","0.0605","0.5787","0.2853","60","marin/opinion-181cff9898f8f04f.mp3"
"cedar","opinion","opinion","","","1.368","0.0469971","0.47587031","0.325749","0.1275","0.7605","0.6075","60","cedar/opinion-181cff9898f8f04f.mp3"
"marin","or","or","","","0.96","0.0770392","0.49067304","0.233941","0.0545","0.3508","0.6092","133","marin/or-a1c74ae37f82d3ee.mp3"
"cedar","or","or","","","1.056","0.07245321","0.48927149","0.253255","0.0535","0.4053","0.6507","133","cedar/or-a1c74ae37f82d3ee.mp3"
"marin","orange","orange","","","1.32","0.06967574","0.6030066","0.317408","0.1297","0.6205","0.6995","38|51","marin/orange-be6fe11876282442.mp3"
"cedar","orange","orange","","","1.248","0.05007663","0.38747022","0.308944","0.1768","0.7129","0.5351","38|51","cedar/orange-be6fe11876282442.mp3"
"marin","order","order","","","1.056","0.05452973","0.33670866","0.333688","0.1856","0.5955","0.4605","42|75","marin/order-5ae404a21059a2ef.mp3"
"cedar","order","order","","","0.864","0.09654804","0.71670675","0.319493","0.0574","0.438","0.426","42|75","cedar/order-5ae404a21059a2ef.mp3"
"marin","ordinary","ordinary","","","0.912","0.09586501","0.58865577","0.475032","0.0578","0.5919","0.3201","116","marin/ordinary-5851c12c0f866692.mp3"
"cedar","ordinary","ordinary","","","1.752","0.05533269","0.44098958","0.279716","0.2201","0.8441","0.9079","116","cedar/ordinary-5851c12c0f866692.mp3"
"marin","other","other","","","1.152","0.06448407","0.46842262","0.342267","0.0575","0.5195","0.6325","128","marin/other-7e4fa2eb8c7ac089.mp3"
"cedar","other","other","","","0.912","0.04804979","0.51616228","0.330295","0.1826","0.5784","0.3336","128","cedar/other-7e4fa2eb8c7ac089.mp3"
"marin","our","our","","","1.464","0.04076409","0.35912201","0.189008","0.4159","0.7812","0.6828","125","marin/our-c15fb898b741101e.mp3"
"cedar","our","our","","","1.056","0.05215428","0.5765233","0.334418","0.1703","0.619","0.437","125","cedar/our-c15fb898b741101e.mp3"
"marin","ours","ours","","","0.96","0.05959712","0.46363044","0.470139","0.0578","0.6063","0.3537","126","marin/ours-13102ad5e68a577a.mp3"
"cedar","ours","ours","","","0.96","0.07435029","0.81048942","0.377105","0.0686","0.5681","0.3919","126","cedar/ours-13102ad5e68a577a.mp3"
"marin","ourselves","ourselves","","","1.512","0.06092633","0.40398404","0.498071","0.0663","1.0275","0.4845","126","marin/ourselves-fb09940bb4e45838.mp3"
"cedar","ourselves","ourselves","","","2.52","0.03889824","0.48419666","0.266262","0.4584","1.3684","1.1516","126","cedar/ourselves-fb09940bb4e45838.mp3"
"marin","out","out","","","0.72","0.05468386","0.36529392","0.275318","0.0645","0.4286","0.2914","132","marin/out-54034ac5c6e9ea95.mp3"
"cedar","out","out","","","1.056","0.04101628","0.45754248","0.173217","0.381","0.7129","0.3431","132","cedar/out-54034ac5c6e9ea95.mp3"
"marin","outside","outside","","","1.608","0.04584941","0.47687784","0.272686","0.0529","0.735","0.873","67","marin/outside-92a214fa61579091.mp3"
"cedar","outside","outside","","","1.152","0.052527","0.45406172","0.400264","0.346","0.9755","0.1765","67","cedar/outside-92a214fa61579091.mp3"
"marin","oven","oven","","","1.656","0.04350072","0.43149087","0.212799","0.1596","0.5915","1.0645","70","marin/oven-1c181ea30dd6ed7b.mp3"
"cedar","oven","oven","","","0.768","0.08896478","0.64358962","0.467584","0.1472","0.5751","0.1929","70","cedar/oven-1c181ea30dd6ed7b.mp3"
"marin","over","over","","","0.816","0.07515787","0.39665428","0.491294","0.1082","0.5759","0.2401","130","marin/over-0f33216cfb115088.mp3"
"cedar","over","over","","","1.56","0.05054574","0.50614721","0.201749","0.1733","0.589","0.971","130","cedar/over-0f33216cfb115088.mp3"
"marin","over here","over here","","","2.016","0.05920316","0.40222034","0.338583","0.2544","1.1095","0.9065","","marin/over-here-4673c5b0308855d1.mp3"
"cedar","over here","over here","","","1.56","0.08730236","0.57887274","0.364049","0.054","0.7355","0.8245","","cedar/over-here-4673c5b0308855d1.mp3"
"marin","over there","over there","","","1.056","0.08651983","0.42169857","0.593296","0.0474","0.7775","0.2785","","marin/over-there-d1f51d20b2b0427d.mp3"
"cedar","over there","over there","","","1.656","0.05787635","0.4049491","0.346518","0.284","1.016","0.64","","cedar/over-there-d1f51d20b2b0427d.mp3"
"marin","over-weight","over-weight","","","1.248","0.07942749","0.42844799","0.493289","0.0521","0.9875","0.2605","11","marin/over-weight-466cb0d1702d5d63.mp3"
"cedar","over-weight","over-weight","","","1.848","0.06656801","0.55604613","0.358608","0.1735","1.0347","0.8133","11","cedar/over-weight-466cb0d1702d5d63.mp3"
"marin","overpass","overpass","","","1.32","0.07051441","0.43605942","0.485006","0.057","0.9175","0.4025","93","marin/overpass-83244ab3362dea64.mp3"
"cedar","overpass","overpass","","","1.32","0.06431206","0.55616164","0.368182","0.0969","0.8464","0.4736","93","cedar/overpass-83244ab3362dea64.mp3"
"marin","own","own","","","1.32","0.05300854","0.498373","0.290309","0.1615","0.611","0.709","8","marin/own-7e6518373b1a8cf5.mp3"
"cedar","own","own","","","1.416","0.03381559","0.43017346","0.176671","0.1775","0.5552","0.8608","8","cedar/own-7e6518373b1a8cf5.mp3"
"marin","owner","owner","","","0.816","0.0860064","0.59171182","0.465737","0.0995","0.5623","0.2537","8","marin/owner-f371121a2eaf1530.mp3"
"cedar","owner","owner","","","0.864","0.06493848","0.4653897","0.387008","0.056","0.4723","0.3917","8","cedar/owner-f371121a2eaf1530.mp3"
"marin","ox","ox","","","0.912","0.05909655","0.44837072","0.343567","0.0597","0.5462","0.3658","110","marin/ox-c6a6de7241939b8c.mp3"
"cedar","ox","ox","","","1.104","0.02958113","0.39297909","0.226223","0.2226","0.7358","0.3682","110","cedar/ox-c6a6de7241939b8c.mp3"
"marin","p.m.","p.m.","","","1.56","0.05822781","0.46296784","0.392067","0.0993","1.2235","0.3365","31","marin/p-m-a208afb25e54e873.mp3"
"cedar","p.m.","p.m.","","","1.2","0.05697222","0.47730759","0.418177","0.191","0.7956","0.4044","31","cedar/p-m-a208afb25e54e873.mp3"
"marin","pack","pack","","","0.816","0.05227833","0.73942095","0.244256","0.0994","0.4982","0.3178","54|100","marin/pack-306d7f81d41d6083.mp3"
"cedar","pack","pack","","","0.96","0.04077789","0.71531087","0.191536","0.1263","0.4837","0.4763","54|100","cedar/pack-306d7f81d41d6083.mp3"
"marin","pack up","pack up","","","1.248","0.03949148","0.3987107","0.255809","0.0949","0.9629","0.2851","","marin/pack-up-6114231b7b6e9c99.mp3"
"cedar","pack up","pack up","","","1.56","0.03028469","0.72813362","0.184562","0.1799","0.9861","0.5739","","cedar/pack-up-6114231b7b6e9c99.mp3"
"marin","package","package","","","1.416","0.03217755","0.45396414","0.237156","0.3701","0.9858","0.4302","100","marin/package-4e9416efcf77b840.mp3"
"cedar","package","package","","","1.416","0.02167905","0.42383686","0.166652","0.6902","1.2036","0.2124","100","cedar/package-4e9416efcf77b840.mp3"
"marin","page","page","","","1.32","0.04102076","0.28174338","0.283318","0.5841","1.1047","0.2153","80","marin/page-362a07bbb5c74b98.mp3"
"cedar","page","page","","","1.368","0.04599605","0.37597573","0.257325","0.3349","0.823","0.545","80","cedar/page-362a07bbb5c74b98.mp3"
"marin","pain","pain","","","0.96","0.05433474","0.30771589","0.369444","0.0943","0.5095","0.4505","24","marin/pain-33c517159baadcba.mp3"
"cedar","pain","pain","","","1.152","0.04028634","0.54599184","0.272316","0.4772","0.8825","0.2695","24","cedar/pain-33c517159baadcba.mp3"
"marin","painful","painful","","","1.248","0.04556688","0.25659209","0.315138","0.428","0.9936","0.2544","24","marin/painful-1a96841df3855654.mp3"
"cedar","painful","painful","","","0.96","0.05857458","0.56269866","0.406337","0.084","0.6285","0.3315","24","cedar/painful-1a96841df3855654.mp3"
"marin","paint","paint","","","1.248","0.03665287","0.25823024","0.184796","0.4205","0.823","0.425","4|73","marin/paint-1f403509f4ced4b6.mp3"
"cedar","paint","paint","","","1.56","0.01318342","0.2325363","0.10406","0.3116","0.7062","0.8538","4|73","cedar/paint-1f403509f4ced4b6.mp3"
"marin","painter","painter","","","1.152","0.05239926","0.27688462","0.322139","0.1041","0.5623","0.5897","4","marin/painter-8d18e60037906abe.mp3"
"cedar","painter","painter","","","1.704","0.03632062","0.57365054","0.161471","0.0767","0.483","1.221","4","cedar/painter-8d18e60037906abe.mp3"
"marin","pair","pair","","","1.32","0.05135586","0.494692","0.224937","0.103","0.4531","0.8669","100","marin/pair-677370b173692bf8.mp3"
"cedar","pair","pair","","","2.16","0.03594609","0.41614389","0.177238","0.5329","0.9967","1.1633","100","cedar/pair-677370b173692bf8.mp3"
"marin","pajamas","pajamas","","","1.2","0.06460514","0.38345727","0.53283","0.0891","0.8587","0.3413","48","marin/pajamas-459e35929dfeaa3b.mp3"
"cedar","pajamas","pajamas","","","1.416","0.04489157","0.49982321","0.396025","0.1849","0.9477","0.4683","48","cedar/pajamas-459e35929dfeaa3b.mp3"
"marin","pale","pale","","","1.704","0.0492127","0.30777612","0.223726","0.9206","1.3862","0.3177","23","marin/pale-7d97e5aad341143b.mp3"
"cedar","pale","pale","","","1.008","0.04890284","0.42249528","0.324363","0.193","0.6532","0.3548","23","cedar/pale-7d97e5aad341143b.mp3"
"marin","pan","pan","","","0.912","0.07473345","0.36394933","0.587537","0.0724","0.6956","0.2164","70","marin/pan-a9d483efa16a3f09.mp3"
"cedar","pan","pan","","","1.752","0.03014161","0.35955575","0.199891","0.8293","1.3287","0.4233","70","cedar/pan-a9d483efa16a3f09.mp3"
"marin","panda","panda","","","1.152","0.04920609","0.25817257","0.34366","0.3294","0.8356","0.3164","111","marin/panda-6cf199ba39b955b4.mp3"
"cedar","panda","panda","","","1.152","0.04636933","0.49493676","0.30561","0.0907","0.5816","0.5704","111","cedar/panda-6cf199ba39b955b4.mp3"
"marin","pants","pants","","","1.152","0.02493676","0.17402431","0.258699","0.2762","0.7937","0.3582","47","marin/pants-d90f29b2ebb6849b.mp3"
"cedar","pants","pants","","","1.32","0.03679422","0.40599179","0.287879","0.168","0.7629","0.5571","47","cedar/pants-d90f29b2ebb6849b.mp3"
"marin","papaya","papaya","","","2.208","0.03684721","0.53281492","0.176706","0.1024","0.6434","1.5646","38","marin/papaya-7b830f8ec5460145.mp3"
"cedar","papaya","papaya","","","1.056","0.04396351","0.41921237","0.322621","0.1073","0.6411","0.4149","38","cedar/papaya-7b830f8ec5460145.mp3"
"marin","paper","paper","","","1.968","0.02924024","0.31881163","0.128377","0.2942","0.734","1.234","80|81","marin/paper-e0d48ae69883c754.mp3"
"cedar","paper","paper","","","1.152","0.03521611","0.31826621","0.28512","0.1518","0.6561","0.4959","80|81","cedar/paper-e0d48ae69883c754.mp3"
"marin","pardon","pardon","","","2.064","0.04643425","0.47168517","0.219335","0.0854","0.607","1.457","124","marin/pardon-f5ceb654c11c256b.mp3"
"cedar","pardon","pardon","","","1.656","0.0298119","0.32484311","0.172705","0.3396","0.746","0.91","124","cedar/pardon-f5ceb654c11c256b.mp3"
"marin","parent","parent","","","1.152","0.02876591","0.24482872","0.232151","0.2149","0.6436","0.5084","27","marin/parent-b4fa1e6855993e3f.mp3"
"cedar","parent","parent","","","1.752","0.03142002","0.37541452","0.142849","0.434","0.837","0.915","27","cedar/parent-b4fa1e6855993e3f.mp3"
"marin","parents","parents","","","1.152","0.04212759","0.24990119","0.373987","0.1479","0.7507","0.4013","","marin/parents-619dc0333e99bf5f.mp3"
"cedar","parents","parents","","","1.104","0.04101854","0.43585047","0.327974","0.1542","0.7391","0.3649","","cedar/parents-619dc0333e99bf5f.mp3"
"marin","park","park","","","1.152","0.0392758","0.45973417","0.158529","0.2652","0.6969","0.4551","87|93","marin/park-f43866ee62f093e2.mp3"
"cedar","park","park","","","1.056","0.02771929","0.28001973","0.16355","0.3319","0.7135","0.3425","87|93","cedar/park-f43866ee62f093e2.mp3"
"marin","parking lot","parking lot","","","1.32","0.05357232","0.67209995","0.333854","0.0789","0.8229","0.4971","93","marin/parking-lot-e7fc6aa9bef1f67e.mp3"
"cedar","parking lot","parking lot","","","1.416","0.04922152","0.63889861","0.362774","0.0566","0.8698","0.5462","93","cedar/parking-lot-e7fc6aa9bef1f67e.mp3"
"marin","parrot","parrot","","","2.16","0.02989046","0.23273991","0.138985","1.3228","1.823","0.337","111","marin/parrot-b1d3443fb7605bfa.mp3"
"cedar","parrot","parrot","","","1.968","0.03467713","0.41795889","0.124587","0.7403","1.1562","0.8118","111","cedar/parrot-b1d3443fb7605bfa.mp3"
"marin","part","part","","","0.864","0.05383194","0.59218931","0.23968","0.1015","0.523","0.341","47","marin/part-ce9cb3e5cfe98d66.mp3"
"cedar","part","part","","","1.104","0.04499516","0.5052045","0.207314","0.0949","0.5238","0.5802","47","cedar/part-ce9cb3e5cfe98d66.mp3"
"marin","partner","partner","","","1.152","0.04984955","0.42864382","0.295971","0.4453","0.9132","0.2388","27","marin/partner-405fee41207f6e11.mp3"
"cedar","partner","partner","","","1.752","0.03093899","0.52023339","0.17442","0.4042","0.8582","0.8938","27","cedar/partner-405fee41207f6e11.mp3"
"marin","party","party","","","1.92","0.04808978","0.48262843","0.196973","0.413","0.8879","1.0321","103","marin/party-587929b404f758d8.mp3"
"cedar","party","party","","","1.152","0.03384737","0.36673567","0.1858","0.3267","0.6738","0.4782","103","cedar/party-587929b404f758d8.mp3"
"marin","pass","pass","","","1.2","0.04321024","0.48092395","0.35191","0.163","0.7545","0.4455","79","marin/pass-9f56e761d79bfdb3.mp3"
"cedar","pass","pass","","","1.32","0.03198365","0.67744529","0.244176","0.1816","0.6444","0.6756","79","cedar/pass-9f56e761d79bfdb3.mp3"
"marin","pass away","pass away","","","1.416","0.05459326","0.42840579","0.481123","0.3515","1.2388","0.1772","","marin/pass-away-3905e49dc4d4d6f5.mp3"
"cedar","pass away","pass away","","","1.848","0.04759809","0.47577155","0.35163","0.2829","1.4413","0.4067","","cedar/pass-away-3905e49dc4d4d6f5.mp3"
"marin","pass by","pass by","","","2.064","0.0569674","0.60291797","0.321827","0.0917","1.0063","1.0577","","marin/pass-by-69a7235da5ad163a.mp3"
"cedar","pass by","pass by","","","1.8","0.05129219","0.65915263","0.348634","0.1805","1.2889","0.5111","","cedar/pass-by-69a7235da5ad163a.mp3"
"marin","pass up","pass up","","","1.464","0.05566338","0.51866376","0.350083","0.0826","1.1793","0.2847","","marin/pass-up-ed191105f1d63e70.mp3"
"cedar","pass up","pass up","","","1.608","0.04150105","0.41787702","0.302226","0.5206","1.4067","0.2013","","cedar/pass-up-ed191105f1d63e70.mp3"
"marin","passenger","passenger","","","2.16","0.03623398","0.38975117","0.256086","0.3208","0.9852","1.1748","94","marin/passenger-26356fef0edfbc85.mp3"
"cedar","passenger","passenger","","","2.616","0.02562117","0.43099546","0.174638","0.3886","0.9965","1.6195","94","cedar/passenger-26356fef0edfbc85.mp3"
"marin","past","past","","","1.056","0.04154483","0.48637173","0.343138","0.1224","0.6825","0.3735","34|35","marin/past-5ac5e87d18d11cb2.mp3"
"cedar","past","past","","","2.208","0.02753642","0.68949383","0.11364","0.095","0.5331","1.6749","34|35","cedar/past-5ac5e87d18d11cb2.mp3"
"marin","paste","paste","","","2.712","0.01949784","0.2156307","0.128826","0.2555","0.8859","1.8261","80","marin/paste-feef167525be1976.mp3"
"cedar","paste","paste","","","1.056","0.03159767","0.35875753","0.24203","0.1667","0.6101","0.4459","80","cedar/paste-feef167525be1976.mp3"
"marin","path","path","","","1.056","0.03948244","0.54609001","0.21005","0.2017","0.6303","0.4257","93","marin/path-d8a68357f4070585.mp3"
"cedar","path","path","","","1.464","0.02307883","0.4457745","0.132386","0.4887","0.8256","0.6384","93","cedar/path-d8a68357f4070585.mp3"
"marin","patient","patient","","","1.152","0.03447284","0.28120366","0.231337","0.1465","0.6469","0.5051","12","marin/patient-62a851ee421818b4.mp3"
"cedar","patient","patient","","","0.96","0.04620509","0.35830128","0.349696","0.0918","0.6385","0.3215","12","cedar/patient-62a851ee421818b4.mp3"
"marin","pattern","pattern","","","1.008","0.04941776","0.44303384","0.463996","0.1293","0.6768","0.3312","76","marin/pattern-29cfafcd1de27164.mp3"
"cedar","pattern","pattern","","","2.16","0.03504107","0.54998958","0.23017","0.5106","1.1393","1.0208","76","cedar/pattern-29cfafcd1de27164.mp3"
"marin","pause","pause","","","1.056","0.03887679","0.27335477","0.405915","0.0935","0.7084","0.3476","56","marin/pause-b5b1f36592ddb8b7.mp3"
"cedar","pause","pause","","","1.152","0.05275857","0.62292731","0.283746","0.1822","0.6698","0.4822","56","cedar/pause-b5b1f36592ddb8b7.mp3"
"marin","pay","pay","","","1.464","0.03470915","0.28216195","0.231999","0.5505","0.987","0.477","37","marin/pay-4f675fed8fd4763a.mp3"
"cedar","pay","pay","","","1.56","0.03654273","0.48877457","0.178152","0.1012","0.4697","1.0903","37","cedar/pay-4f675fed8fd4763a.mp3"
"marin","pay for","pay for","","","1.704","0.0518015","0.32863447","0.365843","0.1567","1.0303","0.6737","","marin/pay-for-22d93bf6354e2ea0.mp3"
"cedar","pay for","pay for","","","1.248","0.04958295","0.45038703","0.366403","0.1694","0.8646","0.3834","","cedar/pay-for-22d93bf6354e2ea0.mp3"
"marin","PE","PE","","","1.2","0.07462788","0.31878084","0.428073","0.0528","0.7798","0.4202","","marin/pe-21136ad841da2856.mp3"
"cedar","PE","PE","","","1.32","0.05827647","0.38922194","0.390846","0.1075","0.7846","0.5354","","cedar/pe-21136ad841da2856.mp3"
"marin","PE/physical education","P E. Or, physical education.","","","3.6","0.0783575","0.4194898","0.520544","0.0979","3.4087","0.1913","76","marin/pe-physical-education-d8788d9617808f95.mp3"
"cedar","PE/physical education","P E. Or, physical education.","","","3.648","0.07280404","0.48191974","0.441749","0.639","3.2443","0.4037","76","cedar/pe-physical-education-d8788d9617808f95.mp3"
"marin","peace","peace","","","1.656","0.03212371","0.21031314","0.222625","0.6804","1.1982","0.4578","63","marin/peace-981e716f18f52a48.mp3"
"cedar","peace","peace","","","1.368","0.03589539","0.31849808","0.240482","0.4476","0.9094","0.4586","63","cedar/peace-981e716f18f52a48.mp3"
"marin","peaceful","peaceful","","","1.104","0.04170816","0.30596033","0.292648","0.1201","0.6393","0.4647","15","marin/peaceful-dacd7d41be879f6e.mp3"
"cedar","peaceful","peaceful","","","0.96","0.04617729","0.39229429","0.312826","0.0766","0.5669","0.3931","15","cedar/peaceful-dacd7d41be879f6e.mp3"
"marin","peach","peach","","","2.256","0.02012235","0.20751791","0.118388","0.6225","1.1388","1.1172","38","marin/peach-9bad19bf29f0b4e8.mp3"
"cedar","peach","peach","","","1.008","0.03150139","0.22784853","0.23268","0.2325","0.6917","0.3163","38","cedar/peach-9bad19bf29f0b4e8.mp3"
"marin","pear","pear","","","0.864","0.03915234","0.21594486","0.371962","0.2602","0.7056","0.1584","38","marin/pear-10fb1ecd6208098c.mp3"
"cedar","pear","pear","","","2.448","0.02830746","0.42780054","0.12083","0.1824","0.5905","1.8575","38","cedar/pear-10fb1ecd6208098c.mp3"
"marin","pen","pen","","","1.248","0.03916928","0.30363879","0.282986","0.1639","0.5915","0.6565","80","marin/pen-fb3bac563bfd5d28.mp3"
"cedar","pen","pen","","","0.912","0.04106857","0.54390496","0.315767","0.0573","0.4692","0.4428","80","cedar/pen-fb3bac563bfd5d28.mp3"
"marin","pencil","pencil","","","1.32","0.04016716","0.27427155","0.295754","0.2225","0.734","0.586","80","marin/pencil-b67a1e26b3c60d50.mp3"
"cedar","pencil","pencil","","","1.56","0.02590721","0.47396687","0.191173","0.2264","0.6565","0.9035","80","cedar/pencil-b67a1e26b3c60d50.mp3"
"marin","pencil box/pencil case","pencil box, or pencil case","","","3","0.06829992","0.49499711","0.488431","0.0949","2.4526","0.5474","80","marin/pencil-box-pencil-case-b75c89eb0192b76e.mp3"
"cedar","pencil box/pencil case","pencil box, or pencil case","","","3","0.05176429","0.38041136","0.473035","0.1555","2.6745","0.3255","80","cedar/pencil-box-pencil-case-b75c89eb0192b76e.mp3"
"marin","people","people","","","1.104","0.05077331","0.37958241","0.297177","0.2304","0.7026","0.4014","2","marin/people-c5189a6b17a91648.mp3"
"cedar","people","people","","","1.92","0.02803656","0.33913481","0.119444","0.7993","1.1378","0.7822","2","cedar/people-c5189a6b17a91648.mp3"
"marin","pepper","pepper","","","1.2","0.03277024","0.46642232","0.231198","0.1704","0.5926","0.6074","44","marin/pepper-f44eb291149cb8bd.mp3"
"cedar","pepper","pepper","","","1.32","0.02368898","0.33459237","0.158886","0.3402","0.7475","0.5725","44","cedar/pepper-f44eb291149cb8bd.mp3"
"marin","perfect","perfect","","","1.416","0.03023494","0.32971197","0.126442","0.6777","1.1647","0.2512","82","marin/perfect-77a62ad6e72fd55e.mp3"
"cedar","perfect","perfect","","","1.608","0.0509627","0.61240005","0.139692","0.4856","0.9178","0.6902","82","cedar/perfect-77a62ad6e72fd55e.mp3"
"marin","perhaps","perhaps","","","1.56","0.04585023","0.31270796","0.38113","0.1326","0.9835","0.5765","118","marin/perhaps-3291d9b3bfaadbe9.mp3"
"cedar","perhaps","perhaps","","","1.056","0.04192592","0.53584504","0.272885","0.133","0.6565","0.3995","118","cedar/perhaps-3291d9b3bfaadbe9.mp3"
"marin","period","period","","","0.912","0.06297151","0.37802589","0.424776","0.064","0.5892","0.3228","34","marin/period-a56a25fc887108bc.mp3"
"cedar","period","period","","","1.416","0.0431335","0.39961731","0.218691","0.1829","0.6327","0.7833","34","cedar/period-a56a25fc887108bc.mp3"
"marin","person","person","","","1.152","0.04220548","0.31776601","0.324291","0.3337","0.8083","0.3437","2","marin/person-51d7a35f479052ab.mp3"
"cedar","person","person","","","1.512","0.03277978","0.3498202","0.205591","0.3856","0.8453","0.6667","2","cedar/person-51d7a35f479052ab.mp3"
"marin","personal","personal","","","1.608","0.04139951","0.27513343","0.314366","0.3207","0.936","0.672","117","marin/personal-53d5fe75b5d743fd.mp3"
"cedar","personal","personal","","","1.248","0.03845931","0.30292073","0.278679","0.5825","1.0916","0.1564","117","cedar/personal-53d5fe75b5d743fd.mp3"
"marin","pet","pet","","","1.104","0.02327984","0.3678363","0.125057","0.2816","0.6629","0.4411","110","marin/pet-c860acbd28c59c25.mp3"
"cedar","pet","pet","","","0.72","0.04335769","0.75366294","0.218866","0.0854","0.403","0.317","110","cedar/pet-c860acbd28c59c25.mp3"
"marin","photo","photo","","","0.768","0.06799063","0.48525441","0.406386","0.0636","0.5287","0.2393","55","marin/photo-9fe36faa6e710cbb.mp3"
"cedar","photo","photo","","","1.056","0.05493362","0.45973694","0.294586","0.2407","0.7577","0.2983","55","cedar/photo-9fe36faa6e710cbb.mp3"
"marin","physics","physics","","","1.008","0.04348651","0.36332873","0.32426","0.1623","0.8062","0.2018","76","marin/physics-6b0b34eb4673fb58.mp3"
"cedar","physics","physics","","","1.2","0.04787125","0.44729522","0.295243","0.2789","0.923","0.277","76","cedar/physics-6b0b34eb4673fb58.mp3"
"marin","piano","piano","","","0.864","0.06498623","0.28295258","0.456163","0.0944","0.6064","0.2576","56","marin/piano-502696edb2216211.mp3"
"cedar","piano","piano","","","1.2","0.05703401","0.45227787","0.456215","0.0542","0.714","0.486","56","cedar/piano-502696edb2216211.mp3"
"marin","pick","pick","","","1.2","0.02230127","0.29012674","0.131042","0.559","0.9469","0.2531","102","marin/pick-d25bcf2a8ab064e0.mp3"
"cedar","pick","pick","","","1.416","0.01979296","0.25795925","0.112067","0.3454","0.8271","0.5889","102","cedar/pick-d25bcf2a8ab064e0.mp3"
"marin","pick up","pick up","","","1.968","0.02830462","0.44066286","0.119919","0.2831","0.8562","1.1118","","marin/pick-up-de327f977d0750b0.mp3"
"cedar","pick up","pick up","","","1.512","0.04204619","0.47842655","0.183766","0.1792","1.0546","0.4574","","cedar/pick-up-de327f977d0750b0.mp3"
"marin","picnic","picnic","","","1.416","0.03578942","0.43301311","0.156588","0.4892","0.9837","0.4323","53","marin/picnic-60293af4e1beb744.mp3"
"cedar","picnic","picnic","","","1.008","0.05086769","0.68169814","0.232412","0.1955","0.6498","0.3582","53","cedar/picnic-60293af4e1beb744.mp3"
"marin","picture","picture","","","0.96","0.03962986","0.30251572","0.321528","0.1793","0.6348","0.3252","76","marin/picture-cf2a6b9dc684296c.mp3"
"cedar","picture","picture","","","1.92","0.01888404","0.31924874","0.120757","0.4313","0.885","1.035","76","cedar/picture-cf2a6b9dc684296c.mp3"
"marin","pie","pie","","","0.864","0.04546264","0.34006184","0.448158","0.1027","0.578","0.286","43","marin/pie-30188fcd6f354013.mp3"
"cedar","pie","pie","","","1.416","0.04007308","0.40394342","0.260314","0.5225","0.9746","0.4414","43","cedar/pie-30188fcd6f354013.mp3"
"marin","piece","piece","","","1.656","0.03732346","0.37398201","0.206975","0.4826","0.9388","0.7172","100","marin/piece-d0313cb044f7b69d.mp3"
"cedar","piece","piece","","","1.848","0.02120534","0.24963045","0.151087","0.3455","0.7731","1.0749","100","cedar/piece-d0313cb044f7b69d.mp3"
"marin","pig","pig","","","1.608","0.03217281","0.27330825","0.205898","0.1742","0.6916","0.9164","110","marin/pig-a08e8d78171be217.mp3"
"cedar","pig","pig","","","0.96","0.03905682","0.32078657","0.251389","0.2778","0.6549","0.3051","110","cedar/pig-a08e8d78171be217.mp3"
"marin","pigeon","pigeon","","","1.2","0.04291627","0.30080834","0.30349","0.2193","0.6771","0.5229","111","marin/pigeon-307ca971f0784a47.mp3"
"cedar","pigeon","pigeon","","","1.2","0.03044347","0.36289421","0.24809","0.3293","0.7581","0.4419","111","cedar/pigeon-307ca971f0784a47.mp3"
"marin","pile","pile","","","1.248","0.04316985","0.365329","0.286392","0.162","0.6393","0.6087","100","marin/pile-f25691fb8e79ec6a.mp3"
"cedar","pile","pile","","","1.104","0.03784168","0.44461834","0.296403","0.1186","0.6082","0.4958","100","cedar/pile-f25691fb8e79ec6a.mp3"
"marin","pillow","pillow","","","1.92","0.02709303","0.22370818","0.179959","0.1604","0.6314","1.2886","69","marin/pillow-196c00e6ee58e203.mp3"
"cedar","pillow","pillow","","","1.416","0.03366553","0.38069162","0.258931","0.4326","0.913","0.503","69","cedar/pillow-196c00e6ee58e203.mp3"
"marin","pin","pin","","","1.248","0.03067294","0.20830584","0.205295","0.2887","0.6533","0.5947","49","marin/pin-96ca82a298776567.mp3"
"cedar","pin","pin","","","1.008","0.03122898","0.33150059","0.285962","0.2638","0.7287","0.2793","49","cedar/pin-96ca82a298776567.mp3"
"marin","pin down","pin down","","","1.464","0.05521991","0.28495499","0.46552","0.1453","0.9502","0.5138","","marin/pin-down-c5fa41d8e880a9dd.mp3"
"cedar","pin down","pin down","","","1.704","0.05222665","0.54037786","0.428025","0.1022","1.1125","0.5915","","cedar/pin-down-c5fa41d8e880a9dd.mp3"
"marin","pineapple","pineapple","","","1.2","0.05954848","0.38501018","0.365833","0.095","0.6853","0.5147","38","marin/pineapple-3ff19a957130df29.mp3"
"cedar","pineapple","pineapple","","","1.56","0.04846292","0.70055163","0.226563","0.0986","0.6401","0.9199","38","cedar/pineapple-3ff19a957130df29.mp3"
"marin","pink","pink","","","2.448","0.02114993","0.27208096","0.081657","0.2063","0.59","1.858","51","marin/pink-2747b90acedfbf6e.mp3"
"cedar","pink","pink","","","1.104","0.01923472","0.2388199","0.121358","0.4181","0.6885","0.4155","51","cedar/pink-2747b90acedfbf6e.mp3"
"marin","pipe","pipe","","","1.008","0.04311035","0.42534873","0.190786","0.109","0.4592","0.5488","73","marin/pipe-6b795180fbb3d024.mp3"
"cedar","pipe","pipe","","","0.96","0.03375462","0.52377242","0.201324","0.1486","0.5287","0.4313","73","cedar/pipe-6b795180fbb3d024.mp3"
"marin","pizza","pizza","","","1.056","0.0419112","0.2486085","0.301511","0.3219","0.8213","0.2347","41","marin/pizza-fff8acd78f7528c1.mp3"
"cedar","pizza","pizza","","","1.464","0.03754673","0.36832559","0.212716","0.1031","0.5633","0.9007","41","cedar/pizza-fff8acd78f7528c1.mp3"
"marin","place","place","","","1.152","0.06086366","0.45270067","0.38057","0.0896","0.6902","0.4618","86","marin/place-e58cf1daccb91c3a.mp3"
"cedar","place","place","","","1.704","0.03215199","0.3468985","0.17756","0.7831","1.2695","0.4345","86","cedar/place-e58cf1daccb91c3a.mp3"
"marin","plain","plain","","","1.32","0.04484047","0.32048547","0.282497","0.1131","0.5955","0.7245","51|108","marin/plain-dacf36547c7774a0.mp3"
"cedar","plain","plain","","","1.512","0.04214249","0.4289211","0.28187","0.17","0.7367","0.7753","51|108","cedar/plain-dacf36547c7774a0.mp3"
"marin","plan","plan","","","0.96","0.04504502","0.34420621","0.456207","0.118","0.6736","0.2864","54","marin/plan-1b4025dc7b8d27cf.mp3"
"cedar","plan","plan","","","1.104","0.03693979","0.40308648","0.231073","0.2355","0.639","0.465","54","cedar/plan-1b4025dc7b8d27cf.mp3"
"marin","planet","planet","","","0.912","0.06268381","0.37943101","0.314579","0.0881","0.5629","0.3491","106","marin/planet-0352d53bff31f516.mp3"
"cedar","planet","planet","","","0.864","0.05557042","0.51398253","0.334105","0.0637","0.5349","0.3291","106","cedar/planet-0352d53bff31f516.mp3"
"marin","plant","plant","","","1.056","0.03385566","0.26275814","0.236821","0.2422","0.7419","0.3141","109|113","marin/plant-7e5d2666ea505d36.mp3"
"cedar","plant","plant","","","1.056","0.02467885","0.26102251","0.163806","0.3229","0.7331","0.3229","109|113","cedar/plant-7e5d2666ea505d36.mp3"
"marin","plate","plate","","","1.248","0.03821866","0.33864024","0.175114","0.1724","0.6883","0.5597","46","marin/plate-b31a5def9e2045b3.mp3"
"cedar","plate","plate","","","1.152","0.03532099","0.30811447","0.219383","0.1767","0.6925","0.4595","46","cedar/plate-b31a5def9e2045b3.mp3"
"marin","platform","platform","","","1.248","0.04521527","0.41233522","0.257963","0.0935","0.6779","0.5701","93","marin/platform-5087250a6ab1d339.mp3"
"cedar","platform","platform","","","1.512","0.03256316","0.44851631","0.239611","0.2829","0.9447","0.5673","93","cedar/platform-5087250a6ab1d339.mp3"
"marin","play","play","","","0.768","0.06268296","0.57804382","0.3766","0.1023","0.4897","0.2783","57","marin/play-045e3639f49d5d7a.mp3"
"cedar","play","play","","","1.608","0.03756415","0.50732231","0.157779","0.2147","0.5882","1.0198","57","cedar/play-045e3639f49d5d7a.mp3"
"marin","play badminton","play badminton","","","1.968","0.05572162","0.32117373","0.450965","0.3224","1.6892","0.2788","","marin/play-badminton-7268103e6a3db97a.mp3"
"cedar","play badminton","play badminton","","","2.112","0.04736899","0.52646357","0.350961","0.1984","1.64","0.472","","cedar/play-badminton-7268103e6a3db97a.mp3"
"marin","play basketball","play basketball","","","1.656","0.06875477","0.55779672","0.398312","0.0522","1.0046","0.6514","","marin/play-basketball-10d0b46549555f11.mp3"
"cedar","play basketball","play basketball","","","1.968","0.04844522","0.44135523","0.415989","0.1559","1.3658","0.6022","","cedar/play-basketball-10d0b46549555f11.mp3"
"marin","play cards","play cards","","","2.112","0.05265014","0.22831059","0.33361","0.5693","1.5575","0.5545","","marin/play-cards-23eb4225e7a9d14a.mp3"
"cedar","play cards","play cards","","","2.064","0.05311609","0.47908005","0.29738","0.6293","1.6046","0.4594","","cedar/play-cards-23eb4225e7a9d14a.mp3"
"marin","play on the seesaw","play on the seesaw","","","1.704","0.07507494","0.32851768","0.563784","0.0965","1.4647","0.2392","","marin/play-on-the-seesaw-738186438d1a424a.mp3"
"cedar","play on the seesaw","play on the seesaw","","","1.968","0.0559964","0.46292058","0.537866","0.0731","1.4997","0.4683","","cedar/play-on-the-seesaw-738186438d1a424a.mp3"
"marin","play on the slide","play on the slide","","","1.512","0.07287201","0.36854306","0.563134","0.1017","1.1835","0.3285","","marin/play-on-the-slide-96faa3480912fc73.mp3"
"cedar","play on the slide","play on the slide","","","1.92","0.04816854","0.40518743","0.455675","0.3151","1.5054","0.4146","","cedar/play-on-the-slide-96faa3480912fc73.mp3"
"marin","play on the swing","play on the swing","","","1.92","0.07093301","0.35903352","0.538216","0.1498","1.4996","0.4204","","marin/play-on-the-swing-66fd5436d7d4c4b8.mp3"
"cedar","play on the swing","play on the swing","","","2.064","0.06243647","0.53748482","0.373688","0.0574","1.1432","0.9208","","cedar/play-on-the-swing-66fd5436d7d4c4b8.mp3"
"marin","play sports","play sports","","","3.048","0.04711553","0.46850586","0.221163","0.0573","1.073","1.975","","marin/play-sports-4eafb48fc4ac878d.mp3"
"cedar","play sports","play sports","","","1.848","0.05956632","0.51538408","0.34959","0.128","1.3088","0.5392","","cedar/play-sports-4eafb48fc4ac878d.mp3"
"marin","play the guitar","play the guitar","","","1.416","0.06554774","0.40784711","0.520083","0.0523","1.1944","0.2216","","marin/play-the-guitar-fee886d866590f0a.mp3"
"cedar","play the guitar","play the guitar","","","2.208","0.04973131","0.4096455","0.379086","0.3517","1.8511","0.3569","","cedar/play-the-guitar-fee886d866590f0a.mp3"
"marin","play the piano","play the piano","","","1.56","0.06822197","0.33650395","0.47528","0.0979","1.2628","0.2972","","marin/play-the-piano-c93ac33a0d0c8324.mp3"
"cedar","play the piano","play the piano","","","2.856","0.03424483","0.35969511","0.251386","0.3944","1.69","1.166","","cedar/play-the-piano-c93ac33a0d0c8324.mp3"
"marin","play the violin","play the violin","","","2.064","0.05763447","0.39692894","0.49573","0.1639","1.5901","0.4739","","marin/play-the-violin-5ac3232b2e6fba72.mp3"
"cedar","play the violin","play the violin","","","1.968","0.07304527","0.69582731","0.529673","0.1642","1.6373","0.3307","","cedar/play-the-violin-5ac3232b2e6fba72.mp3"
"marin","player","player","","","0.816","0.04387897","0.27459535","0.318066","0.1399","0.5895","0.2265","4","marin/player-fe68576d2bc20605.mp3"
"cedar","player","player","","","1.752","0.03330652","0.43997258","0.152695","0.1514","0.5711","1.1809","4","cedar/player-fe68576d2bc20605.mp3"
"marin","playground","playground","","","1.512","0.05335554","0.32942596","0.334146","0.5605","1.2053","0.3067","87","marin/playground-9dba7f116b73c5db.mp3"
"cedar","playground","playground","","","1.32","0.05175438","0.48288882","0.30816","0.3021","0.9045","0.4155","87","cedar/playground-9dba7f116b73c5db.mp3"
"marin","pleasant","pleasant","","","1.752","0.03817585","0.31739652","0.195253","0.3215","0.8357","0.9163","15","marin/pleasant-54ae8aa0ad77d315.mp3"
"cedar","pleasant","pleasant","","","1.32","0.03721349","0.44741419","0.247743","0.4652","0.9936","0.3264","15","cedar/pleasant-54ae8aa0ad77d315.mp3"
"marin","please","please","","","1.008","0.06026138","0.29525501","0.46224","0.0888","0.6817","0.3263","65|124","marin/please-d2af944fe8b3af5c.mp3"
"cedar","please","please","","","1.056","0.04005254","0.30403689","0.313861","0.1701","0.6816","0.3744","65|124","cedar/please-d2af944fe8b3af5c.mp3"
"marin","pleased","pleased","","","1.92","0.04070626","0.28312749","0.237033","0.0979","0.7469","1.1731","15","marin/pleased-ad362a0734ae27fe.mp3"
"cedar","pleased","pleased","","","1.56","0.03464307","0.2219238","0.252457","0.509","1.0854","0.4746","15","cedar/pleased-ad362a0734ae27fe.mp3"
"marin","pleasure","pleasure","","","2.568","0.03279141","0.2788578","0.125008","0.729","1.1625","1.4055","15","marin/pleasure-e223c1b83590119f.mp3"
"cedar","pleasure","pleasure","","","1.152","0.0305781","0.35860133","0.201552","0.5525","0.9226","0.2294","15","cedar/pleasure-e223c1b83590119f.mp3"
"marin","plus","plus","","","1.416","0.04256715","0.59390861","0.263992","0.0825","0.6415","0.7745","78","marin/plus-7daffe54cdb8ad79.mp3"
"cedar","plus","plus","","","2.112","0.03151938","0.4872604","0.147313","0.1719","0.6424","1.4696","78","cedar/plus-7daffe54cdb8ad79.mp3"
"marin","pocket","pocket","","","1.056","0.03793537","0.32011619","0.258247","0.1792","0.7248","0.3312","47","marin/pocket-a7e281c62d61a3cf.mp3"
"cedar","pocket","pocket","","","1.056","0.07232582","0.6736992","0.267144","0.0574","0.5462","0.5098","47","cedar/pocket-a7e281c62d61a3cf.mp3"
"marin","poem","poem","","","1.152","0.05530456","0.41795561","0.423882","0.1491","0.7301","0.4219","76","marin/poem-094096e1f6996195.mp3"
"cedar","poem","poem","","","1.464","0.04553611","0.56298429","0.230248","0.179","0.6418","0.8222","76","cedar/poem-094096e1f6996195.mp3"
"marin","point","point","","","1.152","0.03482165","0.27841663","0.145092","0.6305","0.9595","0.1925","99","marin/point-aa0b91ceb0e26ba2.mp3"
"cedar","point","point","","","2.016","0.02634441","0.33368391","0.089606","0.3117","0.6444","1.3716","99","cedar/point-aa0b91ceb0e26ba2.mp3"
"marin","poison","poison","","","1.056","0.06768836","0.40444416","0.478239","0.1581","0.7632","0.2928","63","marin/poison-e1bd750c5735ddf4.mp3"
"cedar","poison","poison","","","1.32","0.04377644","0.38708678","0.243908","0.3881","0.8743","0.4457","63","cedar/poison-e1bd750c5735ddf4.mp3"
"marin","police","police","","","1.968","0.0368701","0.22072256","0.258691","0.1653","0.8133","1.1547","5","marin/police-60647281a999043e.mp3"
"cedar","police","police","","","1.152","0.05795194","0.44119647","0.394278","0.1455","0.7317","0.4203","5","cedar/police-60647281a999043e.mp3"
"marin","police officer","police officer","","","1.56","0.06269447","0.30953875","0.542748","0.0521","1.2053","0.3547","","marin/police-officer-0e95157c1d4b7098.mp3"
"cedar","police officer","police officer","","","2.064","0.05155203","0.41733965","0.334746","0.1021","1.1875","0.8765","","cedar/police-officer-0e95157c1d4b7098.mp3"
"marin","police station","police station","","","1.704","0.06096507","0.42996514","0.535138","0.0957","1.3578","0.3462","86","marin/police-station-65390b1b6d0b6e6d.mp3"
"cedar","police station","police station","","","2.4","0.02844794","0.23323821","0.249297","0.6027","1.4563","0.9437","86","cedar/police-station-65390b1b6d0b6e6d.mp3"
"marin","polite","polite","","","1.104","0.05210132","0.43180594","0.252019","0.046","0.523","0.581","12","marin/polite-547ad572c06f16b8.mp3"
"cedar","polite","polite","","","1.968","0.03706571","0.46350026","0.156504","0.7354","1.2347","0.7333","12","cedar/polite-547ad572c06f16b8.mp3"
"marin","pollute","pollute","","","1.104","0.05729482","0.30150717","0.317746","0.0982","0.6468","0.4572","109","marin/pollute-202d63edbe95eb18.mp3"
"cedar","pollute","pollute","","","1.152","0.04478645","0.36627534","0.298557","0.193","0.7782","0.3738","109","cedar/pollute-202d63edbe95eb18.mp3"
"marin","pollution","pollution","","","2.064","0.03895909","0.26711571","0.224948","1.3394","1.9527","0.1113","109","marin/pollution-df4cfdef44e31eac.mp3"
"cedar","pollution","pollution","","","0.96","0.06031173","0.50765812","0.431923","0.1048","0.6448","0.3152","109","cedar/pollution-df4cfdef44e31eac.mp3"
"marin","pond","pond","","","1.248","0.03874766","0.28620842","0.285223","0.2228","0.6749","0.5731","107","marin/pond-b517f3ddf7c1b4cd.mp3"
"cedar","pond","pond","","","1.104","0.05017571","0.45458061","0.379416","0.1622","0.7264","0.3776","107","cedar/pond-b517f3ddf7c1b4cd.mp3"
"marin","pool","pool","","","1.104","0.04686082","0.24225645","0.320709","0.1506","0.6393","0.4647","","marin/pool-a13a7147c137af0d.mp3"
"cedar","pool","pool","","","1.848","0.04369707","0.41649118","0.167997","0.6768","1.1096","0.7384","","cedar/pool-a13a7147c137af0d.mp3"
"marin","poor","poor","","","1.104","0.05579955","0.38387802","0.301498","0.1646","0.6131","0.4909","117","marin/poor-5c4abfbcdc60aff5.mp3"
"cedar","poor","poor","","","1.512","0.04185367","0.36387873","0.181231","0.1638","0.5933","0.9187","117","cedar/poor-5c4abfbcdc60aff5.mp3"
"marin","Poor you.","Poor you.","","","1.8","0.05147032","0.28190526","0.381435","0.1631","0.9733","0.8267","","marin/poor-you-a818067d0854bf67.mp3"
"cedar","Poor you.","Poor you.","","","1.416","0.04751993","0.29675081","0.397143","0.2724","1.0643","0.3517","","cedar/poor-you-a818067d0854bf67.mp3"
"marin","pop","pop","","","1.752","0.03116994","0.3586207","0.112169","0.5589","0.9193","0.8327","","marin/pop-4c708c790274578a.mp3"
"cedar","pop","pop","","","0.768","0.05401632","0.50600243","0.219347","0.1079","0.4151","0.3529","","cedar/pop-4c708c790274578a.mp3"
"marin","pop music","pop music","","","2.016","0.06189999","0.47872517","0.310309","0.1454","1.2855","0.7305","56","marin/pop-music-fd2662109adf2dc5.mp3"
"cedar","pop music","pop music","","","2.304","0.04325058","0.33642185","0.240732","0.885","1.944","0.36","56","cedar/pop-music-fd2662109adf2dc5.mp3"
"marin","popcorn","popcorn","","","2.352","0.05886159","0.41954711","0.218165","0.7801","1.4954","0.8566","43","marin/popcorn-4131b9b8f9abb907.mp3"
"cedar","popcorn","popcorn","","","1.968","0.03273629","0.40486598","0.208111","0.1516","0.7917","1.1763","43","cedar/popcorn-4131b9b8f9abb907.mp3"
"marin","popular","popular","","","1.656","0.04896578","0.52028185","0.25317","0.0521","0.6515","1.0045","90","marin/popular-24251a70b25fb5c4.mp3"
"cedar","popular","popular","","","1.104","0.03886345","0.35801417","0.289798","0.2201","0.7354","0.3686","90","cedar/popular-24251a70b25fb5c4.mp3"
"marin","population","population","","","1.248","0.05017054","0.3233991","0.443827","0.1702","0.9128","0.3352","88","marin/population-652250f017668050.mp3"
"cedar","population","population","","","1.56","0.04580719","0.37297282","0.357385","0.1352","0.9169","0.6431","88","cedar/population-652250f017668050.mp3"
"marin","pork","pork","","","1.056","0.04545018","0.41317233","0.197936","0.1007","0.5483","0.5078","40","marin/pork-b4d6db730b2c0b6a.mp3"
"cedar","pork","pork","","","0.912","0.04654072","0.39591256","0.20726","0.1892","0.5842","0.3278","40","cedar/pork-b4d6db730b2c0b6a.mp3"
"marin","position","position","","","1.416","0.03742474","0.21801582","0.369497","0.2237","0.8883","0.5277","83","marin/position-7d9f3cb85a59deca.mp3"
"cedar","position","position","","","1.656","0.03336188","0.27836725","0.285087","0.279","0.9063","0.7497","83","cedar/position-7d9f3cb85a59deca.mp3"
"marin","positive","positive","","","0.816","0.06444187","0.45941895","0.469746","0.1015","0.6595","0.1565","10","marin/positive-fd5ef3399cc11279.mp3"
"cedar","positive","positive","","","1.512","0.04750941","0.46352762","0.264564","0.4166","1.123","0.389","10","cedar/positive-fd5ef3399cc11279.mp3"
"marin","possible","possible","","","0.864","0.06569221","0.54778868","0.482687","0.051","0.6106","0.2534","116","marin/possible-f25e13c49ec8b3fa.mp3"
"cedar","possible","possible","","","1.056","0.06202872","0.65891588","0.446319","0.1372","0.7042","0.3518","116","cedar/possible-f25e13c49ec8b3fa.mp3"
"marin","post office","post office","","","2.208","0.04777688","0.58509284","0.254727","0.0942","0.8742","1.3338","86","marin/post-office-01721800f5000a94.mp3"
"cedar","post office","post office","","","2.448","0.03861028","0.41797388","0.240196","0.584","1.9437","0.5043","86","cedar/post-office-01721800f5000a94.mp3"
"marin","postcard","postcard","","","1.416","0.06273446","0.49637368","0.352489","0.0517","0.806","0.61","80","marin/postcard-6574da6c56b9223b.mp3"
"cedar","postcard","postcard","","","1.2","0.04591276","0.48682955","0.314427","0.1788","0.809","0.391","80","cedar/postcard-6574da6c56b9223b.mp3"
"marin","pot","pot","","","0.864","0.04580363","0.31915364","0.250675","0.1128","0.5264","0.3376","70","marin/pot-ca633ea0fbcbe446.mp3"
"cedar","pot","pot","","","0.96","0.04085938","0.52418","0.187196","0.0985","0.4864","0.4736","70","cedar/pot-ca633ea0fbcbe446.mp3"
"marin","potato","potato","","","1.848","0.04716612","0.29028282","0.23398","0.6474","1.2078","0.6402","39","marin/potato-c7a37153dfd36007.mp3"
"cedar","potato","potato","","","1.152","0.03934352","0.40167841","0.305122","0.295","0.8228","0.3292","39","cedar/potato-c7a37153dfd36007.mp3"
"marin","pound","pound","","","1.056","0.05694262","0.35634467","0.441544","0.0923","0.6469","0.4091","36|96","marin/pound-e2006b7897b99f3e.mp3"
"cedar","pound","pound","","","0.96","0.04848941","0.63664585","0.381641","0.145","0.6396","0.3204","36|96","cedar/pound-e2006b7897b99f3e.mp3"
"marin","powder","powder","","","1.104","0.03931234","0.39510593","0.294158","0.2706","0.7648","0.3392","72","marin/powder-ff82841d32746b64.mp3"
"cedar","powder","powder","","","1.104","0.04414506","0.57965529","0.31301","0.1694","0.6562","0.4478","72","cedar/powder-ff82841d32746b64.mp3"
"marin","power","power","","","1.416","0.0409204","0.38428012","0.238656","0.5227","0.9194","0.4966","68","marin/power-035233ebe4533bc5.mp3"
"cedar","power","power","","","1.056","0.04859007","0.62632388","0.277561","0.1706","0.6049","0.4511","68","cedar/power-035233ebe4533bc5.mp3"
"marin","practice","practice","","","1.2","0.03542881","0.28713056","0.375278","0.2326","1.0308","0.1692","77","marin/practice-6b3a5b5ea4d70142.mp3"
"cedar","practice","practice","","","1.32","0.03707001","0.45405006","0.296449","0.1517","0.906","0.414","77","cedar/practice-6b3a5b5ea4d70142.mp3"
"marin","praise","praise","","","1.968","0.03825079","0.21257283","0.268208","0.2368","0.9596","1.0084","66","marin/praise-4387012fede9d84d.mp3"
"cedar","praise","praise","","","1.32","0.03587646","0.3698526","0.27601","0.2805","0.9047","0.4153","66","cedar/praise-4387012fede9d84d.mp3"
"marin","pray","pray","","","1.008","0.05653474","0.49860829","0.346623","0.2139","0.6347","0.3733","25","marin/pray-498d948581bda732.mp3"
"cedar","pray","pray","","","1.368","0.04748054","0.46961862","0.220471","0.1515","0.5914","0.7766","25","cedar/pray-498d948581bda732.mp3"
"marin","pray for","pray for","","","1.848","0.04934892","0.34753025","0.341721","0.1705","1.2907","0.5573","","marin/pray-for-056e63fc507ed1e7.mp3"
"cedar","pray for","pray for","","","1.704","0.04753545","0.4112317","0.331071","0.1635","1.4403","0.2637","","cedar/pray-for-056e63fc507ed1e7.mp3"
"marin","precious","precious","","","1.56","0.03467268","0.31289697","0.280369","0.17","0.8347","0.7253","116","marin/precious-a37214679d4cdc0b.mp3"
"cedar","precious","precious","","","1.152","0.04040374","0.52268434","0.337113","0.2724","0.8649","0.2871","116","cedar/precious-a37214679d4cdc0b.mp3"
"marin","prepare","prepare","","","1.152","0.04467532","0.36276224","0.350025","0.1518","0.6973","0.4547","54|82","marin/prepare-8687c50d465e1cd1.mp3"
"cedar","prepare","prepare","","","2.208","0.03928993","0.40241942","0.218901","0.4642","1.1669","1.0411","54|82","cedar/prepare-8687c50d465e1cd1.mp3"
"marin","prepare for","prepare for","","","1.8","0.05185943","0.33655861","0.404884","0.1137","1.1407","0.6593","","marin/prepare-for-55a3041217db14a1.mp3"
"cedar","prepare for","prepare for","","","1.512","0.06641834","0.45011142","0.475212","0.0994","1.1712","0.3408","","cedar/prepare-for-55a3041217db14a1.mp3"
"marin","present","present","","","1.104","0.03579409","0.30517811","0.301536","0.273","0.873","0.231","34","marin/present-53710904096c2290.mp3"
"cedar","present","present","","","1.152","0.06143243","0.81109273","0.267325","0.1518","0.5986","0.5534","34","cedar/present-53710904096c2290.mp3"
"marin","present","present. Present.","","","2.352","0.04679651","0.49182352","0.271046","0.3694","1.9469","0.4051","","marin/present-5aeab2aa5da0052a.mp3"
"cedar","present","present. Present.","","","2.352","0.03994443","0.52338797","0.234393","0.1615","1.8516","0.5004","","cedar/present-5aeab2aa5da0052a.mp3"
"marin","president","president","","","1.056","0.05827565","0.42816722","0.476602","0.1017","0.8015","0.2545","5","marin/president-93cdf3c3d4d195dc.mp3"
"cedar","president","president","","","1.2","0.05638587","0.55865848","0.345573","0.1393","0.7013","0.4987","5","cedar/president-93cdf3c3d4d195dc.mp3"
"marin","pressure","pressure","","","1.152","0.04696974","0.51195621","0.305574","0.2725","0.7455","0.4065","25","marin/pressure-f1c2b235d0d2c3b7.mp3"
"cedar","pressure","pressure","","","1.512","0.03118552","0.54650831","0.186287","0.1896","0.6037","0.9083","25","cedar/pressure-f1c2b235d0d2c3b7.mp3"
"marin","pretty","pretty","","","1.008","0.06241519","0.54455912","0.316014","0.1456","0.5437","0.4643","11","marin/pretty-699555ad25de68cd.mp3"
"cedar","pretty","pretty","","","1.248","0.03448144","0.3896428","0.21663","0.1723","0.5763","0.6717","11","cedar/pretty-699555ad25de68cd.mp3"
"marin","price","price","","","1.368","0.0579095","0.72253495","0.275433","0.0781","0.5441","0.8239","37","marin/price-e546b9fd00fbf39a.mp3"
"cedar","price","price","","","2.112","0.03016508","0.58031154","0.163342","0.1205","0.623","1.489","37","cedar/price-e546b9fd00fbf39a.mp3"
"marin","priest","priest","","","1.608","0.02830702","0.23036708","0.207686","0.3604","0.8875","0.7205","54","marin/priest-24cc2e6ff8c5f4f7.mp3"
"cedar","priest","priest","","","1.704","0.04155188","0.59699273","0.180592","0.0606","0.5222","1.1818","54","cedar/priest-24cc2e6ff8c5f4f7.mp3"
"marin","Primary","Primary","","","1.608","0.04733007","0.35092112","0.434274","0.1396","0.9895","0.6185","74","marin/primary-a06ac4d8f2c389dc.mp3"
"cedar","Primary","Primary","","","1.2","0.05435627","0.59000134","0.406788","0.0624","0.7232","0.4768","74","cedar/primary-a06ac4d8f2c389dc.mp3"
"marin","prince","prince","","","1.056","0.04352211","0.40519267","0.34375","0.2224","0.76","0.296","2","marin/prince-74598b9c00824ca4.mp3"
"cedar","prince","prince","","","1.368","0.03335737","0.40780693","0.241654","0.3829","0.9307","0.4373","2","cedar/prince-74598b9c00824ca4.mp3"
"marin","princess","princess","","","1.8","0.0405027","0.28118777","0.294329","0.1143","0.8356","0.9644","2","marin/princess-3c89b3c33fcb821a.mp3"
"cedar","princess","princess","","","1.056","0.0497759","0.4461388","0.369871","0.1206","0.7081","0.3479","2","cedar/princess-3c89b3c33fcb821a.mp3"
"marin","Principal","Principal","","","1.752","0.03983432","0.48439443","0.210343","0.2225","0.7277","1.0243","74","marin/principal-7cf0f167cd0ba9c1.mp3"
"cedar","Principal","Principal","","","1.752","0.04875776","0.41811329","0.225635","0.5854","1.1393","0.6127","74","cedar/principal-7cf0f167cd0ba9c1.mp3"
"marin","principle","principle","","","1.608","0.047895","0.48321643","0.213308","0.4904","0.9862","0.6218","78","marin/principle-30d079fad770a3d6.mp3"
"cedar","principle","principle","","","1.656","0.0395317","0.34309658","0.272909","0.385","1.0575","0.5985","78","cedar/principle-30d079fad770a3d6.mp3"
"marin","printer","printer","","","1.32","0.05422598","0.48013303","0.272049","0.1354","0.592","0.728","69","marin/printer-7f94366882b1fcf5.mp3"
"cedar","printer","printer","","","1.56","0.03933542","0.45960766","0.184335","0.6811","1.0849","0.4751","69","cedar/printer-7f94366882b1fcf5.mp3"
"marin","private","private","","","1.152","0.05136173","0.54164469","0.30787","0.1017","0.6793","0.4727","117","marin/private-25bc6f78b121a072.mp3"
"cedar","private","private","","","1.056","0.04160594","0.40988752","0.299775","0.264","0.8283","0.2277","117","cedar/private-25bc6f78b121a072.mp3"
"marin","prize","prize","","","1.008","0.05536885","0.44277897","0.493531","0.084","0.7204","0.2876","82","marin/prize-4001fa3008ef382a.mp3"
"cedar","prize","prize","","","2.256","0.03438186","0.48519507","0.187103","0.1512","0.7745","1.4815","82","cedar/prize-4001fa3008ef382a.mp3"
"marin","probably","probably","","","2.112","0.03336468","0.38431945","0.166617","0.284","0.8012","1.3108","118","marin/probably-4f51e19e4f0c9efb.mp3"
"cedar","probably","probably","","","1.104","0.06879641","0.71692455","0.347128","0.1023","0.6125","0.4915","118","cedar/probably-4f51e19e4f0c9efb.mp3"
"marin","problem","problem","","","1.464","0.04592425","0.3432824","0.282559","0.6772","1.1605","0.3035","78","marin/problem-822684d04b526c32.mp3"
"cedar","problem","problem","","","1.104","0.06682818","0.62876558","0.383567","0.1715","0.7632","0.3408","78","cedar/problem-822684d04b526c32.mp3"
"marin","produce","produce. Produce.","","","3.264","0.05301497","0.39211693","0.29902","0.8215","2.7858","0.4782","9","marin/produce-f9f597bbdcf3a801.mp3"
"cedar","produce","produce. Produce.","","","2.52","0.0487995","0.44478735","0.279737","0.3725","2.052","0.468","9","cedar/produce-f9f597bbdcf3a801.mp3"
"marin","production","production","","","1.056","0.07651059","0.64959037","0.45206","0.089","0.7032","0.3528","8","marin/production-abbcad3f278f4fcf.mp3"
"cedar","production","production","","","1.8","0.04318663","0.51315236","0.27875","0.433","1.2052","0.5948","8","cedar/production-abbcad3f278f4fcf.mp3"
"marin","Professor","Professor","","","0.96","0.05965088","0.56203258","0.376042","0.0573","0.5896","0.3704","74","marin/professor-6ef688e383f6a980.mp3"
"cedar","Professor","Professor","","","1.008","0.06539882","0.66581362","0.426319","0.0765","0.7006","0.3074","74","cedar/professor-6ef688e383f6a980.mp3"
"marin","program","program","","","1.056","0.06210752","0.3875685","0.489149","0.1701","0.8926","0.1634","60","marin/program-fba13a37a73d657d.mp3"
"cedar","program","program","","","1.56","0.03914422","0.34179959","0.291146","0.5017","1.2024","0.3576","60","cedar/program-fba13a37a73d657d.mp3"
"marin","progress","progress. Progress.","","","2.304","0.05202471","0.51715755","0.428919","0.0844","2.0864","0.2176","78","marin/progress-8237de014e4bc09b.mp3"
"cedar","progress","progress. Progress.","","","2.064","0.04823792","0.67938942","0.27583","0.1826","1.7356","0.3284","78","cedar/progress-8237de014e4bc09b.mp3"
"marin","promise","promise","","","1.608","0.04619004","0.46176517","0.300956","0.1643","0.8271","0.7809","58","marin/promise-012ff72aa4e6f67d.mp3"
"cedar","promise","promise","","","1.152","0.05564892","0.63756037","0.339138","0.0805","0.6858","0.4662","58","cedar/promise-012ff72aa4e6f67d.mp3"
"marin","pronounce","pronounce","","","1.104","0.06208512","0.43199211","0.351732","0.0956","0.6385","0.4655","77","marin/pronounce-b88f80731a03485d.mp3"
"cedar","pronounce","pronounce","","","1.368","0.04390831","0.3471866","0.358263","0.2227","0.8766","0.4914","77","cedar/pronounce-b88f80731a03485d.mp3"
"marin","protect","protect","","","1.104","0.03759451","0.28944561","0.237375","0.2227","0.7559","0.3481","28","marin/protect-45142c4f18261694.mp3"
"cedar","protect","protect","","","1.32","0.04392661","0.51170349","0.227131","0.1477","0.7578","0.5622","28","cedar/protect-45142c4f18261694.mp3"
"marin","proud","proud","","","1.608","0.04504541","0.50852621","0.205936","0.5893","1.0835","0.5245","17","marin/proud-67a4205af09df972.mp3"
"cedar","proud","proud","","","1.752","0.04405111","0.48983434","0.235754","0.5215","1.0869","0.6651","17","cedar/proud-67a4205af09df972.mp3"
"marin","provide","provide","","","1.848","0.0439518","0.41527095","0.243924","0.0643","0.6702","1.1778","28","marin/provide-cf0cafda0ac3e34d.mp3"
"cedar","provide","provide","","","1.104","0.0359036","0.36639699","0.334296","0.2741","0.9333","0.1707","28","cedar/provide-cf0cafda0ac3e34d.mp3"
"marin","public","public","","","1.608","0.03845706","0.4331311","0.195623","0.2225","0.7359","0.8721","91","marin/public-cde1925e8f892f5d.mp3"
"cedar","public","public","","","1.752","0.02994677","0.46876186","0.167963","0.1767","0.7337","1.0183","91","cedar/public-cde1925e8f892f5d.mp3"
"marin","pull","pull","","","1.92","0.02838241","0.26190704","0.176118","0.5131","0.9814","0.9386","114","marin/pull-3a3fcbcd07a8b97d.mp3"
"cedar","pull","pull","","","1.056","0.04389807","0.45691162","0.207307","0.1367","0.4349","0.6211","114","cedar/pull-3a3fcbcd07a8b97d.mp3"
"marin","pump","pump","","","1.152","0.03257892","0.28571776","0.166884","0.3728","0.7529","0.3991","73","marin/pump-1a74de6c68a8ae2b.mp3"
"cedar","pump","pump","","","1.104","0.0424401","0.55895489","0.178593","0.1928","0.5193","0.5847","73","cedar/pump-1a74de6c68a8ae2b.mp3"
"marin","pumpkin","pumpkin","","","1.104","0.04628492","0.38113797","0.377","0.1725","0.7609","0.3431","39","marin/pumpkin-176d7decad778425.mp3"
"cedar","pumpkin","pumpkin","","","1.248","0.04144314","0.45883772","0.327774","0.1819","0.8049","0.4431","39","cedar/pumpkin-176d7decad778425.mp3"
"marin","punish","punish","","","1.2","0.03506536","0.23858809","0.331962","0.2667","0.8855","0.3145","75","marin/punish-d59a429a52a275cd.mp3"
"cedar","punish","punish","","","1.368","0.02797496","0.41470256","0.245081","0.5531","1.0499","0.3181","75","cedar/punish-d59a429a52a275cd.mp3"
"marin","puppy","puppy","","","0.864","0.04633619","0.34016666","0.266782","0.06","0.392","0.472","110","marin/puppy-5bf0b5e81e9fb60e.mp3"
"cedar","puppy","puppy","","","1.464","0.02577403","0.36237037","0.142432","0.404","0.7579","0.7061","110","cedar/puppy-5bf0b5e81e9fb60e.mp3"
"marin","purple","purple","","","1.416","0.04299672","0.4501186","0.176127","0.0556","0.4219","0.9941","51","marin/purple-596157e5858a0c64.mp3"
"cedar","purple","purple","","","1.416","0.03771715","0.36492762","0.238892","0.3331","0.8588","0.5572","51","cedar/purple-596157e5858a0c64.mp3"
"marin","purpose","purpose","","","0.96","0.04740485","0.57482558","0.351194","0.1017","0.635","0.325","82","marin/purpose-42298313b391356b.mp3"
"cedar","purpose","purpose","","","1.968","0.02746876","0.42587331","0.159331","0.559","1.0547","0.9133","82","cedar/purpose-42298313b391356b.mp3"
"marin","purse","purse","","","2.664","0.02807903","0.41757911","0.129325","0.2118","0.6858","1.9782","49","marin/purse-1d129e6f3a73efe8.mp3"
"cedar","purse","purse","","","1.368","0.02434188","0.32521963","0.181789","0.2767","0.7384","0.6296","49","cedar/purse-1d129e6f3a73efe8.mp3"
"marin","push around","push around","","","1.968","0.07799252","0.51588726","0.44237","0.0716","1.3469","0.6211","","marin/push-around-58002c371ff16068.mp3"
"cedar","push around","push around","","","1.92","0.04642826","0.52737796","0.319911","0.3523","1.6385","0.2815","","cedar/push-around-58002c371ff16068.mp3"
"marin","push","push","","","1.008","0.04749518","0.3126274","0.397342","0.1795","0.6889","0.3191","114","marin/push-bf61b40cbe244d02.mp3"
"cedar","push","push","","","1.152","0.04016478","0.31143007","0.257704","0.3456","0.7754","0.3766","114","cedar/push-bf61b40cbe244d02.mp3"
"marin","put away","put away","","","1.608","0.06899325","0.45978737","0.323616","0.0979","1.0244","0.5836","72","marin/put-away-8db7c4dc658047ef.mp3"
"cedar","put away","put away","","","2.256","0.04743212","0.38962659","0.226322","0.7206","1.8233","0.4327","72","cedar/put-away-8db7c4dc658047ef.mp3"
"marin","put","put","","","0.912","0.04390069","0.39082521","0.195107","0.1598","0.523","0.389","73","marin/put-b28f8edbb7b6641f.mp3"
"cedar","put","put","","","1.152","0.05165273","0.61613441","0.122884","0.0992","0.4215","0.7305","73","cedar/put-b28f8edbb7b6641f.mp3"
"marin","put down","put down","","","1.8","0.05370336","0.36270061","0.302766","0.1102","1.0526","0.7474","","marin/put-down-4de2ee4f017a9b85.mp3"
"cedar","put down","put down","","","1.512","0.05175188","0.62485659","0.366209","0.17","1.244","0.268","","cedar/put-down-4de2ee4f017a9b85.mp3"
"marin","put into words","put into words","","","1.608","0.06141116","0.36853617","0.507942","0.0672","1.2907","0.3173","","marin/put-into-words-8805b658cb3a12f7.mp3"
"cedar","put into words","put into words","","","1.92","0.04120805","0.30906028","0.320931","0.3021","1.3886","0.5314","","cedar/put-into-words-8805b658cb3a12f7.mp3"
"marin","put off","put off","","","1.512","0.05675569","0.45045495","0.271619","0.1732","1.0162","0.4958","","marin/put-off-8b7ad684f463cff0.mp3"
"cedar","put off","put off","","","1.656","0.0488813","0.45353746","0.241848","0.1514","1.1302","0.5258","","cedar/put-off-8b7ad684f463cff0.mp3"
"marin","put on","put on","","","1.248","0.05011241","0.3034122","0.395433","0.1017","0.9847","0.2633","50","marin/put-on-dda892b1586abd32.mp3"
"cedar","put on","put on","","","1.8","0.03842381","0.43639857","0.208958","0.1679","1.1984","0.6016","50","cedar/put-on-dda892b1586abd32.mp3"
"marin","put on / take off","put on, or take off","","","3.6","0.06121627","0.43233582","0.359306","0.1618","3.2045","0.3955","","marin/put-on-take-off-a0527786e3f90b00.mp3"
"cedar","put on / take off","put on, or take off","","","3.216","0.04741687","0.40748689","0.290727","0.1639","2.2533","0.9627","","cedar/put-on-take-off-a0527786e3f90b00.mp3"
"marin","put out","put out","","","1.416","0.05310489","0.42503232","0.29405","0.1701","1.1629","0.2531","","marin/put-out-7f1ccecdb1cb7105.mp3"
"cedar","put out","put out","","","1.512","0.05378444","0.64287037","0.269414","0.1106","1.2816","0.2304","","cedar/put-out-7f1ccecdb1cb7105.mp3"
"marin","put up with","put up with","","","1.92","0.04161724","0.38985655","0.208214","0.1643","1.123","0.797","","marin/put-up-with-570aafb1372c12e9.mp3"
"cedar","put up with","put up with","","","1.704","0.04968283","0.42653385","0.274929","0.1642","1.123","0.581","","cedar/put-up-with-570aafb1372c12e9.mp3"
"marin","put yourself in one's shoes","put yourself in one's shoes","","","3.312","0.06798445","0.37096635","0.519865","0.0993","2.9766","0.3354","","marin/put-yourself-in-ones-shoes-0f7593cce509c08b.mp3"
"cedar","put yourself in one's shoes","put yourself in one's shoes","","","3.168","0.0461796","0.40335771","0.456841","0.5855","2.7185","0.4495","","cedar/put-yourself-in-ones-shoes-0f7593cce509c08b.mp3"
"marin","puzzle","puzzle","","","1.464","0.03909019","0.43169683","0.224471","0.3153","0.72","0.744","57","marin/puzzle-fe43abba6eb3ad04.mp3"
"cedar","puzzle","puzzle","","","1.008","0.0411107","0.38201866","0.282614","0.2576","0.6406","0.3674","57","cedar/puzzle-fe43abba6eb3ad04.mp3"
"marin","quarter","quarter","","","1.56","0.05321385","0.40563181","0.214623","0.5975","1.1402","0.4198","35|98","marin/quarter-cd65db8741c61e64.mp3"
"cedar","quarter","quarter","","","1.416","0.03582624","0.32138807","0.20695","0.5196","0.9349","0.4811","35|98","cedar/quarter-cd65db8741c61e64.mp3"
"marin","queen","queen","","","0.96","0.05038443","0.28896469","0.37602","0.0543","0.5158","0.4442","2","marin/queen-bc0acd6c5086680e.mp3"
"cedar","queen","queen","","","1.368","0.05014675","0.37364039","0.252817","0.4825","0.9073","0.4607","2","cedar/queen-bc0acd6c5086680e.mp3"
"marin","question","question","","","1.512","0.04399673","0.37212116","0.385375","0.2839","1.1245","0.3875","79","marin/question-feee2e29ecd09e79.mp3"
"cedar","question","question","","","0.96","0.05113553","0.60892797","0.369032","0.153","0.6731","0.2869","79","cedar/question-feee2e29ecd09e79.mp3"
"marin","quick","quick","","","1.848","0.02830925","0.36905861","0.083074","0.5981","0.9469","0.9011","92","marin/quick-30b9e7a5353ecac2.mp3"
"cedar","quick","quick","","","1.152","0.03913636","0.38784659","0.182346","0.1679","0.6004","0.5516","92","cedar/quick-30b9e7a5353ecac2.mp3"
"marin","quiet","quiet","","","1.32","0.04608125","0.48279908","0.243434","0.0498","0.623","0.697","117","marin/quiet-00f8eb641f0060dc.mp3"
"cedar","quiet","quiet","","","1.464","0.04924059","0.59964395","0.182192","0.6892","1.224","0.24","117","cedar/quiet-00f8eb641f0060dc.mp3"
"marin","quit","quit","","","0.72","0.05216137","0.44766223","0.239236","0.1393","0.4885","0.2315","115","marin/quit-0a7b6a054f4637f0.mp3"
"cedar","quit","quit","","","1.248","0.03634601","0.45034114","0.111028","0.4229","0.7671","0.4809","115","cedar/quit-0a7b6a054f4637f0.mp3"
"marin","quite","quite","","","0.96","0.0440158","0.50801533","0.204492","0.1784","0.5595","0.4005","119","marin/quite-4191d5f7fd51a48d.mp3"
"cedar","quite","quite","","","1.152","0.02802976","0.31678224","0.180682","0.2498","0.7562","0.3958","119","cedar/quite-4191d5f7fd51a48d.mp3"
"marin","quiz","quiz","","","1.368","0.05102148","0.28207937","0.35205","0.0507","0.6733","0.6947","79","marin/quiz-6d1a1fd248fae338.mp3"
"cedar","quiz","quiz","","","1.248","0.05936085","0.46525931","0.302618","0.0541","0.5977","0.6503","79","cedar/quiz-6d1a1fd248fae338.mp3"
"marin","R.O.C.","R.O.C.","","","1.56","0.05852928","0.34046188","0.433814","0.6241","1.3919","0.1681","","marin/r-o-c-d9b8eeb12ec74fe3.mp3"
"cedar","R.O.C.","R.O.C.","","","1.92","0.08477554","0.55432785","0.487207","0.0541","1.4708","0.4492","","cedar/r-o-c-d9b8eeb12ec74fe3.mp3"
"marin","rabbit","rabbit","","","1.32","0.05081575","0.48045","0.245928","0.474","0.9875","0.3325","111","marin/rabbit-3bbd445d59c3cb8d.mp3"
"cedar","rabbit","rabbit","","","1.152","0.05839613","0.84080523","0.233959","0.0657","0.4842","0.6678","111","cedar/rabbit-3bbd445d59c3cb8d.mp3"
"marin","race","race","","","1.368","0.04506236","0.40214306","0.337156","0.0773","0.6469","0.7211","53","marin/race-5da03b04c5e502c8.mp3"
"cedar","race","race","","","1.104","0.04521203","0.39286447","0.35579","0.2724","0.7745","0.3295","53","cedar/race-5da03b04c5e502c8.mp3"
"marin","radio","radio","","","1.56","0.0703617","0.67680085","0.269004","0.0722","0.5701","0.9899","60","marin/radio-7ec426103d0c9d8e.mp3"
"cedar","radio","radio","","","1.248","0.04733953","0.40998137","0.371428","0.081","0.6818","0.5662","60","cedar/radio-7ec426103d0c9d8e.mp3"
"marin","railroad","railroad","","","1.32","0.06925928","0.61332369","0.389441","0.079","0.6911","0.6289","93","marin/railroad-710ed70183a49ef3.mp3"
"cedar","railroad","railroad","","","2.016","0.05642212","0.55970967","0.27042","0.6866","1.3884","0.6276","93","cedar/railroad-710ed70183a49ef3.mp3"
"marin","railway","railway","","","1.32","0.06607688","0.42154047","0.446575","0.1766","0.853","0.467","93","marin/railway-c476298d89a8a679.mp3"
"cedar","railway","railway","","","1.56","0.04534914","0.40072119","0.329087","0.2664","0.9322","0.6278","93","cedar/railway-c476298d89a8a679.mp3"
"marin","rain","rain","","","1.368","0.04741453","0.46047461","0.328993","0.4231","0.936","0.432","104","marin/rain-f202e87cab496ad7.mp3"
"cedar","rain","rain","","","1.152","0.04541711","0.42648569","0.320222","0.1765","0.6314","0.5206","104","cedar/rain-f202e87cab496ad7.mp3"
"marin","rainbow","rainbow","","","0.96","0.06907481","0.35475576","0.582574","0.0963","0.722","0.238","105","marin/rainbow-b0578f4319d0d3b8.mp3"
"cedar","rainbow","rainbow","","","1.104","0.06101391","0.55882049","0.513625","0.0794","0.7737","0.3303","105","cedar/rainbow-b0578f4319d0d3b8.mp3"
"marin","raincoat","raincoat","","","0.96","0.07268044","0.53442729","0.521853","0.0636","0.7717","0.1883","48","marin/raincoat-2ad1a53e5e17690e.mp3"
"cedar","raincoat","raincoat","","","1.2","0.04398601","0.3731564","0.39809","0.1215","0.8856","0.3144","48","cedar/raincoat-2ad1a53e5e17690e.mp3"
"marin","rainy","rainy","","","0.864","0.08219256","0.68921953","0.524523","0.0672","0.5709","0.2931","104","marin/rainy-ca3185f2f9e01abc.mp3"
"cedar","rainy","rainy","","","1.368","0.05077817","0.46615386","0.358644","0.177","0.7358","0.6322","104","cedar/rainy-ca3185f2f9e01abc.mp3"
"marin","raise","raise","","","1.512","0.05648083","0.39496675","0.41347","0.1749","0.8914","0.6206","58","marin/raise-a688097da437c3bb.mp3"
"cedar","raise","raise","","","1.056","0.05104534","0.44568625","0.41935","0.0598","0.6562","0.3998","58","cedar/raise-a688097da437c3bb.mp3"
"marin","rare","rare","","","0.912","0.07347525","0.61052704","0.498972","0.0608","0.586","0.326","116","marin/rare-ab418d18d2a7942e.mp3"
"cedar","rare","rare","","","1.008","0.06822609","0.59242767","0.411438","0.0746","0.6128","0.3952","116","cedar/rare-ab418d18d2a7942e.mp3"
"marin","rat","rat","","","0.864","0.0568167","0.49991763","0.288845","0.0784","0.5129","0.3511","110","marin/rat-fd439a2284b3e6aa.mp3"
"cedar","rat","rat","","","1.56","0.04201892","0.7108252","0.168723","0.0741","0.534","1.026","110","cedar/rat-fd439a2284b3e6aa.mp3"
"marin","rather","rather","","","0.912","0.07187522","0.74852204","0.362527","0.0716","0.4914","0.4206","119","marin/rather-6fd90481da2e735d.mp3"
"cedar","rather","rather","","","1.152","0.0624077","0.56526738","0.478895","0.3339","0.9724","0.1796","119","cedar/rather-6fd90481da2e735d.mp3"
"marin","reach","reach","","","0.864","0.05910412","0.45831838","0.417221","0.0617","0.623","0.241","94","marin/reach-1afd7c89146cfab4.mp3"
"cedar","reach","reach","","","0.912","0.0455781","0.32130998","0.367896","0.1347","0.6422","0.2698","94","cedar/reach-1afd7c89146cfab4.mp3"
"marin","read","read","","","0.96","0.07935561","0.31727442","0.527648","0.0806","0.688","0.272","77","marin/read-1417c0e84af41b77.mp3"
"cedar","read","read","","","1.008","0.05064194","0.34971195","0.335276","0.0983","0.5869","0.4211","77","cedar/read-1417c0e84af41b77.mp3"
"marin","read a book","read a book","","","2.52","0.07080455","0.49467385","0.416253","0.1673","2.1271","0.3929","","marin/read-a-book-367ff7de8666a7e7.mp3"
"cedar","read a book","read a book","","","1.248","0.07107315","0.55013126","0.445463","0.0784","0.9429","0.3051","","cedar/read-a-book-367ff7de8666a7e7.mp3"
"marin","ready","ready","","","1.752","0.04676856","0.43216765","0.206823","0.1604","0.5717","1.1803","10","marin/ready-ed1a545bb85e5581.mp3"
"cedar","ready","ready","","","0.816","0.06121396","0.66130787","0.327844","0.0885","0.4617","0.3543","10","cedar/ready-ed1a545bb85e5581.mp3"
"marin","real","real","","","0.912","0.06280572","0.43210858","0.371825","0.0775","0.4725","0.4395","49","marin/real-9e1fe97c167ed2ce.mp3"
"cedar","real","real","","","0.96","0.07408002","0.48038578","0.355903","0.072","0.5043","0.4557","49","cedar/real-9e1fe97c167ed2ce.mp3"
"marin","realize","realize","","","1.752","0.0569252","0.30664265","0.433207","0.2051","1.1034","0.6486","18","marin/realize-be125973b76bb5aa.mp3"
"cedar","realize","realize","","","1.152","0.06747005","0.48016983","0.443576","0.0677","0.7562","0.3958","18","cedar/realize-be125973b76bb5aa.mp3"
"marin","Really?","Really?","","","1.008","0.07403771","0.38642532","0.440083","0.0855","0.5684","0.4396","","marin/really-bfe36143b5800fa5.mp3"
"cedar","Really?","Really?","","","1.32","0.05457536","0.47651032","0.337405","0.368","0.8584","0.4616","","cedar/really-bfe36143b5800fa5.mp3"
"marin","really","really","","","1.608","0.05389286","0.4601348","0.300749","0.3336","0.8993","0.7087","119","marin/really-f688a950278d3147.mp3"
"cedar","really","really","","","1.32","0.06389712","0.44920132","0.292771","0.1378","0.6252","0.6948","119","cedar/really-f688a950278d3147.mp3"
"marin","reason","reason","","","1.56","0.03828701","0.26286349","0.298651","0.2268","0.7654","0.7946","95","marin/reason-cab416b259342944.mp3"
"cedar","reason","reason","","","2.208","0.03723051","0.32020572","0.196407","0.5835","1.113","1.095","95","cedar/reason-cab416b259342944.mp3"
"marin","receive","receive","","","1.368","0.05384579","0.33547282","0.449607","0.0919","0.8888","0.4792","61","marin/receive-8170566976698047.mp3"
"cedar","receive","receive","","","1.152","0.04667237","0.30218762","0.429452","0.1331","0.7806","0.3714","61","cedar/receive-8170566976698047.mp3"
"marin","record","record. Record.","","","2.112","0.05241509","0.40998232","0.330098","0.1821","1.6698","0.4422","73","marin/record-7466336cf22df4c2.mp3"
"cedar","record","record. Record.","","","1.752","0.06720553","0.91653699","0.293082","0.0721","1.4914","0.2606","73","cedar/record-7466336cf22df4c2.mp3"
"marin","recorder","recorder","","","0.864","0.06332088","0.41941237","0.501736","0.0509","0.6437","0.2203","56","marin/recorder-fc51e2444bf9a004.mp3"
"cedar","recorder","recorder","","","1.104","0.0574291","0.41335389","0.362564","0.0625","0.6551","0.4489","56","cedar/recorder-fc51e2444bf9a004.mp3"
"marin","recover","recover","","","1.008","0.06427714","0.56372499","0.407945","0.0852","0.6416","0.3664","24","marin/recover-67add730ea63f585.mp3"
"cedar","recover","recover","","","1.704","0.03777013","0.58484304","0.190936","0.0695","0.5441","1.1599","24","cedar/recover-67add730ea63f585.mp3"
"marin","rectangle","rectangle","","","1.416","0.07410323","0.43932903","0.464483","0.0939","0.9326","0.4834","99","marin/rectangle-4083b9bad6d4f8a5.mp3"
"cedar","rectangle","rectangle","","","1.248","0.04627806","0.63799244","0.408136","0.0733","0.899","0.349","99","cedar/rectangle-4083b9bad6d4f8a5.mp3"
"marin","recycle","recycle","","","1.056","0.04592038","0.42691737","0.394156","0.1667","0.7301","0.3259","109","marin/recycle-8012c8103d1deca9.mp3"
"cedar","recycle","recycle","","","1.464","0.05101266","0.55708301","0.385644","0.2298","0.9807","0.4833","109","cedar/recycle-8012c8103d1deca9.mp3"
"marin","red","red","","","1.056","0.06038214","0.50284052","0.272885","0.1727","0.5392","0.5168","51","marin/red-6ace33171ce0acb6.mp3"
"cedar","red","red","","","1.056","0.05762544","0.49169576","0.310626","0.1452","0.5679","0.4881","51","cedar/red-6ace33171ce0acb6.mp3"
"marin","refrigerator (fridge)","refrigerator. Or, fridge.","","","3.312","0.0632765","0.45339239","0.406577","0.0709","2.6029","0.7091","70","marin/refrigerator-fridge-4b6f25f4b995da14.mp3"
"cedar","refrigerator (fridge)","refrigerator. Or, fridge.","","","2.76","0.06494144","0.5191226","0.442052","0.0674","2.5394","0.2206","70","cedar/refrigerator-fridge-4b6f25f4b995da14.mp3"
"marin","refuse","refuse. Refuse.","","","2.448","0.0606899","0.40261143","0.452538","0.0753","2.0684","0.3796","115","marin/refuse-5bc8b6bdfe21a1b3.mp3"
"cedar","refuse","refuse. Refuse.","","","2.952","0.07191099","0.7848686","0.398515","0.0678","2.4562","0.4958","115","cedar/refuse-5bc8b6bdfe21a1b3.mp3"
"marin","regret","regret","","","1.104","0.0578292","0.47309428","0.309877","0.1017","0.638","0.466","18","marin/regret-53ace5c3da1dc11a.mp3"
"cedar","regret","regret","","","1.368","0.04067004","0.45491111","0.303667","0.4234","1.073","0.295","18","cedar/regret-53ace5c3da1dc11a.mp3"
"marin","regular","regular","","","1.848","0.04713151","0.37229273","0.264667","0.5906","1.1851","0.6629","25","marin/regular-7f44ae7d5074b592.mp3"
"cedar","regular","regular","","","1.152","0.06764406","0.61947083","0.546061","0.0681","0.8342","0.3178","25","cedar/regular-7f44ae7d5074b592.mp3"
"marin","reject","reject","","","0.96","0.06527559","0.41118962","0.37895","0.0706","0.677","0.283","115","marin/reject-5df5a48732681d7e.mp3"
"cedar","reject","reject","","","1.2","0.04564038","0.4661918","0.374566","0.1791","0.923","0.277","115","cedar/reject-5df5a48732681d7e.mp3"
"marin","relative","relative","","","1.416","0.05302017","0.38400304","0.355344","0.174","0.8844","0.5316","26","marin/relative-9ac9d2fa6f7f0c19.mp3"
"cedar","relative","relative","","","1.704","0.06550314","0.94700432","0.227027","0.0733","0.6462","1.0577","26","cedar/relative-9ac9d2fa6f7f0c19.mp3"
"marin","remember","remember","","","0.96","0.07245055","0.35522148","0.555165","0.1068","0.7019","0.2581","82","marin/remember-ecc30902d6ea1057.mp3"
"cedar","remember","remember","","","1.056","0.08415345","0.78063369","0.436533","0.0663","0.6204","0.4356","82","cedar/remember-ecc30902d6ea1057.mp3"
"marin","remind","remind","","","1.056","0.07392646","0.41343808","0.54216","0.1854","0.8317","0.2243","87","marin/remind-30b515c90429848b.mp3"
"cedar","remind","remind","","","2.808","0.03222333","0.3721514","0.16637","0.606","1.2348","1.5732","87","cedar/remind-30b515c90429848b.mp3"
"marin","rent","rent","","","0.768","0.06432342","0.68364799","0.264676","0.0804","0.4469","0.3211","94","marin/rent-d08b181565c85845.mp3"
"cedar","rent","rent","","","1.656","0.03254489","0.41564277","0.176316","0.1803","0.6062","1.0498","94","cedar/rent-d08b181565c85845.mp3"
"marin","repair","repair","","","0.864","0.06439149","0.45165578","0.466025","0.0671","0.6395","0.2245","73","marin/repair-0f15edc88ae50f41.mp3"
"cedar","repair","repair","","","0.96","0.05527914","0.39082772","0.434787","0.0725","0.6505","0.3095","73","cedar/repair-0f15edc88ae50f41.mp3"
"marin","repeat","repeat","","","1.104","0.04457757","0.52399504","0.218165","0.2715","0.7637","0.3403","77","marin/repeat-d852129671c7c053.mp3"
"cedar","repeat","repeat","","","0.864","0.05696231","0.51054186","0.299117","0.0799","0.522","0.342","77","cedar/repeat-d852129671c7c053.mp3"
"marin","report","report","","","1.104","0.06726602","0.48988762","0.292459","0.0713","0.673","0.431","","marin/report-331d26d6d8f862e4.mp3"
"cedar","report","report","","","1.008","0.06360675","0.44459841","0.304171","0.0723","0.6007","0.4073","","cedar/report-331d26d6d8f862e4.mp3"
"marin","reporter","reporter","","","1.416","0.04927544","0.33767161","0.301436","0.1856","0.8206","0.5954","7","marin/reporter-536d896a3ba2f612.mp3"
"cedar","reporter","reporter","","","1.2","0.05612124","0.41731763","0.324184","0.1671","0.7868","0.4132","7","cedar/reporter-536d896a3ba2f612.mp3"
"marin","respect","respect","","","1.152","0.0531177","0.46242622","0.317184","0.0687","0.6979","0.4541","65","marin/respect-ce86af263ce6977c.mp3"
"cedar","respect","respect","","","1.008","0.04985633","0.4682925","0.323082","0.2","0.8098","0.1982","65","cedar/respect-ce86af263ce6977c.mp3"
"marin","responsible","responsible","","","1.848","0.06370878","0.52247274","0.371618","0.5201","1.4465","0.4015","13","marin/responsible-be86db1c17f37d4f.mp3"
"cedar","responsible","responsible","","","1.512","0.04257783","0.33461475","0.484871","0.2098","1.1846","0.3274","13","cedar/responsible-be86db1c17f37d4f.mp3"
"marin","rest","rest","","","0.96","0.05707559","0.64740455","0.300868","0.0748","0.4969","0.4631","23","marin/rest-d105d8c66fc049a9.mp3"
"cedar","rest","rest","","","1.752","0.04131259","0.71397293","0.202863","0.0782","0.6222","1.1298","23","cedar/rest-d105d8c66fc049a9.mp3"
"marin","restaurant","restaurant","","","1.368","0.04262972","0.4252964","0.316125","0.337","0.9969","0.3711","85","marin/restaurant-6ac9dd613eeb69ab.mp3"
"cedar","restaurant","restaurant","","","1.2","0.05192424","0.64058709","0.401042","0.0675","0.8062","0.3938","85","cedar/restaurant-6ac9dd613eeb69ab.mp3"
"marin","restroom","restroom","","","0.96","0.05552369","0.72213185","0.428754","0.0883","0.632","0.328","86","marin/restroom-17b69fd89bd99a40.mp3"
"cedar","restroom","restroom","","","1.2","0.04563542","0.60611308","0.394514","0.2767","0.9271","0.2729","86","cedar/restroom-17b69fd89bd99a40.mp3"
"marin","result","result","","","1.056","0.06573199","0.48600072","0.329092","0.083","0.5937","0.4623","79","marin/result-5656fafa00d4f294.mp3"
"cedar","result","result","","","1.008","0.05489311","0.44192857","0.359086","0.1827","0.7007","0.3073","79","cedar/result-5656fafa00d4f294.mp3"
"marin","Return","Return","","","0.864","0.06561123","0.49633372","0.440562","0.086","0.6014","0.2626","36","marin/return-9e34e5324d74f5d7.mp3"
"cedar","Return","Return","","","1.2","0.04869484","0.48505914","0.37776","0.1936","0.8049","0.3951","36","cedar/return-9e34e5324d74f5d7.mp3"
"marin","review","review","","","2.112","0.05475395","0.46424475","0.257891","0.0611","0.6566","1.4554","79","marin/review-452b7b642e325cb2.mp3"
"cedar","review","review","","","2.016","0.03596499","0.46008602","0.189453","0.1525","0.6277","1.3883","79","cedar/review-452b7b642e325cb2.mp3"
"marin","revise","revise","","","1.464","0.06759949","0.52797711","0.383581","0.067","0.7385","0.7255","81","marin/revise-a86a5fd9b4306185.mp3"
"cedar","revise","revise","","","2.016","0.03868504","0.40324956","0.248026","0.1644","0.8424","1.1736","81","cedar/revise-a86a5fd9b4306185.mp3"
"marin","rice","rice","","","1.368","0.04423345","0.54878366","0.315043","0.1704","0.7378","0.6303","41","marin/rice-258815a62d026117.mp3"
"cedar","rice","rice","","","0.72","0.05649714","0.61995393","0.419792","0.0705","0.4738","0.2462","41","cedar/rice-258815a62d026117.mp3"
"marin","rich","rich","","","1.008","0.04908947","0.423702","0.320002","0.1375","0.6382","0.3698","117","marin/rich-002bdffaaad1af8e.mp3"
"cedar","rich","rich","","","0.96","0.05779428","0.49301031","0.39924","0.1568","0.7078","0.2522","117","cedar/rich-002bdffaaad1af8e.mp3"
"marin","ride","ride","","","1.8","0.05409524","0.62106079","0.297292","0.0578","0.6993","1.1007","92|94","marin/ride-728b3620f90c4a3f.mp3"
"cedar","ride","ride","","","1.056","0.05840769","0.70425957","0.293363","0.0698","0.5429","0.5131","92|94","cedar/ride-728b3620f90c4a3f.mp3"
"marin","right","right","","","1.416","0.04060982","0.49559709","0.179908","0.1674","0.573","0.843","84","marin/right-55c97802b397ef4d.mp3"
"cedar","right","right","","","0.912","0.04285666","0.54006934","0.270742","0.0605","0.5557","0.3563","84","cedar/right-55c97802b397ef4d.mp3"
"marin","right away","right away","","","1.416","0.06122569","0.5775196","0.419565","0.063","1.1287","0.2873","","marin/right-away-81dbf9eada0c16b4.mp3"
"cedar","right away","right away","","","2.16","0.04558043","0.55635941","0.271441","0.2197","1.2549","0.9051","","cedar/right-away-81dbf9eada0c16b4.mp3"
"marin","right now","right now","","","2.064","0.04824377","0.56513131","0.236273","0.089","0.7554","1.3086","","marin/right-now-62cd75dd492cb5c8.mp3"
"cedar","right now","right now","","","1.848","0.04978424","0.61589062","0.301914","0.0822","1.2291","0.6189","","cedar/right-now-62cd75dd492cb5c8.mp3"
"marin","ring","ring","","","1.56","0.05919406","0.33136597","0.280475","0.5262","0.9992","0.5608","49","marin/ring-1224fbf74fa50328.mp3"
"cedar","ring","ring","","","1.2","0.04715693","0.45847839","0.308021","0.1902","0.6548","0.5452","49","cedar/ring-1224fbf74fa50328.mp3"
"marin","rise","rise","","","1.152","0.0541432","0.44824916","0.395508","0.1994","0.7677","0.3843","106","marin/rise-c9ff30ac18ffedfd.mp3"
"cedar","rise","rise","","","1.104","0.04993647","0.5492031","0.32654","0.0986","0.6562","0.4478","106","cedar/rise-c9ff30ac18ffedfd.mp3"
"marin","river","river","","","1.368","0.05608636","0.46950233","0.236081","0.0834","0.49","0.878","107","marin/river-0b6c95d8ffeffada.mp3"
"cedar","river","river","","","1.104","0.07074412","0.55669284","0.374774","0.0794","0.6113","0.4927","107","cedar/river-0b6c95d8ffeffada.mp3"
"marin","road","road","","","0.864","0.07978852","0.46618831","0.424986","0.0884","0.5149","0.3491","83","marin/road-3f38be5b31377786.mp3"
"cedar","road","road","","","1.248","0.04635192","0.39922073","0.276125","0.3966","0.8408","0.4072","83","cedar/road-3f38be5b31377786.mp3"
"marin","rob","rob","","","1.2","0.07080953","0.51474154","0.381719","0.0834","0.6979","0.5021","62","marin/rob-30d71981944699f2.mp3"
"cedar","rob","rob","","","1.32","0.04864827","0.49717087","0.287184","0.0898","0.5763","0.7437","62","cedar/rob-30d71981944699f2.mp3"
"marin","robot","robot","","","1.056","0.07149275","0.40906656","0.410689","0.0712","0.723","0.333","57","marin/robot-b4c242e2e614a40b.mp3"
"cedar","robot","robot","","","1.32","0.06269509","0.53508866","0.304514","0.2193","0.7831","0.5369","57","cedar/robot-b4c242e2e614a40b.mp3"
"marin","ROC","ROC","","","1.92","0.07150433","0.4165408","0.559809","0.1632","1.5425","0.3775","89","marin/roc-d01a2ac7f54fa200.mp3"
"cedar","ROC","ROC","","","2.256","0.06593127","0.4860847","0.382406","0.1492","1.6631","0.5929","89","cedar/roc-d01a2ac7f54fa200.mp3"
"marin","rock","rock","","","1.104","0.05003813","0.45025679","0.292837","0.2292","0.7635","0.3405","56|106","marin/rock-780b0bf11a2133d4.mp3"
"cedar","rock","rock","","","0.768","0.07324827","0.67013609","0.255995","0.0693","0.4408","0.3272","56|106","cedar/rock-780b0bf11a2133d4.mp3"
"marin","role","role","","","1.248","0.06739627","0.45573178","0.400007","0.0771","0.6777","0.5703","82","marin/role-23579228112c7997.mp3"
"cedar","role","role","","","1.008","0.07136426","0.52694261","0.462446","0.0744","0.6823","0.3257","82","cedar/role-23579228112c7997.mp3"
"marin","roll","roll","","","0.72","0.07812928","0.57048035","0.463947","0.0646","0.4611","0.2589","52","marin/roll-09f5e537c5aa25f3.mp3"
"cedar","roll","roll","","","1.56","0.05481347","0.4774501","0.280475","0.5185","1.0475","0.5125","52","cedar/roll-09f5e537c5aa25f3.mp3"
"marin","roller skate","roller skate","","","1.56","0.06175026","0.42255074","0.49375","0.0623","1.2631","0.2969","53","marin/roller-skate-0450a474ceb659df.mp3"
"cedar","roller skate","roller skate","","","1.056","0.08015919","0.59500664","0.512666","0.0741","0.8331","0.2229","53","cedar/roller-skate-0450a474ceb659df.mp3"
"marin","Rome wasn't built in a day.","Rome wasn't built in a day.","","","2.568","0.08124614","0.62282568","0.597384","0.0654","2.32","0.248","","marin/rome-wasnt-built-in-a-day-03f8006c45bd91ff.mp3"
"cedar","Rome wasn't built in a day.","Rome wasn't built in a day.","","","2.112","0.07604078","0.63844818","0.558564","0.0736","1.68","0.432","","cedar/rome-wasnt-built-in-a-day-03f8006c45bd91ff.mp3"
"marin","roof","roof","","","1.008","0.05920097","0.43313494","0.316572","0.0806","0.5966","0.4114","67","marin/roof-c75a2f71db3d84bb.mp3"
"cedar","roof","roof","","","1.008","0.05449671","0.36432034","0.273438","0.1693","0.5883","0.4197","67","cedar/roof-c75a2f71db3d84bb.mp3"
"marin","room","room","","","1.056","0.05874006","0.33778337","0.376756","0.1011","0.5514","0.5046","67","marin/room-2618e68da9ffe245.mp3"
"cedar","room","room","","","1.2","0.06291127","0.47745389","0.325191","0.0669","0.5649","0.6351","67","cedar/room-2618e68da9ffe245.mp3"
"marin","root","root","","","1.248","0.04545633","0.33933061","0.186198","0.2886","0.6816","0.5664","113","marin/root-53175bcc0524f37b.mp3"
"cedar","root","root","","","1.104","0.04581744","0.30843821","0.279099","0.3336","0.8165","0.2875","113","cedar/root-53175bcc0524f37b.mp3"
"marin","rope","rope","","","1.104","0.04691628","0.3162379","0.225015","0.3834","0.7937","0.3103","71","marin/rope-f49dbd4c4c75a26c.mp3"
"cedar","rope","rope","","","1.8","0.03014355","0.34028172","0.137523","0.2749","0.7245","1.0755","71","cedar/rope-f49dbd4c4c75a26c.mp3"
"marin","rose","rose","","","1.368","0.04572627","0.35194361","0.390625","0.0824","0.7355","0.6325","113","marin/rose-2c251395c425c880.mp3"
"cedar","rose","rose","","","1.512","0.05759974","0.53678679","0.328855","0.0905","0.7402","0.7718","113","cedar/rose-2c251395c425c880.mp3"
"marin","round","round","","","1.32","0.05273321","0.56048352","0.361916","0.0839","0.6469","0.6731","99","marin/round-a2b845fe7f8a5548.mp3"
"cedar","round","round","","","1.608","0.04089047","0.47601303","0.260676","0.2784","0.8215","0.7865","99","cedar/round-a2b845fe7f8a5548.mp3"
"marin","row","row","","","1.2","0.05461609","0.60561395","0.275","0.0627","0.4553","0.7447","100","marin/row-9dff3619c6a30e7c.mp3"
"cedar","row","row","","","1.2","0.05374245","0.53783965","0.258229","0.385","0.7771","0.4229","100","cedar/row-9dff3619c6a30e7c.mp3"
"marin","rub","rub","","","1.056","0.05133805","0.42570189","0.356495","0.0825","0.5278","0.5282","59","marin/rub-f30f6cf225728fd6.mp3"
"cedar","rub","rub","","","1.848","0.03047624","0.33472526","0.189101","0.2315","0.6816","1.1664","59","cedar/rub-f30f6cf225728fd6.mp3"
"marin","rubber","rubber","","","0.96","0.05705178","0.46731299","0.358702","0.1492","0.5842","0.3758","50","marin/rubber-6cbb73a6820197c9.mp3"
"cedar","rubber","rubber","","","1.056","0.05478903","0.53621548","0.29072","0.187","0.5894","0.4666","50","cedar/rubber-6cbb73a6820197c9.mp3"
"marin","rude","rude","","","1.368","0.05991","0.28997001","0.278082","0.5869","1.0585","0.3095","12","marin/rude-83d669d87935db4f.mp3"
"cedar","rude","rude","","","1.608","0.04967323","0.37451574","0.254146","0.1531","0.6437","0.9643","12","cedar/rude-83d669d87935db4f.mp3"
"marin","ruin","ruin","","","1.56","0.0570832","0.41022632","0.29168","0.1393","0.6637","0.8963","43","marin/ruin-c3987ca31fee6a3a.mp3"
"cedar","ruin","ruin","","","1.464","0.05703926","0.43854332","0.225837","0.5706","0.9303","0.5337","43","cedar/ruin-c3987ca31fee6a3a.mp3"
"marin","rule","rule","","","1.008","0.07561135","0.34589842","0.477431","0.1454","0.6932","0.3148","75","marin/rule-6b79867175a1f016.mp3"
"cedar","rule","rule","","","1.416","0.05743287","0.40039232","0.292579","0.0816","0.5846","0.8314","75","cedar/rule-6b79867175a1f016.mp3"
"marin","ruler","ruler","","","2.448","0.04916508","0.40216145","0.164548","0.1228","0.5889","1.8591","76","marin/ruler-ae1036685434c934.mp3"
"cedar","ruler","ruler","","","2.208","0.05522341","0.42141268","0.18666","0.3456","0.823","1.385","76","cedar/ruler-ae1036685434c934.mp3"
"marin","run after","run after","","","1.848","0.05125332","0.4891642","0.33012","0.0649","1.0348","0.8132","","marin/run-after-8b5d4b4d9a7066df.mp3"
"cedar","run after","run after","","","1.464","0.05375436","0.51079547","0.438283","0.0749","1.0857","0.3783","","cedar/run-after-8b5d4b4d9a7066df.mp3"
"marin","run away","run away","","","1.32","0.06049976","0.36918008","0.611458","0.0726","1.0907","0.2293","","marin/run-away-458616154f17fbca.mp3"
"cedar","run away","run away","","","1.416","0.06203214","0.5167262","0.479417","0.0655","1.2172","0.1988","","cedar/run-away-458616154f17fbca.mp3"
"marin","run","run","","","1.752","0.04474389","0.36361381","0.233792","0.5264","0.9797","0.7723","53","marin/run-b5004f26a852b0d6.mp3"
"cedar","run","run","","","1.104","0.04181482","0.43085688","0.269512","0.1065","0.5072","0.5968","53","cedar/run-b5004f26a852b0d6.mp3"
"marin","run out","run out","","","1.464","0.05942876","0.4681395","0.471639","0.0742","1.2054","0.2586","","marin/run-out-35c9e7d0ab38a895.mp3"
"cedar","run out","run out","","","1.656","0.04029774","0.39824104","0.272079","0.287","0.9831","0.6729","","cedar/run-out-35c9e7d0ab38a895.mp3"
"marin","run over","run over","","","0.96","0.06808732","0.50627464","0.5824","0.0803","0.7576","0.2024","","marin/run-over-c8a4362d85dfca37.mp3"
"cedar","run over","run over","","","1.416","0.07027609","0.61401349","0.427451","0.0794","0.9069","0.5091","","cedar/run-over-c8a4362d85dfca37.mp3"
"marin","run over to","run over to","","","1.656","0.07560261","0.50911254","0.601915","0.0686","1.4224","0.2336","","marin/run-over-to-a52a2804ceddd116.mp3"
"cedar","run over to","run over to","","","2.064","0.05177779","0.40703616","0.423702","0.2352","1.3938","0.6703","","cedar/run-over-to-a52a2804ceddd116.mp3"
"marin","run through","run through","","","1.2","0.06982345","0.56508142","0.500573","0.0624","0.9957","0.2043","","marin/run-through-926979eebfa333cc.mp3"
"cedar","run through","run through","","","1.464","0.06030797","0.62038589","0.416709","0.0741","1.0233","0.4407","","cedar/run-through-926979eebfa333cc.mp3"
"marin","rush","rush","","","1.368","0.04752028","0.54660237","0.283611","0.2301","0.7405","0.6275","94","marin/rush-70fe15666bff7f65.mp3"
"cedar","rush","rush","","","1.968","0.03564172","0.53100067","0.195408","0.7822","1.3385","0.6295","94","cedar/rush-70fe15666bff7f65.mp3"
"marin","sad","sad","","","1.464","0.03537386","0.4013885","0.23836","0.2962","0.7698","0.6942","15","marin/sad-b43a224533ef751a.mp3"
"cedar","sad","sad","","","1.056","0.05002041","0.57137507","0.376144","0.1808","0.6904","0.3656","15","cedar/sad-b43a224533ef751a.mp3"
"marin","safe","safe","","","1.2","0.03977101","0.3280873","0.319601","0.2767","0.9162","0.2838","116","marin/safe-93d868f3b59590f6.mp3"
"cedar","safe","safe","","","1.464","0.03209848","0.32863098","0.24556","0.1565","0.7548","0.7092","116","cedar/safe-93d868f3b59590f6.mp3"
"marin","safety","safety","","","1.32","0.05036446","0.37650067","0.327983","0.2494","0.8398","0.4802","28","marin/safety-2ca04aac41be9e53.mp3"
"cedar","safety","safety","","","1.104","0.04971203","0.39126331","0.426895","0.1412","0.8021","0.3019","28","cedar/safety-2ca04aac41be9e53.mp3"
"marin","sail","sail","","","1.2","0.04334624","0.27161118","0.387188","0.1689","0.7279","0.4721","53|91","marin/sail-b855f63cc2912e6d.mp3"
"cedar","sail","sail","","","1.248","0.0408895","0.4188782","0.296174","0.51","0.9702","0.2778","53|91","cedar/sail-b855f63cc2912e6d.mp3"
"marin","sailor","sailor","","","1.464","0.05581115","0.32767373","0.39488","0.1415","0.8181","0.6459","5","marin/sailor-881c7155b9a071a3.mp3"
"cedar","sailor","sailor","","","1.608","0.04296684","0.51253361","0.273697","0.3006","0.9128","0.6952","5","cedar/sailor-881c7155b9a071a3.mp3"
"marin","salad","salad","","","1.056","0.05824014","0.30776638","0.585622","0.0634","0.8184","0.2376","42","marin/salad-1b2f7ad4b9c4750e.mp3"
"cedar","salad","salad","","","1.56","0.03771557","0.44471017","0.269257","0.1565","0.7576","0.8024","42","cedar/salad-1b2f7ad4b9c4750e.mp3"
"marin","sale","sale","","","0.96","0.04825976","0.27510673","0.491341","0.1597","0.717","0.243","9","marin/sale-4316da6dd7b6bae6.mp3"
"cedar","sale","sale","","","1.152","0.04715419","0.34587097","0.430284","0.1846","0.8117","0.3403","9","cedar/sale-4316da6dd7b6bae6.mp3"
"marin","salesman","salesman","","","2.064","0.05339946","0.36446598","0.334","0.5222","1.3171","0.7469","9","marin/salesman-2958844ed717e1b2.mp3"
"cedar","salesman","salesman","","","1.368","0.03590245","0.38171571","0.29255","0.2912","0.9016","0.4664","9","cedar/salesman-2958844ed717e1b2.mp3"
"marin","salt","salt","","","1.8","0.02930573","0.40388563","0.177685","0.3649","0.948","0.852","44","marin/salt-06a4b397fc7045ea.mp3"
"cedar","salt","salt","","","1.656","0.0320901","0.39394253","0.199779","0.0683","0.6224","1.0336","44","cedar/salt-06a4b397fc7045ea.mp3"
"marin","same","same","","","1.512","0.04515039","0.36375597","0.312404","0.153","0.7168","0.7952","117","marin/same-a6328afc76e9db71.mp3"
"cedar","same","same","","","1.656","0.0436516","0.55575967","0.269865","0.3463","0.9054","0.7506","117","cedar/same-a6328afc76e9db71.mp3"
"marin","sample","sample","","","1.248","0.04150184","0.27165422","0.331764","0.2402","0.8427","0.4053","78","marin/sample-aaf9ff488e0767da.mp3"
"cedar","sample","sample","","","1.2","0.03992518","0.3419362","0.390451","0.1578","0.8049","0.3951","78","cedar/sample-aaf9ff488e0767da.mp3"
"marin","sand","sand","","","1.416","0.04933791","0.28539515","0.381224","0.1575","0.7919","0.6241","106","marin/sand-5aae6ed1de1306c3.mp3"
"cedar","sand","sand","","","1.32","0.04311137","0.40015715","0.364426","0.1873","0.8079","0.5121","106","cedar/sand-5aae6ed1de1306c3.mp3"
"marin","sandwich","sandwich","","","1.704","0.04662751","0.36993074","0.383106","0.5461","1.457","0.247","41","marin/sandwich-63f8e13325dd6ea8.mp3"
"cedar","sandwich","sandwich","","","1.656","0.04378025","0.43686152","0.404753","0.1797","1.1347","0.5213","41","cedar/sandwich-63f8e13325dd6ea8.mp3"
"marin","satisfy","satisfy","","","1.32","0.05057228","0.35995045","0.511032","0.0999","0.9628","0.3572","9","marin/satisfy-f4d5d96f6d837e49.mp3"
"cedar","satisfy","satisfy","","","1.464","0.04231029","0.55089194","0.347991","0.3614","1.0993","0.3647","9","cedar/satisfy-f4d5d96f6d837e49.mp3"
"marin","Saturday","Saturday","","","1.368","0.05028469","0.44559532","0.349202","0.1096","0.7035","0.6645","32","marin/saturday-35c0f8110a8102f8.mp3"
"cedar","Saturday","Saturday","","","0.912","0.05255245","0.60865533","0.555601","0.0613","0.7414","0.1706","32","cedar/saturday-35c0f8110a8102f8.mp3"
"marin","saucer","saucer","","","1.464","0.04129002","0.38926503","0.28458","0.1313","0.6804","0.7836","46","marin/saucer-365a3418da1720fb.mp3"
"cedar","saucer","saucer","","","1.368","0.03840852","0.41984949","0.28725","0.3006","0.8928","0.4752","46","cedar/saucer-365a3418da1720fb.mp3"
"marin","save","save","","","1.2","0.04742761","0.27975678","0.382934","0.1964","0.8388","0.3612","109","marin/save-20caea9f0fa9f97e.mp3"
"cedar","save","save","","","1.104","0.04304388","0.3742736","0.331578","0.1846","0.723","0.381","109","cedar/save-20caea9f0fa9f97e.mp3"
"marin","say","say","","","1.512","0.03801524","0.32624638","0.276069","0.2912","0.8208","0.6912","64","marin/say-c7ee67a1b3d515f1.mp3"
"cedar","say","say","","","1.056","0.04013687","0.38661152","0.31759","0.1698","0.6111","0.4449","64","cedar/say-c7ee67a1b3d515f1.mp3"
"marin","scared","scared","","","2.112","0.03501632","0.41181791","0.216698","0.2265","0.9407","1.1713","14","marin/scared-5bfa9b1b7f4be1f2.mp3"
"cedar","scared","scared","","","1.104","0.04450124","0.37415782","0.36832","0.1239","0.7009","0.4031","14","cedar/scared-5bfa9b1b7f4be1f2.mp3"
"marin","scarf","scarf","","","0.96","0.0399469","0.35002992","0.333442","0.0598","0.6382","0.3217","49","marin/scarf-90018aa4ad7fa45c.mp3"
"cedar","scarf","scarf","","","1.368","0.03575958","0.33446652","0.233994","0.1565","0.7219","0.6461","49","cedar/scarf-90018aa4ad7fa45c.mp3"
"marin","scene","scene","","","1.104","0.0407789","0.22172534","0.4111","0.1963","0.735","0.369","88","marin/scene-30c682061df384a7.mp3"
"cedar","scene","scene","","","1.32","0.03501743","0.23445444","0.328062","0.265","0.8049","0.5151","88","cedar/scene-30c682061df384a7.mp3"
"marin","scenery","scenery","","","2.352","0.04423273","0.25085393","0.252073","0.2617","0.9569","1.3951","54","marin/scenery-a1f2628d763593db.mp3"
"cedar","scenery","scenery","","","0.864","0.06221851","0.40354371","0.520737","0.0634","0.6425","0.2215","54","cedar/scenery-a1f2628d763593db.mp3"
"marin","science","science","","","1.56","0.04030583","0.48476264","0.350013","0.169","0.8708","0.6892","76","marin/science-af2aa53be2d1daa6.mp3"
"cedar","science","science","","","1.92","0.04162019","0.55671751","0.219444","0.9313","1.5556","0.3644","76","cedar/science-af2aa53be2d1daa6.mp3"
"marin","scientist","scientist","","","1.512","0.04999497","0.31887317","0.476204","0.1702","1.1103","0.4017","6","marin/scientist-c18935b4150c1874.mp3"
"cedar","scientist","scientist","","","1.416","0.04387879","0.54959267","0.384887","0.0579","0.8831","0.5329","6","cedar/scientist-c18935b4150c1874.mp3"
"marin","scooter","scooter","","","1.656","0.03799877","0.22288321","0.283993","0.3306","0.947","0.709","92","marin/scooter-412d02bb2f62a76e.mp3"
"cedar","scooter","scooter","","","1.248","0.05755788","0.45503503","0.351245","0.1698","0.7631","0.4849","92","cedar/scooter-412d02bb2f62a76e.mp3"
"marin","score","score","","","1.512","0.04102653","0.2839334","0.287023","0.1635","0.7198","0.7922","79","marin/score-a266d741cc71a075.mp3"
"cedar","score","score","","","1.32","0.04652822","0.29297414","0.360622","0.3267","0.985","0.335","79","cedar/score-a266d741cc71a075.mp3"
"marin","screen","screen","","","1.104","0.05157247","0.28008589","0.445105","0.2149","0.8641","0.2399","69","marin/screen-be763d0072be3c5e.mp3"
"cedar","screen","screen","","","1.32","0.04840382","0.42199349","0.324621","0.2613","0.8952","0.4248","69","cedar/screen-be763d0072be3c5e.mp3"
"marin","sea","sea","","","0.864","0.05335417","0.23903173","0.465664","0.1462","0.6067","0.2573","107","marin/sea-6c03d4362fb7ac87.mp3"
"cedar","sea","sea","","","2.016","0.03540622","0.31796432","0.185103","0.2767","0.7435","1.2725","107","cedar/sea-6c03d4362fb7ac87.mp3"
"marin","seafood","seafood","","","1.416","0.04339478","0.25221691","0.35552","0.1823","0.9015","0.5145","40","marin/seafood-7ac9820a490c78b8.mp3"
"cedar","seafood","seafood","","","1.2","0.04671146","0.26397741","0.459878","0.2006","0.9457","0.2542","40","cedar/seafood-7ac9820a490c78b8.mp3"
"marin","search","search","","","1.056","0.04838175","0.34102258","0.383483","0.1506","0.7869","0.2691","61","marin/search-f1f3528bad895d7e.mp3"
"cedar","search","search","","","1.104","0.04867624","0.33358276","0.342221","0.208","0.7774","0.3266","61","cedar/search-f1f3528bad895d7e.mp3"
"marin","season","season","","","1.008","0.04551545","0.24301885","0.512235","0.1642","0.8056","0.2024","33","marin/season-4bf2f3b286effbc7.mp3"
"cedar","season","season","","","1.464","0.0410539","0.30978742","0.366149","0.1169","0.786","0.678","33","cedar/season-4bf2f3b286effbc7.mp3"
"marin","seat","seat","","","1.248","0.04057387","0.26377708","0.302317","0.1886","0.7805","0.4675","85","marin/seat-7ec853e7fa19c36e.mp3"
"cedar","seat","seat","","","2.448","0.02323583","0.29900521","0.104771","0.5065","0.9147","1.5333","85","cedar/seat-7ec853e7fa19c36e.mp3"
"marin","second","second","","","1.704","0.03959249","0.30249912","0.222039","0.4661","1.0553","0.6487","30|35","marin/second-480c2336b410f1ad.mp3"
"cedar","second","second","","","1.248","0.03903018","0.63582391","0.232923","0.4531","0.9133","0.3347","30|35","cedar/second-480c2336b410f1ad.mp3"
"marin","Secondary","Secondary","","","1.704","0.04150191","0.22045816","0.343726","0.2845","1.056","0.648","74","marin/secondary-d72c992a2cf3bea1.mp3"
"cedar","Secondary","Secondary","","","1.2","0.03974733","0.4691107","0.402708","0.1647","0.8668","0.3332","74","cedar/secondary-d72c992a2cf3bea1.mp3"
"marin","secret","secret","","","1.104","0.03913298","0.26693642","0.291346","0.2519","0.873","0.231","65","marin/secret-b37e50cedcd3e3f1.mp3"
"cedar","secret","secret","","","1.368","0.02929131","0.35509118","0.209323","0.4202","0.9633","0.4047","65","cedar/secret-b37e50cedcd3e3f1.mp3"
"marin","secretary","secretary","","","1.104","0.06243503","0.46256205","0.53676","0.0596","0.8441","0.2599","5","marin/secretary-5276fc01d43815ef.mp3"
"cedar","secretary","secretary","","","1.752","0.03584635","0.58359224","0.317007","0.1113","0.925","0.827","5","cedar/secretary-5276fc01d43815ef.mp3"
"marin","section","section","","","1.152","0.03716435","0.26919511","0.436722","0.153","0.8917","0.2603","83","marin/section-af69dff86e43e797.mp3"
"cedar","section","section","","","1.104","0.04296898","0.46534717","0.39506","0.1565","0.7369","0.3671","83","cedar/section-af69dff86e43e797.mp3"
"marin","see","see","","","2.448","0.03497559","0.29479799","0.14631","0.5722","1.0043","1.4437","19","marin/see-5088d203d9286698.mp3"
"cedar","see","see","","","1.2","0.0355475","0.27918211","0.270434","0.4487","0.8876","0.3124","19","cedar/see-5088d203d9286698.mp3"
"marin","See you.","See you.","","","0.912","0.04954765","0.20690729","0.567229","0.0596","0.7378","0.1742","","marin/see-you-eb181ce78a15b446.mp3"
"cedar","See you.","See you.","","","1.656","0.0412482","0.29395351","0.285565","0.1766","0.7361","0.9199","","cedar/see-you-eb181ce78a15b446.mp3"
"marin","seed","seed","","","1.008","0.03393094","0.17219394","0.348979","0.2239","0.6975","0.3105","113","marin/seed-4a6689419b00b117.mp3"
"cedar","seed","seed","","","1.704","0.02450419","0.20281842","0.202844","0.27","0.7563","0.9477","113","cedar/seed-4a6689419b00b117.mp3"
"marin","seek","seek","","","1.152","0.03075602","0.19936721","0.249403","0.1415","0.6499","0.5021","95","marin/seek-c925dd0916da19ae.mp3"
"cedar","seek","seek","","","1.104","0.04866064","0.45270422","0.28827","0.3417","0.8841","0.2199","95","cedar/seek-c925dd0916da19ae.mp3"
"marin","seem","seem","","","1.416","0.0455815","0.25509593","0.36473","0.1534","0.7441","0.6719","108","marin/seem-005f5dcdb4ddff9f.mp3"
"cedar","seem","seem","","","1.2","0.04489994","0.2982735","0.454167","0.0612","0.7287","0.4713","108","cedar/seem-005f5dcdb4ddff9f.mp3"
"marin","seesaw","seesaw","","","1.368","0.0461623","0.28351557","0.47376","0.0634","0.8866","0.4814","87","marin/seesaw-44615672cebfa9f4.mp3"
"cedar","seesaw","seesaw","","","1.248","0.04859152","0.38065821","0.443977","0.1846","0.8595","0.3885","87","cedar/seesaw-44615672cebfa9f4.mp3"
"marin","seldom","seldom","","","1.32","0.04502619","0.27909353","0.417519","0.2302","0.8862","0.4338","118","marin/seldom-a8515b0754a853ae.mp3"
"cedar","seldom","seldom","","","1.416","0.05333569","0.3947036","0.491908","0.0634","0.9393","0.4767","118","cedar/seldom-a8515b0754a853ae.mp3"
"marin","select","select","","","1.416","0.04927239","0.44179755","0.28303","0.1117","0.7595","0.6565","82","marin/select-3be326473610e616.mp3"
"cedar","select","select","","","1.608","0.0430495","0.56464303","0.252073","0.1613","0.8027","0.8053","82","cedar/select-3be326473610e616.mp3"
"marin","selfish","selfish","","","1.704","0.03936683","0.41326585","0.36149","0.3238","1.1925","0.5115","12","marin/selfish-72cf524325a863b3.mp3"
"cedar","selfish","selfish","","","1.656","0.04485073","0.42460367","0.392185","0.21","1.1574","0.4986","12","cedar/selfish-72cf524325a863b3.mp3"
"marin","sell","sell","","","2.52","0.02679339","0.33110431","0.142378","0.2739","0.7329","1.7871","9","marin/sell-964ff488bd9fddb2.mp3"
"cedar","sell","sell","","","1.56","0.04078269","0.52271158","0.25856","0.4687","0.9787","0.5813","9","cedar/sell-964ff488bd9fddb2.mp3"
"marin","sell out","sell out","","","1.368","0.04805191","0.30380884","0.484588","0.0596","1.1054","0.2626","","marin/sell-out-99298e49da81abd9.mp3"
"cedar","sell out","sell out","","","2.112","0.04042413","0.40007606","0.289753","0.2008","1.108","1.004","","cedar/sell-out-99298e49da81abd9.mp3"
"marin","Semester","Semester","","","1.512","0.04549394","0.24482812","0.393009","0.1623","0.936","0.576","74","marin/semester-16deefcca6199499.mp3"
"cedar","Semester","Semester","","","1.2","0.04576334","0.39721298","0.410625","0.2079","0.8657","0.3343","74","cedar/semester-16deefcca6199499.mp3"
"marin","send","send","","","2.568","0.02635174","0.24530633","0.153881","1.6684","2.191","0.377","61","marin/send-26f9d14262592ac3.mp3"
"cedar","send","send","","","1.056","0.04059092","0.43389782","0.382339","0.2386","0.7806","0.2754","61","cedar/send-26f9d14262592ac3.mp3"
"marin","senior high school","senior high school","","","2.016","0.04496858","0.23326942","0.444217","0.2987","1.4671","0.5489","74","marin/senior-high-school-a08f7fe77c2d1cf8.mp3"
"cedar","senior high school","senior high school","","","2.064","0.05844872","0.53315669","0.48602","0.06","1.4709","0.5931","74","cedar/senior-high-school-a08f7fe77c2d1cf8.mp3"
"marin","sense","sense","","","2.304","0.03306752","0.3628006","0.194851","0.3006","0.8896","1.4144","22","marin/sense-5171543f805114ea.mp3"
"cedar","sense","sense","","","1.32","0.04302238","0.56993985","0.301263","0.1167","0.6633","0.6567","22","cedar/sense-5171543f805114ea.mp3"
"marin","sentence","sentence","","","1.92","0.03519916","0.3160015","0.239768","0.166","0.8745","1.0455","77","marin/sentence-cc82666ecaa4383a.mp3"
"cedar","sentence","sentence","","","2.064","0.03436499","0.57725221","0.234345","0.4722","1.1055","0.9585","77","cedar/sentence-cc82666ecaa4383a.mp3"
"marin","September","September","","","1.56","0.04993158","0.2888467","0.402337","0.2739","1.2041","0.3559","33","marin/september-dea6269abee31eb8.mp3"
"cedar","September","September","","","2.112","0.04610127","0.51554084","0.300466","0.1689","1.1132","0.9988","33","cedar/september-dea6269abee31eb8.mp3"
"marin","serious","serious","","","1.416","0.05398687","0.26857847","0.458848","0.1463","0.9347","0.4813","17","marin/serious-77f5f980be080802.mp3"
"cedar","serious","serious","","","2.016","0.03691367","0.42988542","0.248068","0.3169","0.9889","1.0271","17","cedar/serious-77f5f980be080802.mp3"
"marin","servant","servant","","","2.448","0.0432425","0.36197814","0.202146","0.6239","1.346","1.102","2","marin/servant-50f82e476b4b7a14.mp3"
"cedar","servant","servant","","","1.512","0.04193073","0.32394654","0.307567","0.2079","0.8629","0.6491","2","cedar/servant-50f82e476b4b7a14.mp3"
"marin","serve","serve","","","1.464","0.05036064","0.27895299","0.336919","0.3345","0.9847","0.4793","7","marin/serve-f05c3c511a90328f.mp3"
"cedar","serve","serve","","","2.4","0.03620814","0.4366641","0.183108","0.4846","1.123","1.277","7","cedar/serve-f05c3c511a90328f.mp3"
"marin","service","service","","","1.752","0.04338781","0.28725713","0.323392","0.7006","1.4708","0.2812","7","marin/service-50330f81bafd6ca3.mp3"
"cedar","service","service","","","1.92","0.03170068","0.345447","0.202615","0.5373","1.0878","0.8322","7","cedar/service-50330f81bafd6ca3.mp3"
"marin","set","set","","","0.912","0.04795075","0.34599188","0.325361","0.1446","0.6436","0.2684","35|68","marin/set-07305c91fd87e993.mp3"
"cedar","set","set","","","1.056","0.03280306","0.33435437","0.208965","0.2597","0.6564","0.3996","35|68","cedar/set-07305c91fd87e993.mp3"
"marin","set an example","set an example","","","1.848","0.05563145","0.43815702","0.445064","0.0596","1.3129","0.5351","","marin/set-an-example-7c6064bee4a69f4b.mp3"
"cedar","set an example","set an example","","","1.752","0.05403223","0.40590701","0.43555","0.0684","1.4042","0.3478","","cedar/set-an-example-7c6064bee4a69f4b.mp3"
"marin","set up","set up","","","1.56","0.0481832","0.50090384","0.240946","0.2006","1.1699","0.3901","","marin/set-up-88049f5cedcb0855.mp3"
"cedar","set up","set up","","","1.248","0.05285933","0.48404068","0.337857","0.0939","1.1128","0.1352","","cedar/set-up-88049f5cedcb0855.mp3"
"marin","seven","seven","","","1.056","0.04376269","0.31969374","0.394867","0.2962","0.8064","0.2496","29","marin/seven-92107d54bb00a88f.mp3"
"cedar","seven","seven","","","1.416","0.04370785","0.57423377","0.254046","0.1641","0.6021","0.8139","29","cedar/seven-92107d54bb00a88f.mp3"
"marin","seventeen","seventeen","","","1.104","0.06823093","0.55403954","0.58122","0.0479","0.8086","0.2954","29","marin/seventeen-bab6edfa1a830c6c.mp3"
"cedar","seventeen","seventeen","","","1.416","0.05616716","0.58183837","0.467823","0.1531","1.0876","0.3284","29","cedar/seventeen-bab6edfa1a830c6c.mp3"
"marin","seventy","seventy","","","1.416","0.05089225","0.4044216","0.412974","0.0681","0.7869","0.6291","30","marin/seventy-060122cf4798aee1.mp3"
"cedar","seventy","seventy","","","1.2","0.05740787","0.60719049","0.41816","0.1529","0.7587","0.4413","30","cedar/seventy-060122cf4798aee1.mp3"
"marin","several","several","","","0.912","0.05397127","0.422521","0.488418","0.0684","0.6337","0.2783","129","marin/several-04eaf34ac74fe2a7.mp3"
"cedar","several","several","","","1.104","0.05085816","0.51146448","0.41778","0.2222","0.801","0.303","129","cedar/several-04eaf34ac74fe2a7.mp3"
"marin","shake","shake","","","1.32","0.03208913","0.3229523","0.198753","0.4993","0.9825","0.3375","64","marin/shake-4dbbe18bffcdab43.mp3"
"cedar","shake","shake","","","1.704","0.02553509","0.36977714","0.14922","0.7511","1.1837","0.5203","64","cedar/shake-4dbbe18bffcdab43.mp3"
"marin","shall","shall","","","1.32","0.04166997","0.33720252","0.364157","0.1894","0.7469","0.5731","123","marin/shall-14cbe9e497e2de70.mp3"
"cedar","shall","shall","","","1.92","0.0335664","0.50498885","0.208887","0.1601","0.6898","1.2302","123","cedar/shall-14cbe9e497e2de70.mp3"
"marin","shape","shape","","","1.248","0.03951029","0.28513262","0.242455","0.4492","0.9467","0.3013","99","marin/shape-24699596310d2d73.mp3"
"cedar","shape","shape","","","1.008","0.02999137","0.30883375","0.249979","0.171","0.6152","0.3928","99","cedar/shape-24699596310d2d73.mp3"
"marin","share","share","","","2.064","0.04051412","0.40935069","0.181545","1.3788","1.8649","0.1991","61","marin/share-34fca86452283a20.mp3"
"cedar","share","share","","","1.248","0.03282347","0.32228923","0.291834","0.1392","0.6307","0.6173","61","cedar/share-34fca86452283a20.mp3"
"marin","share + 物 + with + 人","share something with someone.","","","2.664","0.05304665","0.40820387","0.459835","0.124","1.8901","0.7739","","marin/share-with-c699a7f57aa8014d.mp3"
"cedar","share + 物 + with + 人","share something with someone.","","","2.4","0.06126035","0.56489921","0.498437","0.0603","1.5359","0.8641","","cedar/share-with-c699a7f57aa8014d.mp3"
"marin","shark","shark","","","1.104","0.03995306","0.43028146","0.204295","0.2323","0.6578","0.4462","112","marin/shark-672d6895d8ae6159.mp3"
"cedar","shark","shark","","","0.72","0.03877022","0.43066916","0.289757","0.0847","0.4831","0.2369","112","cedar/shark-672d6895d8ae6159.mp3"
"marin","sharp","sharp","","","1.704","0.02659006","0.28558612","0.151861","0.8147","1.2647","0.4393","46","marin/sharp-23f68c095508dd39.mp3"
"cedar","sharp","sharp","","","1.056","0.0329355","0.32592258","0.223485","0.1153","0.5424","0.5136","46","cedar/sharp-23f68c095508dd39.mp3"
"marin","she","she","","","0.96","0.04531568","0.31542256","0.335286","0.1674","0.5787","0.3813","126","marin/she-e1223bf19d4ffb55.mp3"
"cedar","she","she","","","1.464","0.04205118","0.32486749","0.264145","0.4892","0.9633","0.5007","126","cedar/she-e1223bf19d4ffb55.mp3"
"marin","sheep","sheep","","","0.864","0.0373261","0.20184189","0.351876","0.0722","0.6101","0.2539","110","marin/sheep-11559cbbf747b252.mp3"
"cedar","sheep","sheep","","","1.464","0.02864851","0.23831253","0.220059","0.741","1.2337","0.2303","110","cedar/sheep-11559cbbf747b252.mp3"
"marin","sheet","sheet","","","1.056","0.03294193","0.25464186","0.278192","0.2031","0.7037","0.3523","69|100","marin/sheet-44cee62f9f1a2f15.mp3"
"cedar","sheet","sheet","","","0.816","0.03675509","0.27218437","0.338057","0.0699","0.5263","0.2897","69|100","cedar/sheet-44cee62f9f1a2f15.mp3"
"marin","shelf","shelf","","","2.52","0.02916085","0.33961582","0.14523","0.1574","0.8222","1.6978","69","marin/shelf-d2c57c181f994f27.mp3"
"cedar","shelf","shelf","","","0.816","0.05377631","0.68093467","0.295088","0.0585","0.5242","0.2918","69","cedar/shelf-d2c57c181f994f27.mp3"
"marin","She's on the line now.","She's on the line now.","","","2.352","0.06527875","0.31792527","0.566592","0.2237","1.8008","0.5512","","marin/shes-on-the-line-now-1f1cf0a386c48e82.mp3"
"cedar","She's on the line now.","She's on the line now.","","","1.656","0.05126953","0.3761051","0.512505","0.3545","1.3989","0.2571","","cedar/shes-on-the-line-now-1f1cf0a386c48e82.mp3"
"marin","shine","shine","","","1.056","0.04426154","0.35712421","0.507497","0.0823","0.7191","0.3369","104","marin/shine-c7b6d89101c2db91.mp3"
"cedar","shine","shine","","","1.2","0.04256487","0.50566167","0.441962","0.1601","0.8213","0.3787","104","cedar/shine-c7b6d89101c2db91.mp3"
"marin","ship","ship","","","1.512","0.03312991","0.54080337","0.173942","0.421","0.8918","0.6202","91","marin/ship-783d8e2899475ada.mp3"
"cedar","ship","ship","","","1.56","0.03064969","0.32675421","0.150107","0.8984","1.2688","0.2912","91","cedar/ship-783d8e2899475ada.mp3"
"marin","shirt","shirt","","","1.2","0.03913248","0.37180093","0.227083","0.2917","0.8241","0.3759","47","marin/shirt-41b3c1ab330e337c.mp3"
"cedar","shirt","shirt","","","0.96","0.0392667","0.4035944","0.242687","0.1605","0.5255","0.4345","47","cedar/shirt-41b3c1ab330e337c.mp3"
"marin","shoe(s)","shoes.","","","2.52","0.04515424","0.28473714","0.229687","0.4788","1.1848","1.3352","47","marin/shoe-s-5500cbbdd5906302.mp3"
"cedar","shoe(s)","shoes.","","","1.704","0.03520524","0.39495155","0.244963","0.3136","0.8745","0.8295","47","cedar/shoe-s-5500cbbdd5906302.mp3"
"marin","shoot","shoot","","","1.704","0.03138218","0.26730582","0.172217","0.3775","0.8856","0.8184","63","marin/shoot-5932693cc281353b.mp3"
"cedar","shoot","shoot","","","0.864","0.05375503","0.4580003","0.302879","0.0585","0.473","0.391","63","cedar/shoot-5932693cc281353b.mp3"
"marin","shop","shop","","","1.464","0.02997227","0.24702778","0.176358","0.635","1.0553","0.4087","85","marin/shop-0f94d09be3a83267.mp3"
"cedar","shop","shop","","","1.056","0.04395813","0.4136399","0.253748","0.1425","0.5897","0.4663","85","cedar/shop-0f94d09be3a83267.mp3"
"marin","shopkeeper","shopkeeper","","","1.56","0.04678018","0.36749509","0.303699","0.0701","0.8402","0.7198","85","marin/shopkeeper-6a0056fe4e3606a9.mp3"
"cedar","shopkeeper","shopkeeper","","","1.56","0.04653521","0.71511078","0.244097","0.446","1.1131","0.4469","85","cedar/shopkeeper-6a0056fe4e3606a9.mp3"
"marin","shore","shore","","","0.864","0.04628468","0.26444513","0.413821","0.0603","0.5433","0.3207","108","marin/shore-4f7e9aa45b38a55e.mp3"
"cedar","shore","shore","","","1.248","0.04757749","0.33257478","0.329761","0.2346","0.7632","0.4848","108","cedar/shore-4f7e9aa45b38a55e.mp3"
"marin","short","short","","","0.816","0.05523333","0.35120139","0.340508","0.121","0.5408","0.2752","11|96","marin/short-c962fa1be311981f.mp3"
"cedar","short","short","","","1.512","0.03463656","0.33174235","0.202588","0.1187","0.6074","0.9046","11|96","cedar/short-c962fa1be311981f.mp3"
"marin","shorts","shorts","","","1.512","0.03840976","0.39891607","0.271343","0.3236","0.9199","0.5921","47","marin/shorts-02ba9db305174b5d.mp3"
"cedar","shorts","shorts","","","1.704","0.02762859","0.24511726","0.206927","0.5706","1.1274","0.5766","47","cedar/shorts-02ba9db305174b5d.mp3"
"marin","should","should","","","1.704","0.03948265","0.38773566","0.181644","0.1464","0.5883","1.1157","123","marin/should-fbd2cf71ab0bf714.mp3"
"cedar","should","should","","","1.2","0.03795096","0.35377821","0.252135","0.5582","0.9587","0.2413","123","cedar/should-fbd2cf71ab0bf714.mp3"
"marin","shoulder","shoulder","","","1.56","0.05259643","0.35010299","0.276576","0.6206","1.1927","0.3673","20","marin/shoulder-437628a5b52e05d6.mp3"
"cedar","shoulder","shoulder","","","1.2","0.04567216","0.40188938","0.303438","0.3011","0.7956","0.4044","20","cedar/shoulder-437628a5b52e05d6.mp3"
"marin","shout","shout","","","0.912","0.03524462","0.36303082","0.3268","0.071","0.6319","0.2801","65","marin/shout-65a1bfc681037f56.mp3"
"cedar","shout","shout","","","0.96","0.03315412","0.44330734","0.238368","0.3008","0.7204","0.2396","65","cedar/shout-65a1bfc681037f56.mp3"
"marin","shout at","shout at","","","1.512","0.04686002","0.62555999","0.352279","0.0701","1.246","0.266","","marin/shout-at-d5139186e2904d84.mp3"
"cedar","shout at","shout at","","","1.464","0.04780632","0.59614658","0.36548","0.0731","1.2831","0.1809","","cedar/shout-at-d5139186e2904d84.mp3"
"marin","show","show","","","1.104","0.05307106","0.40527603","0.39172","0.0651","0.5916","0.5124","83","marin/show-014589aeac0c2073.mp3"
"cedar","show","show","","","1.248","0.04625572","0.44293997","0.387854","0.1698","0.7536","0.4944","83","cedar/show-014589aeac0c2073.mp3"
"marin","show off","show off","","","1.92","0.0483438","0.32412079","0.378179","0.0603","1.3882","0.5318","","marin/show-off-fdb2bf3181b1cc5a.mp3"
"cedar","show off","show off","","","1.416","0.04849825","0.36630324","0.361479","0.114","0.8856","0.5304","","cedar/show-off-fdb2bf3181b1cc5a.mp3"
"marin","show someone around","show someone around","","","2.16","0.07154777","0.48341709","0.5788","0.0651","1.6347","0.5253","","marin/show-someone-around-af41c5fab93b2651.mp3"
"cedar","show someone around","show someone around","","","2.616","0.06221672","0.55982095","0.475137","0.071","1.9076","0.7084","","cedar/show-someone-around-af41c5fab93b2651.mp3"
"marin","show someone the way","show someone the way","","","1.704","0.06909483","0.32507497","0.664588","0.065","1.3823","0.3217","","marin/show-someone-the-way-c3e69bc5041c83f7.mp3"
"cedar","show someone the way","show someone the way","","","1.92","0.06609205","0.4294385","0.649642","0.0651","1.5725","0.3475","","cedar/show-someone-the-way-c3e69bc5041c83f7.mp3"
"marin","show up","show up","","","2.016","0.04694501","0.30198854","0.316706","0.0679","1.0401","0.9759","","marin/show-up-592f5977bd0912d2.mp3"
"cedar","show up","show up","","","1.368","0.0616399","0.42545441","0.440835","0.0794","0.9531","0.4149","","cedar/show-up-592f5977bd0912d2.mp3"
"marin","shower","shower","","","1.56","0.04935297","0.6068157","0.339276","0.2958","0.9348","0.6252","104","marin/shower-326fce0ac7e4637b.mp3"
"cedar","shower","shower","","","1.008","0.04862725","0.50045216","0.468089","0.1583","0.7593","0.2487","104","cedar/shower-326fce0ac7e4637b.mp3"
"marin","shrimp","shrimp","","","1.104","0.03976744","0.26719207","0.275664","0.1103","0.6317","0.4723","40|112","marin/shrimp-c72466c2f2dac6cf.mp3"
"cedar","shrimp","shrimp","","","1.008","0.03140664","0.24140584","0.289207","0.16","0.6154","0.3926","40|112","cedar/shrimp-c72466c2f2dac6cf.mp3"
"marin","shut","shut","","","1.752","0.02723832","0.24155198","0.172862","0.1461","0.6553","1.0967","114","marin/shut-75eddc2b1799837f.mp3"
"cedar","shut","shut","","","1.008","0.04149071","0.37176001","0.240017","0.1847","0.6248","0.3832","114","cedar/shut-75eddc2b1799837f.mp3"
"marin","shy","shy","","","0.816","0.05140138","0.47725952","0.539139","0.065","0.5919","0.2241","14","marin/shy-d70b4d799be64422.mp3"
"cedar","shy","shy","","","1.32","0.04322666","0.58327389","0.291004","0.589","1.1074","0.2126","14","cedar/shy-d70b4d799be64422.mp3"
"marin","sick","sick","","","1.2","0.02857774","0.26991364","0.199288","0.1122","0.5837","0.6163","21","marin/sick-2c054a48d807daf2.mp3"
"cedar","sick","sick","","","1.248","0.04628261","0.36434454","0.221371","0.1579","0.6078","0.6402","21","cedar/sick-2c054a48d807daf2.mp3"
"marin","side","side","","","1.2","0.04496236","0.39720866","0.341892","0.1529","0.7297","0.4703","","marin/side-10a098c572c8e4b3.mp3"
"cedar","side","side","","","1.248","0.04596909","0.4186995","0.335604","0.2112","0.7713","0.4767","","cedar/side-10a098c572c8e4b3.mp3"
"marin","sidewalk","sidewalk","","","1.152","0.05042739","0.36197841","0.495027","0.0596","0.9469","0.2051","93","marin/sidewalk-ccf84b3b7728bb6b.mp3"
"cedar","sidewalk","sidewalk","","","1.92","0.04656818","0.54034793","0.31237","0.0681","0.9304","0.9896","93","cedar/sidewalk-ccf84b3b7728bb6b.mp3"
"marin","sight","sight","","","1.2","0.04154608","0.44374031","0.25316","0.1823","0.6743","0.5257","22","marin/sight-e39addb56db13f73.mp3"
"cedar","sight","sight","","","1.2","0.04619934","0.43946362","0.225625","0.1722","0.6119","0.5881","22","cedar/sight-e39addb56db13f73.mp3"
"marin","sign","sign","","","2.16","0.04354534","0.41200003","0.268113","0.06","0.7209","1.4391","93","marin/sign-6a013b81bdff42e7.mp3"
"cedar","sign","sign","","","1.32","0.04891225","0.51838595","0.388542","0.3231","0.94","0.38","93","cedar/sign-6a013b81bdff42e7.mp3"
"marin","silence","silence","","","1.464","0.04051817","0.3793425","0.411985","0.185","0.9584","0.5056","22","marin/silence-5ecdc51c9361ff78.mp3"
"cedar","silence","silence","","","1.752","0.04087059","0.60959393","0.264079","0.11","0.7505","1.0015","22","cedar/silence-5ecdc51c9361ff78.mp3"
"marin","silent","silent","","","1.104","0.04115875","0.4181937","0.467089","0.1579","0.8884","0.2156","117","marin/silent-cb58aac1c4c9f9f3.mp3"
"cedar","silent","silent","","","1.104","0.04823728","0.40976626","0.385643","0.1097","0.7561","0.3479","117","cedar/silent-cb58aac1c4c9f9f3.mp3"
"marin","silly","silly","","","1.416","0.04249166","0.29547134","0.267935","0.4202","0.8863","0.5297","16","marin/silly-d393dd4368c1a466.mp3"
"cedar","silly","silly","","","1.152","0.04757615","0.42894226","0.309751","0.4114","0.8823","0.2697","16","cedar/silly-d393dd4368c1a466.mp3"
"marin","silver","silver","","","1.056","0.04860001","0.2963787","0.402561","0.2498","0.7626","0.2934","50","marin/silver-801a6c54e43db127.mp3"
"cedar","silver","silver","","","1.416","0.04852404","0.31847665","0.382371","0.1894","0.8338","0.5822","50","cedar/silver-801a6c54e43db127.mp3"
"marin","similar","similar","","","1.608","0.06266114","0.24720436","0.401106","0.5323","1.289","0.319","117","marin/similar-69ea7f2d3e47a9d5.mp3"
"cedar","similar","similar","","","1.368","0.05357446","0.3976821","0.481817","0.1797","0.9846","0.3834","117","cedar/similar-69ea7f2d3e47a9d5.mp3"
"marin","simple","simple","","","1.8","0.04399556","0.38960037","0.236389","0.1597","0.7077","1.0923","116","marin/simple-6c17f2007cbe934a.mp3"
"cedar","simple","simple","","","0.96","0.04829742","0.38587672","0.413173","0.0698","0.6403","0.3197","116","cedar/simple-6c17f2007cbe934a.mp3"
"marin","since","since","","","1.2","0.04359809","0.33927244","0.381024","0.06","0.6898","0.5102","131|133","marin/since-f0d901816c1926a3.mp3"
"cedar","since","since","","","1.608","0.03417097","0.39059427","0.232198","0.1873","0.7356","0.8724","131|133","cedar/since-f0d901816c1926a3.mp3"
"marin","sincere","sincere","","","1.248","0.05050892","0.26098022","0.544288","0.0684","0.8936","0.3544","12","marin/sincere-d80fb08ab0d804f3.mp3"
"cedar","sincere","sincere","","","1.368","0.04584328","0.34902936","0.460404","0.208","0.9937","0.3743","12","cedar/sincere-d80fb08ab0d804f3.mp3"
"marin","sing","sing","","","1.2","0.05280571","0.36164474","0.356788","0.4704","0.9572","0.2428","4|55","marin/sing-aa2aea254981cca5.mp3"
"cedar","sing","sing","","","1.248","0.03612236","0.38690096","0.318777","0.3346","0.8849","0.3631","4|55","cedar/sing-aa2aea254981cca5.mp3"
"marin","singer","singer","","","1.152","0.05563805","0.28168008","0.44562","0.169","0.7615","0.3905","4","marin/singer-2063915a83144328.mp3"
"cedar","singer","singer","","","1.248","0.04058447","0.5560773","0.279297","0.3359","0.7957","0.4523","4","cedar/singer-2063915a83144328.mp3"
"marin","single","single","","","1.464","0.04721298","0.34492508","0.321422","0.1823","0.7475","0.7165","27","marin/single-f9ea4b8413f7b843.mp3"
"cedar","single","single","","","1.368","0.03417838","0.2804198","0.273483","0.1613","0.6533","0.7147","27","cedar/single-f9ea4b8413f7b843.mp3"
"marin","sink","sink","","","1.056","0.04691594","0.36234978","0.316544","0.4097","0.923","0.133","71","marin/sink-bcbd20729da3f6e6.mp3"
"cedar","sink","sink","","","1.704","0.03733945","0.45539415","0.175384","0.569","0.9969","0.7071","71","cedar/sink-bcbd20729da3f6e6.mp3"
"marin","sir","sir","","","0.864","0.0652248","0.34962383","0.637032","0.0634","0.6959","0.1681","3","marin/sir-ec3e19afeb1ecfaf.mp3"
"cedar","sir","sir","","","2.208","0.03754413","0.46117601","0.175366","0.3845","0.877","1.331","3","cedar/sir-ec3e19afeb1ecfaf.mp3"
"marin","sister","sister","","","1.464","0.03145718","0.30959606","0.202413","0.3962","0.8342","0.6298","26","marin/sister-b1bf07b90dc30d8c.mp3"
"cedar","sister","sister","","","0.96","0.05278371","0.40240884","0.385829","0.0642","0.5944","0.3656","26","cedar/sister-b1bf07b90dc30d8c.mp3"
"marin","sit","sit","","","0.72","0.04676238","0.41627976","0.360995","0.0596","0.523","0.197","114","marin/sit-c0d7c04b1d5ee301.mp3"
"cedar","sit","sit","","","1.056","0.06043001","0.46276081","0.336155","0.1097","0.6406","0.4154","114","cedar/sit-c0d7c04b1d5ee301.mp3"
"marin","sit down","sit down","","","2.304","0.04167244","0.39567414","0.292019","0.3309","1.6589","0.6451","","marin/sit-down-6528edbac1aa7d67.mp3"
"cedar","sit down","sit down","","","1.32","0.05162507","0.46961832","0.414552","0.1386","0.9837","0.3363","","cedar/sit-down-6528edbac1aa7d67.mp3"
"marin","six","six","","","0.864","0.0462706","0.3521547","0.408565","0.1463","0.703","0.161","29","marin/six-fe2547fe2604b445.mp3"
"cedar","six","six","","","1.512","0.03315798","0.39938447","0.181741","0.677","1.1464","0.3656","29","cedar/six-fe2547fe2604b445.mp3"
"marin","sixteen","sixteen","","","1.92","0.05212449","0.4456864","0.299891","0.0596","0.84","1.08","29","marin/sixteen-079ba9118bd1aa67.mp3"
"cedar","sixteen","sixteen","","","1.008","0.06777635","0.54940796","0.545325","0.1006","0.8587","0.1493","29","cedar/sixteen-079ba9118bd1aa67.mp3"
"marin","sixty","sixty","","","0.864","0.0460208","0.46557659","0.358266","0.0601","0.573","0.291","30","marin/sixty-5a742b904e2407b7.mp3"
"cedar","sixty","sixty","","","1.512","0.03547784","0.46877998","0.232501","0.4649","0.9824","0.5296","30","cedar/sixty-5a742b904e2407b7.mp3"
"marin","size","size","","","1.416","0.04555253","0.48311687","0.364377","0.5006","1.1462","0.2698","97","marin/size-485fc1c16ae44345.mp3"
"cedar","size","size","","","1.416","0.0409071","0.3893238","0.284251","0.3112","0.8886","0.5274","97","cedar/size-485fc1c16ae44345.mp3"
"marin","skate","skate","","","1.56","0.03624486","0.32072538","0.202497","0.1967","0.7883","0.7718","53","marin/skate-79685f0f961c981f.mp3"
"cedar","skate","skate","","","0.96","0.03260302","0.39997527","0.315126","0.108","0.6462","0.3138","53","cedar/skate-79685f0f961c981f.mp3"
"marin","ski","ski","","","1.464","0.05306493","0.36156443","0.306751","0.2386","0.8537","0.6103","53","marin/ski-06ab21c4de209c13.mp3"
"cedar","ski","ski","","","1.32","0.04884593","0.44632438","0.262989","0.2634","0.7706","0.5494","53","cedar/ski-06ab21c4de209c13.mp3"
"marin","skill","skill","","","1.56","0.03984647","0.30603686","0.286765","0.1097","0.7017","0.8583","77","marin/skill-3088e5b60779a953.mp3"
"cedar","skill","skill","","","1.656","0.04631565","0.43934578","0.277702","0.3776","1.0098","0.6462","77","cedar/skill-3088e5b60779a953.mp3"
"marin","skillful","skillful","","","1.512","0.05590195","0.30168104","0.333623","0.5189","1.2432","0.2688","16","marin/skillful-ab702def79f64ef5.mp3"
"cedar","skillful","skillful","","","1.368","0.05231175","0.44389594","0.305083","0.1886","0.8606","0.5074","16","cedar/skillful-ab702def79f64ef5.mp3"
"marin","skin","skin","","","0.816","0.04903509","0.39448199","0.500485","0.0528","0.5812","0.2348","19","marin/skin-68abfb54e37f5ed9.mp3"
"cedar","skin","skin","","","1.512","0.04976863","0.39020994","0.29547","0.4731","1.0686","0.4434","19","cedar/skin-68abfb54e37f5ed9.mp3"
"marin","skinny","skinny","","","1.608","0.06537877","0.32122734","0.390793","0.2016","1.0149","0.5931","11","marin/skinny-76e020166b9360ef.mp3"
"cedar","skinny","skinny","","","1.608","0.03360126","0.38729805","0.212674","0.4374","0.935","0.673","11","cedar/skinny-76e020166b9360ef.mp3"
"marin","skirt","skirt","","","1.056","0.04977875","0.33084008","0.378393","0.1575","0.8553","0.2007","48","marin/skirt-ccc51062cbfd0c37.mp3"
"cedar","skirt","skirt","","","1.32","0.04332572","0.32568365","0.341856","0.1006","0.823","0.497","48","cedar/skirt-ccc51062cbfd0c37.mp3"
"marin","sky","sky","","","1.56","0.03695808","0.36393854","0.240051","0.653","1.2555","0.3045","104","marin/sky-a80f10ba234d6fa6.mp3"
"cedar","sky","sky","","","1.008","0.05169501","0.61847854","0.381882","0.1635","0.7143","0.2937","104","cedar/sky-a80f10ba234d6fa6.mp3"
"marin","sleep","sleep","","","1.056","0.04706102","0.2566222","0.409051","0.0963","0.7411","0.3149","25","marin/sleep-9fee736a97a043c3.mp3"
"cedar","sleep","sleep","","","1.152","0.03484879","0.27993271","0.24065","0.1501","0.6101","0.5419","25","cedar/sleep-9fee736a97a043c3.mp3"
"marin","sleepy","sleepy","","","1.248","0.04722676","0.2394298","0.524957","0.0634","0.8952","0.3528","21","marin/sleepy-859b4933f5cab94d.mp3"
"cedar","sleepy","sleepy","","","1.56","0.03274602","0.31917167","0.259816","0.4147","1.0282","0.5318","21","cedar/sleepy-859b4933f5cab94d.mp3"
"marin","slender","slender","","","0.912","0.05552072","0.33033594","0.488807","0.0596","0.6401","0.2719","11","marin/slender-3e70f13ea8c80d14.mp3"
"cedar","slender","slender","","","1.8","0.03818933","0.52847916","0.276285","0.2222","0.888","0.912","11","cedar/slender-3e70f13ea8c80d14.mp3"
"marin","slice","slice","","","1.368","0.0389641","0.22284442","0.335831","0.3613","1.0595","0.3085","45","marin/slice-971c9401e58679c2.mp3"
"cedar","slice","slice","","","1.368","0.04850426","0.66903746","0.275661","0.1579","0.6634","0.7046","45","cedar/slice-971c9401e58679c2.mp3"
"marin","slide","slide","","","1.368","0.0498233","0.30553088","0.382082","0.1096","0.7619","0.6061","87","marin/slide-d8bfbf38633d792a.mp3"
"cedar","slide","slide","","","1.368","0.03907798","0.33261874","0.29523","0.1886","0.7655","0.6025","87","cedar/slide-d8bfbf38633d792a.mp3"
"marin","slim","slim","","","1.056","0.04971525","0.27988964","0.456755","0.0696","0.6491","0.4069","11","marin/slim-32d7c4cba73bf5d4.mp3"
"cedar","slim","slim","","","1.104","0.06007898","0.3792755","0.43984","0.3113","0.9039","0.2001","11","cedar/slim-32d7c4cba73bf5d4.mp3"
"marin","slippers","slippers","","","1.368","0.040536","0.2354935","0.402123","0.1386","0.8863","0.4817","47","marin/slippers-7a4353310c785277.mp3"
"cedar","slippers","slippers","","","1.248","0.04364854","0.36093372","0.383397","0.1579","0.8411","0.4069","47","cedar/slippers-7a4353310c785277.mp3"
"marin","slow","slow","","","2.016","0.03997836","0.33068937","0.209811","0.1998","0.7033","1.3127","92","marin/slow-4c4a4a89dddfad0c.mp3"
"cedar","slow","slow","","","1.32","0.04496671","0.44815066","0.326578","0.1976","0.7229","0.5971","92","cedar/slow-4c4a4a89dddfad0c.mp3"
"marin","slow down","slow down","","","1.464","0.05578654","0.32055917","0.516479","0.0597","1.2401","0.2239","","marin/slow-down-19c4e4420a6c1b56.mp3"
"cedar","slow down","slow down","","","1.248","0.06217486","0.42108276","0.5833","0.0642","1.0081","0.2399","","cedar/slow-down-19c4e4420a6c1b56.mp3"
"marin","small","small","","","1.56","0.04926669","0.38633761","0.297289","0.3006","0.8917","0.6683","97|98","marin/small-4c47b3e816fbe7d4.mp3"
"cedar","small","small","","","1.8","0.05960576","0.55025816","0.263877","0.5029","1.1051","0.6949","97|98","cedar/small-4c47b3e816fbe7d4.mp3"
"marin","smart","smart","","","1.656","0.0514623","0.40936249","0.234878","0.7276","1.3053","0.3507","16","marin/smart-53171cc11d47d162.mp3"
"cedar","smart","smart","","","1.368","0.03854237","0.37517837","0.265366","0.1857","0.7546","0.6134","16","cedar/smart-53171cc11d47d162.mp3"
"marin","smartphone","smartphone","","","1.464","0.05474529","0.36972323","0.464424","0.2202","1.179","0.285","","marin/smartphone-61c5bb9d7d514734.mp3"
"cedar","smartphone","smartphone","","","1.704","0.04936224","0.54902011","0.386187","0.1649","1.1539","0.5501","","cedar/smartphone-61c5bb9d7d514734.mp3"
"marin","smell","smell","","","2.664","0.03238751","0.24826325","0.184614","0.0961","0.737","1.927","19","marin/smell-5a76a5b03735a810.mp3"
"cedar","smell","smell","","","1.056","0.03910384","0.33803755","0.315992","0.15","0.6061","0.4499","19","cedar/smell-5a76a5b03735a810.mp3"
"marin","smile","smile","","","0.96","0.04615629","0.22624573","0.491081","0.0634","0.6777","0.2823","64","marin/smile-afdbe5c62eaa85fb.mp3"
"cedar","smile","smile","","","1.56","0.0440468","0.45682094","0.328178","0.1886","0.8546","0.7054","64","cedar/smile-afdbe5c62eaa85fb.mp3"
"marin","smoke","smoke","","","1.8","0.06836862","0.54225791","0.204375","0.9097","1.5469","0.2531","109","marin/smoke-8d76ef077804e6a4.mp3"
"cedar","smoke","smoke","","","1.2","0.04410601","0.40088761","0.264167","0.1276","0.6343","0.5657","109","cedar/smoke-8d76ef077804e6a4.mp3"
"marin","snack","snack","","","1.752","0.0382692","0.24855149","0.189997","0.5006","1.0482","0.7038","43","marin/snack-8170df380a859c49.mp3"
"cedar","snack","snack","","","1.152","0.04109212","0.41583413","0.332357","0.1635","0.7825","0.3695","43","cedar/snack-8170df380a859c49.mp3"
"marin","snail","snail","","","2.016","0.0454322","0.2814095","0.25248","0.4497","1.0892","0.9268","111","marin/snail-090652f6a345027b.mp3"
"cedar","snail","snail","","","1.368","0.04801232","0.68501008","0.278326","0.3217","0.855","0.513","111","cedar/snail-090652f6a345027b.mp3"
"marin","snake","snake","","","1.968","0.0405619","0.29147136","0.178153","0.3613","0.9211","1.0469","112","marin/snake-6c53c810fa1db4a0.mp3"
"cedar","snake","snake","","","1.704","0.03522244","0.39132667","0.220572","0.7198","1.3337","0.3703","112","cedar/snake-6c53c810fa1db4a0.mp3"
"marin","sneakers","sneakers","","","2.904","0.03034247","0.29571396","0.192264","0.174","0.9345","1.9695","47","marin/sneakers-aa938affdf9b6e6a.mp3"
"cedar","sneakers","sneakers","","","1.008","0.0426829","0.25073895","0.435495","0.1386","0.7738","0.2342","47","cedar/sneakers-aa938affdf9b6e6a.mp3"
"marin","sneaky","sneaky","","","1.056","0.06168649","0.31475425","0.386857","0.0634","0.635","0.421","62","marin/sneaky-273ab956513c6410.mp3"
"cedar","sneaky","sneaky","","","1.32","0.03747838","0.41185218","0.340278","0.2612","0.9425","0.3775","62","cedar/sneaky-273ab956513c6410.mp3"
"marin","snow","snow","","","1.104","0.06230969","0.44417268","0.395965","0.2328","0.7804","0.3236","104","marin/snow-bf61e5602ae0226b.mp3"
"cedar","snow","snow","","","1.32","0.03855522","0.44498214","0.334075","0.4134","0.9591","0.3609","104","cedar/snow-bf61e5602ae0226b.mp3"
"marin","snowman","snowman","","","1.32","0.06528836","0.24946012","0.499858","0.1575","0.913","0.407","33","marin/snowman-2415cc8c251c2542.mp3"
"cedar","snowman","snowman","","","1.8","0.04721114","0.41085276","0.358576","0.203","0.9904","0.8096","33","cedar/snowman-2415cc8c251c2542.mp3"
"marin","snowy","snowy","","","1.32","0.05258508","0.27680498","0.380666","0.2006","0.8063","0.5138","104","marin/snowy-54d4abc44dbef97f.mp3"
"cedar","snowy","snowy","","","1.608","0.04631","0.53084433","0.28686","0.27","0.8498","0.7582","104","cedar/snowy-54d4abc44dbef97f.mp3"
"marin","so","so","","","0.816","0.05594104","0.30109662","0.54353","0.1597","0.6794","0.1366","119|133","marin/so-853a1e163a57fd40.mp3"
"cedar","so","so","","","1.056","0.0416664","0.41159266","0.278133","0.3217","0.7054","0.3506","119|133","cedar/so-853a1e163a57fd40.mp3"
"marin","so... that","so. That.","","","2.112","0.050462","0.34481958","0.404376","0.1739","1.8305","0.2815","133","marin/so-that-d898e22aee690a27.mp3"
"cedar","so... that","so. That.","","","1.56","0.0498692","0.45487776","0.385951","0.1846","1.2545","0.3055","133","cedar/so-that-d898e22aee690a27.mp3"
"marin","soap","soap","","","1.32","0.04803115","0.29987496","0.255492","0.1011","0.6348","0.6852","71","marin/soap-08fa175de1a8a5c7.mp3"
"cedar","soap","soap","","","0.768","0.05292948","0.31449226","0.378906","0.1612","0.6101","0.1579","71","cedar/soap-08fa175de1a8a5c7.mp3"
"marin","soccer","soccer","","","1.008","0.06160113","0.60694492","0.400649","0.0681","0.6309","0.3771","52","marin/soccer-83343b8be14e67ea.mp3"
"cedar","soccer","soccer","","","1.32","0.04095277","0.58870506","0.243545","0.3846","0.8859","0.4341","52","cedar/soccer-83343b8be14e67ea.mp3"
"marin","social","social","","","1.056","0.04757048","0.28187919","0.406566","0.3097","0.847","0.209","14","marin/social-5021d7f6fe23ffa5.mp3"
"cedar","social","social","","","1.248","0.04614662","0.4096826","0.305355","0.3649","0.891","0.357","14","cedar/social-5021d7f6fe23ffa5.mp3"
"marin","social science","social science","","","1.968","0.05325698","0.37609017","0.543498","0.0642","1.5876","0.3804","76","marin/social-science-ca10c8a1f1283300.mp3"
"cedar","social science","social science","","","1.704","0.05736924","0.49179208","0.565178","0.0681","1.4544","0.2496","76","cedar/social-science-ca10c8a1f1283300.mp3"
"marin","society","society","","","1.56","0.04102865","0.30230668","0.387326","0.3006","1.106","0.454","89","marin/society-aee5e5a872eae434.mp3"
"cedar","society","society","","","1.608","0.0508205","0.48725384","0.424803","0.1633","0.9824","0.6256","89","cedar/society-aee5e5a872eae434.mp3"
"marin","sock(s)","socks.","","","1.608","0.03442198","0.32477164","0.279358","0.2169","0.9175","0.6905","","marin/sock-s-cf91f45801b1f0de.mp3"
"cedar","sock(s)","socks.","","","1.2","0.04391935","0.41104475","0.343837","0.1894","0.8858","0.3142","","cedar/sock-s-cf91f45801b1f0de.mp3"
"marin","socks","socks","","","1.152","0.04690846","0.4016071","0.388527","0.1442","0.8161","0.3359","47","marin/socks-988534f8a01fef03.mp3"
"cedar","socks","socks","","","1.152","0.04397017","0.47705823","0.325666","0.1846","0.8358","0.3162","47","cedar/socks-988534f8a01fef03.mp3"
"marin","soda","soda","","","1.248","0.05477264","0.3463423","0.316857","0.1184","0.611","0.637","43","marin/soda-9e1f6498cf5958eb.mp3"
"cedar","soda","soda","","","1.008","0.04911026","0.33903804","0.418857","0.1722","0.7196","0.2884","43","cedar/soda-9e1f6498cf5958eb.mp3"
"marin","sofa","sofa","","","1.656","0.04901584","0.34048271","0.289151","0.0683","0.7535","0.9025","68","marin/sofa-45982a4f16f40b69.mp3"
"cedar","sofa","sofa","","","1.2","0.04102627","0.36556265","0.301319","0.2612","0.8057","0.3943","68","cedar/sofa-45982a4f16f40b69.mp3"
"marin","softball","softball","","","1.656","0.04958278","0.5208351","0.301291","0.0597","0.8236","0.8324","52","marin/softball-5189e2526a675b1c.mp3"
"cedar","softball","softball","","","1.8","0.04249393","0.43451148","0.29978","0.2166","1.0103","0.7897","52","cedar/softball-5189e2526a675b1c.mp3"
"marin","soldier","soldier","","","1.56","0.04766337","0.30674553","0.395633","0.0681","0.838","0.722","5","marin/soldier-58f9c4a4db224b68.mp3"
"cedar","soldier","soldier","","","2.568","0.03937571","0.41084978","0.221841","0.396","1.1145","1.4535","5","cedar/soldier-58f9c4a4db224b68.mp3"
"marin","solve","solve","","","1.152","0.05122958","0.37702516","0.386013","0.179","0.7654","0.3866","57|78","marin/solve-999471d9cd22d310.mp3"
"cedar","solve","solve","","","1.248","0.04065876","0.41227475","0.302851","0.1767","0.7583","0.4897","57|78","cedar/solve-999471d9cd22d310.mp3"
"marin","some","some","silent-or-near-silent","","0.648","0.00001183","0.00010832","0","","","0.648","128","marin/some-2922bee697337091.mp3"
"cedar","some","some","","","1.248","0.04761274","0.42483056","0.363999","0.1952","0.7825","0.4655","128","cedar/some-2922bee697337091.mp3"
"marin","some day","some day","","","1.368","0.05606449","0.24899313","0.584064","0.0601","1.0246","0.3434","","marin/some-day-84fa34158a4f6079.mp3"
"cedar","some day","some day","","","1.416","0.05125934","0.35553429","0.551039","0.103","1.0696","0.3464","","cedar/some-day-84fa34158a4f6079.mp3"
"marin","somebody","somebody","","","1.104","0.06768306","0.31995052","0.627566","0.0681","0.8588","0.2452","127","marin/somebody-c93425e6839b3e33.mp3"
"cedar","somebody","somebody","","","1.968","0.03836113","0.4437167","0.248719","0.7506","1.3726","0.5954","127","cedar/somebody-c93425e6839b3e33.mp3"
"marin","someone","someone","","","1.752","0.0395151","0.33759633","0.295365","0.1597","0.7787","0.9733","127","marin/someone-45fbec0a59a54a0d.mp3"
"cedar","someone","someone","","","1.416","0.04207017","0.51628309","0.302333","0.208","0.7412","0.6748","127","cedar/someone-45fbec0a59a54a0d.mp3"
"marin","someone (somebody)","someone. Or, somebody.","","","3.648","0.06754651","0.43238997","0.412789","0.215","3.0583","0.5897","","marin/someone-somebody-f7507f6082d90a29.mp3"
"cedar","someone (somebody)","someone. Or, somebody.","","","2.808","0.05756279","0.57400471","0.423203","0.3098","2.4476","0.3604","","cedar/someone-somebody-f7507f6082d90a29.mp3"
"marin","something","something","","","1.464","0.04238339","0.29903847","0.260417","0.3845","0.9273","0.5367","127","marin/something-4bc453b53cb3d914.mp3"
"cedar","something","something","","","1.2","0.0434049","0.45224437","0.334392","0.1572","0.7461","0.4539","127","cedar/something-4bc453b53cb3d914.mp3"
"marin","sometimes","sometimes","","","1.104","0.05354006","0.39252222","0.486677","0.1579","0.8925","0.2115","118","marin/sometimes-661b965462adb001.mp3"
"cedar","sometimes","sometimes","","","1.512","0.03725831","0.42330948","0.419202","0.158","1.098","0.414","118","cedar/sometimes-661b965462adb001.mp3"
"marin","somewhere","somewhere","","","2.448","0.04189656","0.22360675","0.208231","0.503","1.0901","1.3579","120","marin/somewhere-2f18c48aaf9d9ba5.mp3"
"cedar","somewhere","somewhere","","","1.704","0.0601398","0.49990341","0.34754","0.5534","1.2424","0.4616","120","cedar/somewhere-2f18c48aaf9d9ba5.mp3"
"marin","son","son","","","1.104","0.05102575","0.35977215","0.426461","0.1575","0.6926","0.4114","27","marin/son-d7b7117f2d3de632.mp3"
"cedar","son","son","","","1.2","0.0577872","0.5422495","0.505347","0.1529","0.8925","0.3075","27","cedar/son-d7b7117f2d3de632.mp3"
"marin","song","song","","","1.152","0.04808496","0.3039014","0.415437","0.1846","0.7395","0.4125","55","marin/song-1e5e5041d325ed54.mp3"
"cedar","song","song","","","1.248","0.04032769","0.34716105","0.325204","0.2494","0.7846","0.4634","55","cedar/song-1e5e5041d325ed54.mp3"
"marin","soon","soon","","","1.368","0.05355881","0.33733413","0.297103","0.5113","0.9787","0.3893","34","marin/soon-a0d4572501f2ca19.mp3"
"cedar","soon","soon","","","1.056","0.05456979","0.36446822","0.468572","0.1624","0.7586","0.2974","34","cedar/soon-a0d4572501f2ca19.mp3"
"marin","sore","sore","","","0.96","0.06015744","0.27445197","0.513433","0.158","0.735","0.225","23","marin/sore-49cea49742c5395e.mp3"
"cedar","sore","sore","","","1.152","0.05136871","0.48772651","0.297436","0.353","0.835","0.317","23","cedar/sore-49cea49742c5395e.mp3"
"marin","sore throat","sore throat","","","1.56","0.05163836","0.30192071","0.440879","0.0646","1.2723","0.2877","","marin/sore-throat-d2e8cf82df3f5154.mp3"
"cedar","sore throat","sore throat","","","2.064","0.0529892","0.49035925","0.3556","0.1797","1.5212","0.5428","","cedar/sore-throat-d2e8cf82df3f5154.mp3"
"marin","sorry","sorry","","","1.464","0.05318166","0.39495787","0.378486","0.1846","0.8395","0.6245","64","marin/sorry-a450b889aa11a385.mp3"
"cedar","sorry","sorry","","","1.248","0.06746237","0.58267981","0.42932","0.0683","0.7287","0.5193","64","cedar/sorry-a450b889aa11a385.mp3"
"marin","soul","soul","","","1.32","0.05044956","0.2748321","0.376263","0.0684","0.6712","0.6488","102","marin/soul-4f99d0f74248c30d.mp3"
"cedar","soul","soul","","","1.32","0.06305354","0.46005771","0.390451","0.1717","0.8129","0.5071","102","cedar/soul-4f99d0f74248c30d.mp3"
"marin","sound","sound","","","1.368","0.05047361","0.28754824","0.39428","0.1537","0.8184","0.5496","22","marin/sound-7980bac79a483ade.mp3"
"cedar","sound","sound","","","1.248","0.04750371","0.71230316","0.345686","0.1813","0.734","0.514","22","cedar/sound-7980bac79a483ade.mp3"
"marin","soup","soup","","","2.952","0.03298092","0.34122309","0.103771","0.4963","0.9591","1.9929","42","marin/soup-f78e98c990bdf53d.mp3"
"cedar","soup","soup","","","1.32","0.05112694","0.36151519","0.262816","0.4205","0.9166","0.4034","42","cedar/soup-f78e98c990bdf53d.mp3"
"marin","sour","sour","","","1.704","0.05502484","0.43461525","0.380062","0.3206","1.0911","0.6129","44","marin/sour-f4dba664046673e5.mp3"
"cedar","sour","sour","","","1.608","0.03952646","0.4409273","0.26442","0.4373","0.9999","0.6081","44","cedar/sour-f4dba664046673e5.mp3"
"marin","south","south","","","1.104","0.0338621","0.29095516","0.31601","0.2402","0.8858","0.2182","84","marin/south-dae52a06e6ed952d.mp3"
"cedar","south","south","","","1.056","0.04048745","0.51244372","0.280185","0.1952","0.6858","0.3702","84","cedar/south-dae52a06e6ed952d.mp3"
"marin","soy-sauce","soy-sauce","","","2.016","0.04742031","0.34477857","0.430163","0.0597","1.1402","0.8758","44","marin/soy-sauce-5a8c2ba54f6139f7.mp3"
"cedar","soy-sauce","soy-sauce","","","2.016","0.04045138","0.33564347","0.469597","0.1612","1.7574","0.2586","44","cedar/soy-sauce-5a8c2ba54f6139f7.mp3"
"marin","space","space","","","1.608","0.03116453","0.29134563","0.280343","0.3739","1.04","0.568","106","marin/space-9d39745403e5faf6.mp3"
"cedar","space","space","","","1.56","0.04942867","0.61345112","0.275748","0.5191","1.1245","0.4355","106","cedar/space-9d39745403e5faf6.mp3"
"marin","spaghetti","spaghetti","","","1.008","0.05655575","0.39445183","0.444858","0.1494","0.7735","0.2345","41","marin/spaghetti-b283c039592e7857.mp3"
"cedar","spaghetti","spaghetti","","","1.248","0.04820011","0.45521224","0.363148","0.3385","0.9841","0.2639","41","cedar/spaghetti-b283c039592e7857.mp3"
"marin","speak","speak","","","1.056","0.03702901","0.34618193","0.209951","0.2767","0.7837","0.2723","77","marin/speak-ec01e763f9b0caac.mp3"
"cedar","speak","speak","","","1.008","0.04220091","0.36681393","0.30167","0.1886","0.7429","0.2651","77","cedar/speak-ec01e763f9b0caac.mp3"
"marin","Speak for yourself!","Speak for yourself!","","","1.56","0.06076905","0.47013849","0.438381","0.0596","1.2194","0.3406","","marin/speak-for-yourself-c7f5fbc3ba0d2892.mp3"
"cedar","Speak for yourself!","Speak for yourself!","","","1.848","0.0389643","0.29482946","0.312917","0.1462","1.1858","0.6623","","cedar/speak-for-yourself-c7f5fbc3ba0d2892.mp3"
"marin","Speak of the devil.","Speak of the devil.","","","2.016","0.06474954","0.37420103","0.384621","0.6323","1.8078","0.2082","","marin/speak-of-the-devil-f0cf26936f0a412f.mp3"
"cedar","Speak of the devil.","Speak of the devil.","","","1.2","0.07392623","0.60939908","0.586736","0.0591","0.9895","0.2105","","cedar/speak-of-the-devil-f0cf26936f0a412f.mp3"
"marin","speaker","speaker","","","1.416","0.04374933","0.27429342","0.280794","0.3464","0.9477","0.4683","68","marin/speaker-d12ac53332ddad63.mp3"
"cedar","speaker","speaker","","","1.056","0.03506907","0.33753526","0.268663","0.2614","0.7628","0.2933","68","cedar/speaker-d12ac53332ddad63.mp3"
"marin","special","special","","","1.32","0.04315595","0.38572586","0.30988","0.1613","0.7576","0.5624","103","marin/special-ebb1785812e28a7e.mp3"
"cedar","special","special","","","1.152","0.04252992","0.55585831","0.377514","0.2165","0.9055","0.2465","103","cedar/special-ebb1785812e28a7e.mp3"
"marin","speech","speech","","","1.2","0.03900364","0.22873451","0.340538","0.065","0.7969","0.4031","82","marin/speech-28ad8806f48c1a6d.mp3"
"cedar","speech","speech","","","1.704","0.03753596","0.33133075","0.22155","0.1239","0.7286","0.9754","82","cedar/speech-28ad8806f48c1a6d.mp3"
"marin","speed","speed","","","0.864","0.05557427","0.39278826","0.381293","0.1096","0.6341","0.2299","92","marin/speed-74cc9608f2497e64.mp3"
"cedar","speed","speed","","","1.416","0.03676652","0.28536069","0.257209","0.1633","0.7291","0.6869","92","cedar/speed-74cc9608f2497e64.mp3"
"marin","spell","spell","","","2.568","0.02846241","0.33234411","0.133827","0.1698","0.6633","1.9047","77","marin/spell-d98d6b5e60349dbc.mp3"
"cedar","spell","spell","","","1.464","0.03902608","0.51260227","0.235158","0.4808","1.0069","0.4571","77","cedar/spell-d98d6b5e60349dbc.mp3"
"marin","spend","spend","","","1.248","0.0560947","0.31624401","0.397937","0.1633","0.7971","0.4509","37","marin/spend-9c8493e0225a2bb3.mp3"
"cedar","spend","spend","","","1.752","0.04787243","0.49002221","0.297826","0.5846","1.3297","0.4223","37","cedar/spend-9c8493e0225a2bb3.mp3"
"marin","spider","spider","","","1.416","0.04845833","0.33246753","0.361832","0.0813","0.7959","0.6201","113","marin/spider-fa89a028dffc66ff.mp3"
"cedar","spider","spider","","","1.56","0.03700241","0.36583364","0.284068","0.4222","1.0416","0.5184","113","cedar/spider-fa89a028dffc66ff.mp3"
"marin","spirit","spirit","","","1.56","0.04704015","0.33676165","0.242655","0.5239","1.223","0.337","102","marin/spirit-8c55d769057790c1.mp3"
"cedar","spirit","spirit","","","1.008","0.03930379","0.25855911","0.344205","0.1078","0.7216","0.2864","102","cedar/spirit-8c55d769057790c1.mp3"
"marin","spoon","spoon","","","1.56","0.05716568","0.35557723","0.367682","0.208","0.9983","0.5617","46","marin/spoon-c4ca0b25386cc217.mp3"
"cedar","spoon","spoon","","","1.104","0.04576518","0.40883553","0.278476","0.3774","0.864","0.24","46","cedar/spoon-c4ca0b25386cc217.mp3"
"marin","sport","sport","","","0.816","0.06322353","0.36598098","0.413577","0.0634","0.6415","0.1745","","marin/sport-d314f337a9a11a54.mp3"
"cedar","sport","sport","","","1.104","0.04095557","0.36567581","0.249264","0.1623","0.6693","0.4347","","cedar/sport-d314f337a9a11a54.mp3"
"marin","sports","sports","","","1.248","0.05004831","0.37855145","0.3853","0.103","0.8687","0.3793","52","marin/sports-cc35fe6fd317b399.mp3"
"cedar","sports","sports","","","1.2","0.04342336","0.36305976","0.334844","0.3345","0.977","0.223","52","cedar/sports-cc35fe6fd317b399.mp3"
"marin","spot","spot","","","2.256","0.02545785","0.28963661","0.151753","0.3506","1.0875","1.1685","99","marin/spot-b9c562401cf4105d.mp3"
"cedar","spot","spot","","","1.2","0.05326836","0.47886008","0.242101","0.164","0.6629","0.5371","99","cedar/spot-b9c562401cf4105d.mp3"
"marin","spread","spread","","","1.92","0.03925856","0.44154122","0.20625","0.1906","0.7713","1.1487","45","marin/spread-80bcfe3432354843.mp3"
"cedar","spread","spread","","","1.464","0.04096033","0.48278558","0.242216","0.2766","0.8998","0.5642","45","cedar/spread-80bcfe3432354843.mp3"
"marin","spring","spring","","","1.152","0.0466849","0.28678909","0.352304","0.0963","0.6418","0.5102","33|107","marin/spring-c7e54601e77f2b13.mp3"
"cedar","spring","spring","","","2.256","0.04328784","0.53654093","0.207909","0.7612","1.4514","0.8046","33|107","cedar/spring-c7e54601e77f2b13.mp3"
"marin","square","square","","","1.104","0.05179227","0.26145294","0.471524","0.0634","0.8401","0.2639","99","marin/square-1b8a0a34fb84c0c9.mp3"
"cedar","square","square","","","1.512","0.05430764","0.57683539","0.355958","0.1886","0.9181","0.5939","99","cedar/square-1b8a0a34fb84c0c9.mp3"
"marin","stair","stair","","","1.056","0.04889593","0.32177716","0.426945","0.1034","0.7087","0.3473","","marin/stair-70272180994b7349.mp3"
"cedar","stair","stair","","","1.92","0.03560249","0.39031655","0.232096","0.1633","0.7506","1.1694","","cedar/stair-70272180994b7349.mp3"
"marin","stairs","stairs","","","1.32","0.04399115","0.28535601","0.361379","0.269","0.9216","0.3984","71","marin/stairs-0ee3904762df80b7.mp3"
"cedar","stairs","stairs","","","1.704","0.03541757","0.61178571","0.227015","0.3516","0.9799","0.7241","71","cedar/stairs-0ee3904762df80b7.mp3"
"marin","stamp","stamp","","","1.008","0.04173522","0.26654565","0.343688","0.1506","0.735","0.273","55","marin/stamp-1c385d91019268c2.mp3"
"cedar","stamp","stamp","","","1.2","0.03414258","0.31342337","0.26408","0.1681","0.7039","0.4961","55","cedar/stamp-1c385d91019268c2.mp3"
"marin","stand","stand","","","1.56","0.04280091","0.40590492","0.277163","0.3623","0.9297","0.6303","114","marin/stand-9161857194af2beb.mp3"
"cedar","stand","stand","","","1.152","0.0480293","0.41107917","0.379051","0.1506","0.7575","0.3945","114","cedar/stand-9161857194af2beb.mp3"
"marin","stand for","stand for","","","1.656","0.05537148","0.262407","0.394122","0.265","1.2133","0.4427","","marin/stand-for-db6b502a64bc01cd.mp3"
"cedar","stand for","stand for","","","2.256","0.04905157","0.46276039","0.279625","0.0732","1.0202","1.2358","","cedar/stand-for-db6b502a64bc01cd.mp3"
"marin","stand in line","stand in line","","","2.568","0.05837635","0.36541718","0.425582","0.1159","1.693","0.875","","marin/stand-in-line-86fbb2f62f922482.mp3"
"cedar","stand in line","stand in line","","","2.016","0.05252203","0.50137895","0.462426","0.2846","1.5535","0.4625","","cedar/stand-in-line-86fbb2f62f922482.mp3"
"marin","stand up","stand up","","","2.208","0.0532177","0.29269505","0.326823","0.3722","1.6014","0.6066","","marin/stand-up-8516a870230bd4a5.mp3"
"cedar","stand up","stand up","","","1.92","0.04202873","0.49350426","0.29439","0.2222","1.1625","0.7575","","cedar/stand-up-8516a870230bd4a5.mp3"
"marin","star","star","","","1.704","0.03774277","0.38343257","0.210057","0.4988","0.9731","0.7309","106","marin/star-685b39f996eaa6f3.mp3"
"cedar","star","star","","","1.512","0.04776005","0.46391585","0.323192","0.1167","0.7731","0.7389","106","cedar/star-685b39f996eaa6f3.mp3"
"marin","start","start","","","1.152","0.04424286","0.42611244","0.257451","0.1534","0.6469","0.5051","115","marin/start-46210dddc66714c3.mp3"
"cedar","start","start","","","1.008","0.03617483","0.36348352","0.264323","0.203","0.7016","0.3064","115","cedar/start-46210dddc66714c3.mp3"
"marin","start off","start off","","","1.2","0.05386754","0.36426783","0.433941","0.1886","0.968","0.232","","marin/start-off-afc546f4fe13944f.mp3"
"cedar","start off","start off","","","1.248","0.05279604","0.43166035","0.414897","0.1626","0.9003","0.3477","","cedar/start-off-afc546f4fe13944f.mp3"
"marin","state","state","","","1.008","0.04352106","0.35351777","0.30568","0.0634","0.5885","0.4195","21|89","marin/state-927489cb2fcdb32e.mp3"
"cedar","state","state","","","1.2","0.03424142","0.35010988","0.248333","0.1976","0.7146","0.4854","21|89","cedar/state-927489cb2fcdb32e.mp3"
"marin","station","station","","","1.416","0.03993208","0.2940883","0.361582","0.1797","0.8819","0.5341","","marin/station-47721ddbed082596.mp3"
"cedar","station","station","","","1.008","0.0489025","0.4550966","0.427331","0.1634","0.763","0.245","","cedar/station-47721ddbed082596.mp3"
"marin","stationery","stationery","","","1.752","0.05176029","0.28041241","0.397129","0.1705","1.0495","0.7025","80","marin/stationery-4826a4cd7f3e1f69.mp3"
"cedar","stationery","stationery","","","1.848","0.03576791","0.3385402","0.305747","0.196","0.9732","0.8748","80","cedar/stationery-4826a4cd7f3e1f69.mp3"
"marin","stay","stay","","","1.056","0.04495122","0.30914447","0.366911","0.2113","0.7185","0.3375","10","marin/stay-45f689bf33fce119.mp3"
"cedar","stay","stay","","","1.56","0.02615722","0.29404113","0.174813","0.2217","0.6467","0.9133","10","cedar/stay-45f689bf33fce119.mp3"
"marin","stay home","stay home","","","1.704","0.06176335","0.28911826","0.474704","0.06","1.2939","0.4101","","marin/stay-home-34a5f00454fea977.mp3"
"cedar","stay home","stay home","","","1.92","0.05281849","0.50372577","0.389399","0.1767","1.3951","0.5249","","cedar/stay-home-34a5f00454fea977.mp3"
"marin","stay online","stay online","","","1.464","0.07123839","0.40410507","0.629909","0.0634","1.164","0.3","","marin/stay-online-0d4603d9d94f7fcc.mp3"
"cedar","stay online","stay online","","","1.656","0.06376242","0.46579698","0.574162","0.065","1.4574","0.1986","","cedar/stay-online-0d4603d9d94f7fcc.mp3"
"marin","stay up","stay up","","","1.248","0.05749464","0.36436826","0.378155","0.06","0.9055","0.3425","","marin/stay-up-575476e13bfb4bcd.mp3"
"cedar","stay up","stay up","","","1.248","0.04571034","0.40207767","0.374449","0.2766","1.0416","0.2064","","cedar/stay-up-575476e13bfb4bcd.mp3"
"marin","steak","steak","","","0.912","0.04049242","0.30421329","0.251074","0.153","0.6417","0.2703","40","marin/steak-b5a46b72c15d4b83.mp3"
"cedar","steak","steak","","","1.104","0.03882428","0.3720679","0.257095","0.1308","0.6434","0.4606","40","cedar/steak-b5a46b72c15d4b83.mp3"
"marin","steal","steal","","","1.008","0.0581837","0.26417252","0.498202","0.0684","0.7187","0.2893","62","marin/steal-f8c75a071e980610.mp3"
"cedar","steal","steal","","","1.752","0.04451301","0.39499366","0.246349","0.1845","0.7608","0.9912","62","cedar/steal-f8c75a071e980610.mp3"
"marin","steam","steam","","","1.152","0.05811154","0.25420505","0.468623","0.1451","0.8213","0.3307","45|107","marin/steam-5d45c439f153eef6.mp3"
"cedar","steam","steam","","","1.512","0.05970565","0.35222927","0.281167","0.4506","1.0472","0.4648","45|107","cedar/steam-5d45c439f153eef6.mp3"
"marin","step","step","","","1.608","0.03081557","0.30009672","0.169323","0.2169","0.7147","0.8933","82","marin/step-2b7e2e900326717f.mp3"
"cedar","step","step","","","1.2","0.03442806","0.52910411","0.225139","0.3846","0.9153","0.2847","82","cedar/step-2b7e2e900326717f.mp3"
"marin","still","still","","","1.248","0.03397599","0.19433911","0.306257","0.1506","0.7076","0.5404","119","marin/still-d9117b435a4d8c1d.mp3"
"cedar","still","still","","","1.56","0.03647763","0.29609546","0.231624","0.0683","0.5901","0.9699","119","cedar/still-d9117b435a4d8c1d.mp3"
"marin","stingy","stingy","","","1.8","0.05950375","0.32000646","0.34831","0.3097","1.1405","0.6595","13","marin/stingy-1febc3e770860eef.mp3"
"cedar","stingy","stingy","","","1.608","0.03639669","0.3020173","0.299388","0.1612","0.8228","0.7852","13","cedar/stingy-1febc3e770860eef.mp3"
"marin","stomach","stomach","","","2.016","0.03312392","0.40783685","0.186487","0.2738","0.9487","1.0673","20","marin/stomach-cd935ba89588b02f.mp3"
"cedar","stomach","stomach","","","1.104","0.04402069","0.40058357","0.339636","0.1561","0.7837","0.3203","20","cedar/stomach-cd935ba89588b02f.mp3"
"marin","stomachache","stomachache","","","1.152","0.04898982","0.3484965","0.384512","0.0596","0.7969","0.3551","23","marin/stomachache-3cc0fcfd5891ecb6.mp3"
"cedar","stomachache","stomachache","","","1.8","0.04018856","0.48455486","0.2414","0.4472","1.1677","0.6323","23","cedar/stomachache-3cc0fcfd5891ecb6.mp3"
"marin","stone","stone","","","1.32","0.0466443","0.30636168","0.352036","0.2288","0.8245","0.4955","106","marin/stone-54a4d40356da08e2.mp3"
"cedar","stone","stone","","","1.608","0.0432934","0.36848798","0.342441","0.1288","0.8601","0.7479","106","cedar/stone-54a4d40356da08e2.mp3"
"marin","stop","stop","","","0.912","0.03782303","0.32468754","0.273506","0.103","0.5902","0.3218","35","marin/stop-a11c3d917a2149a4.mp3"
"cedar","stop","stop","","","2.52","0.02966979","0.71078002","0.112359","0.3238","0.7957","1.7243","35","cedar/stop-a11c3d917a2149a4.mp3"
"marin","stop by","stop by","","","1.968","0.04445776","0.39665708","0.259782","0.1875","0.985","0.983","","marin/stop-by-408279ab83454a48.mp3"
"cedar","stop by","stop by","","","2.304","0.03863162","0.50577682","0.280861","0.1308","1.2688","1.0352","","cedar/stop-by-408279ab83454a48.mp3"
"marin","stop watch","stop watch","","","2.304","0.05518118","0.43410775","0.263491","0.5635","1.6718","0.6322","35","marin/stop-watch-34678e4e97c62763.mp3"
"cedar","stop watch","stop watch","","","1.656","0.043614","0.38418692","0.33088","0.1722","1.3122","0.3438","35","cedar/stop-watch-34678e4e97c62763.mp3"
"marin","store","store","","","0.96","0.05435133","0.33379674","0.420985","0.0818","0.6415","0.3185","85","marin/store-8075824e58fde435.mp3"
"cedar","store","store","","","1.056","0.05278463","0.31365949","0.412543","0.0739","0.6859","0.3701","85","cedar/store-8075824e58fde435.mp3"
"marin","storm","storm","","","1.152","0.05142135","0.26361519","0.459219","0.203","0.8954","0.2566","105","marin/storm-855541b77b41974a.mp3"
"cedar","storm","storm","","","1.56","0.0448028","0.38294908","0.329928","0.1846","0.8962","0.6638","105","cedar/storm-855541b77b41974a.mp3"
"marin","stormy","stormy","","","1.416","0.06180718","0.26914719","0.527954","0.0698","1.0033","0.4127","105","marin/stormy-c4d9bb68c3df00a4.mp3"
"cedar","stormy","stormy","","","1.512","0.03328368","0.32106206","0.249807","0.2767","0.86","0.652","105","cedar/stormy-c4d9bb68c3df00a4.mp3"
"marin","story","story","","","1.056","0.06565806","0.38603887","0.432193","0.3006","0.8938","0.1622","77","marin/story-5490e354463a75eb.mp3"
"cedar","story","story","","","1.2","0.04705219","0.34492716","0.394757","0.1545","0.8048","0.3952","77","cedar/story-5490e354463a75eb.mp3"
"marin","stove","stove","","","1.656","0.0475976","0.39730087","0.266141","0.3506","0.9969","0.6591","70","marin/stove-4ac297b4d93d490d.mp3"
"cedar","stove","stove","","","1.8","0.04522293","0.43942028","0.263727","0.1731","0.8496","0.9504","70","cedar/stove-4ac297b4d93d490d.mp3"
"marin","straight","straight","","","1.56","0.03928552","0.31074217","0.259789","0.165","0.8303","0.7297","99","marin/straight-95cb9daf282904f2.mp3"
"cedar","straight","straight","","","1.416","0.03055175","0.28544787","0.252766","0.1545","0.7768","0.6392","99","cedar/straight-95cb9daf282904f2.mp3"
"marin","strange","strange","","","1.56","0.04993054","0.28243783","0.400414","0.4267","1.2297","0.3303","28","marin/strange-eb99579e0243b8fd.mp3"
"cedar","strange","strange","","","1.56","0.03747353","0.33024284","0.306717","0.2006","0.8886","0.6714","28","cedar/strange-eb99579e0243b8fd.mp3"
"marin","stranger","stranger","","","1.248","0.0555321","0.36391506","0.491136","0.1623","0.9515","0.2965","28","marin/stranger-c14537841d59b8c1.mp3"
"cedar","stranger","stranger","","","1.368","0.05242938","0.421909","0.444109","0.1634","0.96","0.408","28","cedar/stranger-c14537841d59b8c1.mp3"
"marin","straw","straw","","","1.752","0.04187437","0.40397283","0.204457","0.16","0.6418","1.1102","46","marin/straw-5bce16f2722faf7c.mp3"
"cedar","straw","straw","","","1.368","0.03607976","0.32877234","0.278128","0.1639","0.7338","0.6342","46","cedar/straw-5bce16f2722faf7c.mp3"
"marin","strawberry","strawberry","","","1.416","0.05314269","0.39244643","0.515169","0.2634","1.172","0.244","38","marin/strawberry-de5475c1d65ffd95.mp3"
"cedar","strawberry","strawberry","","","2.808","0.03369285","0.41122547","0.205848","0.1386","0.8933","1.9147","38","cedar/strawberry-de5475c1d65ffd95.mp3"
"marin","stream","stream","","","1.416","0.05834217","0.2524952","0.527189","0.1644","1.0798","0.3362","107","marin/stream-d9204af6f27e3852.mp3"
"cedar","stream","stream","","","1.512","0.04379228","0.35947973","0.293513","0.5498","1.1677","0.3443","107","cedar/stream-d9204af6f27e3852.mp3"
"marin","street","street","","","1.704","0.03392049","0.30608904","0.186718","0.4419","1.0095","0.6945","83","marin/street-8d95cb9871c06c25.mp3"
"cedar","street","street","","","1.056","0.03049993","0.22697212","0.251322","0.2386","0.7036","0.3524","83","cedar/street-8d95cb9871c06c25.mp3"
"marin","strike","strike","","","1.2","0.03449856","0.30571175","0.314809","0.1097","0.8356","0.3644","59","marin/strike-060a9cbceab8e51b.mp3"
"cedar","strike","strike","","","1.056","0.0284457","0.32774666","0.238952","0.1612","0.646","0.41","59","cedar/strike-060a9cbceab8e51b.mp3"
"marin","string","string","","","0.96","0.04954938","0.26965082","0.491732","0.0642","0.6974","0.2626","50","marin/string-0c68feae3aa59d3d.mp3"
"cedar","string","string","","","1.368","0.04207055","0.40322459","0.368391","0.166","0.8229","0.5451","50","cedar/string-0c68feae3aa59d3d.mp3"
"marin","strong","strong","","","1.656","0.04876165","0.29589429","0.330754","0.15","0.8213","0.8347","21","marin/strong-82a5c1ff1111e7bf.mp3"
"cedar","strong","strong","","","2.256","0.03800227","0.43366447","0.210854","0.4065","1.0853","1.1707","21","cedar/strong-82a5c1ff1111e7bf.mp3"
"marin","student","student","","","1.704","0.04464595","0.37503502","0.242334","0.3488","0.973","0.731","75","marin/student-8827bc20c501a8b2.mp3"
"cedar","student","student","","","1.416","0.03872563","0.37255713","0.238421","0.3597","0.8936","0.5224","75","cedar/student-8827bc20c501a8b2.mp3"
"marin","study","study","","","1.464","0.04294167","0.34417814","0.252248","0.1101","0.6418","0.8222","69|79","marin/study-9eb0b1297f9d9604.mp3"
"cedar","study","study","","","1.608","0.03875412","0.52351159","0.241229","0.6276","1.2119","0.3961","69|79","cedar/study-9eb0b1297f9d9604.mp3"
"marin","stupid","stupid","","","1.968","0.04995759","0.27859512","0.279408","1.0065","1.809","0.159","16","marin/stupid-058f03391b3d1b8e.mp3"
"cedar","stupid","stupid","","","1.416","0.04762144","0.55036294","0.253355","0.3506","0.9533","0.4627","16","cedar/stupid-058f03391b3d1b8e.mp3"
"marin","style","style","","","1.368","0.05001809","0.38460919","0.396717","0.2134","0.9213","0.4467","48","marin/style-f96bfcdd0bc36134.mp3"
"cedar","style","style","","","1.968","0.03303026","0.4892576","0.18406","0.2346","0.7589","1.2091","48","cedar/style-f96bfcdd0bc36134.mp3"
"marin","subject","subject","","","1.416","0.0341721","0.28043768","0.274291","0.3006","0.9635","0.4525","76","marin/subject-be72eb74fbddacc3.mp3"
"cedar","subject","subject","","","1.2","0.04409064","0.45860273","0.314774","0.1565","0.8062","0.3938","76","cedar/subject-be72eb74fbddacc3.mp3"
"marin","subway","subway","","","1.152","0.05440607","0.42018044","0.445602","0.2113","0.8438","0.3082","91","marin/subway-5cafc46567645373.mp3"
"cedar","subway","subway","","","1.512","0.04382384","0.35173064","0.377811","0.1766","0.8679","0.6441","91","cedar/subway-5cafc46567645373.mp3"
"marin","succeed","succeed","","","1.8","0.04633841","0.2915042","0.271562","0.1875","0.8369","0.9631","10","marin/succeed-e2ab8b1cb8bd087f.mp3"
"cedar","succeed","succeed","","","1.32","0.04501571","0.36574221","0.399448","0.1623","0.8394","0.4806","10","cedar/succeed-e2ab8b1cb8bd087f.mp3"
"marin","success","success","","","1.608","0.03789806","0.49668059","0.335938","0.319","1.0902","0.5178","10","marin/success-81b2bd4ea98c8db6.mp3"
"cedar","success","success","","","1.56","0.03805998","0.4103055","0.388835","0.1365","0.9738","0.5862","10","cedar/success-81b2bd4ea98c8db6.mp3"
"marin","successful","successful","","","1.56","0.03231665","0.27707198","0.33567","0.2912","1.1437","0.4163","16","marin/successful-664b6bd0dc8ae5d2.mp3"
"cedar","successful","successful","","","1.752","0.03990386","0.46460095","0.392646","0.1134","1.1679","0.5841","16","cedar/successful-664b6bd0dc8ae5d2.mp3"
"marin","such as","such as","","","1.752","0.04560163","0.36476749","0.383574","0.1613","1.1207","0.6313","","marin/such-as-48990cb8e03fa0b8.mp3"
"cedar","such as","such as","","","1.512","0.04013265","0.40107715","0.421944","0.244","1.2083","0.3037","","cedar/such-as-48990cb8e03fa0b8.mp3"
"marin","sudden","sudden","","","1.464","0.04475286","0.36895093","0.323799","0.3079","0.9134","0.5506","117","marin/sudden-2e97806d8ef10be0.mp3"
"cedar","sudden","sudden","","","1.008","0.05529983","0.56036091","0.386305","0.0597","0.6081","0.3999","117","cedar/sudden-2e97806d8ef10be0.mp3"
"marin","sugar","sugar","","","1.416","0.05762402","0.3629097","0.329685","0.1442","0.6653","0.7507","44","marin/sugar-7db448798d636996.mp3"
"cedar","sugar","sugar","","","1.512","0.04995191","0.40585899","0.22823","0.1894","0.6389","0.8731","44","cedar/sugar-7db448798d636996.mp3"
"marin","suggest","suggest","","","1.248","0.04075284","0.34270465","0.383163","0.1207","0.8787","0.3693","66","marin/suggest-8db8b3a1b8f5bc87.mp3"
"cedar","suggest","suggest","","","1.416","0.04701145","0.47140139","0.411473","0.0597","0.8521","0.5639","66","cedar/suggest-8db8b3a1b8f5bc87.mp3"
"marin","suit","suit","","","2.016","0.0327578","0.31684124","0.1643","0.171","0.6961","1.3199","48","marin/suit-7fe043fba61a9bf8.mp3"
"cedar","suit","suit","","","0.912","0.05293625","0.34135705","0.377901","0.0698","0.6063","0.3057","48","cedar/suit-7fe043fba61a9bf8.mp3"
"marin","summer","summer","","","1.32","0.04322212","0.30795294","0.303993","0.2739","0.7794","0.5406","33","marin/summer-47a20475b2605939.mp3"
"cedar","summer","summer","","","1.248","0.05834157","0.58452904","0.358891","0.3565","0.8933","0.3547","33","cedar/summer-47a20475b2605939.mp3"
"marin","sun","sun","","","1.56","0.04544808","0.39704499","0.29184","0.2706","0.8053","0.7547","106","marin/sun-b297a1ef69477ea8.mp3"
"cedar","sun","sun","","","1.152","0.05499067","0.47554377","0.400373","0.15","0.7117","0.4403","106","cedar/sun-b297a1ef69477ea8.mp3"
"marin","Sunday","Sunday","","","1.416","0.05575307","0.34024397","0.362818","0.2722","0.9087","0.5073","32","marin/sunday-fb87dfd121d42da6.mp3"
"cedar","Sunday","Sunday","","","1.464","0.04217783","0.42346159","0.337133","0.1635","0.8034","0.6606","32","cedar/sunday-fb87dfd121d42da6.mp3"
"marin","sunny","sunny","","","1.008","0.05098754","0.26880559","0.404287","0.1463","0.632","0.376","104","marin/sunny-e80f15a5965af266.mp3"
"cedar","sunny","sunny","","","1.056","0.04933927","0.3952972","0.490412","0.1386","0.7496","0.3064","104","cedar/sunny-e80f15a5965af266.mp3"
"marin","super","super","","","1.368","0.04402782","0.29117197","0.270422","0.5019","1.0815","0.2865","90","marin/super-a1913eaf2cefe6e3.mp3"
"cedar","super","super","","","1.368","0.04723431","0.46482858","0.284753","0.1767","0.7194","0.6486","90","cedar/super-a1913eaf2cefe6e3.mp3"
"marin","supermarket","supermarket","","","1.56","0.0499383","0.31526667","0.379741","0.2298","1.0713","0.4887","85","marin/supermarket-53a7b53d3093b0d5.mp3"
"cedar","supermarket","supermarket","","","1.968","0.04598035","0.38106835","0.288269","0.1634","1.0562","0.9118","85","cedar/supermarket-53a7b53d3093b0d5.mp3"
"marin","supper","supper","","","0.96","0.03550464","0.36589158","0.274891","0.342","0.7852","0.1748","41","marin/supper-2929512390017308.mp3"
"cedar","supper","supper","","","1.2","0.04691934","0.37830451","0.308108","0.1097","0.6417","0.5583","41","cedar/supper-2929512390017308.mp3"
"marin","support","support","","","1.368","0.03994727","0.3207401","0.239035","0.1597","0.7755","0.5925","28","marin/support-c05b56ab6d3d07cc.mp3"
"cedar","support","support","","","1.368","0.03371793","0.27587005","0.246771","0.3065","0.9129","0.4551","28","cedar/support-c05b56ab6d3d07cc.mp3"
"marin","sure","sure","","","0.816","0.04868909","0.27218577","0.3606","0.124","0.478","0.338","117","marin/sure-fcca8d50ebb2067a.mp3"
"cedar","sure","sure","","","1.152","0.03465743","0.35423332","0.226472","0.1636","0.5233","0.6287","117","cedar/sure-fcca8d50ebb2067a.mp3"
"marin","surf","surf","","","1.056","0.05028977","0.27699521","0.387192","0.1633","0.7573","0.2987","53|81","marin/surf-f7c68b0d3d6316fc.mp3"
"cedar","surf","surf","","","1.512","0.02519115","0.2665199","0.252949","0.2739","1.0039","0.5081","53|81","cedar/surf-f7c68b0d3d6316fc.mp3"
"marin","surprise","surprise","","","1.464","0.05090794","0.36424962","0.432021","0.0696","0.9214","0.5426","102","marin/surprise-601fcf7d67abfb0b.mp3"
"cedar","surprise","surprise","","","1.8","0.04608841","0.53410769","0.29162","0.591","1.3548","0.4452","102","cedar/surprise-601fcf7d67abfb0b.mp3"
"marin","surprised","surprised","","","1.56","0.03907675","0.30792144","0.4373","0.1346","1.1859","0.3741","17","marin/surprised-fda3ba8947b3f0c7.mp3"
"cedar","surprised","surprised","","","1.32","0.04384342","0.46860367","0.385322","0.1579","0.9853","0.3347","17","cedar/surprised-fda3ba8947b3f0c7.mp3"
"marin","survive","survive","","","1.512","0.04629425","0.36091694","0.401028","0.2006","0.9918","0.5202","24","marin/survive-597d3d4c8dc16352.mp3"
"cedar","survive","survive","","","1.656","0.05039266","0.41878971","0.325496","0.719","1.4123","0.2437","24","cedar/survive-597d3d4c8dc16352.mp3"
"marin","swallow","swallow","","","1.2","0.05643971","0.35614255","0.425","0.1613","0.762","0.438","111","marin/swallow-0c82e7de4e779d61.mp3"
"cedar","swallow","swallow","","","1.008","0.05338746","0.37563238","0.525008","0.0886","0.7704","0.2376","111","cedar/swallow-0c82e7de4e779d61.mp3"
"marin","swan","swan","","","1.8","0.04919257","0.31077498","0.30956","0.3649","1.0287","0.7713","111","marin/swan-cc80c2de471d60c5.mp3"
"cedar","swan","swan","","","2.16","0.03481223","0.40144747","0.223852","0.2667","0.9182","1.2418","111","cedar/swan-cc80c2de471d60c5.mp3"
"marin","sweater","sweater","","","1.152","0.04461329","0.30017403","0.352177","0.1579","0.6965","0.4555","47","marin/sweater-d7b1dab721a6d656.mp3"
"cedar","sweater","sweater","","","1.152","0.04567457","0.60150576","0.318233","0.2346","0.7356","0.4164","47","cedar/sweater-d7b1dab721a6d656.mp3"
"marin","sweep","sweep","","","1.2","0.04858491","0.27275085","0.309583","0.2722","0.8347","0.3652","72","marin/sweep-7b18b4e149d2c09f.mp3"
"cedar","sweep","sweep","","","1.968","0.03726852","0.29855752","0.194444","0.4472","0.9777","0.9903","72","cedar/sweep-7b18b4e149d2c09f.mp3"
"marin","sweet","sweet","","","1.008","0.04020773","0.23621386","0.29516","0.1925","0.7095","0.2985","44","marin/sweet-59339f51a1405bee.mp3"
"cedar","sweet","sweet","","","1.32","0.03766285","0.26513764","0.251799","0.2477","0.7574","0.5626","44","cedar/sweet-59339f51a1405bee.mp3"
"marin","swim","swim","","","2.016","0.04888681","0.34065649","0.350911","0.1506","0.9738","1.0422","53","marin/swim-037e026dacca79d6.mp3"
"cedar","swim","swim","","","1.104","0.05767408","0.46889138","0.433594","0.2114","0.8049","0.2991","53","cedar/swim-037e026dacca79d6.mp3"
"marin","swimsuit","swimsuit","","","1.416","0.05067417","0.28866109","0.374103","0.1875","0.9624","0.4536","48","marin/swimsuit-e989c68fd326e618.mp3"
"cedar","swimsuit","swimsuit","","","1.2","0.04749956","0.42553765","0.378316","0.1534","0.8281","0.3719","48","cedar/swimsuit-e989c68fd326e618.mp3"
"marin","swing","swing","","","1.56","0.0402395","0.22791195","0.3084","0.1823","0.7637","0.7963","87","marin/swing-27aeebcc9a5515ff.mp3"
"cedar","swing","swing","","","2.016","0.03963749","0.53202832","0.230872","0.1975","0.7897","1.2263","87","cedar/swing-27aeebcc9a5515ff.mp3"
"marin","symbol","symbol","","","1.2","0.06451669","0.38727987","0.391146","0.2181","0.7793","0.4207","78","marin/symbol-7890a7b06eec3a62.mp3"
"cedar","symbol","symbol","","","1.368","0.05134531","0.36164716","0.449028","0.1623","0.9424","0.4256","78","cedar/symbol-7890a7b06eec3a62.mp3"
"marin","system","system","","","1.248","0.04311646","0.33688322","0.359141","0.1623","0.7424","0.5056","90","marin/system-9eec28886f411e97.mp3"
"cedar","system","system","","","1.008","0.04335469","0.3306179","0.434648","0.16","0.7277","0.2803","90","cedar/system-9eec28886f411e97.mp3"
"marin","T-shirt","T-shirt","","","1.008","0.05001554","0.3478902","0.37841","0.2635","0.823","0.185","47","marin/t-shirt-669e83a15f9e7b62.mp3"
"cedar","T-shirt","T-shirt","","","0.96","0.04320465","0.27874631","0.365343","0.1109","0.6199","0.3401","47","cedar/t-shirt-669e83a15f9e7b62.mp3"
"marin","table","table","","","1.008","0.05411179","0.38116625","0.354497","0.1076","0.5651","0.4429","70","marin/table-7ed9ac3831f7d852.mp3"
"cedar","table","table","","","1.248","0.03306442","0.40451834","0.208701","0.3291","0.6919","0.5561","70","cedar/table-7ed9ac3831f7d852.mp3"
"marin","table tennis","table tennis","","","1.704","0.06930272","0.35407034","0.501492","0.2098","1.54","0.164","52","marin/table-tennis-a362afd31bbe7c64.mp3"
"cedar","table tennis","table tennis","","","2.256","0.04763288","0.63345003","0.356863","0.1613","1.4368","0.8192","52","cedar/table-tennis-a362afd31bbe7c64.mp3"
"marin","tail","tail","","","0.96","0.04069191","0.25136638","0.377474","0.22","0.6846","0.2754","112","marin/tail-bc2d901b7d0a8558.mp3"
"cedar","tail","tail","","","1.056","0.05765185","0.51498264","0.33136","0.1539","0.6325","0.4235","112","cedar/tail-bc2d901b7d0a8558.mp3"
"marin","Taiwan","Taiwan","","","0.912","0.05054188","0.40362513","0.517407","0.1577","0.7051","0.2069","89","marin/taiwan-b2727024d36f04a1.mp3"
"cedar","Taiwan","Taiwan","","","1.416","0.04746287","0.48106423","0.319268","0.2218","0.8128","0.6032","89","cedar/taiwan-b2727024d36f04a1.mp3"
"marin","Taiwanese","Taiwanese","","","1.512","0.05427744","0.34530744","0.484072","0.1717","1.092","0.42","","marin/taiwanese-2715b6a7c482587c.mp3"
"cedar","Taiwanese","Taiwanese","","","2.304","0.05199999","0.35941729","0.339808","0.2326","1.189","1.115","","cedar/taiwanese-2715b6a7c482587c.mp3"
"marin","take","take","","","1.056","0.04402877","0.30663168","0.253117","0.1538","0.623","0.433","114","marin/take-6ac3a7f16406457e.mp3"
"cedar","take","take","","","0.912","0.04094026","0.53063536","0.201252","0.1202","0.4996","0.4124","114","cedar/take-6ac3a7f16406457e.mp3"
"marin","take a break / rest","take a break. Or, take a rest.","","","3.264","0.05773653","0.34228402","0.379762","0.2632","2.6343","0.6297","","marin/take-a-break-rest-b835c1e9c4b18efd.mp3"
"cedar","take a break / rest","take a break. Or, take a rest.","","","2.856","0.07114084","0.6629836","0.412866","0.0664","2.6437","0.2123","","cedar/take-a-break-rest-b835c1e9c4b18efd.mp3"
"marin","take a day off","take a day off","","","2.112","0.06125983","0.40576538","0.430427","0.1008","1.9135","0.1985","","marin/take-a-day-off-f89859f9eeb9b13f.mp3"
"cedar","take a day off","take a day off","","","1.608","0.0499332","0.49832836","0.361811","0.0639","1.1551","0.4529","","cedar/take-a-day-off-f89859f9eeb9b13f.mp3"
"marin","take a look / nap / walk / bath","take a look. Or, take a nap. Or, take a walk. Or, take a bath.","","","6.264","0.07042659","0.45679951","0.411059","0.0551","6.1478","0.1162","","marin/take-a-look-nap-walk-bath-a37cac4bc68dd69f.mp3"
"cedar","take a look / nap / walk / bath","take a look. Or, take a nap. Or, take a walk. Or, take a bath.","","","6.12","0.05183065","0.47130769","0.332887","0.5081","5.823","0.297","","cedar/take-a-look-nap-walk-bath-a37cac4bc68dd69f.mp3"
"marin","take action / up","take action. Or, take up something.","","","3","0.07464053","0.48844761","0.472056","0.0479","2.7016","0.2984","","marin/take-action-up-0fa241f27bdbdc99.mp3"
"cedar","take action / up","take action. Or, take up something.","","","4.104","0.05092842","0.59212649","0.327221","0.1072","3.511","0.593","","cedar/take-action-up-0fa241f27bdbdc99.mp3"
"marin","take care of","take care of","possible-tail-truncation","","2.4","0.05385607","0.44885695","0.373342","0.1475","2.3927","0.0073","","marin/take-care-of-e201f8b7a108a927.mp3"
"cedar","take care of","take care of","","","1.368","0.05233353","0.65201598","0.335435","0.0805","0.9137","0.4543","","cedar/take-care-of-e201f8b7a108a927.mp3"
"marin","take down","take down","","","2.568","0.04087599","0.35259855","0.196351","0.1023","0.7959","1.7721","","marin/take-down-18c09d4750fe7066.mp3"
"cedar","take down","take down","","","1.968","0.03659312","0.51711124","0.249322","0.3572","1.385","0.583","","cedar/take-down-18c09d4750fe7066.mp3"
"marin","Take it easy.","Take it easy.","","","1.512","0.04896439","0.25504017","0.431286","0.3194","1.3076","0.2044","","marin/take-it-easy-a04abf2388bee92a.mp3"
"cedar","Take it easy.","Take it easy.","","","1.512","0.04112592","0.30312434","0.408813","0.17","1.192","0.32","","cedar/take-it-easy-a04abf2388bee92a.mp3"
"marin","take off","take off","","","1.608","0.04375366","0.35753578","0.250777","0.1573","0.9694","0.6386","50","marin/take-off-cce8d925884b7a36.mp3"
"cedar","take off","take off","","","1.608","0.04325785","0.45913675","0.24062","0.1601","1.2404","0.3676","50","cedar/take-off-cce8d925884b7a36.mp3"
"marin","take out","take out","","","1.8","0.04221405","0.35213673","0.224387","0.2706","1.1892","0.6108","72","marin/take-out-2b0a00c79ab350ee.mp3"
"cedar","take out","take out","","","1.752","0.02552443","0.35187051","0.137141","0.4208","0.9216","0.8304","72","cedar/take-out-2b0a00c79ab350ee.mp3"
"marin","take out the trash / garbage","take out the trash. Or, take out the garbage.","","","3.864","0.06815838","0.49661261","0.483361","0.0639","3.7582","0.1058","","marin/take-out-the-trash-garbage-fc0f4a0a136ed0c1.mp3"
"cedar","take out the trash / garbage","take out the trash. Or, take out the garbage.","","","3.456","0.05458461","0.53471261","0.423225","0.3701","3.239","0.217","","cedar/take-out-the-trash-garbage-fc0f4a0a136ed0c1.mp3"
"marin","take place / one's place","take place. Or, take one's place.","","","3.6","0.05988816","0.44121307","0.443067","0.1456","3.0256","0.5744","","marin/take-place-ones-place-9ae1b5d0b019605a.mp3"
"cedar","take place / one's place","take place. Or, take one's place.","","","4.512","0.05235979","0.48627135","0.312435","0.6593","4.0787","0.4333","","cedar/take-place-ones-place-9ae1b5d0b019605a.mp3"
"marin","take seriously / hard","take something seriously. Or, take something hard.","","","4.608","0.06126099","0.41041932","0.428087","0.6073","4.3054","0.3026","","marin/take-seriously-hard-bf055f09421ba365.mp3"
"cedar","take seriously / hard","take something seriously. Or, take something hard.","","","4.416","0.06827828","0.6125319","0.464485","0.1488","4.2469","0.1691","","cedar/take-seriously-hard-bf055f09421ba365.mp3"
"marin","take (the) medicine","take the medicine.","","","1.56","0.06217358","0.31996396","0.474372","0.16","1.1757","0.3843","","marin/take-the-medicine-be67b97859912bf5.mp3"
"cedar","take (the) medicine","take the medicine.","","","1.92","0.04246934","0.45090374","0.351204","0.3217","1.3214","0.5986","","cedar/take-the-medicine-be67b97859912bf5.mp3"
"marin","take turns / notes / pictures","take turns. Or, take notes. Or, take pictures.","","","5.064","0.05389858","0.45394915","0.384421","0.0578","4.6649","0.3991","","marin/take-turns-notes-pictures-a862b0378896736d.mp3"
"cedar","take turns / notes / pictures","take turns. Or, take notes. Or, take pictures.","","","4.512","0.05094096","0.47942778","0.383357","0.1266","4.3435","0.1685","","cedar/take-turns-notes-pictures-a862b0378896736d.mp3"
"marin","talent","talent","","","1.2","0.036581","0.31125963","0.311059","0.2291","0.8053","0.3947","16","marin/talent-cb7aba8aa91b3fa0.mp3"
"cedar","talent","talent","","","1.368","0.03347645","0.58945477","0.262747","0.5103","1.0104","0.3576","16","cedar/talent-cb7aba8aa91b3fa0.mp3"
"marin","talk","talk","","","1.2","0.04254643","0.46812043","0.176458","0.5076","0.8969","0.3031","61","marin/talk-f894a81f58bbb643.mp3"
"cedar","talk","talk","","","0.96","0.04812874","0.54943842","0.204557","0.1363","0.5237","0.4363","61","cedar/talk-f894a81f58bbb643.mp3"
"marin","talkative","talkative","","","2.616","0.04247652","0.63414478","0.159109","0.0488","0.6596","1.9564","14","marin/talkative-e27cd129372ed010.mp3"
"cedar","talkative","talkative","","","1.32","0.04212607","0.48299494","0.241935","0.1115","0.6538","0.6662","14","cedar/talkative-e27cd129372ed010.mp3"
"marin","tall","tall","","","2.208","0.0373924","0.37683368","0.15474","0.5626","0.9917","1.2163","11","marin/tall-e9cad0924f6bc91e.mp3"
"cedar","tall","tall","","","1.008","0.05278641","0.54401207","0.328228","0.1488","0.5867","0.4213","11","cedar/tall-e9cad0924f6bc91e.mp3"
"marin","tangerine","tangerine","","","1.416","0.08490803","0.33318228","0.516199","0.0547","0.8726","0.5434","38","marin/tangerine-4c9a48922e348a8d.mp3"
"cedar","tangerine","tangerine","","","1.608","0.05452329","0.6971693","0.404773","0.4484","1.2749","0.3331","38","cedar/tangerine-4c9a48922e348a8d.mp3"
"marin","tank","tank","","","1.248","0.02386401","0.2868042","0.157702","0.3148","0.6837","0.5643","5","marin/tank-1d1adff55b729c53.mp3"
"cedar","tank","tank","","","0.864","0.03253431","0.50758153","0.237437","0.158","0.5632","0.3008","5","cedar/tank-1d1adff55b729c53.mp3"
"marin","tape","tape","","","1.152","0.02841317","0.2859464","0.16135","0.2728","0.6348","0.5172","80","marin/tape-7b7fe612dbfb91a6.mp3"
"cedar","tape","tape","","","0.864","0.02977899","0.2668094","0.170935","0.2677","0.5531","0.3109","80","cedar/tape-7b7fe612dbfb91a6.mp3"
"marin","taste","taste","","","1.656","0.02582075","0.29292428","0.220235","0.495","1.0545","0.6015","19","marin/taste-053ec11111cc377a.mp3"
"cedar","taste","taste","","","2.76","0.02444329","0.43622157","0.110666","0.6164","1.0944","1.6656","19","cedar/taste-053ec11111cc377a.mp3"
"marin","taxi","taxi","","","1.056","0.05409253","0.48056945","0.47962","0.091","0.7856","0.2704","91","marin/taxi-b0267147745739d8.mp3"
"cedar","taxi","taxi","","","1.656","0.02868995","0.47495478","0.221203","0.6797","1.2184","0.4376","91","cedar/taxi-b0267147745739d8.mp3"
"marin","tea","tea","","","1.056","0.04638685","0.2770232","0.234631","0.1511","0.469","0.587","42","marin/tea-b49c876df8b640bd.mp3"
"cedar","tea","tea","","","1.56","0.0269419","0.20911105","0.183333","0.9081","1.2813","0.2788","42","cedar/tea-b49c876df8b640bd.mp3"
"marin","teach","teach","","","1.104","0.03418744","0.23333487","0.268324","0.2515","0.7601","0.3439","75","marin/teach-cb5edcc68cb38095.mp3"
"cedar","teach","teach","","","0.96","0.03274013","0.28780571","0.304123","0.1577","0.6359","0.3241","75","cedar/teach-cb5edcc68cb38095.mp3"
"marin","teacher","teacher","","","1.248","0.03629015","0.29310864","0.185731","0.6781","1.0574","0.1906","75","marin/teacher-b2aee3abae78ec86.mp3"
"cedar","teacher","teacher","","","1.2","0.04281706","0.37547532","0.292014","0.4609","0.9173","0.2827","75","cedar/teacher-b2aee3abae78ec86.mp3"
"marin","Teacher's Day","Teacher's Day","","","1.56","0.05207619","0.40860525","0.30215","0.0827","0.7393","0.8207","101","marin/teachers-day-345b3760c3367b99.mp3"
"cedar","Teacher's Day","Teacher's Day","","","1.56","0.04087049","0.33452973","0.333827","0.4713","1.1934","0.3666","101","cedar/teachers-day-345b3760c3367b99.mp3"
"marin","team","team","","","1.104","0.03579256","0.22450578","0.312236","0.3515","0.7659","0.3381","57","marin/team-ff982dbde7f65eed.mp3"
"cedar","team","team","","","2.016","0.03399664","0.30709141","0.174955","1.2775","1.7021","0.3139","57","cedar/team-ff982dbde7f65eed.mp3"
"marin","team up with...","team up with","","","1.704","0.0569571","0.31789127","0.362065","0.3015","1.5242","0.1798","","marin/team-up-with-06f9a5ac5b1d84a4.mp3"
"cedar","team up with...","team up with","","","1.848","0.05000317","0.44859117","0.366861","0.16","1.3331","0.5149","","cedar/team-up-with-06f9a5ac5b1d84a4.mp3"
"marin","teapot","teapot","","","1.8","0.0410081","0.33117661","0.210752","0.4701","1.1635","0.6365","70","marin/teapot-ee6b03a4718881c2.mp3"
"cedar","teapot","teapot","","","0.864","0.0437847","0.34596592","0.321301","0.1581","0.6509","0.2131","70","cedar/teapot-ee6b03a4718881c2.mp3"
"marin","tear","tear","","","0.72","0.04871176","0.27815101","0.374074","0.0958","0.4477","0.2723","22","marin/tear-1e2a236bf3d8b1bb.mp3"
"cedar","tear","tear","","","0.72","0.04545799","0.28711608","0.325984","0.1031","0.4415","0.2785","22","cedar/tear-1e2a236bf3d8b1bb.mp3"
"marin","teenager","teenager","","","1.368","0.0634591","0.30935061","0.419941","0.1017","0.7795","0.5885","1","marin/teenager-12bcdd7dcefda1d5.mp3"
"cedar","teenager","teenager","","","1.464","0.04865728","0.42262572","0.27802","0.1582","0.6917","0.7723","1","cedar/teenager-12bcdd7dcefda1d5.mp3"
"marin","telephone","telephone","","","1.32","0.0607344","0.39713171","0.411048","0.1264","0.7777","0.5423","68","marin/telephone-991923f3d8572d32.mp3"
"cedar","telephone","telephone","","","1.416","0.05627421","0.62661731","0.398173","0.1578","0.8716","0.5444","68","cedar/telephone-991923f3d8572d32.mp3"
"marin","television","television","","","1.056","0.06023686","0.40023062","0.531862","0.0517","0.7299","0.3261","68","marin/television-081ccf7fa46c406b.mp3"
"cedar","television","television","","","1.752","0.03711213","0.50382435","0.233531","0.6305","1.1733","0.5787","68","cedar/television-081ccf7fa46c406b.mp3"
"marin","television (TV)","television. Or, T V.","","","2.808","0.07288822","0.4806107","0.470019","0.0541","2.6019","0.2061","","marin/television-tv-e01b5e39fd87dcb0.mp3"
"cedar","television (TV)","television. Or, T V.","","","3.168","0.04695684","0.45613927","0.422454","0.3256","2.9529","0.2151","","cedar/television-tv-e01b5e39fd87dcb0.mp3"
"marin","tell","tell","","","0.96","0.0261111","0.2263311","0.279058","0.214","0.6224","0.3376","95","marin/tell-c293e01218d3aab6.mp3"
"cedar","tell","tell","","","1.704","0.03226272","0.48455119","0.164026","0.414","0.802","0.902","95","cedar/tell-c293e01218d3aab6.mp3"
"marin","Tell you what.","Tell you what.","","","2.4","0.06591184","0.39478952","0.350955","0.8813","1.9469","0.4531","","marin/tell-you-what-219b09f63ad56c52.mp3"
"cedar","Tell you what.","Tell you what.","","","1.104","0.07237582","0.4927972","0.457144","0.0575","0.6704","0.4336","","cedar/tell-you-what-219b09f63ad56c52.mp3"
"marin","temperature","temperature","","","1.056","0.05472906","0.33457825","0.406684","0.1042","0.6962","0.3598","105","marin/temperature-c37584dfa6205302.mp3"
"cedar","temperature","temperature","","","1.152","0.04013775","0.43256375","0.377803","0.1198","0.7823","0.3697","105","cedar/temperature-c37584dfa6205302.mp3"
"marin","temple","temple","","","1.056","0.04722704","0.32565975","0.364031","0.1706","0.6947","0.3613","54","marin/temple-1bf88981f012e367.mp3"
"cedar","temple","temple","","","1.608","0.02944167","0.54341573","0.174583","0.4273","0.8684","0.7396","54","cedar/temple-1bf88981f012e367.mp3"
"marin","ten","ten","","","1.464","0.04034424","0.23867443","0.24583","0.6075","1.0418","0.4222","29","marin/ten-6db0f6e1133a0deb.mp3"
"cedar","ten","ten","","","2.16","0.02995586","0.3151468","0.149855","0.9863","1.3742","0.7858","29","cedar/ten-6db0f6e1133a0deb.mp3"
"marin","tennis","tennis","","","1.104","0.04094039","0.31719384","0.393607","0.1738","0.7532","0.3508","52","marin/tennis-daf449b760568a1a.mp3"
"cedar","tennis","tennis","","","1.104","0.03856984","0.52517933","0.309537","0.1313","0.6343","0.4697","52","cedar/tennis-daf449b760568a1a.mp3"
"marin","tent","tent","","","1.056","0.02816123","0.24819554","0.242345","0.1581","0.5883","0.4677","53","marin/tent-2eade26fcd47184e.mp3"
"cedar","tent","tent","","","0.96","0.01903766","0.30002415","0.167405","0.2718","0.6282","0.3318","53","cedar/tent-2eade26fcd47184e.mp3"
"marin","term","term","","","1.464","0.04442441","0.34316173","0.278632","0.1024","0.5628","0.9012","81","marin/term-394bb5492897fb19.mp3"
"cedar","term","term","","","1.368","0.04311634","0.44426674","0.248797","0.1722","0.627","0.741","81","cedar/term-394bb5492897fb19.mp3"
"marin","terrible","terrible","","","1.248","0.04493941","0.28880641","0.375534","0.1958","0.8227","0.4253","62","marin/terrible-d198f98bbab18dd2.mp3"
"cedar","terrible","terrible","","","1.416","0.04691628","0.34651458","0.264757","0.4088","0.9056","0.5104","62","cedar/terrible-d198f98bbab18dd2.mp3"
"marin","terrific","terrific","","","1.416","0.04878507","0.32130343","0.315737","0.1576","0.8994","0.5166","81","marin/terrific-742c339c6f39bcf9.mp3"
"cedar","terrific","terrific","","","1.656","0.04046705","0.42531222","0.217001","0.1576","0.7977","0.8583","81","cedar/terrific-742c339c6f39bcf9.mp3"
"marin","test","test","","","1.32","0.01870263","0.22652711","0.22137","0.2987","0.8418","0.4782","79","marin/test-f2ca1bb6c7e907d0.mp3"
"cedar","test","test","","","0.912","0.03472477","0.47967321","0.275402","0.22","0.6743","0.2378","79","cedar/test-f2ca1bb6c7e907d0.mp3"
"marin","textbook","textbook","","","1.152","0.04042793","0.41106907","0.282588","0.061","0.7969","0.3551","79","marin/textbook-9e5d63cc6d24eb26.mp3"
"cedar","textbook","textbook","","","1.608","0.03012456","0.43079492","0.199199","0.2201","1.1091","0.4989","79","cedar/textbook-9e5d63cc6d24eb26.mp3"
"marin","than","than","","","0.96","0.04961615","0.49240848","0.396788","0.0776","0.528","0.432","132","marin/than-d56f2e9d3947c1bb.mp3"
"cedar","than","than","","","1.416","0.0537156","0.63219422","0.296272","0.0675","0.6258","0.7902","132","cedar/than-d56f2e9d3947c1bb.mp3"
"marin","thank","thank","","","1.368","0.04316979","0.44321463","0.169454","0.3506","0.8337","0.5343","64","marin/thank-113ddfae956ae7fe.mp3"
"cedar","thank","thank","","","1.56","0.02868157","0.47947109","0.11063","0.4716","0.8337","0.7263","64","cedar/thank-113ddfae956ae7fe.mp3"
"marin","Thank goodness / God.","Thank goodness. Or, thank God.","","","3.72","0.07768719","0.54207838","0.468761","0.0694","3.4075","0.3125","","marin/thank-goodness-god-818079ed53a57fca.mp3"
"cedar","Thank goodness / God.","Thank goodness. Or, thank God.","","","2.352","0.06055472","0.52248013","0.461345","0.2386","2.0249","0.3271","","cedar/thank-goodness-god-818079ed53a57fca.mp3"
"marin","thanks for + V-ing / N","thanks for doing something. Or, thanks for something.","","","4.368","0.06874537","0.40332365","0.493098","0.0739","4.1437","0.2243","","marin/thanks-for-v-ing-n-5f9815cde968c10b.mp3"
"cedar","thanks for + V-ing / N","thanks for doing something. Or, thanks for something.","","","3.264","0.05699131","0.50728488","0.464001","0.1215","3.0541","0.2099","","cedar/thanks-for-v-ing-n-5f9815cde968c10b.mp3"
"marin","thanks to","thanks to","","","1.248","0.06749364","0.50900555","0.429554","0.1187","0.8281","0.4199","","marin/thanks-to-f5832d4c946b7204.mp3"
"cedar","thanks to","thanks to","","","1.8","0.03984863","0.33988532","0.299699","0.4206","1.4726","0.3274","","cedar/thanks-to-f5832d4c946b7204.mp3"
"marin","Thanksgiving","Thanksgiving","","","1.32","0.0603437","0.33385554","0.450758","0.053","0.7592","0.5608","101","marin/thanksgiving-d63e36939932de79.mp3"
"cedar","Thanksgiving","Thanksgiving","","","2.448","0.03450795","0.44391832","0.183458","0.3802","1","1.448","101","cedar/thanksgiving-d63e36939932de79.mp3"
"marin","that","that","","","1.416","0.03127033","0.36181551","0.17395","0.4904","0.9303","0.4857","125","marin/that-f2c28281ab712fc2.mp3"
"cedar","that","that","","","0.648","0.05063376","0.7097162","0.294592","0.0839","0.4268","0.2212","125","cedar/that-f2c28281ab712fc2.mp3"
"marin","the","the","","","0.864","0.06136221","0.54589677","0.316358","0.0749","0.4023","0.4617","125","marin/the-a587693500a37d17.mp3"
"cedar","the","the","","","0.912","0.04657565","0.5433073","0.201275","0.0871","0.3455","0.5665","125","cedar/the-a587693500a37d17.mp3"
"marin","The more, the better.","The more, the better.","","","1.464","0.08146565","0.43793997","0.614413","0.0748","1.2536","0.2104","","marin/the-more-the-better-9118a20dd2de9a6a.mp3"
"cedar","The more, the better.","The more, the better.","","","2.064","0.06295454","0.55371481","0.46334","0.0752","1.4677","0.5963","","cedar/the-more-the-better-9118a20dd2de9a6a.mp3"
"marin","the rest","the rest","","","3","0.03841207","0.43527147","0.215194","0.0776","1.0849","1.9151","","marin/the-rest-ce27dd52362f08c1.mp3"
"cedar","the rest","the rest","","","1.2","0.06130089","0.56416011","0.459549","0.0743","0.8639","0.3361","","cedar/the-rest-ce27dd52362f08c1.mp3"
"marin","theater","theater","","","1.464","0.05540869","0.36624187","0.244948","0.3006","0.8682","0.5958","85","marin/theater-2de5605ec1f0a2f4.mp3"
"cedar","theater","theater","","","0.816","0.06639198","0.50740707","0.35049","0.159","0.5868","0.2292","85","cedar/theater-2de5605ec1f0a2f4.mp3"
"marin","their","their","","","0.912","0.04420853","0.25694361","0.400836","0.3268","0.7608","0.1512","125","marin/their-7db69f4aef6a99e8.mp3"
"cedar","their","their","","","1.2","0.04649236","0.44084129","0.253437","0.2006","0.59","0.61","125","cedar/their-7db69f4aef6a99e8.mp3"
"marin","theirs","theirs","","","1.2","0.07113205","0.72419322","0.365278","0.075","0.6033","0.5967","126","marin/theirs-ed9c86a61e05623a.mp3"
"cedar","theirs","theirs","","","1.368","0.05400282","0.46615419","0.301231","0.1358","0.6978","0.6702","126","cedar/theirs-ed9c86a61e05623a.mp3"
"marin","them","them","","","1.056","0.06115603","0.58859903","0.332702","0.0748","0.4694","0.5866","126","marin/them-c2b424bc17a7e755.mp3"
"cedar","them","them","","","0.864","0.0585614","0.67315757","0.413677","0.0735","0.5723","0.2917","126","cedar/them-c2b424bc17a7e755.mp3"
"marin","themselves","themselves","","","1.416","0.0567956","0.38269594","0.395068","0.0772","0.8045","0.6115","126","marin/themselves-8bd4e5166c0e9dfa.mp3"
"cedar","themselves","themselves","","","1.656","0.0600873","0.50079715","0.477657","0.1782","1.1294","0.5266","126","cedar/themselves-8bd4e5166c0e9dfa.mp3"
"marin","then","then","","","0.96","0.04452088","0.47898465","0.363498","0.1486","0.573","0.387","120|133","marin/then-8d8d7fe1a8f1344d.mp3"
"cedar","then","then","","","0.816","0.07606102","0.83784187","0.400684","0.0784","0.4616","0.3544","120|133","cedar/then-8d8d7fe1a8f1344d.mp3"
"marin","there","there","","","1.152","0.05889556","0.52644575","0.288068","0.0628","0.4848","0.6672","","marin/there-1ab094ade32450c6.mp3"
"cedar","there","there","","","0.864","0.05719719","0.58105493","0.317998","0.0865","0.4524","0.4116","","cedar/there-1ab094ade32450c6.mp3"
"marin","There you go.","There you go.","","","1.8","0.06538631","0.37946349","0.426979","0.0581","0.9262","0.8738","","marin/there-you-go-747ab54ca466283e.mp3"
"cedar","There you go.","There you go.","","","0.864","0.07984371","0.53355068","0.500072","0.0813","0.6049","0.2591","","cedar/there-you-go-747ab54ca466283e.mp3"
"marin","therefore","therefore","","","0.96","0.08642643","0.55286086","0.478885","0.0619","0.6337","0.3263","120","marin/therefore-aa939f01ad664dfe.mp3"
"cedar","therefore","therefore","","","1.248","0.04315594","0.41129193","0.292051","0.2607","0.8415","0.4065","120","cedar/therefore-aa939f01ad664dfe.mp3"
"marin","these","these","","","1.056","0.06091219","0.42697722","0.412583","0.0779","0.6266","0.4294","125","marin/these-38527a0e08fc93a8.mp3"
"cedar","these","these","","","1.368","0.0433432","0.3451578","0.362131","0.079","0.7185","0.6495","125","cedar/these-38527a0e08fc93a8.mp3"
"marin","they","they","","","0.912","0.06788783","0.6974206","0.441406","0.08","0.5514","0.3606","126","marin/they-d8fa9c6fcd5510d3.mp3"
"cedar","they","they","","","0.912","0.06485088","0.56090724","0.337125","0.0696","0.45","0.462","126","cedar/they-d8fa9c6fcd5510d3.mp3"
"marin","thick","thick","","","1.152","0.04804649","0.50606167","0.184082","0.0818","0.5546","0.5974","98","marin/thick-13a9fcfa62f04207.mp3"
"cedar","thick","thick","","","1.056","0.02603458","0.24258277","0.115491","0.3294","0.7469","0.3091","98","cedar/thick-13a9fcfa62f04207.mp3"
"marin","thief","thief","","","1.104","0.04363486","0.31726262","0.271588","0.1637","0.6637","0.4403","5","marin/thief-fff1736e2907af4e.mp3"
"cedar","thief","thief","","","1.368","0.02616956","0.26838821","0.117538","0.3315","0.7123","0.6558","5","cedar/thief-fff1736e2907af4e.mp3"
"marin","thin","thin","","","0.864","0.05358658","0.36535713","0.400801","0.1242","0.6124","0.2516","11|98","marin/thin-0ed3a8867823cb5e.mp3"
"cedar","thin","thin","","","1.416","0.03416633","0.46821061","0.194871","0.2356","0.7185","0.6975","11|98","cedar/thin-0ed3a8867823cb5e.mp3"
"marin","thing","thing","","","1.464","0.0444066","0.3466765","0.22615","0.2217","0.7472","0.7168","9","marin/thing-a77e4c11a57f1d75.mp3"
"cedar","thing","thing","","","1.248","0.0391206","0.40046778","0.199018","0.1937","0.5892","0.6588","9","cedar/thing-a77e4c11a57f1d75.mp3"
"marin","think","think","","","1.656","0.03471152","0.31537315","0.123201","0.5247","1.0337","0.6223","18","marin/think-eab804fce93e9241.mp3"
"cedar","think","think","","","1.32","0.02663855","0.37617499","0.120612","0.4218","0.7577","0.5623","18","cedar/think-eab804fce93e9241.mp3"
"marin","think of","think of","","","1.56","0.05671298","0.36506099","0.377457","0.1617","1.206","0.354","","marin/think-of-05f57ff150d5f309.mp3"
"cedar","think of","think of","","","1.92","0.04925714","0.48738912","0.238661","0.1819","1.3137","0.6063","","cedar/think-of-05f57ff150d5f309.mp3"
"marin","third","third","","","1.8","0.04352202","0.37297651","0.201354","0.3302","0.9147","0.8853","30","marin/third-5eef8098ed6ec0a1.mp3"
"cedar","third","third","","","1.248","0.04802423","0.41825438","0.200988","0.4664","0.8748","0.3732","30","cedar/third-5eef8098ed6ec0a1.mp3"
"marin","thirsty","thirsty","","","2.112","0.04195442","0.39519787","0.20131","0.1096","0.6922","1.4198","21","marin/thirsty-5098897cb3186ead.mp3"
"cedar","thirsty","thirsty","","","1.248","0.04366385","0.38497391","0.296124","0.2766","0.9549","0.2931","21","cedar/thirsty-5098897cb3186ead.mp3"
"marin","thirteen","thirteen","","","1.104","0.05552281","0.35481358","0.371528","0.0923","0.7461","0.3579","29","marin/thirteen-a3b55d63fec676d7.mp3"
"cedar","thirteen","thirteen","","","1.368","0.03913275","0.38128772","0.260432","0.3623","1.0399","0.3281","29","cedar/thirteen-a3b55d63fec676d7.mp3"
"marin","thirty","thirty","","","1.152","0.04990125","0.33251023","0.272624","0.2577","0.7203","0.4317","30","marin/thirty-b89da536f7c2d1cb.mp3"
"cedar","thirty","thirty","","","1.368","0.03527051","0.32426381","0.211988","0.5528","0.971","0.397","30","cedar/thirty-b89da536f7c2d1cb.mp3"
"marin","this","this","","","1.104","0.05044159","0.40065867","0.324181","0.2503","0.706","0.398","125","marin/this-c18d547cafb43e30.mp3"
"cedar","this","this","","","1.2","0.04696708","0.56153744","0.293698","0.4087","0.8891","0.3109","125","cedar/this-c18d547cafb43e30.mp3"
"marin","those","those","","","0.96","0.07565491","0.65264988","0.450369","0.0751","0.5883","0.3717","125","marin/those-2395b9ca88c61c0b.mp3"
"cedar","those","those","","","1.056","0.06644714","0.61158323","0.353358","0.0784","0.585","0.471","125","cedar/those-2395b9ca88c61c0b.mp3"
"marin","thought","thought","","","1.104","0.04753145","0.4195936","0.24466","0.066","0.5966","0.5074","18","marin/thought-252a038732e401e8.mp3"
"cedar","thought","thought","","","1.152","0.04486135","0.5674305","0.166178","0.3485","0.823","0.329","18","cedar/thought-252a038732e401e8.mp3"
"marin","thousand","thousand","","","1.512","0.05403352","0.696702","0.219094","0.0859","0.5797","0.9323","30","marin/thousand-e55e395e4f0af879.mp3"
"cedar","thousand","thousand","","","2.256","0.04903551","0.82618231","0.200456","1.2532","1.857","0.399","30","cedar/thousand-e55e395e4f0af879.mp3"
"marin","three","three","","","1.104","0.04609678","0.30498359","0.284779","0.2222","0.718","0.386","29","marin/three-f6936912184481f5.mp3"
"cedar","three","three","","","1.8","0.03833097","0.34144869","0.164005","0.4886","0.8928","0.9072","29","cedar/three-f6936912184481f5.mp3"
"marin","throat","throat","","","1.56","0.03875846","0.39269432","0.218243","0.3136","0.9388","0.6212","20","marin/throat-4d82d002c087e689.mp3"
"cedar","throat","throat","","","0.864","0.04788946","0.40899301","0.283758","0.0856","0.5855","0.2785","20","cedar/throat-4d82d002c087e689.mp3"
"marin","through","through","","","1.104","0.04628345","0.36452901","0.286685","0.2635","0.755","0.349","131|132","marin/through-2e56183432951988.mp3"
"cedar","through","through","","","2.448","0.04153556","0.38924271","0.163135","0.76","1.3207","1.1273","131|132","cedar/through-2e56183432951988.mp3"
"marin","throw","throw","","","1.416","0.05012768","0.38627142","0.323549","0.2423","0.8371","0.5789","59","marin/throw-8f05256d87c7a6ae.mp3"
"cedar","throw","throw","","","1.248","0.04251989","0.48714322","0.264089","0.2742","0.8398","0.4082","59","cedar/throw-8f05256d87c7a6ae.mp3"
"marin","thumb","thumb","","","1.416","0.04241267","0.36828145","0.21335","0.3792","0.8245","0.5915","20","marin/thumb-9021dbd59676a2b7.mp3"
"cedar","thumb","thumb","","","1.848","0.0304379","0.46398735","0.127311","0.2248","0.61","1.238","20","cedar/thumb-9021dbd59676a2b7.mp3"
"marin","thunder","thunder","","","1.152","0.05321357","0.30388382","0.297653","0.4756","0.9565","0.1955","105","marin/thunder-1f72a681bc7b996f.mp3"
"cedar","thunder","thunder","","","1.8","0.0447637","0.45283803","0.202917","0.8828","1.3925","0.4075","105","cedar/thunder-1f72a681bc7b996f.mp3"
"marin","Thursday","Thursday","","","1.32","0.05953659","0.41171527","0.368103","0.1161","0.7834","0.5366","32","marin/thursday-97f8ab6056155401.mp3"
"cedar","Thursday","Thursday","","","1.104","0.05118486","0.44332916","0.27155","0.1634","0.6757","0.4283","32","cedar/thursday-97f8ab6056155401.mp3"
"marin","ticket","ticket","","","1.464","0.02941291","0.5357787","0.114185","0.5201","0.9277","0.5363","94","marin/ticket-9a01a4b22140189c.mp3"
"cedar","ticket","ticket","","","0.96","0.03081496","0.30376488","0.186762","0.4729","0.7494","0.2106","94","cedar/ticket-9a01a4b22140189c.mp3"
"marin","tidy","tidy","","","1.104","0.04834027","0.41508454","0.405854","0.1508","0.6994","0.4046","72","marin/tidy-9b85ca9007a3e843.mp3"
"cedar","tidy","tidy","","","1.656","0.03834654","0.68876481","0.210661","0.4764","0.8959","0.7601","72","cedar/tidy-9b85ca9007a3e843.mp3"
"marin","tidy up","tidy up","","","1.464","0.05462349","0.49622574","0.391835","0.1043","1.1147","0.3493","","marin/tidy-up-820b3896fb5b9e59.mp3"
"cedar","tidy up","tidy up","","","1.752","0.05710677","0.60047156","0.358388","0.1725","1.3856","0.3664","","cedar/tidy-up-820b3896fb5b9e59.mp3"
"marin","tie","tie","","","0.96","0.06101447","0.53128523","0.389974","0.0855","0.5546","0.4054","48","marin/tie-a05d40ef24ff2bb3.mp3"
"cedar","tie","tie","","","1.248","0.04545453","0.39559981","0.298711","0.1139","0.6306","0.6174","48","cedar/tie-a05d40ef24ff2bb3.mp3"
"marin","tiger","tiger","","","0.96","0.04324081","0.42938837","0.377886","0.2572","0.7478","0.2122","111","marin/tiger-036b19a6f28097d6.mp3"
"cedar","tiger","tiger","","","2.76","0.02777714","0.39587882","0.144377","0.6707","1.2354","1.5246","111","cedar/tiger-036b19a6f28097d6.mp3"
"marin","till","till","","","1.104","0.05530918","0.40645266","0.255548","0.1035","0.4838","0.6202","131","marin/till-960c2af5a6d5c6ca.mp3"
"cedar","till","till","","","1.104","0.04792163","0.41348323","0.316425","0.2089","0.6918","0.4122","131","cedar/till-960c2af5a6d5c6ca.mp3"
"marin","time","time","","","1.32","0.03118985","0.24692333","0.259233","0.3259","0.7712","0.5488","","marin/time-6e0447537050cf87.mp3"
"cedar","time","time","","","1.608","0.03584591","0.51282632","0.243483","0.1499","0.6606","0.9474","","cedar/time-6e0447537050cf87.mp3"
"marin","Time flies.","Time flies.","","","2.664","0.04614055","0.27790138","0.328649","0.1756","1.46","1.204","","marin/time-flies-910b2511fc6402fe.mp3"
"cedar","Time flies.","Time flies.","","","2.448","0.0386768","0.42744187","0.324789","0.0541","1.3129","1.1351","","cedar/time-flies-910b2511fc6402fe.mp3"
"marin","tiny","tiny","","","2.16","0.0486152","0.27737951","0.194348","0.6126","1.1396","1.0204","97","marin/tiny-36d25d3d80f84316.mp3"
"cedar","tiny","tiny","","","1.8","0.02956606","0.51165903","0.172627","0.2286","0.6208","1.1792","97","cedar/tiny-36d25d3d80f84316.mp3"
"marin","tip","tip","","","1.848","0.04741692","0.5237205","0.088474","0.8039","1.107","0.741","37","marin/tip-d59f767a54e9c72e.mp3"
"cedar","tip","tip","","","0.96","0.0281686","0.3750799","0.164106","0.1578","0.4653","0.4947","37","cedar/tip-d59f767a54e9c72e.mp3"
"marin","tired","tired","","","1.008","0.04696914","0.34019223","0.391038","0.1578","0.7297","0.2783","21","marin/tired-5797dee1fb51e8fd.mp3"
"cedar","tired","tired","","","1.32","0.03015306","0.41191739","0.222806","0.2289","0.681","0.639","21","cedar/tired-5797dee1fb51e8fd.mp3"
"marin","title","title","","","1.32","0.0459453","0.34370115","0.271654","0.1207","0.5738","0.7462","3","marin/title-1ec72b6861fee992.mp3"
"cedar","title","title","","","0.912","0.04201173","0.60632205","0.317297","0.1538","0.5556","0.3564","3","cedar/title-1ec72b6861fee992.mp3"
"marin","to","to","","","0.864","0.04033369","0.2681461","0.291136","0.239","0.5771","0.2869","132","marin/to-5095479ddbb38fa7.mp3"
"cedar","to","to","","","1.008","0.05682578","0.49895668","0.294416","0.1035","0.4835","0.5245","132","cedar/to-5095479ddbb38fa7.mp3"
"marin","to be honest","to be honest","","","1.92","0.03901633","0.22455135","0.35714","0.2113","1.1333","0.7867","","marin/to-be-honest-be589f4e89317e9a.mp3"
"cedar","to be honest","to be honest","","","1.704","0.04514421","0.29409927","0.427805","0.3223","1.3342","0.3698","","cedar/to-be-honest-be589f4e89317e9a.mp3"
"marin","toast","toast","","","1.416","0.04417802","0.41757131","0.265154","0.1525","0.6847","0.7313","41","marin/toast-c3405b65ebfffcc4.mp3"
"cedar","toast","toast","","","1.512","0.02286178","0.27061805","0.158331","0.2601","0.7514","0.7606","41","cedar/toast-c3405b65ebfffcc4.mp3"
"marin","today","today","","","1.368","0.04765827","0.34717295","0.236751","0.6867","1.0937","0.2743","32","marin/today-1e96bf1c38b0b9e4.mp3"
"cedar","today","today","","","1.008","0.05247335","0.49663693","0.316737","0.1515","0.5696","0.4384","32","cedar/today-1e96bf1c38b0b9e4.mp3"
"marin","toe","toe","","","1.152","0.05712872","0.47445244","0.291395","0.0828","0.5191","0.6329","20","marin/toe-5838c55b6c2ec89d.mp3"
"cedar","toe","toe","","","1.32","0.04527596","0.35625103","0.261774","0.2077","0.6505","0.6695","20","cedar/toe-5838c55b6c2ec89d.mp3"
"marin","tofu","tofu","","","1.32","0.0370574","0.22368746","0.250537","0.3264","0.842","0.478","41","marin/tofu-fc2d4ba29b123431.mp3"
"cedar","tofu","tofu","","","1.512","0.04368842","0.4361687","0.22196","0.7226","1.2354","0.2766","41","cedar/tofu-fc2d4ba29b123431.mp3"
"marin","together","together","","","1.608","0.03847529","0.3309806","0.262127","0.2264","0.757","0.851","27|121","marin/together-2fbcdde3560dc77b.mp3"
"cedar","together","together","","","1.152","0.0379024","0.44558999","0.253165","0.1775","0.6058","0.5462","27|121","cedar/together-2fbcdde3560dc77b.mp3"
"marin","tomato","tomato","","","1.152","0.06053287","0.32485265","0.453812","0.1601","0.762","0.39","38","marin/tomato-c4d414f214364807.mp3"
"cedar","tomato","tomato","","","1.248","0.04517646","0.53539073","0.322099","0.3957","0.8959","0.3521","38","cedar/tomato-c4d414f214364807.mp3"
"marin","tomorrow","tomorrow","","","0.96","0.05716538","0.33604243","0.547765","0.1603","0.7632","0.1968","32","marin/tomorrow-74931d2ef721429b.mp3"
"cedar","tomorrow","tomorrow","","","1.248","0.06421866","0.59049243","0.366603","0.0951","0.6512","0.5968","32","cedar/tomorrow-74931d2ef721429b.mp3"
"marin","tongue","tongue","","","1.2","0.0498912","0.45935392","0.318212","0.1011","0.5539","0.6461","19","marin/tongue-db2b9431688fe2fb.mp3"
"cedar","tongue","tongue","","","1.368","0.03292658","0.41025829","0.275996","0.2789","0.8376","0.5304","19","cedar/tongue-db2b9431688fe2fb.mp3"
"marin","tonight","tonight","","","0.96","0.03439542","0.1946812","0.357053","0.3078","0.8551","0.1049","34","marin/tonight-085d4660de9158dd.mp3"
"cedar","tonight","tonight","","","1.152","0.03646159","0.34773567","0.278899","0.1488","0.6562","0.4958","34","cedar/tonight-085d4660de9158dd.mp3"
"marin","too bad","too bad","","","1.2","0.06340595","0.2837117","0.448785","0.1112","0.8073","0.3927","","marin/too-bad-44d4202dbd745e60.mp3"
"cedar","too bad","too bad","","","1.248","0.05965015","0.49479529","0.438952","0.1414","0.9147","0.3333","","cedar/too-bad-44d4202dbd745e60.mp3"
"marin","too","too","","","1.248","0.04057712","0.41305512","0.212523","0.4542","0.7652","0.4828","120","marin/too-bd66213639430e39.mp3"
"cedar","too","too","","","0.912","0.04794532","0.4045637","0.330181","0.1626","0.5682","0.3438","120","cedar/too-bd66213639430e39.mp3"
"marin","tool","tool","","","1.2","0.04493709","0.2287367","0.270764","0.3353","0.8057","0.3943","71","marin/tool-67948dd9afd6afe5.mp3"
"cedar","tool","tool","","","1.008","0.07111438","0.42957038","0.357019","0.1513","0.6077","0.4003","71","cedar/tool-67948dd9afd6afe5.mp3"
"marin","tooth","tooth","","","1.008","0.04857492","0.3468135","0.300905","0.1522","0.6722","0.3358","19","marin/tooth-3e81fee2c61046fb.mp3"
"cedar","tooth","tooth","","","1.152","0.03241228","0.34656942","0.181948","0.5202","0.9095","0.2425","19","cedar/tooth-3e81fee2c61046fb.mp3"
"marin","toothache","toothache","","","1.2","0.0489841","0.35219279","0.330017","0.161","0.823","0.377","24","marin/toothache-f041e19770d8d929.mp3"
"cedar","toothache","toothache","","","1.368","0.0347707","0.31734937","0.210618","0.5275","0.9941","0.3739","24","cedar/toothache-f041e19770d8d929.mp3"
"marin","toothbrush","toothbrush","","","1.656","0.0564267","0.51706475","0.382875","0.0676","1.323","0.333","71","marin/toothbrush-1d5408f86a45a782.mp3"
"cedar","toothbrush","toothbrush","","","1.152","0.05002537","0.43786946","0.340621","0.1576","0.8147","0.3373","71","cedar/toothbrush-1d5408f86a45a782.mp3"
"marin","top","top","","","0.816","0.04582715","0.37118229","0.245353","0.1758","0.5699","0.2461","83","marin/top-f7de2947c64cb643.mp3"
"cedar","top","top","","","1.416","0.03377447","0.4616082","0.139374","0.4227","0.7956","0.6204","83","cedar/top-f7de2947c64cb643.mp3"
"marin","topic","topic","","","1.008","0.03506676","0.31298041","0.281684","0.1698","0.7199","0.2881","81","marin/topic-d5d6462af0bebaa4.mp3"
"cedar","topic","topic","","","1.704","0.02927211","0.4121004","0.124976","0.2077","0.6825","1.0215","81","cedar/topic-d5d6462af0bebaa4.mp3"
"marin","total","total","","","0.912","0.06072099","0.27740094","0.455432","0.1702","0.7024","0.2096","30","marin/total-8f67aeb8926b53c7.mp3"
"cedar","total","total","","","1.008","0.04894567","0.4660396","0.272032","0.2736","0.6531","0.3549","30","cedar/total-8f67aeb8926b53c7.mp3"
"marin","touch","touch","","","1.464","0.04309621","0.58299088","0.17539","0.4603","0.9302","0.5338","19","marin/touch-ae54978b88333199.mp3"
"cedar","touch","touch","","","0.864","0.05132546","0.62379718","0.262056","0.0731","0.4774","0.3866","19","cedar/touch-ae54978b88333199.mp3"
"marin","toward","toward","","","1.056","0.05451506","0.45538822","0.359355","0.16","0.6934","0.3626","132","marin/toward-b21bc10048a4e490.mp3"
"cedar","toward","toward","","","1.608","0.04513744","0.38495106","0.209758","0.1576","0.6415","0.9665","132","cedar/toward-b21bc10048a4e490.mp3"
"marin","towel","towel","","","1.368","0.03796617","0.41618788","0.281539","0.1722","0.6448","0.7232","71","marin/towel-947eb820ba9342fe.mp3"
"cedar","towel","towel","","","1.8","0.04543331","0.51216936","0.280324","0.1701","0.8048","0.9952","71","cedar/towel-947eb820ba9342fe.mp3"
"marin","tower","tower","","","0.864","0.05079618","0.37085089","0.439767","0.1038","0.5919","0.2721","54","marin/tower-427face3de91cfff.mp3"
"cedar","tower","tower","","","1.416","0.03808728","0.56236827","0.230623","0.1582","0.6349","0.7811","54","cedar/tower-427face3de91cfff.mp3"
"marin","town","town","","","1.368","0.03823551","0.30587664","0.376508","0.2713","0.9014","0.4666","86","marin/town-03ac2583346310af.mp3"
"cedar","town","town","","","2.112","0.0394771","0.59345734","0.221403","0.1238","0.7186","1.3934","86","cedar/town-03ac2583346310af.mp3"
"marin","toy","toy","","","1.056","0.05001336","0.43712014","0.279198","0.4167","0.8346","0.2214","57","marin/toy-39d4e6ab72df95b5.mp3"
"cedar","toy","toy","","","0.864","0.06726196","0.42936498","0.426119","0.1038","0.5767","0.2873","57","cedar/toy-39d4e6ab72df95b5.mp3"
"marin","trace","trace","","","1.8","0.03206836","0.36751792","0.19581","0.5667","1.0771","0.7229","62","marin/trace-ea4f8e5663bf24ef.mp3"
"cedar","trace","trace","","","1.656","0.02140545","0.24485247","0.19213","0.2677","0.777","0.879","62","cedar/trace-ea4f8e5663bf24ef.mp3"
"marin","trade","trade","","","1.368","0.04419666","0.2442711","0.273346","0.5054","1.0365","0.3315","88","marin/trade-cee3fc5889625b8e.mp3"
"cedar","trade","trade","","","0.912","0.05184538","0.40960029","0.384571","0.0622","0.5756","0.3364","88","cedar/trade-cee3fc5889625b8e.mp3"
"marin","tradition","tradition","","","1.752","0.04076667","0.35984764","0.271511","0.5078","1.1399","0.6121","88","marin/tradition-e62789acea61e36b.mp3"
"cedar","tradition","tradition","","","1.368","0.04222764","0.43574601","0.364172","0.198","0.9244","0.4436","88","cedar/tradition-e62789acea61e36b.mp3"
"marin","traditional","traditional","","","1.2","0.05835103","0.42844659","0.445122","0.1603","0.8028","0.3972","88","marin/traditional-0698f2fd78418bf9.mp3"
"cedar","traditional","traditional","","","1.464","0.05028322","0.37913099","0.444074","0.1515","1.0505","0.4135","88","cedar/traditional-0698f2fd78418bf9.mp3"
"marin","traffic","traffic","","","1.2","0.04127655","0.46383542","0.257083","0.2451","0.8482","0.3518","91","marin/traffic-4174407969c32ddc.mp3"
"cedar","traffic","traffic","","","1.056","0.03891147","0.45688644","0.21005","0.1834","0.6935","0.3625","91","cedar/traffic-4174407969c32ddc.mp3"
"marin","train","train","","","0.768","0.06124491","0.30477223","0.58252","0.0577","0.6081","0.1599","91","marin/train-f6e12a5f03044dbc.mp3"
"cedar","train","train","","","1.152","0.04148901","0.33202767","0.374548","0.1613","0.7609","0.3911","91","cedar/train-f6e12a5f03044dbc.mp3"
"marin","train station","train station","","","1.92","0.05053078","0.41724381","0.435124","0.0608","1.2293","0.6907","91","marin/train-station-213d335aee24ae50.mp3"
"cedar","train station","train station","","","1.512","0.04805433","0.51776481","0.385375","0.114","0.9069","0.6051","91","cedar/train-station-213d335aee24ae50.mp3"
"marin","trap","trap","","","0.864","0.04311126","0.56085855","0.259959","0.0965","0.5601","0.3039","73","marin/trap-211cecdeae5c27a4.mp3"
"cedar","trap","trap","","","1.008","0.04436184","0.58914995","0.216952","0.1643","0.568","0.44","73","cedar/trap-211cecdeae5c27a4.mp3"
"marin","trash can","trash can","","","1.416","0.05580103","0.51171494","0.531338","0.0685","1.0608","0.3552","72","marin/trash-can-c179ef8b7d6c0d3f.mp3"
"cedar","trash can","trash can","","","1.512","0.04258208","0.49489182","0.425898","0.066","1.1558","0.3562","72","cedar/trash-can-c179ef8b7d6c0d3f.mp3"
"marin","trash","trash","","","0.912","0.04348619","0.37498638","0.47293","0.0653","0.644","0.268","","marin/trash-f45b32965e512679.mp3"
"cedar","trash","trash","","","2.616","0.03465182","0.69715005","0.150588","0.0951","0.6563","1.9597","","cedar/trash-f45b32965e512679.mp3"
"marin","travel","travel","","","1.104","0.05778315","0.59204865","0.433046","0.073","0.6434","0.4606","55","marin/travel-f3d8327c5f36d5e3.mp3"
"cedar","travel","travel","","","1.248","0.0457255","0.53921676","0.29584","0.177","0.671","0.577","55","cedar/travel-f3d8327c5f36d5e3.mp3"
"marin","treasure","treasure","","","1.8","0.03574171","0.25174442","0.255093","0.6615","1.343","0.457","102","marin/treasure-be3322631defe480.mp3"
"cedar","treasure","treasure","","","1.2","0.03202305","0.35628757","0.299514","0.1641","0.7153","0.4847","102","cedar/treasure-be3322631defe480.mp3"
"marin","treat","treat","","","0.864","0.02606867","0.21423614","0.212698","0.2639","0.6469","0.2171","37","marin/treat-56ffe99907bf0cbc.mp3"
"cedar","treat","treat","","","1.104","0.03780481","0.35837802","0.20054","0.1022","0.4761","0.6279","37","cedar/treat-56ffe99907bf0cbc.mp3"
"marin","tree","tree","","","1.968","0.03567979","0.32204142","0.192137","0.4656","0.9193","1.0487","113","marin/tree-f27e01fe7624cca3.mp3"
"cedar","tree","tree","","","1.248","0.02955454","0.28727892","0.222439","0.3954","0.8339","0.4141","113","cedar/tree-f27e01fe7624cca3.mp3"
"marin","triangle","triangle","","","1.464","0.03917906","0.43875211","0.337147","0.1077","0.7579","0.7061","99","marin/triangle-fcd3288b53061299.mp3"
"cedar","triangle","triangle","","","1.416","0.03736691","0.36036041","0.301921","0.2286","0.87","0.546","99","cedar/triangle-fcd3288b53061299.mp3"
"marin","trick","trick","","","0.864","0.03703358","0.34630421","0.27228","0.1156","0.5483","0.3157","102","marin/trick-641bb0cae8728f6f.mp3"
"cedar","trick","trick","","","1.368","0.02226022","0.34022224","0.114005","0.5263","0.8499","0.5181","102","cedar/trick-641bb0cae8728f6f.mp3"
"marin","trip","trip","","","1.368","0.04832206","0.57476133","0.155991","0.4244","0.8047","0.5633","55","marin/trip-52a67b33a33d8304.mp3"
"cedar","trip","trip","","","1.848","0.0274994","0.43544039","0.070887","0.2703","0.5856","1.2624","55","cedar/trip-52a67b33a33d8304.mp3"
"marin","trouble","trouble","","","1.008","0.05824652","0.64850569","0.31684","0.0705","0.4711","0.5369","28","marin/trouble-674a703704d7551c.mp3"
"cedar","trouble","trouble","","","1.416","0.05698649","0.71713728","0.227166","0.0606","0.4684","0.9476","28","cedar/trouble-674a703704d7551c.mp3"
"marin","trousers","trousers","","","1.752","0.04198698","0.25096497","0.463042","0.2205","1.2806","0.4714","47","marin/trousers-3ae6a458e4e706cf.mp3"
"cedar","trousers","trousers","","","1.56","0.05192842","0.58784097","0.322115","0.066","0.7993","0.7608","47","cedar/trousers-3ae6a458e4e706cf.mp3"
"marin","truck","truck","","","0.864","0.0416064","0.3891114","0.263985","0.0575","0.523","0.341","92","marin/truck-8a4b5f6af05b8813.mp3"
"cedar","truck","truck","","","0.864","0.04512709","0.65357405","0.190249","0.1613","0.4844","0.3796","92","cedar/truck-8a4b5f6af05b8813.mp3"
"marin","true","true","","","2.256","0.03804276","0.34588441","0.149278","0.5929","1.0028","1.2532","116","marin/true-a17fcf0a2f50e2d4.mp3"
"cedar","true","true","","","1.512","0.04734453","0.48820066","0.157738","0.7201","1.0243","0.4877","116","cedar/true-a17fcf0a2f50e2d4.mp3"
"marin","trumpet","trumpet","","","1.416","0.03426957","0.23690543","0.244262","0.1551","0.773","0.643","56","marin/trumpet-b4ab9fb09b65e91d.mp3"
"cedar","trumpet","trumpet","","","1.248","0.03811591","0.53141218","0.215879","0.3015","0.7831","0.4649","56","cedar/trumpet-b4ab9fb09b65e91d.mp3"
"marin","trust","trust","","","1.248","0.03386922","0.49297485","0.230602","0.3867","0.9805","0.2675","65","marin/trust-373bc5ea38ee6ff3.mp3"
"cedar","trust","trust","","","1.2","0.03660936","0.48903978","0.192361","0.2096","0.6605","0.5395","65","cedar/trust-373bc5ea38ee6ff3.mp3"
"marin","truth","truth","","","2.568","0.03077115","0.34047261","0.108239","0.3092","0.836","1.732","95","marin/truth-5eae1ab667f5669d.mp3"
"cedar","truth","truth","","","1.848","0.03536052","0.48810601","0.119532","0.0515","0.4486","1.3994","95","cedar/truth-5eae1ab667f5669d.mp3"
"marin","try","try","","","0.912","0.03919992","0.37887201","0.296053","0.1645","0.542","0.37","","marin/try-95fdbdf2fea4b306.mp3"
"cedar","try","try","","","1.152","0.04095692","0.45313796","0.248047","0.177","0.611","0.541","","cedar/try-95fdbdf2fea4b306.mp3"
"marin","try on","try on","","","1.56","0.06966018","0.48091891","0.561311","0.0705","1.1706","0.3894","50","marin/try-on-ea1997b970111388.mp3"
"cedar","try on","try on","","","1.368","0.04925359","0.44035867","0.456536","0.2844","1.1609","0.2071","50","cedar/try-on-ea1997b970111388.mp3"
"marin","tub","tub","","","2.304","0.04092039","0.5603624","0.129711","1.2048","1.6199","0.6841","71","marin/tub-17294d0ff2b29aa6.mp3"
"cedar","tub","tub","","","1.464","0.03360249","0.48657316","0.167421","0.5703","0.9536","0.5104","71","cedar/tub-17294d0ff2b29aa6.mp3"
"marin","tube","tube","","","1.152","0.04815422","0.34269539","0.263907","0.1506","0.6077","0.5443","73","marin/tube-bce2f3220c33383d.mp3"
"cedar","tube","tube","","","1.2","0.03978849","0.34543955","0.275469","0.4563","0.9115","0.2885","73","cedar/tube-bce2f3220c33383d.mp3"
"marin","Tuesday","Tuesday","","","1.104","0.05071113","0.28637707","0.412553","0.1656","0.7053","0.3987","32","marin/tuesday-b536050a93a8d581.mp3"
"cedar","Tuesday","Tuesday","","","1.416","0.04471267","0.32001308","0.293638","0.2677","0.814","0.602","32","cedar/tuesday-b536050a93a8d581.mp3"
"marin","tunnel","tunnel","","","1.368","0.03712463","0.18999685","0.247106","0.6451","1.0576","0.3104","93","marin/tunnel-f3e43cf7b656c441.mp3"
"cedar","tunnel","tunnel","","","1.2","0.03577018","0.44653291","0.234983","0.16","0.5453","0.6547","93","cedar/tunnel-f3e43cf7b656c441.mp3"
"marin","turkey","turkey","","","2.112","0.03410837","0.34686831","0.18169","0.1656","0.7179","1.3941","40|110","marin/turkey-7b75809de76d9e49.mp3"
"cedar","turkey","turkey","","","1.464","0.04200041","0.39506817","0.213172","0.5623","1.0048","0.4592","40|110","cedar/turkey-7b75809de76d9e49.mp3"
"marin","turn","turn","","","1.464","0.04409561","0.25937998","0.250897","0.2486","0.6863","0.7777","94","marin/turn-76036ddcc711361d.mp3"
"cedar","turn","turn","","","1.752","0.03246057","0.42339647","0.195598","0.5201","0.9706","0.7814","94","cedar/turn-76036ddcc711361d.mp3"
"marin","turn around / over","turn around. Or, turn over.","","","3.168","0.06998591","0.37582895","0.457077","0.2664","2.7403","0.4278","","marin/turn-around-over-1512a3228ac8b0f6.mp3"
"cedar","turn around / over","turn around. Or, turn over.","","","2.904","0.06918304","0.45281735","0.49416","0.0951","2.6575","0.2465","","cedar/turn-around-over-1512a3228ac8b0f6.mp3"
"marin","turn down","turn down","","","1.32","0.05784811","0.2701183","0.537295","0.1854","1.0527","0.2673","","marin/turn-down-09a3903f2ca61c9f.mp3"
"cedar","turn down","turn down","","","1.656","0.05470126","0.50814819","0.332893","0.4772","1.2053","0.4507","","cedar/turn-down-09a3903f2ca61c9f.mp3"
"marin","turn into","turn into","","","1.32","0.06604978","0.23959002","0.554309","0.064","1.0514","0.2686","","marin/turn-into-e7ff4828bce56d17.mp3"
"cedar","turn into","turn into","","","2.016","0.04805965","0.39532381","0.401476","0.1017","1.2286","0.7874","","cedar/turn-into-e7ff4828bce56d17.mp3"
"marin","turn off","turn off","","","2.016","0.04775682","0.3327916","0.328166","0.1735","1.344","0.672","35","marin/turn-off-f8d9d9326d41b28e.mp3"
"cedar","turn off","turn off","","","1.704","0.03842033","0.33006638","0.306974","0.2722","1.2795","0.4245","35","cedar/turn-off-f8d9d9326d41b28e.mp3"
"marin","turn on","turn on","","","1.464","0.07056654","0.34104669","0.52496","0.0979","1.1508","0.3132","35","marin/turn-on-0c3ccd83bbce0425.mp3"
"cedar","turn on","turn on","","","1.56","0.04702649","0.30144224","0.411525","0.1035","0.9436","0.6164","35","cedar/turn-on-0c3ccd83bbce0425.mp3"
"marin","turn right / left","turn right. Or, turn left.","","","3.168","0.06115693","0.41118476","0.385167","0.2156","2.8719","0.2961","","marin/turn-right-left-686cff62750c883f.mp3"
"cedar","turn right / left","turn right. Or, turn left.","","","3.504","0.05327358","0.42293316","0.345165","0.16","2.9841","0.5199","","cedar/turn-right-left-686cff62750c883f.mp3"
"marin","turtle","turtle","","","1.56","0.03814474","0.31281775","0.228873","0.1646","0.6278","0.9322","112","marin/turtle-52d18b0faff776e6.mp3"
"cedar","turtle","turtle","","","1.656","0.04887219","0.39985704","0.202848","0.3738","0.8287","0.8273","112","cedar/turtle-52d18b0faff776e6.mp3"
"marin","twelve","twelve","","","1.104","0.04499664","0.31530035","0.305707","0.2663","0.8358","0.2682","29","marin/twelve-27e726bf49fa63bb.mp3"
"cedar","twelve","twelve","","","1.656","0.03581413","0.37521043","0.221304","0.153","0.7358","0.9202","29","cedar/twelve-27e726bf49fa63bb.mp3"
"marin","twenty","twenty","","","1.056","0.04927955","0.33408052","0.299854","0.3235","0.757","0.299","29","marin/twenty-659ac4b686d8818a.mp3"
"cedar","twenty","twenty","","","1.2","0.04968516","0.64085472","0.266024","0.1576","0.6053","0.5947","29","cedar/twenty-659ac4b686d8818a.mp3"
"marin","twice","twice","","","1.152","0.04733709","0.55528581","0.329716","0.1593","0.7402","0.4118","118","marin/twice-3c6d500b5c536c8d.mp3"
"cedar","twice","twice","","","1.104","0.03592199","0.4346354","0.299309","0.1055","0.6522","0.4518","118","cedar/twice-3c6d500b5c536c8d.mp3"
"marin","two","two","","","1.104","0.04584731","0.30730453","0.301687","0.1775","0.5726","0.5314","29","marin/two-27dd8ed44a83ff94.mp3"
"cedar","two","two","","","0.912","0.05017254","0.34428138","0.274351","0.2512","0.5899","0.3221","29","cedar/two-27dd8ed44a83ff94.mp3"
"marin","type","type","","","1.2","0.03303772","0.44468251","0.135069","0.408","0.7348","0.4652","62","marin/type-c2a7141ac6eb6218.mp3"
"cedar","type","type","","","0.96","0.03037014","0.5023765","0.167535","0.1761","0.4679","0.4921","62","cedar/type-c2a7141ac6eb6218.mp3"
"marin","typhoon","typhoon","","","1.32","0.06560252","0.38019213","0.503835","0.1073","0.897","0.423","105","marin/typhoon-2b5aef4f42bfaf14.mp3"
"cedar","typhoon","typhoon","","","1.464","0.05574183","0.70425391","0.393628","0.1014","0.889","0.575","105","cedar/typhoon-2b5aef4f42bfaf14.mp3"
"marin","ugly","ugly","","","1.368","0.05078928","0.47443253","0.264498","0.1617","0.5926","0.7754","11","marin/ugly-c814470f06d13e98.mp3"
"cedar","ugly","ugly","","","0.864","0.06121117","0.56187874","0.388672","0.0541","0.4617","0.4023","11","cedar/ugly-c814470f06d13e98.mp3"
"marin","umbrella","umbrella","","","1.248","0.06942937","0.46381411","0.471972","0.156","0.8091","0.4389","49","marin/umbrella-0efb9b2a328218b3.mp3"
"cedar","umbrella","umbrella","","","1.248","0.06846169","0.65718448","0.453693","0.1057","0.8371","0.4109","49","cedar/umbrella-0efb9b2a328218b3.mp3"
"marin","uncle","uncle","","","1.104","0.06760663","0.46855778","0.308915","0.0582","0.5192","0.5848","26","marin/uncle-5ce4c4bc5c31b1ad.mp3"
"cedar","uncle","uncle","","","1.056","0.04756898","0.50670338","0.255997","0.0638","0.4334","0.6226","26","cedar/uncle-5ce4c4bc5c31b1ad.mp3"
"marin","under","under","","","1.704","0.05628058","0.48457539","0.247359","0.31","0.7898","0.9142","130","marin/under-783ecc70cac25caf.mp3"
"cedar","under","under","","","1.2","0.0354024","0.30712286","0.254931","0.4112","0.7945","0.4055","130","cedar/under-783ecc70cac25caf.mp3"
"marin","under the weather","under the weather","","","1.512","0.08870886","0.49072102","0.487916","0.1019","1.1413","0.3707","","marin/under-the-weather-350bff1cfcbd1b01.mp3"
"cedar","under the weather","under the weather","","","1.32","0.08222162","0.59243786","0.537958","0.0575","1.0859","0.2341","","cedar/under-the-weather-350bff1cfcbd1b01.mp3"
"marin","under-weight","under-weight","","","1.752","0.07193746","0.35754126","0.422291","0.057","1.173","0.579","11","marin/under-weight-f185a5014e91817d.mp3"
"cedar","under-weight","under-weight","","","1.56","0.06606533","0.56993812","0.389944","0.052","0.8255","0.7345","11","cedar/under-weight-f185a5014e91817d.mp3"
"marin","underline","underline","","","1.368","0.06142225","0.53527343","0.468796","0.1639","0.8941","0.4739","79","marin/underline-f8100698bd6d612a.mp3"
"cedar","underline","underline","","","1.368","0.05057223","0.48063976","0.453079","0.166","0.9424","0.4256","79","cedar/underline-f8100698bd6d612a.mp3"
"marin","underpass","underpass","","","1.368","0.06408643","0.46751666","0.498995","0.1006","1.0006","0.3674","93","marin/underpass-c115dbc5caf9677d.mp3"
"cedar","underpass","underpass","","","1.32","0.05027358","0.48973086","0.421575","0.2451","1.0492","0.2708","93","cedar/underpass-c115dbc5caf9677d.mp3"
"marin","understand","understand","","","1.704","0.06602863","0.38741946","0.45683","0.0556","0.9911","0.7129","81","marin/understand-f183c0e486498c30.mp3"
"cedar","understand","understand","","","1.2","0.06097791","0.48726061","0.546163","0.0546","0.905","0.295","81","cedar/understand-f183c0e486498c30.mp3"
"marin","underwear","underwear","","","2.016","0.05965345","0.36616886","0.288918","0.0506","0.7001","1.3159","48","marin/underwear-a4989f39b80ab4ca.mp3"
"cedar","underwear","underwear","","","1.104","0.06822723","0.47197902","0.471222","0.0513","0.6945","0.4095","48","cedar/underwear-a4989f39b80ab4ca.mp3"
"marin","unhappy","unhappy","","","0.96","0.06748385","0.37208068","0.498958","0.0521","0.7194","0.2406","15","marin/unhappy-c44bfa4eb66fa7de.mp3"
"cedar","unhappy","unhappy","","","1.656","0.05492512","0.68689793","0.312425","0.1024","1.0117","0.6443","15","cedar/unhappy-c44bfa4eb66fa7de.mp3"
"marin","uniform","uniform","","","1.368","0.05569841","0.34961575","0.444505","0.1665","0.9417","0.4263","47","marin/uniform-274a9ca030ef6bfe.mp3"
"cedar","uniform","uniform","","","1.56","0.04735722","0.37631437","0.353819","0.2875","1.0617","0.4983","47","cedar/uniform-274a9ca030ef6bfe.mp3"
"marin","unique","unique","","","0.912","0.07129626","0.34874538","0.442685","0.069","0.673","0.239","103","marin/unique-282393bfbf7f394b.mp3"
"cedar","unique","unique","","","2.064","0.04426388","0.37855199","0.215348","0.3397","1.0063","1.0577","103","cedar/unique-282393bfbf7f394b.mp3"
"marin","universe","universe","","","2.448","0.04211855","0.27420995","0.232196","0.3087","1.0308","1.4172","106","marin/universe-f414039f80e3c392.mp3"
"cedar","universe","universe","","","1.512","0.05662711","0.46345761","0.329007","0.0549","0.7084","0.8036","106","cedar/universe-f414039f80e3c392.mp3"
"marin","University","University","","","1.752","0.06879256","0.34039974","0.416667","0.0569","0.9192","0.8328","74","marin/university-362e2e0b74f956e3.mp3"
"cedar","University","University","","","1.704","0.05493492","0.34549996","0.375685","0.2402","1.0167","0.6873","74","cedar/university-362e2e0b74f956e3.mp3"
"marin","until","until","","","1.008","0.06329701","0.44240665","0.463666","0.1516","0.7077","0.3003","131","marin/until-d98048a6a6b2b4b8.mp3"
"cedar","until","until","","","1.104","0.04968705","0.47371233","0.438689","0.0576","0.6995","0.4045","131","cedar/until-d98048a6a6b2b4b8.mp3"
"marin","up","up","","","0.864","0.05669556","0.62181365","0.12377","0.1217","0.3895","0.4745","132","marin/up-6dcab36746762397.mp3"
"cedar","up","up","","","1.008","0.03839664","0.45191792","0.107143","0.1499","0.3681","0.6399","132","cedar/up-6dcab36746762397.mp3"
"marin","up to...","up to","","","1.464","0.06271081","0.50423682","0.281321","0.0813","0.9658","0.4982","","marin/up-to-77acfe7a9ed609ff.mp3"
"cedar","up to...","up to","","","1.464","0.04817428","0.47754335","0.265967","0.1325","1.1931","0.2709","","cedar/up-to-77acfe7a9ed609ff.mp3"
"marin","upload","upload","","","1.752","0.05603026","0.464959","0.268788","0.1683","1.0051","0.7469","61","marin/upload-e7d0f99b9bd2826d.mp3"
"cedar","upload","upload","","","1.104","0.04247783","0.44061795","0.28325","0.1551","0.722","0.382","61","cedar/upload-e7d0f99b9bd2826d.mp3"
"marin","upon","upon","","","1.008","0.05316599","0.53623986","0.378348","0.105","0.6437","0.3643","130","marin/upon-d6ec7010f1a9c1f3.mp3"
"cedar","upon","upon","","","1.104","0.06148948","0.47300929","0.475619","0.0596","0.8505","0.2535","130","cedar/upon-d6ec7010f1a9c1f3.mp3"
"marin","upper","upper","","","0.96","0.05599628","0.51370656","0.246962","0.157","0.5458","0.4142","83","marin/upper-e83189db38554920.mp3"
"cedar","upper","upper","","","1.32","0.03711478","0.51219082","0.165057","0.4583","0.7987","0.5213","83","cedar/upper-e83189db38554920.mp3"
"marin","upstairs","upstairs","","","1.416","0.05595552","0.46819544","0.452139","0.1111","0.9675","0.4485","71","marin/upstairs-5c458cb6a0c32fc9.mp3"
"cedar","upstairs","upstairs","","","1.656","0.03877461","0.36421362","0.339322","0.1779","1.0547","0.6013","71","cedar/upstairs-5c458cb6a0c32fc9.mp3"
"marin","us","us","","","0.912","0.06005955","0.49055946","0.333105","0.0739","0.4708","0.4412","126","marin/us-50f72fe4b0518fbb.mp3"
"cedar","us","us","","","0.816","0.05800532","0.47795522","0.378574","0.0677","0.455","0.361","126","cedar/us-50f72fe4b0518fbb.mp3"
"marin","USA","USA","","","1.416","0.05783503","0.32108635","0.561647","0.2101","1.2287","0.1873","89","marin/usa-b15851eda8096337.mp3"
"cedar","USA","USA","","","1.464","0.07201479","0.54805106","0.527294","0.0636","1.0689","0.3951","89","cedar/usa-b15851eda8096337.mp3"
"marin","use","use","","","0.96","0.07113805","0.29305279","0.57576","0.0893","0.7382","0.2218","109","marin/use-cefbd1f4f7fd8760.mp3"
"cedar","use","use","","","1.104","0.05928844","0.37474328","0.450521","0.0834","0.685","0.419","109","cedar/use-cefbd1f4f7fd8760.mp3"
"marin","use the computer","use the computer","","","1.752","0.06310322","0.35202459","0.500595","0.1162","1.2754","0.4766","","marin/use-the-computer-ebcc92e157bdb03d.mp3"
"cedar","use the computer","use the computer","","","1.704","0.0584616","0.37137118","0.447733","0.0724","1.1598","0.5442","","cedar/use-the-computer-ebcc92e157bdb03d.mp3"
"marin","used to","used to","","","1.248","0.05516383","0.27162758","0.46905","0.0528","0.8428","0.4052","","marin/used-to-774df45872b1f307.mp3"
"cedar","used to","used to","","","1.56","0.05624125","0.38084516","0.408681","0.1409","1.1986","0.3614","","cedar/used-to-774df45872b1f307.mp3"
"marin","useful","useful","","","1.32","0.04504223","0.2367267","0.388163","0.1612","0.8401","0.4799","10|39","marin/useful-0f978ba38f9d2be0.mp3"
"cedar","useful","useful","","","1.008","0.05096292","0.35566378","0.32271","0.1562","0.6272","0.3808","10|39","cedar/useful-0f978ba38f9d2be0.mp3"
"marin","usual","usual","","","1.464","0.05800433","0.26923501","0.422273","0.1732","0.8781","0.5859","116","marin/usual-9820296ecb495bf1.mp3"
"cedar","usual","usual","","","1.248","0.06004961","0.33357871","0.412493","0.177","0.7899","0.4581","116","cedar/usual-9820296ecb495bf1.mp3"
"marin","usually","usually","","","1.608","0.05388495","0.25804967","0.422639","0.2803","1.0405","0.5675","118","marin/usually-6a7bfef230b7e43f.mp3"
"cedar","usually","usually","","","1.8","0.04871466","0.28450117","0.336377","0.1881","0.8891","0.9109","118","cedar/usually-6a7bfef230b7e43f.mp3"
"marin","vacation","vacation","","","1.152","0.0620645","0.53968114","0.466652","0.063","0.7675","0.3845","101","marin/vacation-e6ad15750b78f51a.mp3"
"cedar","vacation","vacation","","","1.056","0.07214563","0.81715","0.47603","0.0816","0.7462","0.3098","101","cedar/vacation-e6ad15750b78f51a.mp3"
"marin","valentine","valentine","","","1.32","0.06081254","0.52972293","0.521039","0.1001","0.8904","0.4296","101","marin/valentine-561cbdca54b1ceb0.mp3"
"cedar","valentine","valentine","","","1.416","0.05823308","0.72973335","0.515713","0.0834","1.0023","0.4137","101","cedar/valentine-561cbdca54b1ceb0.mp3"
"marin","Valentine's Day","Valentine's Day","","","1.92","0.06081725","0.50226521","0.610265","0.07","1.4808","0.4392","101","marin/valentines-day-dbe71b292cfa88db.mp3"
"cedar","Valentine's Day","Valentine's Day","","","1.512","0.07401263","0.74415249","0.600639","0.0757","1.1819","0.3301","101","cedar/valentines-day-dbe71b292cfa88db.mp3"
"marin","valley","valley","","","1.416","0.05704859","0.56059486","0.336438","0.081","0.671","0.745","108","marin/valley-5906a7228bc7fe1a.mp3"
"cedar","valley","valley","","","0.864","0.07166464","0.81328154","0.409795","0.0777","0.5437","0.3203","108","cedar/valley-5906a7228bc7fe1a.mp3"
"marin","valuable","valuable","","","1.056","0.07125216","0.59269178","0.543955","0.0742","0.7606","0.2954","9","marin/valuable-c724a5d30d125a98.mp3"
"cedar","valuable","valuable","","","1.2","0.06708206","0.51420754","0.534201","0.1982","1.017","0.183","9","cedar/valuable-c724a5d30d125a98.mp3"
"marin","value","value","","","1.92","0.04577877","0.53810632","0.232661","0.4948","0.9937","0.9263","37","marin/value-1e1f2c881ae0608e.mp3"
"cedar","value","value","","","1.248","0.05726726","0.65441632","0.388321","0.0821","0.6903","0.5577","37","cedar/value-1e1f2c881ae0608e.mp3"
"marin","vegetable","vegetable","","","1.2","0.05794371","0.54876387","0.268281","0.0886","0.5919","0.6081","39","marin/vegetable-1499f9f1a118df0b.mp3"
"cedar","vegetable","vegetable","","","1.152","0.0536841","0.56503427","0.412996","0.2183","0.8396","0.3124","39","cedar/vegetable-1499f9f1a118df0b.mp3"
"marin","vendor","vendor","","","1.152","0.07639064","0.43691099","0.408673","0.0829","0.6242","0.5277","37","marin/vendor-667c8222edb93412.mp3"
"cedar","vendor","vendor","","","1.248","0.055138","0.819875","0.285791","0.0757","0.5433","0.7047","37","cedar/vendor-667c8222edb93412.mp3"
"marin","very","very","","","1.104","0.07135256","0.41605619","0.425272","0.0802","0.6242","0.4798","119","marin/very-37d1417d3c19290b.mp3"
"cedar","very","very","","","1.704","0.04374041","0.51003081","0.215327","0.0743","0.5597","1.1443","119","cedar/very-37d1417d3c19290b.mp3"
"marin","vest","vest","","","0.912","0.0575675","0.55149949","0.421281","0.0651","0.6344","0.2776","47","marin/vest-f519b3c64b184c15.mp3"
"cedar","vest","vest","","","1.848","0.03934954","0.72075897","0.193419","0.0778","0.5885","1.2595","47","cedar/vest-f519b3c64b184c15.mp3"
"marin","victory","victory","","","0.96","0.06636869","0.58695853","0.368359","0.0823","0.6115","0.3485","63","marin/victory-168e5cee1abe639b.mp3"
"cedar","victory","victory","","","1.704","0.03461082","0.50663114","0.20771","0.0674","0.6115","1.0925","63","cedar/victory-168e5cee1abe639b.mp3"
"marin","video","video","","","1.152","0.05254526","0.45236313","0.31939","0.0756","0.5419","0.6101","68","marin/video-152d7cac730e08f2.mp3"
"cedar","video","video","","","1.608","0.04603096","0.49567959","0.267685","0.3885","0.897","0.711","68","cedar/video-152d7cac730e08f2.mp3"
"marin","village","village","","","1.008","0.06193881","0.43368173","0.631924","0.068","0.8393","0.1687","88","marin/village-a33b73c77eadc7fb.mp3"
"cedar","village","village","","","1.056","0.05361621","0.43707702","0.385831","0.2226","0.7979","0.2581","88","cedar/village-a33b73c77eadc7fb.mp3"
"marin","vinegar","vinegar","","","1.608","0.05214455","0.34614253","0.328423","0.1098","0.7587","0.8493","44","marin/vinegar-94e9f20f7bc65620.mp3"
"cedar","vinegar","vinegar","","","1.512","0.05303143","0.51919228","0.346768","0.3435","1.044","0.468","44","cedar/vinegar-94e9f20f7bc65620.mp3"
"marin","violin","violin","","","1.8","0.05633658","0.67930102","0.327269","0.0693","0.719","1.081","56","marin/violin-f1734a6377d9e993.mp3"
"cedar","violin","violin","","","1.92","0.06411242","0.53471291","0.444238","0.0776","1.0896","0.8304","56","cedar/violin-f1734a6377d9e993.mp3"
"marin","visit","visit","","","0.864","0.07206841","0.54173213","0.367019","0.0689","0.5208","0.3432","103","marin/visit-d98a330904fb2d33.mp3"
"cedar","visit","visit","","","1.152","0.05686415","0.79382467","0.207375","0.0899","0.4716","0.6804","103","cedar/visit-d98a330904fb2d33.mp3"
"marin","visitor","visitor","","","1.32","0.0644215","0.42922488","0.370928","0.069","0.6316","0.6884","103","marin/visitor-6333143ae8a464d1.mp3"
"cedar","visitor","visitor","","","0.96","0.0686697","0.56712484","0.424891","0.0681","0.5729","0.3871","103","cedar/visitor-6333143ae8a464d1.mp3"
"marin","vocabulary","vocabulary","","","1.368","0.06843594","0.53090018","0.586364","0.0731","1.0436","0.3244","77","marin/vocabulary-3fa37adc87e15112.mp3"
"cedar","vocabulary","vocabulary","","","1.416","0.07278606","0.65027595","0.523526","0.0836","0.941","0.475","77","cedar/vocabulary-3fa37adc87e15112.mp3"
"marin","voice","voice","","","1.248","0.05951651","0.38369596","0.402461","0.0762","0.6687","0.5793","82","marin/voice-237c845fa913873b.mp3"
"cedar","voice","voice","","","0.96","0.04936182","0.33599338","0.423589","0.2552","0.7858","0.1742","82","cedar/voice-237c845fa913873b.mp3"
"marin","volleyball","volleyball","","","1.104","0.06629459","0.56686139","0.495396","0.0751","0.7526","0.3514","52","marin/volleyball-fc98c54c2c0b2ed3.mp3"
"cedar","volleyball","volleyball","","","1.2","0.05737909","0.52001095","0.466094","0.0785","0.8057","0.3943","52","cedar/volleyball-fc98c54c2c0b2ed3.mp3"
"marin","vote","vote","","","0.768","0.06350804","0.45311275","0.378608","0.064","0.523","0.245","90","marin/vote-53377f589215f226.mp3"
"cedar","vote","vote","","","1.656","0.04639099","0.53229654","0.193564","0.1746","0.6074","1.0486","90","cedar/vote-53377f589215f226.mp3"
"marin","waist","waist","","","1.416","0.05984033","0.70064718","0.244453","0.0676","0.5929","0.8231","20","marin/waist-5334cc27e7dd24c0.mp3"
"cedar","waist","waist","","","1.008","0.05354653","0.58913988","0.345899","0.0606","0.6292","0.3788","20","cedar/waist-5334cc27e7dd24c0.mp3"
"marin","Wait a minute / moment.","Wait a minute. Or, wait a moment.","","","2.808","0.08420531","0.4802134","0.542127","0.06","2.7053","0.1027","","marin/wait-a-minute-moment-20d0e560196a34de.mp3"
"cedar","Wait a minute / moment.","Wait a minute. Or, wait a moment.","","","3","0.08250716","0.62199444","0.413424","0.0649","2.4098","0.5902","","cedar/wait-a-minute-moment-20d0e560196a34de.mp3"
"marin","wait","wait","","","1.32","0.0336717","0.27509713","0.184659","0.3313","0.7538","0.5662","87","marin/wait-b9f7befb846f0af2.mp3"
"cedar","wait","wait","","","1.248","0.03584159","0.41650057","0.188802","0.0833","0.5347","0.7133","87","cedar/wait-b9f7befb846f0af2.mp3"
"marin","wait for","wait for","","","1.464","0.05675081","0.5107795","0.283584","0.0709","0.9849","0.4791","","marin/wait-for-9ccc8f644e03c3e0.mp3"
"cedar","wait for","wait for","","","1.848","0.04536289","0.36784193","0.280247","0.292","1.4391","0.4089","","cedar/wait-for-9ccc8f644e03c3e0.mp3"
"marin","waiter","waiter","","","0.912","0.06704745","0.50156897","0.375959","0.0826","0.4848","0.4272","7","marin/waiter-67da636d27087b4b.mp3"
"cedar","waiter","waiter","","","1.008","0.0582637","0.4454897","0.428964","0.0757","0.5923","0.4157","7","cedar/waiter-67da636d27087b4b.mp3"
"marin","waitress","waitress","","","1.512","0.04756545","0.50789011","0.267692","0.4616","1.044","0.468","7","marin/waitress-fe41675d8b435ef4.mp3"
"cedar","waitress","waitress","","","1.608","0.03654087","0.35011411","0.264925","0.5297","1.1547","0.4533","7","cedar/waitress-fe41675d8b435ef4.mp3"
"marin","wake","wake","","","1.152","0.04380613","0.33987635","0.256547","0.0694","0.5969","0.5551","31","marin/wake-cefa8a65d2f665fa.mp3"
"cedar","wake","wake","","","0.72","0.0552013","0.59770316","0.267043","0.0739","0.4306","0.2894","31","cedar/wake-cefa8a65d2f665fa.mp3"
"marin","wake up","wake up","","","1.368","0.05991374","0.50686151","0.250624","0.0711","0.9091","0.4589","","marin/wake-up-cd6055a3b9624d41.mp3"
"cedar","wake up","wake up","","","1.368","0.04748349","0.53024483","0.194825","0.1532","0.6456","0.7224","","cedar/wake-up-cd6055a3b9624d41.mp3"
"marin","walk","walk","","","0.864","0.0711753","0.5560382","0.308329","0.0742","0.5458","0.3182","53|59","marin/walk-4fad1da71fa9aae6.mp3"
"cedar","walk","walk","","","0.768","0.05246967","0.43756324","0.239448","0.1916","0.5408","0.2272","53|59","cedar/walk-4fad1da71fa9aae6.mp3"
"marin","walk the dog","walk the dog","","","1.608","0.07199256","0.4881115","0.419711","0.0672","1.2025","0.4055","","marin/walk-the-dog-b24e88d08ed5a0a5.mp3"
"cedar","walk the dog","walk the dog","","","1.656","0.06636968","0.48012704","0.367666","0.0697","1.189","0.467","","cedar/walk-the-dog-b24e88d08ed5a0a5.mp3"
"marin","walkman","walkman","","","1.2","0.05958949","0.47199881","0.428715","0.0717","0.7339","0.4661","69","marin/walkman-f578d0dbd95c84b2.mp3"
"cedar","walkman","walkman","","","1.32","0.05238467","0.49809033","0.314867","0.2316","0.8226","0.4974","69","cedar/walkman-f578d0dbd95c84b2.mp3"
"marin","wall","wall","","","1.2","0.08065385","0.50658214","0.413351","0.0807","0.635","0.565","73","marin/wall-e18cd053376645d1.mp3"
"cedar","wall","wall","","","0.72","0.06981504","0.46399164","0.40136","0.0735","0.4549","0.2651","73","cedar/wall-e18cd053376645d1.mp3"
"marin","wallet","wallet","","","1.056","0.06035205","0.52873933","0.346216","0.0701","0.6078","0.4483","49","marin/wallet-81a68eea27825db2.mp3"
"cedar","wallet","wallet","","","0.816","0.06542822","0.49520063","0.420675","0.0795","0.6235","0.1925","49","cedar/wallet-81a68eea27825db2.mp3"
"marin","want","want","","","1.104","0.04388994","0.32479495","0.294988","0.0467","0.5898","0.5142","82","marin/want-63f0fcf0c35a6d67.mp3"
"cedar","want","want","","","1.056","0.05224151","0.48217779","0.241004","0.0641","0.4629","0.5931","82","cedar/want-63f0fcf0c35a6d67.mp3"
"marin","war","war","","","0.816","0.07482137","0.35119438","0.563496","0.0745","0.6152","0.2008","63","marin/war-7aae69ac59e82c6b.mp3"
"cedar","war","war","","","1.104","0.05335101","0.36151075","0.285251","0.3473","0.7357","0.3683","63","cedar/war-7aae69ac59e82c6b.mp3"
"marin","warm","warm","","","1.152","0.05320367","0.30702677","0.398347","0.1718","0.7175","0.4345","105","marin/warm-855fe6882de49825.mp3"
"cedar","warm","warm","","","1.464","0.05410192","0.48467284","0.300176","0.778","1.3073","0.1567","105","cedar/warm-855fe6882de49825.mp3"
"marin","was","was","","","1.008","0.05467823","0.40572858","0.493428","0.1338","0.723","0.285","122","marin/was-645516d485152f37.mp3"
"cedar","was","was","","","1.008","0.05770202","0.64777672","0.325004","0.068","0.523","0.485","122","cedar/was-645516d485152f37.mp3"
"marin","wash clothes / do the laundry","wash clothes, or do the laundry","","","3.216","0.07840022","0.37558761","0.499611","0.7068","3.0089","0.2071","","marin/wash-clothes-do-the-laundry-d638402aa5577921.mp3"
"cedar","wash clothes / do the laundry","wash clothes, or do the laundry","","","2.568","0.07421702","0.53476053","0.560107","0.0759","2.2387","0.3293","","cedar/wash-clothes-do-the-laundry-d638402aa5577921.mp3"
"marin","wash / do the dishes","wash the dishes. Or, do the dishes.","","","3.552","0.07029724","0.55675417","0.49895","0.0779","3.0028","0.5492","","marin/wash-do-the-dishes-135fe459d64ab0bc.mp3"
"cedar","wash / do the dishes","wash the dishes. Or, do the dishes.","","","3.264","0.07100596","0.51393712","0.517419","0.0646","2.9856","0.2784","","cedar/wash-do-the-dishes-135fe459d64ab0bc.mp3"
"marin","wash","wash","","","1.008","0.06197198","0.58357155","0.380415","0.0691","0.5742","0.4338","72","marin/wash-e479cf216c66706a.mp3"
"cedar","wash","wash","","","1.152","0.05178852","0.43196648","0.341001","0.2248","0.7541","0.3979","72","cedar/wash-e479cf216c66706a.mp3"
"marin","wash one's face","wash one's face","","","2.616","0.0613571","0.55768979","0.415775","0.0641","1.9349","0.6811","","marin/wash-ones-face-2764e4c9b13551c4.mp3"
"cedar","wash one's face","wash one's face","","","2.256","0.06551549","0.58639669","0.437648","0.0679","1.8553","0.4007","","cedar/wash-ones-face-2764e4c9b13551c4.mp3"
"marin","washing machine","washing machine","","","2.064","0.05740531","0.50161952","0.484506","0.0672","1.2847","0.7793","","marin/washing-machine-484d5303005323c9.mp3"
"cedar","washing machine","washing machine","","","1.32","0.05381158","0.50190586","0.490041","0.0815","0.958","0.362","","cedar/washing-machine-484d5303005323c9.mp3"
"marin","waste","waste","","","1.152","0.04603098","0.38408679","0.299913","0.1775","0.6601","0.4919","58","marin/waste-e0e9a6811e3b39ba.mp3"
"cedar","waste","waste","","","1.32","0.04074709","0.4121325","0.275994","0.0678","0.639","0.681","58","cedar/waste-e0e9a6811e3b39ba.mp3"
"marin","watch","watch","","","1.104","0.059698","0.55782646","0.298422","0.0567","0.5539","0.5501","35|61","marin/watch-7cb04929964efca1.mp3"
"cedar","watch","watch","","","1.008","0.03923342","0.37994847","0.352059","0.0725","0.6895","0.3185","35|61","cedar/watch-7cb04929964efca1.mp3"
"marin","Watch out!","Watch out!","","","1.416","0.05531708","0.4754802","0.368409","0.0695","0.8847","0.5313","","marin/watch-out-d4710abdf872a705.mp3"
"cedar","Watch out!","Watch out!","","","1.152","0.07226156","0.5597775","0.472276","0.0642","0.8385","0.3135","","cedar/watch-out-d4710abdf872a705.mp3"
"marin","watch TV","watch TV","","","1.8","0.06068061","0.39530343","0.414282","0.1493","1.3566","0.4434","","marin/watch-tv-e0b9eb171f2eb759.mp3"
"cedar","watch TV","watch TV","","","2.352","0.03638408","0.30216753","0.288956","0.5115","1.7897","0.5623","","cedar/watch-tv-e0b9eb171f2eb759.mp3"
"marin","water","water","","","0.912","0.05790605","0.46838117","0.327965","0.0696","0.4415","0.4705","42","marin/water-8df05e5dca9023ba.mp3"
"cedar","water","water","","","0.768","0.05780741","0.45913652","0.355387","0.0725","0.4526","0.3154","42","cedar/water-8df05e5dca9023ba.mp3"
"marin","waterfall","waterfall","","","1.104","0.06343117","0.41377464","0.516927","0.0722","0.785","0.319","107","marin/waterfall-e6b4e08a3793f55e.mp3"
"cedar","waterfall","waterfall","","","2.448","0.04020903","0.48747787","0.177534","0.472","1.1088","1.3392","107","cedar/waterfall-e6b4e08a3793f55e.mp3"
"marin","watermelon","watermelon","","","1.92","0.06420371","0.35757822","0.472059","0.2231","1.2045","0.7155","38","marin/watermelon-a1c0ee5c55eb3d21.mp3"
"cedar","watermelon","watermelon","","","1.704","0.04559029","0.43461275","0.349325","0.5649","1.2996","0.4044","38","cedar/watermelon-a1c0ee5c55eb3d21.mp3"
"marin","wave","wave","","","1.104","0.06008365","0.48535448","0.3262","0.0701","0.5879","0.5161","64","marin/wave-15bbeed60a1f26a4.mp3"
"cedar","wave","wave","","","1.416","0.0422851","0.52647412","0.267288","0.103","0.6507","0.7653","64","cedar/wave-15bbeed60a1f26a4.mp3"
"marin","way","way","","","0.912","0.05472078","0.3948268","0.40593","0.0863","0.5323","0.3797","93","marin/way-f65d34b106680dd9.mp3"
"cedar","way","way","","","0.912","0.06739082","0.5883224","0.374726","0.0563","0.5395","0.3725","93","cedar/way-f65d34b106680dd9.mp3"
"marin","way of life","way of life","","","1.368","0.06763842","0.49545631","0.49071","0.0652","0.9929","0.3751","","marin/way-of-life-20476d0a83449438.mp3"
"cedar","way of life","way of life","","","2.52","0.04972725","0.58542043","0.297173","0.4149","1.4847","1.0353","","cedar/way-of-life-20476d0a83449438.mp3"
"marin","we","we","","","1.008","0.06854974","0.40321967","0.379857","0.0776","0.5037","0.5043","126","marin/we-1baeff23324e0c31.mp3"
"cedar","we","we","","","1.32","0.04469102","0.39599293","0.25434","0.1878","0.6273","0.6927","126","cedar/we-1baeff23324e0c31.mp3"
"marin","weak","weak","","","1.056","0.04892813","0.30152836","0.248481","0.1804","0.6077","0.4483","23","marin/weak-12e7a218dba75ebf.mp3"
"cedar","weak","weak","","","2.256","0.0273081","0.31513628","0.115396","0.1702","0.6637","1.5923","23","cedar/weak-12e7a218dba75ebf.mp3"
"marin","wear","wear","","","0.864","0.07018416","0.55461168","0.375916","0.0783","0.4839","0.3801","50","marin/wear-a165ef94d660b176.mp3"
"cedar","wear","wear","","","0.96","0.04773186","0.32525191","0.366949","0.1675","0.6174","0.3426","50","cedar/wear-a165ef94d660b176.mp3"
"marin","weather","weather","","","1.104","0.05923691","0.42578769","0.320294","0.1826","0.609","0.495","104","marin/weather-dad6d72b588a76b4.mp3"
"cedar","weather","weather","","","1.416","0.0516041","0.68884736","0.257356","0.2275","0.6823","0.7337","104","cedar/weather-dad6d72b588a76b4.mp3"
"marin","wedding","wedding","","","1.008","0.05842368","0.52866691","0.464079","0.0659","0.5925","0.4155","27|103","marin/wedding-505f501ebcff1d58.mp3"
"cedar","wedding","wedding","","","1.512","0.0537588","0.57929468","0.294974","0.0793","0.617","0.895","27|103","cedar/wedding-505f501ebcff1d58.mp3"
"marin","Wednesday","Wednesday","","","1.512","0.05234221","0.38271326","0.331983","0.0768","0.7387","0.7733","32","marin/wednesday-a09082152c41518e.mp3"
"cedar","Wednesday","Wednesday","","","1.464","0.06036371","0.5720976","0.348916","0.3308","0.9841","0.4799","32","cedar/wednesday-a09082152c41518e.mp3"
"marin","week","week","","","1.368","0.04100804","0.25483355","0.167352","0.5221","0.9469","0.4211","32","marin/week-f0302e93666b6d0c.mp3"
"cedar","week","week","","","0.96","0.03742037","0.35415888","0.191775","0.0798","0.4305","0.5295","32","cedar/week-f0302e93666b6d0c.mp3"
"marin","weekday","weekday","","","1.008","0.06482649","0.35574102","0.430886","0.0719","0.704","0.304","32","marin/weekday-c0751965caafabb0.mp3"
"cedar","weekday","weekday","","","0.96","0.06535778","0.59541667","0.413368","0.0633","0.6459","0.3141","32","cedar/weekday-c0751965caafabb0.mp3"
"marin","weekend","weekend","","","1.416","0.05649144","0.34771729","0.372352","0.0615","0.762","0.654","32","marin/weekend-290c2bc687b13190.mp3"
"cedar","weekend","weekend","","","1.008","0.070801","0.56862533","0.388145","0.077","0.6379","0.3701","32","cedar/weekend-290c2bc687b13190.mp3"
"marin","weight","weight","","","0.96","0.06106864","0.54452157","0.25625","0.0678","0.486","0.474","96","marin/weight-10d5ce58b9c1739e.mp3"
"cedar","weight","weight","","","1.2","0.03424593","0.40263307","0.18092","0.1271","0.5062","0.6938","96","cedar/weight-10d5ce58b9c1739e.mp3"
"marin","welcome","welcome","","","0.912","0.07890473","0.63662881","0.487276","0.0787","0.6409","0.2711","","marin/welcome-77f44b9024fd19a6.mp3"
"cedar","welcome","welcome","","","0.768","0.06190679","0.56271183","0.417453","0.0727","0.5499","0.2181","","cedar/welcome-77f44b9024fd19a6.mp3"
"marin","well","well","","","1.608","0.04880935","0.5910911","0.208191","0.0665","0.4743","1.1337","21","marin/well-718bdcfd1af83d31.mp3"
"cedar","well","well","","","1.104","0.04626982","0.4970251","0.309084","0.1656","0.6048","0.4992","21","cedar/well-718bdcfd1af83d31.mp3"
"marin","were","were","","","1.2","0.04015188","0.36386529","0.242517","0.5204","0.8765","0.3235","122","marin/were-888ee84b391c1331.mp3"
"cedar","were","were","","","1.464","0.04606715","0.46899974","0.18602","0.6804","0.9969","0.4671","122","cedar/were-888ee84b391c1331.mp3"
"marin","west","west","","","1.152","0.0483517","0.46296844","0.292788","0.174","0.6873","0.4647","84","marin/west-e47633192e8da7ff.mp3"
"cedar","west","west","","","1.368","0.04890507","0.62438363","0.254721","0.0651","0.6031","0.7649","84","cedar/west-e47633192e8da7ff.mp3"
"marin","wet","wet","","","1.056","0.04712259","0.63483918","0.20273","0.0705","0.4816","0.5744","105","marin/wet-e6a34d83c1e10c93.mp3"
"cedar","wet","wet","","","2.16","0.02915864","0.57254595","0.118027","0.5694","0.9787","1.1813","105","cedar/wet-e6a34d83c1e10c93.mp3"
"marin","whale","whale","","","0.816","0.07984879","0.4749184","0.498928","0.0584","0.5892","0.2268","112","marin/whale-f21eea0d467832ce.mp3"
"cedar","whale","whale","","","0.768","0.07673558","0.64233977","0.44062","0.0806","0.5742","0.1938","112","cedar/whale-f21eea0d467832ce.mp3"
"marin","what","what","","","2.064","0.03828249","0.64528197","0.105045","0.0687","0.4382","1.6258","124","marin/what-a7809c1b1c4aaa50.mp3"
"cedar","what","what","","","0.768","0.04006386","0.36649936","0.232069","0.1432","0.4853","0.2827","124","cedar/what-a7809c1b1c4aaa50.mp3"
"marin","what's more","what's more","","","1.848","0.06283024","0.59700841","0.321068","0.069","0.8188","1.0292","","marin/whats-more-5a2c741492afcf31.mp3"
"cedar","what's more","what's more","","","1.248","0.06360562","0.66800159","0.409405","0.0705","0.9362","0.3118","","cedar/whats-more-5a2c741492afcf31.mp3"
"marin","What's the matter?","What's the matter?","","","1.32","0.07071841","0.58143735","0.490735","0.0659","0.9412","0.3788","","marin/whats-the-matter-f6d7a5b0c63603c6.mp3"
"cedar","What's the matter?","What's the matter?","","","1.92","0.06465474","0.63981307","0.357129","0.0746","1.161","0.759","","cedar/whats-the-matter-f6d7a5b0c63603c6.mp3"
"marin","What's up? / What's wrong?","What's up? Or, what's wrong?","","","2.568","0.08148671","0.54232496","0.413519","0.0693","2.1277","0.4403","","marin/whats-up-whats-wrong-10355932b41acda9.mp3"
"cedar","What's up? / What's wrong?","What's up? Or, what's wrong?","","","2.208","0.0897809","0.59453285","0.464872","0.0726","2.0597","0.1483","","cedar/whats-up-whats-wrong-10355932b41acda9.mp3"
"marin","wheel","wheel","","","0.912","0.07558682","0.38631347","0.480651","0.0689","0.5735","0.3385","92","marin/wheel-1f148121b804b2d3.mp3"
"cedar","wheel","wheel","","","1.2","0.05292792","0.48147056","0.268628","0.0894","0.5429","0.6571","92","cedar/wheel-1f148121b804b2d3.mp3"
"marin","when","when","","","0.864","0.05841132","0.52686208","0.44471","0.0811","0.5245","0.3395","124|133","marin/when-d7fb3f57fca4af9d.mp3"
"cedar","when","when","","","1.008","0.05421121","0.68417019","0.267712","0.0645","0.3915","0.6165","124|133","cedar/when-d7fb3f57fca4af9d.mp3"
"marin","where","where","","","0.864","0.07678639","0.51538163","0.420814","0.0715","0.4895","0.3745","124","marin/where-d3269b01a79be621.mp3"
"cedar","where","where","","","0.864","0.06105731","0.42188087","0.348621","0.097","0.4927","0.3713","124","cedar/where-d3269b01a79be621.mp3"
"marin","whether","whether","","","1.104","0.06394148","0.54462099","0.301951","0.0764","0.489","0.615","124","marin/whether-7ba4867e1bccace7.mp3"
"cedar","whether","whether","","","0.768","0.09679006","0.98303002","0.333225","0.0793","0.4158","0.3523","124","cedar/whether-7ba4867e1bccace7.mp3"
"marin","which","which","","","2.016","0.04462151","0.58269602","0.141276","0.0605","0.4739","1.5421","124","marin/which-44a4c727a56f128f.mp3"
"cedar","which","which","","","0.912","0.04580455","0.35596454","0.318805","0.1857","0.6292","0.2828","124","cedar/which-44a4c727a56f128f.mp3"
"marin","while","while","","","0.864","0.06196504","0.40191013","0.500386","0.0641","0.6386","0.2254","133","marin/while-9f7e3ebcc1ea42d2.mp3"
"cedar","while","while","","","1.008","0.06415687","0.49736342","0.385541","0.0695","0.6206","0.3874","133","cedar/while-9f7e3ebcc1ea42d2.mp3"
"marin","white","white","","","0.96","0.05340697","0.59708059","0.239301","0.0592","0.473","0.487","51","marin/white-6dc2d32780efe8d1.mp3"
"cedar","white","white","","","1.104","0.05611555","0.59832197","0.23162","0.2344","0.6192","0.4848","51","cedar/white-6dc2d32780efe8d1.mp3"
"marin","who","who","","","1.2","0.05505953","0.41058788","0.224271","0.2296","0.6287","0.5713","124","marin/who-5f15988c07c5bf86.mp3"
"cedar","who","who","","","1.104","0.04901092","0.28826237","0.234866","0.1437","0.5231","0.5809","124","cedar/who-5f15988c07c5bf86.mp3"
"marin","whole","whole","","","1.008","0.05830306","0.40661484","0.391865","0.142","0.6462","0.3618","95","marin/whole-3661291e28107bb9.mp3"
"cedar","whole","whole","","","0.864","0.0805948","0.59235787","0.314429","0.07","0.4493","0.4147","95","cedar/whole-3661291e28107bb9.mp3"
"marin","whose","whose","","","1.368","0.0520016","0.32027578","0.287281","0.1291","0.6209","0.7471","124","marin/whose-ba01027dab1e4eb7.mp3"
"cedar","whose","whose","","","2.208","0.05599256","0.49018016","0.190085","0.0943","0.6698","1.5382","124","cedar/whose-ba01027dab1e4eb7.mp3"
"marin","why","why","","","0.864","0.06440804","0.51260161","0.390167","0.1395","0.5459","0.3181","124","marin/why-7c870b5adf71a254.mp3"
"cedar","why","why","","","1.608","0.06461997","0.57084942","0.202218","0.0876","0.5395","1.0685","124","cedar/why-7c870b5adf71a254.mp3"
"marin","Why not?","Why not?","","","1.008","0.06034121","0.40961975","0.453394","0.1037","0.7414","0.2666","","marin/why-not-f3907ce644f1b1ce.mp3"
"cedar","Why not?","Why not?","","","1.656","0.05491","0.45946145","0.346669","0.2738","1.0217","0.6343","","cedar/why-not-f3907ce644f1b1ce.mp3"
"marin","wide","wide","","","0.912","0.06190728","0.53117794","0.371185","0.0783","0.5428","0.3692","97","marin/wide-cbda94fecc7e47c6.mp3"
"cedar","wide","wide","","","1.008","0.05952193","0.5326485","0.291295","0.0652","0.5331","0.4749","97","cedar/wide-cbda94fecc7e47c6.mp3"
"marin","widely","widely","","","1.104","0.06260151","0.43568754","0.520022","0.0668","0.736","0.368","","marin/widely-3f66d65756148f3e.mp3"
"cedar","widely","widely","","","1.056","0.07263587","0.65615225","0.399601","0.0725","0.6305","0.4255","","cedar/widely-3f66d65756148f3e.mp3"
"marin","wife","wife","","","1.416","0.04101378","0.52653491","0.231212","0.1235","0.636","0.78","27","marin/wife-e16ab9acfa450967.mp3"
"cedar","wife","wife","","","1.104","0.05117433","0.61569631","0.270248","0.0578","0.5028","0.6012","27","cedar/wife-e16ab9acfa450967.mp3"
"marin","wild","wild","","","0.96","0.06378816","0.49575877","0.471723","0.0689","0.6344","0.3256","88","marin/wild-bc3c9b999d671411.mp3"
"cedar","wild","wild","","","1.464","0.05606842","0.63076824","0.232554","0.0653","0.5866","0.8774","88","cedar/wild-bc3c9b999d671411.mp3"
"marin","will","will","","","0.864","0.06331825","0.44170457","0.359664","0.0711","0.4489","0.4151","123","marin/will-0baf613dc41be547.mp3"
"cedar","will","will","","","1.416","0.03715827","0.37351328","0.255297","0.4824","0.9076","0.5084","123","cedar/will-0baf613dc41be547.mp3"
"marin","win","win","","","1.152","0.05991083","0.44664088","0.383879","0.1011","0.5894","0.5626","57","marin/win-f984e7480c12bb81.mp3"
"cedar","win","win","","","1.656","0.04574794","0.64728993","0.187827","0.0706","0.4385","1.2175","57","cedar/win-f984e7480c12bb81.mp3"
"marin","wind","wind","","","0.96","0.05558751","0.2898742","0.573177","0.0647","0.7115","0.2485","104","marin/wind-d2e8f32944bac9b8.mp3"
"cedar","wind","wind","","","2.064","0.04288379","0.51973289","0.177204","0.0888","0.5911","1.4729","104","cedar/wind-d2e8f32944bac9b8.mp3"
"marin","window","window","","","2.112","0.05956211","0.33449173","0.257142","0.3829","0.9845","1.1275","73","marin/window-6d3929ad0e72c76e.mp3"
"cedar","window","window","","","1.104","0.05344615","0.46076888","0.382378","0.1727","0.6897","0.4143","73","cedar/window-6d3929ad0e72c76e.mp3"
"marin","windy","windy","","","1.608","0.06331978","0.3545765","0.389848","0.0973","0.805","0.803","104","marin/windy-5c4b903e9e6bbd08.mp3"
"cedar","windy","windy","","","2.064","0.05131619","0.38856483","0.302376","0.0826","0.8526","1.2114","104","cedar/windy-5c4b903e9e6bbd08.mp3"
"marin","wing","wing","","","1.512","0.03984854","0.29979941","0.261367","0.2672","0.7016","0.8104","112","marin/wing-43f8c0203157b1e4.mp3"
"cedar","wing","wing","","","1.968","0.03666588","0.53988796","0.161659","0.4917","0.8689","1.0991","112","cedar/wing-43f8c0203157b1e4.mp3"
"marin","winner","winner","","","1.368","0.05566852","0.3863498","0.272554","0.0778","0.5039","0.8641","57","marin/winner-f3e3a56bcb8f8002.mp3"
"cedar","winner","winner","","","0.912","0.06252794","0.56757194","0.349621","0.0796","0.4626","0.4494","57","cedar/winner-f3e3a56bcb8f8002.mp3"
"marin","winter","winter","","","0.912","0.06862793","0.48202914","0.40609","0.0785","0.5574","0.3546","33","marin/winter-a9b00cf9218c39ac.mp3"
"cedar","winter","winter","","","0.864","0.06085336","0.61891145","0.317853","0.0679","0.4381","0.4259","33","cedar/winter-a9b00cf9218c39ac.mp3"
"marin","wise","wise","","","2.568","0.03671695","0.43961433","0.191459","0.1893","0.7844","1.7836","16","marin/wise-fa8798d242de831a.mp3"
"cedar","wise","wise","","","1.104","0.05180718","0.42984918","0.363791","0.0811","0.6373","0.4667","16","cedar/wise-fa8798d242de831a.mp3"
"marin","wish","wish","","","0.768","0.07876668","0.64693952","0.456","0.08","0.5236","0.2444","65","marin/wish-a849dd1a99a86f53.mp3"
"cedar","wish","wish","","","1.464","0.04256493","0.5398044","0.220941","0.0821","0.51","0.954","65","cedar/wish-a849dd1a99a86f53.mp3"
"marin","with","with","","","1.368","0.04883397","0.42063773","0.179977","0.2041","0.6529","0.7151","132","marin/with-29ba51b19cd6549f.mp3"
"cedar","with","with","","","1.104","0.04589068","0.48391819","0.18867","0.0721","0.4256","0.6784","132","cedar/with-29ba51b19cd6549f.mp3"
"marin","without","without","","","0.96","0.06738939","0.45702803","0.365994","0.0809","0.7356","0.2244","132","marin/without-1b984adfb87e8d2b.mp3"
"cedar","without","without","","","1.2","0.04218891","0.35341227","0.279392","0.203","0.7562","0.4438","132","cedar/without-1b984adfb87e8d2b.mp3"
"marin","wok","wok","","","0.864","0.05174408","0.47480866","0.218871","0.078","0.473","0.391","70","marin/wok-aed1943648b6954c.mp3"
"cedar","wok","wok","","","0.912","0.06452335","0.49033856","0.332488","0.0776","0.5643","0.3477","70","cedar/wok-aed1943648b6954c.mp3"
"marin","wolf","wolf","","","1.056","0.06711343","0.64570206","0.293916","0.0622","0.5251","0.5309","111","marin/wolf-8c817ad75de15e0c.mp3"
"cedar","wolf","wolf","","","0.648","0.08747383","0.68201488","0.318769","0.0676","0.4251","0.2229","111","cedar/wolf-8c817ad75de15e0c.mp3"
"marin","woman","woman","","","1.512","0.04740548","0.41900173","0.2628","0.2829","0.742","0.77","1","marin/woman-ad86ebe3cbd60b12.mp3"
"cedar","woman","woman","","","0.72","0.06781062","0.45020378","0.489265","0.0829","0.5287","0.1913","1","cedar/woman-ad86ebe3cbd60b12.mp3"
"marin","women's room","women's room","","","2.064","0.07875324","0.38148138","0.509185","0.0709","1.6339","0.4301","86","marin/womens-room-13b5f03ecffa05ba.mp3"
"cedar","women's room","women's room","","","1.248","0.06831837","0.6231668","0.529163","0.082","0.9112","0.3368","86","cedar/womens-room-13b5f03ecffa05ba.mp3"
"marin","wonderful","wonderful","","","1.968","0.05698421","0.67229831","0.262407","0.0686","0.7137","1.2543","88","marin/wonderful-4849ba0251ec82d6.mp3"
"cedar","wonderful","wonderful","","","0.864","0.07939568","0.82700068","0.439236","0.0699","0.6108","0.2532","88","cedar/wonderful-4849ba0251ec82d6.mp3"
"marin","wood","wood","","","2.112","0.04391327","0.29263726","0.152058","0.3333","0.7376","1.3744","108","marin/wood-4c95ad8f0d7cf1fa.mp3"
"cedar","wood","wood","","","1.152","0.06311745","0.568151","0.241121","0.0724","0.453","0.699","108","cedar/wood-4c95ad8f0d7cf1fa.mp3"
"marin","woods","woods","","","1.008","0.06651631","0.4141326","0.409102","0.1727","0.6559","0.3521","108","marin/woods-8d2b00e510d97853.mp3"
"cedar","woods","woods","","","0.96","0.06353422","0.43927652","0.421094","0.0814","0.647","0.313","108","cedar/woods-8d2b00e510d97853.mp3"
"marin","word","word","","","1.2","0.05034132","0.3621881","0.297413","0.586","1.0498","0.1502","77","marin/word-5aacc8534b465aea.mp3"
"cedar","word","word","","","0.768","0.06464722","0.487176","0.380344","0.0725","0.4883","0.2797","77","cedar/word-5aacc8534b465aea.mp3"
"marin","work","work","","","0.912","0.06773626","0.62017393","0.244015","0.0696","0.4982","0.4138","8","marin/work-4c7a03f2c9a663a0.mp3"
"cedar","work","work","","","1.104","0.04574872","0.38797179","0.226695","0.1815","0.603","0.501","8","cedar/work-4c7a03f2c9a663a0.mp3"
"marin","work out / pick on","work out, or pick on","","","1.92","0.06817654","0.51969987","0.433008","0.0722","1.7959","0.1241","","marin/work-out-pick-on-20720c954e74e934.mp3"
"cedar","work out / pick on","work out, or pick on","","","2.4","0.05170127","0.49299535","0.364679","0.0993","2.1691","0.2309","","cedar/work-out-pick-on-20720c954e74e934.mp3"
"marin","work part-time","work part-time","","","2.016","0.05789512","0.46397245","0.374618","0.0726","1.4918","0.5242","","marin/work-part-time-72128249644b3845.mp3"
"cedar","work part-time","work part-time","","","1.752","0.04907776","0.4297078","0.344535","0.0806","1.3732","0.3788","","cedar/work-part-time-72128249644b3845.mp3"
"marin","workbook","workbook","","","0.912","0.06960986","0.61701113","0.350946","0.0718","0.6969","0.2151","80","marin/workbook-40901d2ee97840d1.mp3"
"cedar","workbook","workbook","","","1.32","0.0559117","0.45227233","0.352289","0.1713","0.9402","0.3798","80","cedar/workbook-40901d2ee97840d1.mp3"
"marin","worker","worker","","","0.912","0.0668216","0.50060415","0.378746","0.0665","0.5465","0.3655","8","marin/worker-2ab3fe48e0be2355.mp3"
"cedar","worker","worker","","","0.864","0.06248427","0.40945676","0.458888","0.1768","0.7357","0.1283","8","cedar/worker-2ab3fe48e0be2355.mp3"
"marin","world","world","","","1.248","0.06228033","0.34794241","0.408403","0.173","0.7651","0.4829","89","marin/world-e258d248fda94c63.mp3"
"cedar","world","world","","","0.96","0.06836313","0.52726746","0.348199","0.0738","0.533","0.427","89","cedar/world-e258d248fda94c63.mp3"
"marin","worm","worm","","","1.2","0.05008523","0.28386804","0.442222","0.175","0.7491","0.4509","106","marin/worm-3634d3d867504329.mp3"
"cedar","worm","worm","","","1.512","0.05763792","0.49666843","0.254547","0.0734","0.5868","0.9252","106","cedar/worm-3634d3d867504329.mp3"
"marin","worry","worry","","","1.152","0.06137804","0.37327403","0.367857","0.088","0.5855","0.5665","14","marin/worry-2fb1b9711613415f.mp3"
"cedar","worry","worry","","","0.912","0.06189343","0.41711265","0.427974","0.1234","0.5904","0.3216","14","cedar/worry-2fb1b9711613415f.mp3"
"marin","would","would","","","0.96","0.06730277","0.5024364","0.285026","0.0815","0.4438","0.5162","123","marin/would-96faa126b6441947.mp3"
"cedar","would","would","","","1.8","0.04355974","0.40396228","0.200417","0.1449","0.5855","1.2145","123","cedar/would-96faa126b6441947.mp3"
"marin","would like","would like","","","1.368","0.06032555","0.41599935","0.377589","0.0664","1.0066","0.3614","","marin/would-like-e3a377b57df607a4.mp3"
"cedar","would like","would like","","","1.512","0.06273579","0.4474898","0.342965","0.0816","1.1104","0.4016","","cedar/would-like-e3a377b57df607a4.mp3"
"marin","wound","wound","","","0.816","0.07565624","0.44909635","0.510442","0.0604","0.5469","0.2691","24","marin/wound-3fbf7e0a19b40c82.mp3"
"cedar","wound","wound","","","1.2","0.0608344","0.41235644","0.369931","0.0729","0.6312","0.5688","24","cedar/wound-3fbf7e0a19b40c82.mp3"
"marin","wrist","wrist","","","1.104","0.04567963","0.48858193","0.301895","0.0673","0.5757","0.5283","20","marin/wrist-a6838334a1ca4036.mp3"
"cedar","wrist","wrist","","","0.864","0.02888485","0.32302457","0.291233","0.2769","0.7331","0.1309","20","cedar/wrist-a6838334a1ca4036.mp3"
"marin","write","write","","","1.056","0.0339032","0.35009202","0.177794","0.4797","0.823","0.233","75","marin/write-6fb077b991a5dabf.mp3"
"cedar","write","write","","","0.96","0.04136245","0.55610055","0.254753","0.0598","0.4562","0.5038","75","cedar/write-6fb077b991a5dabf.mp3"
"marin","write down","write down","","","1.656","0.05875783","0.61969966","0.374736","0.0713","1.0912","0.5648","","marin/write-down-766553b2a7ab6ba9.mp3"
"cedar","write down","write down","","","1.704","0.05342967","0.58119363","0.38406","0.1491","1.3069","0.3971","","cedar/write-down-766553b2a7ab6ba9.mp3"
"marin","writer","writer","","","0.648","0.07830772","0.79880208","0.483603","0.0621","0.4657","0.1823","7","marin/writer-1bc7176777a66b93.mp3"
"cedar","writer","writer","","","1.104","0.06459909","0.80074781","0.285119","0.0727","0.4627","0.6413","7","cedar/writer-1bc7176777a66b93.mp3"
"marin","wrong","wrong","","","1.8","0.04764854","0.55116975","0.20206","0.1815","0.5961","1.2039","81","marin/wrong-543df89fec85b1c2.mp3"
"cedar","wrong","wrong","","","0.816","0.06370919","0.45814019","0.427594","0.0601","0.5561","0.2599","81","cedar/wrong-543df89fec85b1c2.mp3"
"marin","yard","yard","","","0.96","0.07046499","0.50545049","0.442947","0.0644","0.5838","0.3762","67|96","marin/yard-196204c3dbec044e.mp3"
"cedar","yard","yard","","","0.96","0.06314846","0.52021927","0.40599","0.0684","0.5957","0.3643","67|96","cedar/yard-196204c3dbec044e.mp3"
"marin","yeah","yeah","silent-or-near-silent","","0.768","0.00001373","0.00013202","0","","","0.768","121","marin/yeah-cc0403c347e63f08.mp3"
"cedar","yeah","yeah","","","1.368","0.05591983","0.61421919","0.246238","0.6246","1.0115","0.3565","121","cedar/yeah-cc0403c347e63f08.mp3"
"marin","year","year","","","0.816","0.06205655","0.31474346","0.403493","0.086","0.4631","0.3529","32","marin/year-fbfe6543f8d2b9a0.mp3"
"cedar","year","year","","","1.752","0.03830517","0.39509293","0.20586","0.248","0.7127","1.0393","32","cedar/year-fbfe6543f8d2b9a0.mp3"
"marin","yell","yell","","","2.16","0.05227395","0.34390622","0.234626","0.834","1.3955","0.7645","65","marin/yell-5d8240e41180e78a.mp3"
"cedar","yell","yell","","","1.416","0.05350411","0.76010692","0.239863","0.724","1.1629","0.2531","65","cedar/yell-5d8240e41180e78a.mp3"
"marin","yellow","yellow","","","0.864","0.07359325","0.52317894","0.484182","0.0564","0.5884","0.2756","51","marin/yellow-6b4f36d8805a243e.mp3"
"cedar","yellow","yellow","","","1.368","0.0541942","0.51213199","0.366061","0.1797","0.7604","0.6076","51","cedar/yellow-6b4f36d8805a243e.mp3"
"marin","yes","yes","","","1.056","0.04124372","0.34910351","0.326073","0.3884","0.8922","0.1638","121","marin/yes-5040625b1fb6fa4a.mp3"
"cedar","yes","yes","","","1.2","0.04442253","0.52385467","0.328611","0.0986","0.6358","0.5642","121","cedar/yes-5040625b1fb6fa4a.mp3"
"marin","yesterday","yesterday","","","1.248","0.06198729","0.48098648","0.486796","0.2403","0.987","0.261","32|34","marin/yesterday-a35eae439adcf3b5.mp3"
"cedar","yesterday","yesterday","","","1.248","0.05302999","0.57476068","0.553686","0.0601","0.9827","0.2653","32|34","cedar/yesterday-a35eae439adcf3b5.mp3"
"marin","yet","yet","","","0.816","0.04420044","0.36428642","0.304662","0.2052","0.638","0.178","120","marin/yet-452fe8d9cc4859cf.mp3"
"cedar","yet","yet","","","0.96","0.05387258","0.57600021","0.276194","0.1012","0.5243","0.4357","120","cedar/yet-452fe8d9cc4859cf.mp3"
"marin","You bet.","You bet.","","","1.416","0.0619948","0.31926349","0.331524","0.476","1.123","0.293","","marin/you-bet-917a5b1675c1c916.mp3"
"cedar","You bet.","You bet.","","","1.368","0.04099099","0.43624756","0.264209","0.3041","0.8172","0.5508","","cedar/you-bet-917a5b1675c1c916.mp3"
"marin","You can say that again.","You can say that again.","","","1.656","0.06507989","0.33325517","0.580088","0.0676","1.2646","0.3914","","marin/you-can-say-that-again-6e84d10bd6f3f347.mp3"
"cedar","You can say that again.","You can say that again.","","","1.56","0.06420325","0.54086214","0.538929","0.1965","1.2446","0.3154","","cedar/you-can-say-that-again-6e84d10bd6f3f347.mp3"
"marin","you","you","","","1.848","0.05103859","0.27632996","0.205154","0.5246","0.9366","0.9114","126","marin/you-ee6ba21ef6c1d607.mp3"
"cedar","you","you","","","0.864","0.06817946","0.51309562","0.351731","0.1312","0.5186","0.3454","126","cedar/you-ee6ba21ef6c1d607.mp3"
"marin","young","young","","","0.96","0.04431543","0.36523801","0.438563","0.1677","0.6444","0.3156","17","marin/young-2b3def7931a792d2.mp3"
"cedar","young","young","","","1.008","0.04859","0.50596088","0.323702","0.1832","0.5935","0.4145","17","cedar/young-2b3def7931a792d2.mp3"
"marin","your","your","","","1.368","0.05207895","0.34665066","0.268701","0.41","0.8823","0.4857","125|126","marin/your-bc2091ae3cd2d4c1.mp3"
"cedar","your","your","","","1.2","0.05634892","0.47481465","0.286562","0.4244","0.8632","0.3368","125|126","cedar/your-bc2091ae3cd2d4c1.mp3"
"marin","yours","yours","","","1.512","0.05354441","0.38446319","0.283951","0.1368","0.6698","0.8422","126","marin/yours-563dc83fbdfe3548.mp3"
"cedar","yours","yours","","","1.512","0.03930288","0.41786623","0.195299","0.5009","0.909","0.603","126","cedar/yours-563dc83fbdfe3548.mp3"
"marin","yourself","yourself","","","1.416","0.06053692","0.38231829","0.402807","0.086","0.8978","0.5182","126","marin/yourself-0837adf940c927db.mp3"
"cedar","yourself","yourself","","","2.664","0.05232095","0.49412045","0.226195","0.0648","0.9144","1.7496","126","cedar/yourself-0837adf940c927db.mp3"
"marin","yourselves","yourselves","","","1.512","0.06071525","0.36448103","0.49081","0.0606","1.023","0.489","126","marin/yourselves-d6a4a8eb3363d5cc.mp3"
"cedar","yourselves","yourselves","","","1.968","0.06954837","0.59701705","0.418265","0.0569","1.2216","0.7464","126","cedar/yourselves-d6a4a8eb3363d5cc.mp3"
"marin","youth","youth","","","1.968","0.03391934","0.29391652","0.174215","0.4581","0.9843","0.9837","1","marin/youth-04a461cf203365d0.mp3"
"cedar","youth","youth","","","2.568","0.02809838","0.31199864","0.127799","0.2415","0.7429","1.8251","1","cedar/youth-04a461cf203365d0.mp3"
"marin","yummy","yummy","","","1.656","0.05425474","0.35218042","0.245647","0.6303","1.0711","0.5849","44","marin/yummy-2a296977a4572521.mp3"
"cedar","yummy","yummy","","","2.4","0.02705274","0.4050867","0.171788","0.3146","0.8617","1.5383","44","cedar/yummy-2a296977a4572521.mp3"
"marin","zebra","zebra","","","1.416","0.05673029","0.26955834","0.407147","0.3086","0.9562","0.4598","111","marin/zebra-3dc3ae00e6d09d5e.mp3"
"cedar","zebra","zebra","","","1.656","0.03969446","0.43405282","0.251824","0.6532","1.1527","0.5032","111","cedar/zebra-3dc3ae00e6d09d5e.mp3"
"marin","zero","zero","","","1.104","0.04981114","0.27366671","0.379586","0.1625","0.6924","0.4116","29","marin/zero-ff9fb51036a15c5c.mp3"
"cedar","zero","zero","","","1.512","0.04025237","0.37839228","0.32435","0.3774","0.9535","0.5585","29","cedar/zero-ff9fb51036a15c5c.mp3"
"marin","zoo","zoo","","","1.104","0.05699925","0.34780097","0.357299","0.3887","0.8429","0.2611","85","marin/zoo-9eb0294dc02883d2.mp3"
"cedar","zoo","zoo","","","1.104","0.07123294","0.47224402","0.447652","0.2399","0.8197","0.2843","85","cedar/zoo-9eb0294dc02883d2.mp3"
