"voice","displayText","expectedText","transcript","similarity","semanticIssue","staticIssues","transcriptionError","bytes","durationSeconds","lessons","relativePath"
"marin","a","a","","","","","","19968","1.248","125","public/audio/tts/library/marin/a-87428fc522803d31.mp3"
"cedar","a","a","","","","","","26496","1.656","125","public/audio/tts/library/cedar/a-87428fc522803d31.mp3"
"marin","a blessing in disguise","a blessing in disguise","","","","","","31488","1.968","","public/audio/tts/library/marin/a-blessing-in-disguise-8dc8fff5013dcf37.mp3"
"cedar","a blessing in disguise","a blessing in disguise","","","","","","31488","1.968","","public/audio/tts/library/cedar/a-blessing-in-disguise-8dc8fff5013dcf37.mp3"
"marin","a little","a little","","","","","","17664","1.104","129","public/audio/tts/library/marin/a-little-ba40ecbbeeca79ac.mp3"
"cedar","a little","a little","","","","","","19968","1.248","129","public/audio/tts/library/cedar/a-little-ba40ecbbeeca79ac.mp3"
"marin","a lot of","a lot of","","","","","","32256","2.016","128|129","public/audio/tts/library/marin/a-lot-of-caeee3cf22acda05.mp3"
"cedar","a lot of","a lot of","","","","","","26496","1.656","128|129","public/audio/tts/library/cedar/a-lot-of-caeee3cf22acda05.mp3"
"marin","a lot of / lots of","a lot of, or lots of","","","","","","44160","2.76","","public/audio/tts/library/marin/a-lot-of-lots-of-9e6a03af67fb9ee1.mp3"
"cedar","a lot of / lots of","a lot of, or lots of","","","","","","41856","2.616","","public/audio/tts/library/cedar/a-lot-of-lots-of-9e6a03af67fb9ee1.mp3"
"marin","a.m.","a.m.","","","","","","21888","1.368","31","public/audio/tts/library/marin/a-m-0cdb352b9ee8df43.mp3"
"cedar","a.m.","a.m.","","","","","","28800","1.8","31","public/audio/tts/library/cedar/a-m-0cdb352b9ee8df43.mp3"
"marin","a pair of","a pair of","","","","","","38400","2.4","","public/audio/tts/library/marin/a-pair-of-a7b039bdd6d9034f.mp3"
"cedar","a pair of","a pair of","","","","","","24192","1.512","","public/audio/tts/library/cedar/a-pair-of-a7b039bdd6d9034f.mp3"
"marin","a piece of cake","a piece of cake","","","","","","27264","1.704","","public/audio/tts/library/marin/a-piece-of-cake-c0ed9f50c2916e81.mp3"
"cedar","a piece of cake","a piece of cake","","","","","","28032","1.752","","public/audio/tts/library/cedar/a-piece-of-cake-c0ed9f50c2916e81.mp3"
"marin","a set of","a set of","","","","","","22656","1.416","","public/audio/tts/library/marin/a-set-of-95112f95d16a9be4.mp3"
"cedar","a set of","a set of","","","","","","18432","1.152","","public/audio/tts/library/cedar/a-set-of-95112f95d16a9be4.mp3"
"marin","able","able","","","","","","21888","1.368","16","public/audio/tts/library/marin/able-881d2d1ae582bdb3.mp3"
"cedar","able","able","","","","","","35328","2.208","16","public/audio/tts/library/cedar/able-881d2d1ae582bdb3.mp3"
"marin","about","about","","","","","","33024","2.064","132","public/audio/tts/library/marin/about-6505b068a611ccac.mp3"
"cedar","about","about","","","","","","16896","1.056","132","public/audio/tts/library/cedar/about-6505b068a611ccac.mp3"
"marin","above","above","","","","","","25728","1.608","130","public/audio/tts/library/marin/above-b7b492fc71761e37.mp3"
"cedar","above","above","","","","","","19200","1.2","130","public/audio/tts/library/cedar/above-b7b492fc71761e37.mp3"
"marin","above one's head","above one's head","","","","","","26496","1.656","","public/audio/tts/library/marin/above-ones-head-2ac4732f5cfa0cc5.mp3"
"cedar","above one's head","above one's head","","","","","","28032","1.752","","public/audio/tts/library/cedar/above-ones-head-2ac4732f5cfa0cc5.mp3"
"marin","abroad","abroad","","","","","","19968","1.248","","public/audio/tts/library/marin/abroad-032a4bafaa1aca87.mp3"
"cedar","abroad","abroad","","","","","","19968","1.248","","public/audio/tts/library/cedar/abroad-032a4bafaa1aca87.mp3"
"marin","absent","absent","","","","","","17664","1.104","75","public/audio/tts/library/marin/absent-7925d3e9a9613a09.mp3"
"cedar","absent","absent","","","","","","15360","0.96","75","public/audio/tts/library/cedar/absent-7925d3e9a9613a09.mp3"
"marin","accept","accept","","","","","","21120","1.32","115","public/audio/tts/library/marin/accept-a7569daef68e7aa9.mp3"
"cedar","accept","accept","","","","","","44160","2.76","115","public/audio/tts/library/cedar/accept-a7569daef68e7aa9.mp3"
"marin","accident","accident","","","","","","26496","1.656","95","public/audio/tts/library/marin/accident-af76b143ca437195.mp3"
"cedar","accident","accident","","","","","","28800","1.8","95","public/audio/tts/library/cedar/accident-af76b143ca437195.mp3"
"marin","account for","account for","","","","","","19968","1.248","","public/audio/tts/library/marin/account-for-b837a2f56ea054fe.mp3"
"cedar","account for","account for","","","","","","21888","1.368","","public/audio/tts/library/cedar/account-for-b837a2f56ea054fe.mp3"
"marin","across","across","","","","","","15360","0.96","132","public/audio/tts/library/marin/across-712d606e22948cf9.mp3"
"cedar","across","across","","","","","","19968","1.248","132","public/audio/tts/library/cedar/across-712d606e22948cf9.mp3"
"marin","across from","across from","","","","","","25728","1.608","","public/audio/tts/library/marin/across-from-37480432ebfc0225.mp3"
"cedar","across from","across from","","","","","","21120","1.32","","public/audio/tts/library/cedar/across-from-37480432ebfc0225.mp3"
"marin","act","act","","","","","","19968","1.248","4","public/audio/tts/library/marin/act-4147b372ff856a30.mp3"
"cedar","act","act","","","","","","24960","1.56","4","public/audio/tts/library/cedar/act-4147b372ff856a30.mp3"
"marin","action","action","","","","","","19968","1.248","59","public/audio/tts/library/marin/action-c8d5009c6f5c64ea.mp3"
"cedar","action","action","","","","","","23424","1.464","59","public/audio/tts/library/cedar/action-c8d5009c6f5c64ea.mp3"
"marin","active","active","","","","","","16896","1.056","14","public/audio/tts/library/marin/active-45df5ad5e0ecfa54.mp3"
"cedar","active","active","","","","","","19968","1.248","14","public/audio/tts/library/cedar/active-45df5ad5e0ecfa54.mp3"
"marin","activity","activity","","","","","","34560","2.16","102","public/audio/tts/library/marin/activity-ea4fb47769f35d92.mp3"
"cedar","activity","activity","","","","","","23424","1.464","102","public/audio/tts/library/cedar/activity-ea4fb47769f35d92.mp3"
"marin","actor","actor","","","","","","13824","0.864","4","public/audio/tts/library/marin/actor-3497a84f0d54995e.mp3"
"cedar","actor","actor","","","","","","24192","1.512","4","public/audio/tts/library/cedar/actor-3497a84f0d54995e.mp3"
"marin","actress","actress","","","","","","36864","2.304","4","public/audio/tts/library/marin/actress-c8986d685c845ed0.mp3"
"cedar","actress","actress","","","","","","28800","1.8","4","public/audio/tts/library/cedar/actress-c8986d685c845ed0.mp3"
"marin","actually","actually","","","","","","15360","0.96","121","public/audio/tts/library/marin/actually-2390a473c13ac81e.mp3"
"cedar","actually","actually","","","","","","14592","0.912","121","public/audio/tts/library/cedar/actually-2390a473c13ac81e.mp3"
"marin","add","add","","","","","","13824","0.864","78","public/audio/tts/library/marin/add-87623ceab830648b.mp3"
"cedar","add","add","","","","","","16896","1.056","78","public/audio/tts/library/cedar/add-87623ceab830648b.mp3"
"marin","add fuel to the flames","add fuel to the flames","","","","","","35328","2.208","","public/audio/tts/library/marin/add-fuel-to-the-flames-6e107b117bbfad26.mp3"
"cedar","add fuel to the flames","add fuel to the flames","","","","","","46464","2.904","","public/audio/tts/library/cedar/add-fuel-to-the-flames-6e107b117bbfad26.mp3"
"marin","address","address. Address.","","","","","","41088","2.568","83","public/audio/tts/library/marin/address-eb7017ac3d7db31b.mp3"
"cedar","address","address. Address.","","","","","","37632","2.352","83","public/audio/tts/library/cedar/address-eb7017ac3d7db31b.mp3"
"marin","adult","adult","","","","","","16128","1.008","1","public/audio/tts/library/marin/adult-e3999446583a7b06.mp3"
"cedar","adult","adult","","","","","","17664","1.104","1","public/audio/tts/library/cedar/adult-e3999446583a7b06.mp3"
"marin","advertisement","advertisement","","","","","","24192","1.512","9","public/audio/tts/library/marin/advertisement-7c530a9362be3fe2.mp3"
"cedar","advertisement","advertisement","","","","","","24960","1.56","9","public/audio/tts/library/cedar/advertisement-7c530a9362be3fe2.mp3"
"marin","advice","advice","","","","","","14592","0.912","66","public/audio/tts/library/marin/advice-a44cebcde6f72dbe.mp3"
"cedar","advice","advice","","","","","","29568","1.848","66","public/audio/tts/library/cedar/advice-a44cebcde6f72dbe.mp3"
"marin","advise","advise","","","","","","24192","1.512","66","public/audio/tts/library/marin/advise-7c36385f7d2b8796.mp3"
"cedar","advise","advise","","","","","","16896","1.056","66","public/audio/tts/library/cedar/advise-7c36385f7d2b8796.mp3"
"marin","affect","affect","","","","","","27264","1.704","62","public/audio/tts/library/marin/affect-338615e632354d0f.mp3"
"cedar","affect","affect","","","","","","32256","2.016","62","public/audio/tts/library/cedar/affect-338615e632354d0f.mp3"
"marin","afraid","afraid","","","","","","24960","1.56","14","public/audio/tts/library/marin/afraid-19d39e31f475cf22.mp3"
"cedar","afraid","afraid","","","","","","24192","1.512","14","public/audio/tts/library/cedar/afraid-19d39e31f475cf22.mp3"
"marin","after","after","","","","","","13824","0.864","131|133","public/audio/tts/library/marin/after-7b9a72466d3960eb.mp3"
"cedar","after","after","","","","","","21120","1.32","131|133","public/audio/tts/library/cedar/after-7b9a72466d3960eb.mp3"
"marin","after all","after all","","","","","","36096","2.256","","public/audio/tts/library/marin/after-all-c15501f479a4453c.mp3"
"cedar","after all","after all","","","","","","26496","1.656","","public/audio/tts/library/cedar/after-all-c15501f479a4453c.mp3"
"marin","after dark","after dark","","","","","","25728","1.608","","public/audio/tts/library/marin/after-dark-3c4c4e560ee0c56e.mp3"
"cedar","after dark","after dark","","","","","","28032","1.752","","public/audio/tts/library/cedar/after-dark-3c4c4e560ee0c56e.mp3"
"marin","after school","after school","","","","","","22656","1.416","","public/audio/tts/library/marin/after-school-2422eded2404b17c.mp3"
"cedar","after school","after school","","","","","","22656","1.416","","public/audio/tts/library/cedar/after-school-2422eded2404b17c.mp3"
"marin","after work","after work","","","","","","29568","1.848","","public/audio/tts/library/marin/after-work-dc86dc1e6ae5e0a2.mp3"
"cedar","after work","after work","","","","","","22656","1.416","","public/audio/tts/library/cedar/after-work-dc86dc1e6ae5e0a2.mp3"
"marin","afternoon","afternoon","","","","","","18432","1.152","31","public/audio/tts/library/marin/afternoon-d14fc3a4ea42ad2f.mp3"
"cedar","afternoon","afternoon","","","","","","21888","1.368","31","public/audio/tts/library/cedar/afternoon-d14fc3a4ea42ad2f.mp3"
"marin","again","again","","","","","","14592","0.912","120","public/audio/tts/library/marin/again-9252a75c942da16f.mp3"
"cedar","again","again","","","","","","17664","1.104","120","public/audio/tts/library/cedar/again-9252a75c942da16f.mp3"
"marin","against","against","","","","","","24192","1.512","130","public/audio/tts/library/marin/against-0814dacd9de4db7e.mp3"
"cedar","against","against","","","","","","15360","0.96","130","public/audio/tts/library/cedar/against-0814dacd9de4db7e.mp3"
"marin","age","age","","","","","","14592","0.912","17","public/audio/tts/library/marin/age-24bb0d625cd9d0a7.mp3"
"cedar","age","age","","","","","","21888","1.368","17","public/audio/tts/library/cedar/age-24bb0d625cd9d0a7.mp3"
"marin","ago","ago","","","","","","19968","1.248","34","public/audio/tts/library/marin/ago-b0c77b041eb79cc0.mp3"
"cedar","ago","ago","","","","","","33792","2.112","34","public/audio/tts/library/cedar/ago-b0c77b041eb79cc0.mp3"
"marin","agree","agree","","","","","","13824","0.864","115","public/audio/tts/library/marin/agree-cb639537d7abfedf.mp3"
"cedar","agree","agree","","","","","","18432","1.152","115","public/audio/tts/library/cedar/agree-cb639537d7abfedf.mp3"
"marin","agree with","agree with","","","","","","28800","1.8","","public/audio/tts/library/marin/agree-with-51c22455088753f9.mp3"
"cedar","agree with","agree with","","","","","","30720","1.92","","public/audio/tts/library/cedar/agree-with-51c22455088753f9.mp3"
"marin","ahead","ahead","","","","","","21888","1.368","120","public/audio/tts/library/marin/ahead-2c6ae7a63f2218c6.mp3"
"cedar","ahead","ahead","","","","","","24960","1.56","120","public/audio/tts/library/cedar/ahead-2c6ae7a63f2218c6.mp3"
"marin","ahead of","ahead of","","","","","","22656","1.416","","public/audio/tts/library/marin/ahead-of-fb2840b8a6d9d310.mp3"
"cedar","ahead of","ahead of","","","","","","23424","1.464","","public/audio/tts/library/cedar/ahead-of-fb2840b8a6d9d310.mp3"
"marin","aim","aim","","","","","","19968","1.248","63","public/audio/tts/library/marin/aim-1d8c2191730e001a.mp3"
"cedar","aim","aim","","","","","","24192","1.512","63","public/audio/tts/library/cedar/aim-1d8c2191730e001a.mp3"
"marin","air","air","","","","","","13824","0.864","106","public/audio/tts/library/marin/air-939fba7ff04bc648.mp3"
"cedar","air","air","","","","","","19968","1.248","106","public/audio/tts/library/cedar/air-939fba7ff04bc648.mp3"
"marin","air conditioner","air conditioner","","","","","","26496","1.656","69","public/audio/tts/library/marin/air-conditioner-03276c53c4214e5b.mp3"
"cedar","air conditioner","air conditioner","","","","","","32256","2.016","69","public/audio/tts/library/cedar/air-conditioner-03276c53c4214e5b.mp3"
"marin","airline","airline","","","","","","21120","1.32","91","public/audio/tts/library/marin/airline-fc72f21ee83dd4e3.mp3"
"cedar","airline","airline","","","","","","19968","1.248","91","public/audio/tts/library/cedar/airline-fc72f21ee83dd4e3.mp3"
"marin","airplane (plane)","airplane. Or, plane.","","","","","","45696","2.856","91","public/audio/tts/library/marin/airplane-plane-dae6e7d765cda494.mp3"
"cedar","airplane (plane)","airplane. Or, plane.","","","","","","44928","2.808","91","public/audio/tts/library/cedar/airplane-plane-dae6e7d765cda494.mp3"
"marin","airport","airport","","","","","","31488","1.968","91","public/audio/tts/library/marin/airport-0bbc45a52875049e.mp3"
"cedar","airport","airport","","","","","","22656","1.416","91","public/audio/tts/library/cedar/airport-0bbc45a52875049e.mp3"
"marin","alarm clock","alarm clock","","","","","","28800","1.8","35","public/audio/tts/library/marin/alarm-clock-339c127c938a213c.mp3"
"cedar","alarm clock","alarm clock","","","","","","23424","1.464","35","public/audio/tts/library/cedar/alarm-clock-339c127c938a213c.mp3"
"marin","alarm","alarm","","","","","","21120","1.32","109","public/audio/tts/library/marin/alarm-efc486847c1e78a0.mp3"
"cedar","alarm","alarm","","","","","","30720","1.92","109","public/audio/tts/library/cedar/alarm-efc486847c1e78a0.mp3"
"marin","album","album","","","","","","19968","1.248","56","public/audio/tts/library/marin/album-14e52c0907eff242.mp3"
"cedar","album","album","","","","","","18432","1.152","56","public/audio/tts/library/cedar/album-14e52c0907eff242.mp3"
"marin","alike","alike","","","","","","19200","1.2","117","public/audio/tts/library/marin/alike-fae0dc89d98da363.mp3"
"cedar","alike","alike","","","","","","19968","1.248","117","public/audio/tts/library/cedar/alike-fae0dc89d98da363.mp3"
"marin","alive","alive","","","","","","21888","1.368","24","public/audio/tts/library/marin/alive-f22225688f860f7f.mp3"
"cedar","alive","alive","","","","","","24192","1.512","24","public/audio/tts/library/cedar/alive-f22225688f860f7f.mp3"
"marin","all","all","","","","","","14592","0.912","129","public/audio/tts/library/marin/all-722cdd399249d70c.mp3"
"cedar","all","all","","","","","","19200","1.2","129","public/audio/tts/library/cedar/all-722cdd399249d70c.mp3"
"marin","all at once","all at once","","","","","","38400","2.4","","public/audio/tts/library/marin/all-at-once-f11107b46bdc22e8.mp3"
"cedar","all at once","all at once","","","","","","43392","2.712","","public/audio/tts/library/cedar/all-at-once-f11107b46bdc22e8.mp3"
"marin","all but","all but","","","","","","28800","1.8","","public/audio/tts/library/marin/all-but-c93326b3390161b4.mp3"
"cedar","all but","all but","","","","","","24192","1.512","","public/audio/tts/library/cedar/all-but-c93326b3390161b4.mp3"
"marin","all in all","all in all","","","","","","33792","2.112","","public/audio/tts/library/marin/all-in-all-afb9658f603d393f.mp3"
"cedar","all in all","all in all","","","","","","24960","1.56","","public/audio/tts/library/cedar/all-in-all-afb9658f603d393f.mp3"
"marin","all night / all day long","all night long. Or, all day long.","","","","","","72960","4.56","","public/audio/tts/library/marin/all-night-all-day-long-762f9c8c038b6ec7.mp3"
"cedar","all night / all day long","all night long. Or, all day long.","","","","","","55296","3.456","","public/audio/tts/library/cedar/all-night-all-day-long-762f9c8c038b6ec7.mp3"
"marin","all of a sudden","all of a sudden","","","","","","30720","1.92","","public/audio/tts/library/marin/all-of-a-sudden-2a80b97a6b381a96.mp3"
"cedar","all of a sudden","all of a sudden","","","","","","19200","1.2","","public/audio/tts/library/cedar/all-of-a-sudden-2a80b97a6b381a96.mp3"
"marin","All right.","All right.","","","","","","15360","0.96","","public/audio/tts/library/marin/all-right-f522cfac88450893.mp3"
"cedar","All right.","All right.","","","","","","19968","1.248","","public/audio/tts/library/cedar/all-right-f522cfac88450893.mp3"
"marin","All roads lead to Rome.","All roads lead to Rome.","","","","","","53760","3.36","","public/audio/tts/library/marin/all-roads-lead-to-rome-5f3664ee60521280.mp3"
"cedar","All roads lead to Rome.","All roads lead to Rome.","","","","","","31488","1.968","","public/audio/tts/library/cedar/all-roads-lead-to-rome-5f3664ee60521280.mp3"
"marin","all the time","all the time","","","","","","28800","1.8","","public/audio/tts/library/marin/all-the-time-63ce4adc3d0ec4c2.mp3"
"cedar","all the time","all the time","","","","","","21120","1.32","","public/audio/tts/library/cedar/all-the-time-63ce4adc3d0ec4c2.mp3"
"marin","all the way","all the way","","","","","","26496","1.656","","public/audio/tts/library/marin/all-the-way-5688d3f07bb81f34.mp3"
"cedar","all the way","all the way","","","","","","26496","1.656","","public/audio/tts/library/cedar/all-the-way-5688d3f07bb81f34.mp3"
"marin","all thumbs","all thumbs","","","","","","25728","1.608","","public/audio/tts/library/marin/all-thumbs-0a0306e9741a5db1.mp3"
"cedar","all thumbs","all thumbs","","","","","","28032","1.752","","public/audio/tts/library/cedar/all-thumbs-0a0306e9741a5db1.mp3"
"marin","allow","allow","","","","","","10368","0.648","107","public/audio/tts/library/marin/allow-c60215d0b68bde1d.mp3"
"cedar","allow","allow","","","","","","23424","1.464","107","public/audio/tts/library/cedar/allow-c60215d0b68bde1d.mp3"
"marin","almost","almost","","","","","","21120","1.32","119","public/audio/tts/library/marin/almost-f51765ce631c1f83.mp3"
"cedar","almost","almost","","","","","","21120","1.32","119","public/audio/tts/library/cedar/almost-f51765ce631c1f83.mp3"
"marin","alone","alone","","","","","","16128","1.008","121","public/audio/tts/library/marin/alone-c743096592b5348b.mp3"
"cedar","alone","alone","","","","","","28032","1.752","121","public/audio/tts/library/cedar/alone-c743096592b5348b.mp3"
"marin","along","along","","","","","","13056","0.816","132","public/audio/tts/library/marin/along-fd99379851a1c938.mp3"
"cedar","along","along","","","","","","28032","1.752","132","public/audio/tts/library/cedar/along-fd99379851a1c938.mp3"
"marin","along the way","along the way","","","","","","19968","1.248","","public/audio/tts/library/marin/along-the-way-66104814226bfd9a.mp3"
"cedar","along the way","along the way","","","","","","36096","2.256","","public/audio/tts/library/cedar/along-the-way-66104814226bfd9a.mp3"
"marin","aloud","aloud","","","","","","30720","1.92","87|121","public/audio/tts/library/marin/aloud-e771b431bf249e6d.mp3"
"cedar","aloud","aloud","","","","","","15360","0.96","87|121","public/audio/tts/library/cedar/aloud-e771b431bf249e6d.mp3"
"marin","alphabet","alphabet","","","","","","23424","1.464","77","public/audio/tts/library/marin/alphabet-778f1ddb28d4f0e3.mp3"
"cedar","alphabet","alphabet","","","","","","22656","1.416","77","public/audio/tts/library/cedar/alphabet-778f1ddb28d4f0e3.mp3"
"marin","already","already","","","","","","18432","1.152","120","public/audio/tts/library/marin/already-22f39aa0eb1e642b.mp3"
"cedar","already","already","","","","","","19200","1.2","120","public/audio/tts/library/cedar/already-22f39aa0eb1e642b.mp3"
"marin","also","also","","","","","","16896","1.056","120","public/audio/tts/library/marin/also-c0cdfb7c4de8510f.mp3"
"cedar","also","also","","","","","","21120","1.32","120","public/audio/tts/library/cedar/also-c0cdfb7c4de8510f.mp3"
"marin","although","although","","","","","","18432","1.152","133","public/audio/tts/library/marin/although-99d03bab6c9a85bf.mp3"
"cedar","although","although","","","","","","33024","2.064","133","public/audio/tts/library/cedar/although-99d03bab6c9a85bf.mp3"
"marin","although / though","although, or though","","","","","","36096","2.256","","public/audio/tts/library/marin/although-though-819385e764d6a382.mp3"
"cedar","although / though","although, or though","","","","","","40320","2.52","","public/audio/tts/library/cedar/although-though-819385e764d6a382.mp3"
"marin","altogether","altogether","","","","","","19968","1.248","121","public/audio/tts/library/marin/altogether-adf9f29c2c707239.mp3"
"cedar","altogether","altogether","","","","","","24960","1.56","121","public/audio/tts/library/cedar/altogether-adf9f29c2c707239.mp3"
"marin","always","always","","","","","","19200","1.2","118","public/audio/tts/library/marin/always-0565e75d9e5b70dc.mp3"
"cedar","always","always","","","","","","21120","1.32","118","public/audio/tts/library/cedar/always-0565e75d9e5b70dc.mp3"
"marin","am","am","","","","","","16896","1.056","122","public/audio/tts/library/marin/am-2c0d36faf140208f.mp3"
"cedar","am","am","","","","","","14592","0.912","122","public/audio/tts/library/cedar/am-2c0d36faf140208f.mp3"
"marin","ambulance","ambulance","","","","","","19200","1.2","109","public/audio/tts/library/marin/ambulance-0ca9cb7434579f07.mp3"
"cedar","ambulance","ambulance","","","","","","21888","1.368","109","public/audio/tts/library/cedar/ambulance-0ca9cb7434579f07.mp3"
"marin","America","America","","","","","","19968","1.248","89","public/audio/tts/library/marin/america-9572dc1483a04977.mp3"
"cedar","America","America","","","","","","21120","1.32","89","public/audio/tts/library/cedar/america-9572dc1483a04977.mp3"
"marin","American","American","","","","","","39168","2.448","89","public/audio/tts/library/marin/american-48e9f7d867a2dc09.mp3"
"cedar","American","American","","","","","","34560","2.16","89","public/audio/tts/library/cedar/american-48e9f7d867a2dc09.mp3"
"marin","among","among","","","","","","23424","1.464","130","public/audio/tts/library/marin/among-5a3e597bc4365d59.mp3"
"cedar","among","among","","","","","","16896","1.056","130","public/audio/tts/library/cedar/among-5a3e597bc4365d59.mp3"
"marin","amount","amount","","","","","","21120","1.32","98","public/audio/tts/library/marin/amount-ab25233eea4733d0.mp3"
"cedar","amount","amount","","","","","","15360","0.96","98","public/audio/tts/library/cedar/amount-ab25233eea4733d0.mp3"
"marin","an","an","","","","","","19200","1.2","125","public/audio/tts/library/marin/an-50ce2d6d629fa838.mp3"
"cedar","an","an","","","","","","15360","0.96","125","public/audio/tts/library/cedar/an-50ce2d6d629fa838.mp3"
"marin","ancient","ancient","","","","","","15360","0.96","34","public/audio/tts/library/marin/ancient-d7e86677e4d71130.mp3"
"cedar","ancient","ancient","","","","","","16896","1.056","34","public/audio/tts/library/cedar/ancient-d7e86677e4d71130.mp3"
"marin","and","and","","","","","","13056","0.816","133","public/audio/tts/library/marin/and-4e37fb97801e7191.mp3"
"cedar","and","and","","","","","","15360","0.96","133","public/audio/tts/library/cedar/and-4e37fb97801e7191.mp3"
"marin","and so on","and so on","","","","","","26496","1.656","","public/audio/tts/library/marin/and-so-on-51ffa50a977a583f.mp3"
"cedar","and so on","and so on","","","","","","24192","1.512","","public/audio/tts/library/cedar/and-so-on-51ffa50a977a583f.mp3"
"marin","And you?","And you?","","","","","","16896","1.056","","public/audio/tts/library/marin/and-you-795d8701aa706ca3.mp3"
"cedar","And you?","And you?","","","","","","19200","1.2","","public/audio/tts/library/cedar/and-you-795d8701aa706ca3.mp3"
"marin","angel","angel","","","","","","16128","1.008","2","public/audio/tts/library/marin/angel-6e90aca46588438c.mp3"
"cedar","angel","angel","","","","","","21888","1.368","2","public/audio/tts/library/cedar/angel-6e90aca46588438c.mp3"
"marin","anger","anger","","","","","","13824","0.864","22","public/audio/tts/library/marin/anger-fa4df0c507f8a760.mp3"
"cedar","anger","anger","","","","","","21120","1.32","22","public/audio/tts/library/cedar/anger-fa4df0c507f8a760.mp3"
"marin","angle","angle","","","","","","18432","1.152","","public/audio/tts/library/marin/angle-7480999dafeff49e.mp3"
"cedar","angle","angle","","","","","","17664","1.104","","public/audio/tts/library/cedar/angle-7480999dafeff49e.mp3"
"marin","angry","angry","","","","","","19200","1.2","15","public/audio/tts/library/marin/angry-98c7438594498e14.mp3"
"cedar","angry","angry","","","","","","16128","1.008","15","public/audio/tts/library/cedar/angry-98c7438594498e14.mp3"
"marin","animal","animal","","","","","","23424","1.464","110","public/audio/tts/library/marin/animal-39a33f743cb27a4c.mp3"
"cedar","animal","animal","","","","","","16896","1.056","110","public/audio/tts/library/cedar/animal-39a33f743cb27a4c.mp3"
"marin","ankle","ankle","","","","","","16128","1.008","20","public/audio/tts/library/marin/ankle-697824c0079c1558.mp3"
"cedar","ankle","ankle","","","","","","16896","1.056","20","public/audio/tts/library/cedar/ankle-697824c0079c1558.mp3"
"marin","another","another","","","","","","22656","1.416","128","public/audio/tts/library/marin/another-33a7b215065f2ee8.mp3"
"cedar","another","another","","","","","","22656","1.416","128","public/audio/tts/library/cedar/another-33a7b215065f2ee8.mp3"
"marin","answer","answer","","","","","","19968","1.248","75","public/audio/tts/library/marin/answer-6959b4fff6c9960b.mp3"
"cedar","answer","answer","","","","","","17664","1.104","75","public/audio/tts/library/cedar/answer-6959b4fff6c9960b.mp3"
"marin","answer / pick up the phone","answer the phone. Or, pick up the phone.","","","","","","66432","4.152","","public/audio/tts/library/marin/answer-pick-up-the-phone-c25837ef644c9668.mp3"
"cedar","answer / pick up the phone","answer the phone. Or, pick up the phone.","","","","","","52992","3.312","","public/audio/tts/library/cedar/answer-pick-up-the-phone-c25837ef644c9668.mp3"
"marin","ant","ant","","","","","","13824","0.864","113","public/audio/tts/library/marin/ant-f20f7cb935591966.mp3"
"cedar","ant","ant","","","","","","12288","0.768","113","public/audio/tts/library/cedar/ant-f20f7cb935591966.mp3"
"marin","any","any","","","","","","26496","1.656","129","public/audio/tts/library/marin/any-8c1ee007205bc161.mp3"
"cedar","any","any","","","","","","23424","1.464","129","public/audio/tts/library/cedar/any-8c1ee007205bc161.mp3"
"marin","anybody","anybody","","","","","","17664","1.104","127","public/audio/tts/library/marin/anybody-d12d5294d3e8dc16.mp3"
"cedar","anybody","anybody","","","","","","16896","1.056","127","public/audio/tts/library/cedar/anybody-d12d5294d3e8dc16.mp3"
"marin","anyone","anyone","","","","","","16128","1.008","127","public/audio/tts/library/marin/anyone-34c5318f2b6870f2.mp3"
"cedar","anyone","anyone","","","","","","33024","2.064","127","public/audio/tts/library/cedar/anyone-34c5318f2b6870f2.mp3"
"marin","anyone (anybody)","anyone. Or, anybody.","","","","","","41856","2.616","","public/audio/tts/library/marin/anyone-anybody-bc157fe67415038f.mp3"
"cedar","anyone (anybody)","anyone. Or, anybody.","","","","","","48000","3","","public/audio/tts/library/cedar/anyone-anybody-bc157fe67415038f.mp3"
"marin","anything","anything","","","","","","16896","1.056","127","public/audio/tts/library/marin/anything-ce32b18ae7f79e70.mp3"
"cedar","anything","anything","","","","","","19968","1.248","127","public/audio/tts/library/cedar/anything-ce32b18ae7f79e70.mp3"
"marin","Anything else?","Anything else?","","","","","","19200","1.2","","public/audio/tts/library/marin/anything-else-f0e1ca7e0fda8c49.mp3"
"cedar","Anything else?","Anything else?","","","","","","21120","1.32","","public/audio/tts/library/cedar/anything-else-f0e1ca7e0fda8c49.mp3"
"marin","Anything to eat / drink?","Anything to eat, or drink?","","","","","","44928","2.808","","public/audio/tts/library/marin/anything-to-eat-drink-35746e1c806b4818.mp3"
"cedar","Anything to eat / drink?","Anything to eat, or drink?","","","","","","38400","2.4","","public/audio/tts/library/cedar/anything-to-eat-drink-35746e1c806b4818.mp3"
"marin","anywhere","anywhere","","","","","","28800","1.8","120","public/audio/tts/library/marin/anywhere-43018b072d578c1f.mp3"
"cedar","anywhere","anywhere","","","","","","18432","1.152","120","public/audio/tts/library/cedar/anywhere-43018b072d578c1f.mp3"
"marin","apartment","apartment","","","","","","24192","1.512","67","public/audio/tts/library/marin/apartment-b7ad55ee693c5457.mp3"
"cedar","apartment","apartment","","","","","","28032","1.752","67","public/audio/tts/library/cedar/apartment-b7ad55ee693c5457.mp3"
"marin","apologize","apologize","","","","","","30720","1.92","64","public/audio/tts/library/marin/apologize-3d178edaf3045e5d.mp3"
"cedar","apologize","apologize","","","","","","28800","1.8","64","public/audio/tts/library/cedar/apologize-3d178edaf3045e5d.mp3"
"marin","appear","appear","","","","","","21120","1.32","115","public/audio/tts/library/marin/appear-1188c70978ae2dab.mp3"
"cedar","appear","appear","","","","","","22656","1.416","115","public/audio/tts/library/cedar/appear-1188c70978ae2dab.mp3"
"marin","apple","apple","","","","","","19200","1.2","38","public/audio/tts/library/marin/apple-303980bcb9e9e6cd.mp3"
"cedar","apple","apple","","","","","","16128","1.008","38","public/audio/tts/library/cedar/apple-303980bcb9e9e6cd.mp3"
"marin","appreciate","appreciate","","","","","","17664","1.104","65","public/audio/tts/library/marin/appreciate-3af0f7bbc5ae2473.mp3"
"cedar","appreciate","appreciate","","","","","","30720","1.92","65","public/audio/tts/library/cedar/appreciate-3af0f7bbc5ae2473.mp3"
"marin","approve of","approve of","","","","","","22656","1.416","","public/audio/tts/library/marin/approve-of-67317b737e5b45e1.mp3"
"cedar","approve of","approve of","","","","","","36864","2.304","","public/audio/tts/library/cedar/approve-of-67317b737e5b45e1.mp3"
"marin","April","April","","","","","","13824","0.864","33","public/audio/tts/library/marin/april-7b77b7a9f59c4ba7.mp3"
"cedar","April","April","","","","","","16128","1.008","33","public/audio/tts/library/cedar/april-7b77b7a9f59c4ba7.mp3"
"marin","are","are","","","","","","12288","0.768","122","public/audio/tts/library/marin/are-3738b5cfcae9a17f.mp3"
"cedar","are","are","","","","","","16896","1.056","122","public/audio/tts/library/cedar/are-3738b5cfcae9a17f.mp3"
"marin","Are you sure?","Are you sure?","","","","","","19968","1.248","","public/audio/tts/library/marin/are-you-sure-e82a5865758d465b.mp3"
"cedar","Are you sure?","Are you sure?","","","","","","21120","1.32","","public/audio/tts/library/cedar/are-you-sure-e82a5865758d465b.mp3"
"marin","area","area","","","","","","14592","0.912","108","public/audio/tts/library/marin/area-006b0e0ee30eef68.mp3"
"cedar","area","area","","","","","","22656","1.416","108","public/audio/tts/library/cedar/area-006b0e0ee30eef68.mp3"
"marin","argue","argue","","","","","","26496","1.656","65","public/audio/tts/library/marin/argue-35cf4c7b9af24981.mp3"
"cedar","argue","argue","","","","","","29568","1.848","65","public/audio/tts/library/cedar/argue-35cf4c7b9af24981.mp3"
"marin","arm","arm","","","","","","24192","1.512","20","public/audio/tts/library/marin/arm-b94c946de56d6bd2.mp3"
"cedar","arm","arm","","","","","","28800","1.8","20","public/audio/tts/library/cedar/arm-b94c946de56d6bd2.mp3"
"marin","armchair","armchair","","","","","","22656","1.416","68","public/audio/tts/library/marin/armchair-d67e06d7590d1920.mp3"
"cedar","armchair","armchair","","","","","","21120","1.32","68","public/audio/tts/library/cedar/armchair-d67e06d7590d1920.mp3"
"marin","army","army","","","","","","19200","1.2","5","public/audio/tts/library/marin/army-59f87ef634eb773f.mp3"
"cedar","army","army","","","","","","28032","1.752","5","public/audio/tts/library/cedar/army-59f87ef634eb773f.mp3"
"marin","around","around","","","","","","31488","1.968","130|132","public/audio/tts/library/marin/around-453c9d4d8d935504.mp3"
"cedar","around","around","","","","","","17664","1.104","130|132","public/audio/tts/library/cedar/around-453c9d4d8d935504.mp3"
"marin","around here","around here","","","","","","22656","1.416","","public/audio/tts/library/marin/around-here-845ee09508d197b7.mp3"
"cedar","around here","around here","","","","","","41088","2.568","","public/audio/tts/library/cedar/around-here-845ee09508d197b7.mp3"
"marin","around the clock","around the clock","","","","","","36096","2.256","","public/audio/tts/library/marin/around-the-clock-9b683718fc37394d.mp3"
"cedar","around the clock","around the clock","","","","","","30720","1.92","","public/audio/tts/library/cedar/around-the-clock-9b683718fc37394d.mp3"
"marin","around the corner","around the corner","","","","","","36096","2.256","","public/audio/tts/library/marin/around-the-corner-ec912b38f5727870.mp3"
"cedar","around the corner","around the corner","","","","","","25728","1.608","","public/audio/tts/library/cedar/around-the-corner-ec912b38f5727870.mp3"
"marin","arrange","arrange","","","","","","19968","1.248","103","public/audio/tts/library/marin/arrange-5444affb56c3c377.mp3"
"cedar","arrange","arrange","","","","","","21120","1.32","103","public/audio/tts/library/cedar/arrange-5444affb56c3c377.mp3"
"marin","arrive","arrive","","","","","","37632","2.352","94","public/audio/tts/library/marin/arrive-882d174ae9dba762.mp3"
"cedar","arrive","arrive","","","","","","21888","1.368","94","public/audio/tts/library/cedar/arrive-882d174ae9dba762.mp3"
"marin","art","art","","","","","","11520","0.72","76","public/audio/tts/library/marin/art-e0a4e4d9746517c5.mp3"
"cedar","art","art","","","","","","14592","0.912","76","public/audio/tts/library/cedar/art-e0a4e4d9746517c5.mp3"
"marin","artist","artist","","","","","","13824","0.864","4","public/audio/tts/library/marin/artist-9015a768f01989c2.mp3"
"cedar","artist","artist","","","","","","19968","1.248","4","public/audio/tts/library/cedar/artist-9015a768f01989c2.mp3"
"marin","as","as","","","","","","14592","0.912","133","public/audio/tts/library/marin/as-8b97bca797508475.mp3"
"cedar","as","as","","","","","","29568","1.848","133","public/audio/tts/library/cedar/as-8b97bca797508475.mp3"
"marin","as a matter of fact","as a matter of fact","","","","","","33024","2.064","","public/audio/tts/library/marin/as-a-matter-of-fact-9923bec58a420591.mp3"
"cedar","as a matter of fact","as a matter of fact","","","","","","28800","1.8","","public/audio/tts/library/cedar/as-a-matter-of-fact-9923bec58a420591.mp3"
"marin","as a rule","as a rule","","","","","","24192","1.512","","public/audio/tts/library/marin/as-a-rule-2b30f3e4dd67dbe6.mp3"
"cedar","as a rule","as a rule","","","","","","27264","1.704","","public/audio/tts/library/cedar/as-a-rule-2b30f3e4dd67dbe6.mp3"
"marin","as far as","as far as","","","","","","48000","3","","public/audio/tts/library/marin/as-far-as-dae18757bd8abb50.mp3"
"cedar","as far as","as far as","","","","","","37632","2.352","","public/audio/tts/library/cedar/as-far-as-dae18757bd8abb50.mp3"
"marin","as for","as for","","","","","","22656","1.416","","public/audio/tts/library/marin/as-for-738b2711f24ca51f.mp3"
"cedar","as for","as for","","","","","","16896","1.056","","public/audio/tts/library/cedar/as-for-738b2711f24ca51f.mp3"
"marin","as long as","as long as","","","","","","39168","2.448","","public/audio/tts/library/marin/as-long-as-a98e7130b6280c2f.mp3"
"cedar","as long as","as long as","","","","","","41088","2.568","","public/audio/tts/library/cedar/as-long-as-a98e7130b6280c2f.mp3"
"marin","as sb./sth. goes","as sb., or sth. goes","","","","","","57600","3.6","","public/audio/tts/library/marin/as-sb-sth-goes-ced2b31bc9ef8d1a.mp3"
"cedar","as sb./sth. goes","as sb., or sth. goes","","","","","","56064","3.504","","public/audio/tts/library/cedar/as-sb-sth-goes-ced2b31bc9ef8d1a.mp3"
"marin","as soon as...","as soon as","","","","","","36864","2.304","","public/audio/tts/library/marin/as-soon-as-729d9550a42732cb.mp3"
"cedar","as soon as...","as soon as","","","","","","30720","1.92","","public/audio/tts/library/cedar/as-soon-as-729d9550a42732cb.mp3"
"marin","as soon as","as soon as","","","","","","35328","2.208","","public/audio/tts/library/marin/as-soon-as-caebe56ddcf16a15.mp3"
"cedar","as soon as","as soon as","","","","","","42624","2.664","","public/audio/tts/library/cedar/as-soon-as-caebe56ddcf16a15.mp3"
"marin","as to","as to","","","","","","28800","1.8","","public/audio/tts/library/marin/as-to-83932fc85edbefef.mp3"
"cedar","as to","as to","","","","","","24192","1.512","","public/audio/tts/library/cedar/as-to-83932fc85edbefef.mp3"
"marin","as usual","as usual","","","","","","27264","1.704","","public/audio/tts/library/marin/as-usual-968a275f6cbdb9f9.mp3"
"cedar","as usual","as usual","","","","","","23424","1.464","","public/audio/tts/library/cedar/as-usual-968a275f6cbdb9f9.mp3"
"marin","as well as","as well as","","","","","","27264","1.704","","public/audio/tts/library/marin/as-well-as-a3cc78fec3be95ce.mp3"
"cedar","as well as","as well as","","","","","","29568","1.848","","public/audio/tts/library/cedar/as-well-as-a3cc78fec3be95ce.mp3"
"marin","ask","ask","","","","","","17664","1.104","75","public/audio/tts/library/marin/ask-2ce021029478c521.mp3"
"cedar","ask","ask","","","","","","15360","0.96","75","public/audio/tts/library/cedar/ask-2ce021029478c521.mp3"
"marin","ask for","ask for","","","","","","25728","1.608","","public/audio/tts/library/marin/ask-for-ac660b9973c1ba98.mp3"
"cedar","ask for","ask for","","","","","","41088","2.568","","public/audio/tts/library/cedar/ask-for-ac660b9973c1ba98.mp3"
"marin","asleep","asleep","","","","","","25728","1.608","21","public/audio/tts/library/marin/asleep-ea54622f62b06efb.mp3"
"cedar","asleep","asleep","","","","","","15360","0.96","21","public/audio/tts/library/cedar/asleep-ea54622f62b06efb.mp3"
"marin","assistant","assistant","","","","","","18432","1.152","5","public/audio/tts/library/marin/assistant-18f567b536cbac63.mp3"
"cedar","assistant","assistant","","","","","","18432","1.152","5","public/audio/tts/library/cedar/assistant-18f567b536cbac63.mp3"
"marin","assume","assume","","","","","","16896","1.056","18","public/audio/tts/library/marin/assume-24e9b402c07cdc26.mp3"
"cedar","assume","assume","","","","","","21120","1.32","18","public/audio/tts/library/cedar/assume-24e9b402c07cdc26.mp3"
"marin","at a loss","at a loss","","","","","","33792","2.112","","public/audio/tts/library/marin/at-a-loss-202a002fd213d94d.mp3"
"cedar","at a loss","at a loss","","","","","","22656","1.416","","public/audio/tts/library/cedar/at-a-loss-202a002fd213d94d.mp3"
"marin","at all costs","at all costs","","","","","","36864","2.304","","public/audio/tts/library/marin/at-all-costs-fd7b5de0f044063c.mp3"
"cedar","at all costs","at all costs","","","","","","38400","2.4","","public/audio/tts/library/cedar/at-all-costs-fd7b5de0f044063c.mp3"
"marin","at best","at best","","","","","","18432","1.152","","public/audio/tts/library/marin/at-best-b4a8a45936da392f.mp3"
"cedar","at best","at best","","","","","","29568","1.848","","public/audio/tts/library/cedar/at-best-b4a8a45936da392f.mp3"
"marin","at","at","","","","","","13824","0.864","130|131","public/audio/tts/library/marin/at-f5d9ec14e8b0a034.mp3"
"cedar","at","at","","","","","","44160","2.76","130|131","public/audio/tts/library/cedar/at-f5d9ec14e8b0a034.mp3"
"marin","at first","at first","","","","","","27264","1.704","","public/audio/tts/library/marin/at-first-5588522a4b65f96b.mp3"
"cedar","at first","at first","","","","","","23424","1.464","","public/audio/tts/library/cedar/at-first-5588522a4b65f96b.mp3"
"marin","at hand","at hand","","","","","","23424","1.464","","public/audio/tts/library/marin/at-hand-b5cdd37d106d8715.mp3"
"cedar","at hand","at hand","","","","","","23424","1.464","","public/audio/tts/library/cedar/at-hand-b5cdd37d106d8715.mp3"
"marin","at heart","at heart","","","","","","24192","1.512","","public/audio/tts/library/marin/at-heart-d35118ed989fb2a8.mp3"
"cedar","at heart","at heart","","","","","","24192","1.512","","public/audio/tts/library/cedar/at-heart-d35118ed989fb2a8.mp3"
"marin","at intervals","at intervals","","","","","","29568","1.848","","public/audio/tts/library/marin/at-intervals-f297d54993114ee7.mp3"
"cedar","at intervals","at intervals","","","","","","21888","1.368","","public/audio/tts/library/cedar/at-intervals-f297d54993114ee7.mp3"
"marin","at large","at large","","","","","","30720","1.92","","public/audio/tts/library/marin/at-large-604276d47fd58bc8.mp3"
"cedar","at large","at large","","","","","","26496","1.656","","public/audio/tts/library/cedar/at-large-604276d47fd58bc8.mp3"
"marin","at last","at last","","","","","","30720","1.92","","public/audio/tts/library/marin/at-last-1b703810ed2469ab.mp3"
"cedar","at last","at last","","","","","","33792","2.112","","public/audio/tts/library/cedar/at-last-1b703810ed2469ab.mp3"
"marin","at least","at least","","","","","","22656","1.416","","public/audio/tts/library/marin/at-least-1491b0ea6b86828c.mp3"
"cedar","at least","at least","","","","","","21120","1.32","","public/audio/tts/library/cedar/at-least-1491b0ea6b86828c.mp3"
"marin","at length","at length","","","","","","24192","1.512","","public/audio/tts/library/marin/at-length-f38a5e4e77192cea.mp3"
"cedar","at length","at length","","","","","","44160","2.76","","public/audio/tts/library/cedar/at-length-f38a5e4e77192cea.mp3"
"marin","at most","at most","","","","","","36096","2.256","","public/audio/tts/library/marin/at-most-a9323da287281785.mp3"
"cedar","at most","at most","","","","","","26496","1.656","","public/audio/tts/library/cedar/at-most-a9323da287281785.mp3"
"marin","at noon","at noon","","","","","","22656","1.416","","public/audio/tts/library/marin/at-noon-a0c11da8dffd38c4.mp3"
"cedar","at noon","at noon","","","","","","24192","1.512","","public/audio/tts/library/cedar/at-noon-a0c11da8dffd38c4.mp3"
"marin","at present","at present","","","","","","24192","1.512","","public/audio/tts/library/marin/at-present-c21bec2206fba181.mp3"
"cedar","at present","at present","","","","","","29568","1.848","","public/audio/tts/library/cedar/at-present-c21bec2206fba181.mp3"
"marin","at random","at random","","","","","","24960","1.56","","public/audio/tts/library/marin/at-random-1dc10cadc9c79f94.mp3"
"cedar","at random","at random","","","","","","23424","1.464","","public/audio/tts/library/cedar/at-random-1dc10cadc9c79f94.mp3"
"marin","at the age of...","at the age of","","","","","","44928","2.808","","public/audio/tts/library/marin/at-the-age-of-c4ffb67c90a5edc4.mp3"
"cedar","at the age of...","at the age of","","","","","","31488","1.968","","public/audio/tts/library/cedar/at-the-age-of-c4ffb67c90a5edc4.mp3"
"marin","at the bottom of...","at the bottom of","","","","","","33024","2.064","","public/audio/tts/library/marin/at-the-bottom-of-be4a655509295fe9.mp3"
"cedar","at the bottom of...","at the bottom of","","","","","","44160","2.76","","public/audio/tts/library/cedar/at-the-bottom-of-be4a655509295fe9.mp3"
"marin","at the desk","at the desk","","","","","","25728","1.608","","public/audio/tts/library/marin/at-the-desk-48181628301e97b2.mp3"
"cedar","at the desk","at the desk","","","","","","29568","1.848","","public/audio/tts/library/cedar/at-the-desk-48181628301e97b2.mp3"
"marin","at the end of...","at the end of","","","","","","33024","2.064","","public/audio/tts/library/marin/at-the-end-of-c36f29c3aeb052a8.mp3"
"cedar","at the end of...","at the end of","","","","","","36096","2.256","","public/audio/tts/library/cedar/at-the-end-of-c36f29c3aeb052a8.mp3"
"marin","at the same time","at the same time","","","","","","33792","2.112","","public/audio/tts/library/marin/at-the-same-time-99e7a9f8985a6d0f.mp3"
"cedar","at the same time","at the same time","","","","","","36096","2.256","","public/audio/tts/library/cedar/at-the-same-time-99e7a9f8985a6d0f.mp3"
"marin","at times","at times","","","","","","21888","1.368","","public/audio/tts/library/marin/at-times-9b3c4e5eb6216654.mp3"
"cedar","at times","at times","","","","","","25728","1.608","","public/audio/tts/library/cedar/at-times-9b3c4e5eb6216654.mp3"
"marin","at work","at work","","","","","","21120","1.32","","public/audio/tts/library/marin/at-work-0323cb86a0fca4a9.mp3"
"cedar","at work","at work","","","","","","24960","1.56","","public/audio/tts/library/cedar/at-work-0323cb86a0fca4a9.mp3"
"marin","attack","attack","","","","","","24960","1.56","","public/audio/tts/library/marin/attack-ccdb438b8f0857e4.mp3"
"cedar","attack","attack","","","","","","35328","2.208","","public/audio/tts/library/cedar/attack-ccdb438b8f0857e4.mp3"
"marin","attend to","attend to","","","","","","25728","1.608","","public/audio/tts/library/marin/attend-to-458a5bcba71ab5b4.mp3"
"cedar","attend to","attend to","","","","","","36864","2.304","","public/audio/tts/library/cedar/attend-to-458a5bcba71ab5b4.mp3"
"marin","attention","attention","","","","","","23424","1.464","75","public/audio/tts/library/marin/attention-e3ae18dac0f9487f.mp3"
"cedar","attention","attention","","","","","","22656","1.416","75","public/audio/tts/library/cedar/attention-e3ae18dac0f9487f.mp3"
"marin","August","August","","","","","","28800","1.8","33","public/audio/tts/library/marin/august-922d7599c80745b3.mp3"
"cedar","August","August","","","","","","21120","1.32","33","public/audio/tts/library/cedar/august-922d7599c80745b3.mp3"
"marin","aunt","aunt","","","","","","34560","2.16","26","public/audio/tts/library/marin/aunt-a375b36a8642e02b.mp3"
"cedar","aunt","aunt","","","","","","25728","1.608","26","public/audio/tts/library/cedar/aunt-a375b36a8642e02b.mp3"
"marin","autumn","autumn","","","","","","22656","1.416","33","public/audio/tts/library/marin/autumn-527bfc2ee911cad4.mp3"
"cedar","autumn","autumn","","","","","","38400","2.4","33","public/audio/tts/library/cedar/autumn-527bfc2ee911cad4.mp3"
"marin","available","available","","","","","","19968","1.248","117","public/audio/tts/library/marin/available-ed01b1557bd7a1e7.mp3"
"cedar","available","available","","","","","","19200","1.2","117","public/audio/tts/library/cedar/available-ed01b1557bd7a1e7.mp3"
"marin","avoid","avoid","","","","","","23424","1.464","28","public/audio/tts/library/marin/avoid-c4110258593201e9.mp3"
"cedar","avoid","avoid","","","","","","14592","0.912","28","public/audio/tts/library/cedar/avoid-c4110258593201e9.mp3"
"marin","away","away","","","","","","13824","0.864","120","public/audio/tts/library/marin/away-9635a00a47cee0c5.mp3"
"cedar","away","away","","","","","","33024","2.064","120","public/audio/tts/library/cedar/away-9635a00a47cee0c5.mp3"
"marin","baby","baby","","","","","","16128","1.008","1","public/audio/tts/library/marin/baby-a08782fae2f01fce.mp3"
"cedar","baby","baby","","","","","","16896","1.056","1","public/audio/tts/library/cedar/baby-a08782fae2f01fce.mp3"
"marin","baby sitter","baby sitter","","","","","","28800","1.8","28","public/audio/tts/library/marin/baby-sitter-3fa1625c50270f89.mp3"
"cedar","baby sitter","baby sitter","","","","","","18432","1.152","28","public/audio/tts/library/cedar/baby-sitter-3fa1625c50270f89.mp3"
"marin","back","back","","","","","","12288","0.768","20|83","public/audio/tts/library/marin/back-2ec0cfe9c0f50102.mp3"
"cedar","back","back","","","","","","18432","1.152","20|83","public/audio/tts/library/cedar/back-2ec0cfe9c0f50102.mp3"
"marin","back away","back away","","","","","","24960","1.56","","public/audio/tts/library/marin/back-away-f426727ed75afb6b.mp3"
"cedar","back away","back away","","","","","","28032","1.752","","public/audio/tts/library/cedar/back-away-f426727ed75afb6b.mp3"
"marin","backpack","backpack","","","","","","18432","1.152","80","public/audio/tts/library/marin/backpack-a25315235aa999c9.mp3"
"cedar","backpack","backpack","","","","","","16896","1.056","80","public/audio/tts/library/cedar/backpack-a25315235aa999c9.mp3"
"marin","backward","backward","","","","","","28800","1.8","84","public/audio/tts/library/marin/backward-19b7ebc4a7f90486.mp3"
"cedar","backward","backward","","","","","","22656","1.416","84","public/audio/tts/library/cedar/backward-19b7ebc4a7f90486.mp3"
"marin","bad","bad","","","","","","13824","0.864","16","public/audio/tts/library/marin/bad-1d7a363ce1243088.mp3"
"cedar","bad","bad","","","","","","28032","1.752","16","public/audio/tts/library/cedar/bad-1d7a363ce1243088.mp3"
"marin","badminton","badminton","","","","","","21888","1.368","52","public/audio/tts/library/marin/badminton-c555022d55da6c4f.mp3"
"cedar","badminton","badminton","","","","","","19968","1.248","52","public/audio/tts/library/cedar/badminton-c555022d55da6c4f.mp3"
"marin","bag","bag","","","","","","16128","1.008","49","public/audio/tts/library/marin/bag-e8aff3ca4caeb228.mp3"
"cedar","bag","bag","","","","","","16896","1.056","49","public/audio/tts/library/cedar/bag-e8aff3ca4caeb228.mp3"
"marin","bake","bake","","","","","","15360","0.96","45","public/audio/tts/library/marin/bake-25fcc033bf78f9c3.mp3"
"cedar","bake","bake","","","","","","21888","1.368","45","public/audio/tts/library/cedar/bake-25fcc033bf78f9c3.mp3"
"marin","bakery","bakery","","","","","","19200","1.2","85","public/audio/tts/library/marin/bakery-1b045120cdf62a22.mp3"
"cedar","bakery","bakery","","","","","","16128","1.008","85","public/audio/tts/library/cedar/bakery-1b045120cdf62a22.mp3"
"marin","balcony","balcony","","","","","","21888","1.368","67","public/audio/tts/library/marin/balcony-4574ba14622a0f6e.mp3"
"cedar","balcony","balcony","","","","","","28800","1.8","67","public/audio/tts/library/cedar/balcony-4574ba14622a0f6e.mp3"
"marin","ball","ball","","","","","","22656","1.416","52","public/audio/tts/library/marin/ball-3bec5636eff89f44.mp3"
"cedar","ball","ball","","","","","","15360","0.96","52","public/audio/tts/library/cedar/ball-3bec5636eff89f44.mp3"
"marin","balloon","balloon","","","","","","16128","1.008","57","public/audio/tts/library/marin/balloon-a441f50e362ade15.mp3"
"cedar","balloon","balloon","","","","","","27264","1.704","57","public/audio/tts/library/cedar/balloon-a441f50e362ade15.mp3"
"marin","banana","banana","","","","","","25728","1.608","38","public/audio/tts/library/marin/banana-5a81483d96b0bc15.mp3"
"cedar","banana","banana","","","","","","28800","1.8","38","public/audio/tts/library/cedar/banana-5a81483d96b0bc15.mp3"
"marin","band","band","","","","","","13056","0.816","56","public/audio/tts/library/marin/band-c4ee77a633dcdfcb.mp3"
"cedar","band","band","","","","","","24960","1.56","56","public/audio/tts/library/cedar/band-c4ee77a633dcdfcb.mp3"
"marin","bank","bank","","","","","","14592","0.912","86|107","public/audio/tts/library/marin/bank-7bb74618b5ab45a6.mp3"
"cedar","bank","bank","","","","","","13824","0.864","86|107","public/audio/tts/library/cedar/bank-7bb74618b5ab45a6.mp3"
"marin","barbecue","barbecue","","","","","","17664","1.104","103","public/audio/tts/library/marin/barbecue-6c31d75549bc8325.mp3"
"cedar","barbecue","barbecue","","","","","","18432","1.152","103","public/audio/tts/library/cedar/barbecue-6c31d75549bc8325.mp3"
"marin","barber","barber","","","","","","17664","1.104","7","public/audio/tts/library/marin/barber-ff9c72a7b1e0dc37.mp3"
"cedar","barber","barber","","","","","","16896","1.056","7","public/audio/tts/library/cedar/barber-ff9c72a7b1e0dc37.mp3"
"marin","bark","bark","","","","","","12288","0.768","110","public/audio/tts/library/marin/bark-fe939e68d1e1563d.mp3"
"cedar","bark","bark","","","","","","21888","1.368","110","public/audio/tts/library/cedar/bark-fe939e68d1e1563d.mp3"
"marin","baseball","baseball","","","","","","24960","1.56","52","public/audio/tts/library/marin/baseball-e11184da809af8dc.mp3"
"cedar","baseball","baseball","","","","","","19200","1.2","52","public/audio/tts/library/cedar/baseball-e11184da809af8dc.mp3"
"marin","basement","basement","","","","","","22656","1.416","71","public/audio/tts/library/marin/basement-2579d01b50943b54.mp3"
"cedar","basement","basement","","","","","","28800","1.8","71","public/audio/tts/library/cedar/basement-2579d01b50943b54.mp3"
"marin","basic","basic","","","","","","15360","0.96","78","public/audio/tts/library/marin/basic-9a7099dc836218d2.mp3"
"cedar","basic","basic","","","","","","19200","1.2","78","public/audio/tts/library/cedar/basic-9a7099dc836218d2.mp3"
"marin","basket","basket","","","","","","16896","1.056","71","public/audio/tts/library/marin/basket-37a391dbb5491975.mp3"
"cedar","basket","basket","","","","","","28800","1.8","71","public/audio/tts/library/cedar/basket-37a391dbb5491975.mp3"
"marin","basketball","basketball","","","","","","21120","1.32","52","public/audio/tts/library/marin/basketball-4bf98c0beef36e17.mp3"
"cedar","basketball","basketball","","","","","","22656","1.416","52","public/audio/tts/library/cedar/basketball-4bf98c0beef36e17.mp3"
"marin","bat","bat","","","","","","14592","0.912","52|111","public/audio/tts/library/marin/bat-2b1af0fe3b9b32d6.mp3"
"cedar","bat","bat","","","","","","13824","0.864","52|111","public/audio/tts/library/cedar/bat-2b1af0fe3b9b32d6.mp3"
"marin","bath","bath","","","","","","17664","1.104","31","public/audio/tts/library/marin/bath-1760e166f9f64c0d.mp3"
"cedar","bath","bath","","","","","","29568","1.848","31","public/audio/tts/library/cedar/bath-1760e166f9f64c0d.mp3"
"marin","bathe","bathe","","","","","","18432","1.152","31","public/audio/tts/library/marin/bathe-6e4305dcc2113c88.mp3"
"cedar","bathe","bathe","","","","","","19968","1.248","31","public/audio/tts/library/cedar/bathe-6e4305dcc2113c88.mp3"
"marin","bathroom","bathroom","","","","","","21888","1.368","71","public/audio/tts/library/marin/bathroom-5932a0bb625d15a7.mp3"
"cedar","bathroom","bathroom","","","","","","36096","2.256","71","public/audio/tts/library/cedar/bathroom-5932a0bb625d15a7.mp3"
"marin","be afraid of","be afraid of","","","","","","39168","2.448","","public/audio/tts/library/marin/be-afraid-of-eec8fae1e67693ea.mp3"
"cedar","be afraid of","be afraid of","","","","","","42624","2.664","","public/audio/tts/library/cedar/be-afraid-of-eec8fae1e67693ea.mp3"
"marin","be angry at / with","be angry at someone. Or, be angry with someone.","","","","","","81024","5.064","","public/audio/tts/library/marin/be-angry-at-with-8b563caabc77a300.mp3"
"cedar","be angry at / with","be angry at someone. Or, be angry with someone.","","","","","","69120","4.32","","public/audio/tts/library/cedar/be-angry-at-with-8b563caabc77a300.mp3"
"marin","be busy + V-ing / with N","be busy doing something. Or, be busy with something.","","","","","","74496","4.656","","public/audio/tts/library/marin/be-busy-v-ing-with-n-225d16963022d7c2.mp3"
"cedar","be busy + V-ing / with N","be busy doing something. Or, be busy with something.","","","","","","61056","3.816","","public/audio/tts/library/cedar/be-busy-v-ing-with-n-225d16963022d7c2.mp3"
"marin","be caught in …","be caught in …","","","","","","36096","2.256","","public/audio/tts/library/marin/be-caught-in-8976b0e4f1853d36.mp3"
"cedar","be caught in …","be caught in …","","","","","","27264","1.704","","public/audio/tts/library/cedar/be-caught-in-8976b0e4f1853d36.mp3"
"marin","be caught up in …","be caught up in …","","","","","","31488","1.968","","public/audio/tts/library/marin/be-caught-up-in-87d63dab77f875ec.mp3"
"cedar","be caught up in …","be caught up in …","","","","","","33024","2.064","","public/audio/tts/library/cedar/be-caught-up-in-87d63dab77f875ec.mp3"
"marin","be covered with","be covered with","","","","","","28800","1.8","","public/audio/tts/library/marin/be-covered-with-774f2d4b8515827b.mp3"
"cedar","be covered with","be covered with","","","","","","43392","2.712","","public/audio/tts/library/cedar/be-covered-with-774f2d4b8515827b.mp3"
"marin","be crazy about","be crazy about","","","","","","32256","2.016","","public/audio/tts/library/marin/be-crazy-about-7cec10d865617151.mp3"
"cedar","be crazy about","be crazy about","","","","","","36096","2.256","","public/audio/tts/library/cedar/be-crazy-about-7cec10d865617151.mp3"
"marin","be different from","be different from","","","","","","24960","1.56","","public/audio/tts/library/marin/be-different-from-6bd8a16347e9df04.mp3"
"cedar","be different from","be different from","","","","","","34560","2.16","","public/audio/tts/library/cedar/be-different-from-6bd8a16347e9df04.mp3"
"marin","be dying for + N","be dying for something","","","","","","37632","2.352","","public/audio/tts/library/marin/be-dying-for-n-349c33aeebdd64f5.mp3"
"cedar","be dying for + N","be dying for something","","","","","","35328","2.208","","public/audio/tts/library/cedar/be-dying-for-n-349c33aeebdd64f5.mp3"
"marin","be dying to + V","be dying to do something","","","","","","42624","2.664","","public/audio/tts/library/marin/be-dying-to-v-84680a257218897d.mp3"
"cedar","be dying to + V","be dying to do something","","","","","","45696","2.856","","public/audio/tts/library/cedar/be-dying-to-v-84680a257218897d.mp3"
"marin","be","be","","","","","","28032","1.752","122","public/audio/tts/library/marin/be-ee731d67dfd44753.mp3"
"cedar","be","be","","","","","","37632","2.352","122","public/audio/tts/library/cedar/be-ee731d67dfd44753.mp3"
"marin","be famous for...","be famous for","","","","","","41856","2.616","","public/audio/tts/library/marin/be-famous-for-0fa35cc737f3da34.mp3"
"cedar","be famous for...","be famous for","","","","","","27264","1.704","","public/audio/tts/library/cedar/be-famous-for-0fa35cc737f3da34.mp3"
"marin","be filled with...","be filled with","","","","","","33024","2.064","","public/audio/tts/library/marin/be-filled-with-1e84d627739a0bde.mp3"
"cedar","be filled with...","be filled with","","","","","","24960","1.56","","public/audio/tts/library/cedar/be-filled-with-1e84d627739a0bde.mp3"
"marin","be good at...","be good at","","","","","","22656","1.416","","public/audio/tts/library/marin/be-good-at-f174f9f25395464d.mp3"
"cedar","be good at...","be good at","","","","","","36096","2.256","","public/audio/tts/library/cedar/be-good-at-f174f9f25395464d.mp3"
"marin","be happy with / about","be happy with something. Or, be happy about something.","","","","","","72960","4.56","","public/audio/tts/library/marin/be-happy-with-about-c11d08f80107e4df.mp3"
"cedar","be happy with / about","be happy with something. Or, be happy about something.","","","","","","79488","4.968","","public/audio/tts/library/cedar/be-happy-with-about-c11d08f80107e4df.mp3"
"marin","be helpful for","be helpful for","","","","","","28800","1.8","","public/audio/tts/library/marin/be-helpful-for-a7d18a5d9f51440d.mp3"
"cedar","be helpful for","be helpful for","","","","","","33024","2.064","","public/audio/tts/library/cedar/be-helpful-for-a7d18a5d9f51440d.mp3"
"marin","be hungry for","be hungry for","","","","","","28800","1.8","","public/audio/tts/library/marin/be-hungry-for-723be58ec76b3ff1.mp3"
"cedar","be hungry for","be hungry for","","","","","","26496","1.656","","public/audio/tts/library/cedar/be-hungry-for-723be58ec76b3ff1.mp3"
"marin","be kind to...","be kind to","","","","","","33792","2.112","","public/audio/tts/library/marin/be-kind-to-4dd31cf287f083dd.mp3"
"cedar","be kind to...","be kind to","","","","","","33024","2.064","","public/audio/tts/library/cedar/be-kind-to-4dd31cf287f083dd.mp3"
"marin","be late for...","be late for","","","","","","37632","2.352","","public/audio/tts/library/marin/be-late-for-3f11bf247c3ca6a0.mp3"
"cedar","be late for...","be late for","","","","","","34560","2.16","","public/audio/tts/library/cedar/be-late-for-3f11bf247c3ca6a0.mp3"
"marin","be lost in ...","be lost in","","","","","","33792","2.112","","public/audio/tts/library/marin/be-lost-in-4b396949892a1ee8.mp3"
"cedar","be lost in ...","be lost in","","","","","","34560","2.16","","public/audio/tts/library/cedar/be-lost-in-4b396949892a1ee8.mp3"
"marin","be lost to","be lost to","","","","","","36864","2.304","","public/audio/tts/library/marin/be-lost-to-a86a84c95c1ff7a7.mp3"
"cedar","be lost to","be lost to","","","","","","33792","2.112","","public/audio/tts/library/cedar/be-lost-to-a86a84c95c1ff7a7.mp3"
"marin","be mad at / with","be mad at someone. Or, be mad with someone.","","","","","","77568","4.848","","public/audio/tts/library/marin/be-mad-at-with-292a724abded29c0.mp3"
"cedar","be mad at / with","be mad at someone. Or, be mad with someone.","","","","","","64128","4.008","","public/audio/tts/library/cedar/be-mad-at-with-292a724abded29c0.mp3"
"marin","be made of","be made of","","","","","","30720","1.92","","public/audio/tts/library/marin/be-made-of-a5074bf9aea8f6ff.mp3"
"cedar","be made of","be made of","","","","","","33792","2.112","","public/audio/tts/library/cedar/be-made-of-a5074bf9aea8f6ff.mp3"
"marin","be popular with...","be popular with","","","","","","34560","2.16","","public/audio/tts/library/marin/be-popular-with-d6f5df6ac3e6a730.mp3"
"cedar","be popular with...","be popular with","","","","","","44160","2.76","","public/audio/tts/library/cedar/be-popular-with-d6f5df6ac3e6a730.mp3"
"marin","be proud of","be proud of","","","","","","26496","1.656","","public/audio/tts/library/marin/be-proud-of-9c454bfc193e28e7.mp3"
"cedar","be proud of","be proud of","","","","","","31488","1.968","","public/audio/tts/library/cedar/be-proud-of-9c454bfc193e28e7.mp3"
"marin","be ready for","be ready for","","","","","","27264","1.704","","public/audio/tts/library/marin/be-ready-for-f96ef00882a7a7d2.mp3"
"cedar","be ready for","be ready for","","","","","","32256","2.016","","public/audio/tts/library/cedar/be-ready-for-f96ef00882a7a7d2.mp3"
"marin","be short of...","be short of","","","","","","46464","2.904","","public/audio/tts/library/marin/be-short-of-1ab4ca09f89058cb.mp3"
"cedar","be short of...","be short of","","","","","","33792","2.112","","public/audio/tts/library/cedar/be-short-of-1ab4ca09f89058cb.mp3"
"marin","be successful in...","be successful in","","","","","","40320","2.52","","public/audio/tts/library/marin/be-successful-in-dd1a4d27c987f897.mp3"
"cedar","be successful in...","be successful in","","","","","","34560","2.16","","public/audio/tts/library/cedar/be-successful-in-dd1a4d27c987f897.mp3"
"marin","be the same as","be the same as","","","","","","36096","2.256","","public/audio/tts/library/marin/be-the-same-as-6313493a72875c20.mp3"
"cedar","be the same as","be the same as","","","","","","36096","2.256","","public/audio/tts/library/cedar/be-the-same-as-6313493a72875c20.mp3"
"marin","be tired of","be tired of","","","","","","34560","2.16","","public/audio/tts/library/marin/be-tired-of-a1d39dd03530b2f0.mp3"
"cedar","be tired of","be tired of","","","","","","26496","1.656","","public/audio/tts/library/cedar/be-tired-of-a1d39dd03530b2f0.mp3"
"marin","be to do with","be to do with","","","","","","39168","2.448","","public/audio/tts/library/marin/be-to-do-with-e33ce23ae9d9d975.mp3"
"cedar","be to do with","be to do with","","","","","","24192","1.512","","public/audio/tts/library/cedar/be-to-do-with-e33ce23ae9d9d975.mp3"
"marin","be worried about","be worried about","","","","","","29568","1.848","","public/audio/tts/library/marin/be-worried-about-936150776f3b8108.mp3"
"cedar","be worried about","be worried about","","","","","","25728","1.608","","public/audio/tts/library/cedar/be-worried-about-936150776f3b8108.mp3"
"marin","beach","beach","","","","","","21888","1.368","108","public/audio/tts/library/marin/beach-2157e291ca3a8d6d.mp3"
"cedar","beach","beach","","","","","","19968","1.248","108","public/audio/tts/library/cedar/beach-2157e291ca3a8d6d.mp3"
"marin","bean","bean","","","","","","16896","1.056","39","public/audio/tts/library/marin/bean-1b18ec8e549ebb89.mp3"
"cedar","bean","bean","","","","","","26496","1.656","39","public/audio/tts/library/cedar/bean-1b18ec8e549ebb89.mp3"
"marin","bear","bear","","","","","","16896","1.056","111","public/audio/tts/library/marin/bear-4b69b9faa241ca24.mp3"
"cedar","bear","bear","","","","","","15360","0.96","111","public/audio/tts/library/cedar/bear-4b69b9faa241ca24.mp3"
"marin","bear…in mind","bear…in mind","","","","","","36096","2.256","","public/audio/tts/library/marin/bear-in-mind-4dee5f45e4e05cb7.mp3"
"cedar","bear…in mind","bear…in mind","","","","","","32256","2.016","","public/audio/tts/library/cedar/bear-in-mind-4dee5f45e4e05cb7.mp3"
"marin","beard","beard","","","","","","13824","0.864","19","public/audio/tts/library/marin/beard-95a741581dbdc817.mp3"
"cedar","beard","beard","","","","","","15360","0.96","19","public/audio/tts/library/cedar/beard-95a741581dbdc817.mp3"
"marin","beat","beat","","","","","","15360","0.96","59","public/audio/tts/library/marin/beat-4b3ac1fbf1637e58.mp3"
"cedar","beat","beat","","","","","","14592","0.912","59","public/audio/tts/library/cedar/beat-4b3ac1fbf1637e58.mp3"
"marin","Beats me.","Beats me.","","","","","","27264","1.704","","public/audio/tts/library/marin/beats-me-754a3bc6a7de1d65.mp3"
"cedar","Beats me.","Beats me.","","","","","","30720","1.92","","public/audio/tts/library/cedar/beats-me-754a3bc6a7de1d65.mp3"
"marin","beautiful","beautiful","","","","","","19200","1.2","11","public/audio/tts/library/marin/beautiful-a6418495714d6789.mp3"
"cedar","beautiful","beautiful","","","","","","26496","1.656","11","public/audio/tts/library/cedar/beautiful-a6418495714d6789.mp3"
"marin","beauty","beauty","","","","","","32256","2.016","2","public/audio/tts/library/marin/beauty-07c5f602cfd4bb82.mp3"
"cedar","beauty","beauty","","","","","","18432","1.152","2","public/audio/tts/library/cedar/beauty-07c5f602cfd4bb82.mp3"
"marin","because","because","","","","","","29568","1.848","133","public/audio/tts/library/marin/because-52a162294e71840a.mp3"
"cedar","because","because","","","","","","21888","1.368","133","public/audio/tts/library/cedar/because-52a162294e71840a.mp3"
"marin","because of","because of","","","","","","19200","1.2","","public/audio/tts/library/marin/because-of-98b2682df850db9f.mp3"
"cedar","because of","because of","","","","","","21888","1.368","","public/audio/tts/library/cedar/because-of-98b2682df850db9f.mp3"
"marin","become","become","","","","","","19200","1.2","10","public/audio/tts/library/marin/become-d62f6c26c3b0f9de.mp3"
"cedar","become","become","","","","","","27264","1.704","10","public/audio/tts/library/cedar/become-d62f6c26c3b0f9de.mp3"
"marin","bed","bed","","","","","","16896","1.056","69","public/audio/tts/library/marin/bed-7a48ddd9758c7a1a.mp3"
"cedar","bed","bed","","","","","","13056","0.816","69","public/audio/tts/library/cedar/bed-7a48ddd9758c7a1a.mp3"
"marin","bedroom","bedroom","","","","","","16128","1.008","69","public/audio/tts/library/marin/bedroom-8387a38ffcc275d3.mp3"
"cedar","bedroom","bedroom","","","","","","17664","1.104","69","public/audio/tts/library/cedar/bedroom-8387a38ffcc275d3.mp3"
"marin","bee","bee","","","","","","26496","1.656","113","public/audio/tts/library/marin/bee-c150e5a8a604aceb.mp3"
"cedar","bee","bee","","","","","","27264","1.704","113","public/audio/tts/library/cedar/bee-c150e5a8a604aceb.mp3"
"marin","beef","beef","","","","","","29568","1.848","40","public/audio/tts/library/marin/beef-9133a08119601ab3.mp3"
"cedar","beef","beef","","","","","","16896","1.056","40","public/audio/tts/library/cedar/beef-9133a08119601ab3.mp3"
"marin","been","been","","","","","","13824","0.864","122","public/audio/tts/library/marin/been-ed58f1ce95e2156a.mp3"
"cedar","been","been","","","","","","12288","0.768","122","public/audio/tts/library/cedar/been-ed58f1ce95e2156a.mp3"
"marin","beer","beer","","","","","","16896","1.056","42","public/audio/tts/library/marin/beer-89954ee5df485c98.mp3"
"cedar","beer","beer","","","","","","13824","0.864","42","public/audio/tts/library/cedar/beer-89954ee5df485c98.mp3"
"marin","before","before","","","","","","21120","1.32","131|133","public/audio/tts/library/marin/before-9160d4be34c8695b.mp3"
"cedar","before","before","","","","","","19968","1.248","131|133","public/audio/tts/library/cedar/before-9160d4be34c8695b.mp3"
"marin","begin","begin","","","","","","17664","1.104","115","public/audio/tts/library/marin/begin-72dd223af541dd7f.mp3"
"cedar","begin","begin","","","","","","19968","1.248","115","public/audio/tts/library/cedar/begin-72dd223af541dd7f.mp3"
"marin","beginner","beginner","","","","","","13824","0.864","16","public/audio/tts/library/marin/beginner-5c25b4bed42f1e5e.mp3"
"cedar","beginner","beginner","","","","","","25728","1.608","16","public/audio/tts/library/cedar/beginner-5c25b4bed42f1e5e.mp3"
"marin","beginning","beginning","","","","","","17664","1.104","31","public/audio/tts/library/marin/beginning-4178979d45990d73.mp3"
"cedar","beginning","beginning","","","","","","41088","2.568","31","public/audio/tts/library/cedar/beginning-4178979d45990d73.mp3"
"marin","behave","behave","","","","","","25728","1.608","75","public/audio/tts/library/marin/behave-f9d9c1f237675437.mp3"
"cedar","behave","behave","","","","","","17664","1.104","75","public/audio/tts/library/cedar/behave-f9d9c1f237675437.mp3"
"marin","behind","behind","","","","","","21120","1.32","130","public/audio/tts/library/marin/behind-21683bb8d9d70a9a.mp3"
"cedar","behind","behind","","","","","","22656","1.416","130","public/audio/tts/library/cedar/behind-21683bb8d9d70a9a.mp3"
"marin","behind the times","behind the times","","","","","","28800","1.8","","public/audio/tts/library/marin/behind-the-times-c366d69887ef8285.mp3"
"cedar","behind the times","behind the times","","","","","","30720","1.92","","public/audio/tts/library/cedar/behind-the-times-c366d69887ef8285.mp3"
"marin","believe","believe","","","","","","21888","1.368","18","public/audio/tts/library/marin/believe-2c38d6e903b66df7.mp3"
"cedar","believe","believe","","","","","","24960","1.56","18","public/audio/tts/library/cedar/believe-2c38d6e903b66df7.mp3"
"marin","Believe in yourself.","Believe in yourself.","","","","","","39168","2.448","","public/audio/tts/library/marin/believe-in-yourself-fbcd07411393f001.mp3"
"cedar","Believe in yourself.","Believe in yourself.","","","","","","31488","1.968","","public/audio/tts/library/cedar/believe-in-yourself-fbcd07411393f001.mp3"
"marin","bell","bell","","","","","","16128","1.008","","public/audio/tts/library/marin/bell-3b34fb1a9b8be9e2.mp3"
"cedar","bell","bell","","","","","","19968","1.248","","public/audio/tts/library/cedar/bell-3b34fb1a9b8be9e2.mp3"
"marin","belong","belong","","","","","","18432","1.152","58","public/audio/tts/library/marin/belong-7e2be4a62586d653.mp3"
"cedar","belong","belong","","","","","","22656","1.416","58","public/audio/tts/library/cedar/belong-7e2be4a62586d653.mp3"
"marin","belong to","belong to","","","","","","30720","1.92","","public/audio/tts/library/marin/belong-to-2b4d756c831bb6c0.mp3"
"cedar","belong to","belong to","","","","","","24192","1.512","","public/audio/tts/library/cedar/belong-to-2b4d756c831bb6c0.mp3"
"marin","below","below","","","","","","16896","1.056","130","public/audio/tts/library/marin/below-a8835f464621a107.mp3"
"cedar","below","below","","","","","","13056","0.816","130","public/audio/tts/library/cedar/below-a8835f464621a107.mp3"
"marin","belt","belt","","","","","","15360","0.96","48","public/audio/tts/library/marin/belt-4a0a138a281c8e22.mp3"
"cedar","belt","belt","","","","","","17664","1.104","48","public/audio/tts/library/cedar/belt-4a0a138a281c8e22.mp3"
"marin","bench","bench","","","","","","16128","1.008","","public/audio/tts/library/marin/bench-4b974ca0ce5be5e0.mp3"
"cedar","bench","bench","","","","","","17664","1.104","","public/audio/tts/library/cedar/bench-4b974ca0ce5be5e0.mp3"
"marin","beside","beside","","","","","","21888","1.368","130","public/audio/tts/library/marin/beside-331355ff080edb87.mp3"
"cedar","beside","beside","","","","","","28800","1.8","130","public/audio/tts/library/cedar/beside-331355ff080edb87.mp3"
"marin","besides","besides","","","","","","28800","1.8","120","public/audio/tts/library/marin/besides-fa502a50fe0ce896.mp3"
"cedar","besides","besides","","","","","","22656","1.416","120","public/audio/tts/library/cedar/besides-fa502a50fe0ce896.mp3"
"marin","best wishes","best wishes","","","","","","26496","1.656","","public/audio/tts/library/marin/best-wishes-cfc5c43ef59a8402.mp3"
"cedar","best wishes","best wishes","","","","","","24960","1.56","","public/audio/tts/library/cedar/best-wishes-cfc5c43ef59a8402.mp3"
"marin","Better late than never.","Better late than never.","","","","","","25728","1.608","","public/audio/tts/library/marin/better-late-than-never-591f6555a68deb1a.mp3"
"cedar","Better late than never.","Better late than never.","","","","","","32256","2.016","","public/audio/tts/library/cedar/better-late-than-never-591f6555a68deb1a.mp3"
"marin","between","between","","","","","","16896","1.056","130","public/audio/tts/library/marin/between-3a44df8389799f95.mp3"
"cedar","between","between","","","","","","19200","1.2","130","public/audio/tts/library/cedar/between-3a44df8389799f95.mp3"
"marin","beyond","beyond","","","","","","27264","1.704","130","public/audio/tts/library/marin/beyond-c462463f7293e7e2.mp3"
"cedar","beyond","beyond","","","","","","28032","1.752","130","public/audio/tts/library/cedar/beyond-c462463f7293e7e2.mp3"
"marin","bicycle","bicycle","","","","","","19200","1.2","92","public/audio/tts/library/marin/bicycle-61341bf44aeae661.mp3"
"cedar","bicycle","bicycle","","","","","","24192","1.512","92","public/audio/tts/library/cedar/bicycle-61341bf44aeae661.mp3"
"marin","bicycle (bike)","bicycle. Or, bike.","","","","","","41856","2.616","","public/audio/tts/library/marin/bicycle-bike-0676d437f4814005.mp3"
"cedar","bicycle (bike)","bicycle. Or, bike.","","","","","","36096","2.256","","public/audio/tts/library/cedar/bicycle-bike-0676d437f4814005.mp3"
"marin","big","big","","","","","","11520","0.72","97","public/audio/tts/library/marin/big-5e46266be5fda850.mp3"
"cedar","big","big","","","","","","15360","0.96","97","public/audio/tts/library/cedar/big-5e46266be5fda850.mp3"
"marin","bill","bill","","","","","","17664","1.104","36","public/audio/tts/library/marin/bill-e3e9c51a59cf84a8.mp3"
"cedar","bill","bill","","","","","","14592","0.912","36","public/audio/tts/library/cedar/bill-e3e9c51a59cf84a8.mp3"
"marin","biology","biology","","","","","","22656","1.416","76","public/audio/tts/library/marin/biology-dafba98a06074954.mp3"
"cedar","biology","biology","","","","","","17664","1.104","76","public/audio/tts/library/cedar/biology-dafba98a06074954.mp3"
"marin","bird","bird","","","","","","19200","1.2","111","public/audio/tts/library/marin/bird-a9d03262d23184d1.mp3"
"cedar","bird","bird","","","","","","25728","1.608","111","public/audio/tts/library/cedar/bird-a9d03262d23184d1.mp3"
"marin","birthday","birthday","","","","","","14592","0.912","103","public/audio/tts/library/marin/birthday-e4a0bb62dd9a0993.mp3"
"cedar","birthday","birthday","","","","","","24192","1.512","103","public/audio/tts/library/cedar/birthday-e4a0bb62dd9a0993.mp3"
"marin","bite","bite","","","","","","10368","0.648","112","public/audio/tts/library/marin/bite-213ee3f72a188f94.mp3"
"cedar","bite","bite","","","","","","16128","1.008","112","public/audio/tts/library/cedar/bite-213ee3f72a188f94.mp3"
"marin","bite one’s tongue","bite one’s tongue","","","","","","28032","1.752","","public/audio/tts/library/marin/bite-ones-tongue-2a5e9afe2a248e29.mp3"
"cedar","bite one’s tongue","bite one’s tongue","","","","","","36864","2.304","","public/audio/tts/library/cedar/bite-ones-tongue-2a5e9afe2a248e29.mp3"
"marin","bitter","bitter","","","","","","15360","0.96","44","public/audio/tts/library/marin/bitter-d68a8a043cc7b28f.mp3"
"cedar","bitter","bitter","","","","","","16128","1.008","44","public/audio/tts/library/cedar/bitter-d68a8a043cc7b28f.mp3"
"marin","black","black","","","","","","13824","0.864","51","public/audio/tts/library/marin/black-9e03777a7e4a9d86.mp3"
"cedar","black","black","","","","","","24960","1.56","51","public/audio/tts/library/cedar/black-9e03777a7e4a9d86.mp3"
"marin","blackboard","blackboard","","","","","","18432","1.152","75","public/audio/tts/library/marin/blackboard-3a732d5a8530a130.mp3"
"cedar","blackboard","blackboard","","","","","","19968","1.248","75","public/audio/tts/library/cedar/blackboard-3a732d5a8530a130.mp3"
"marin","blame","blame","","","","","","14592","0.912","66","public/audio/tts/library/marin/blame-0e2f2ad5f6926323.mp3"
"cedar","blame","blame","","","","","","13824","0.864","66","public/audio/tts/library/cedar/blame-0e2f2ad5f6926323.mp3"
"marin","blank","blank","","","","","","21888","1.368","79","public/audio/tts/library/marin/blank-bebb33642d7a1cb2.mp3"
"cedar","blank","blank","","","","","","18432","1.152","79","public/audio/tts/library/cedar/blank-bebb33642d7a1cb2.mp3"
"marin","blanket","blanket","","","","","","28032","1.752","69","public/audio/tts/library/marin/blanket-830a4b5fa179c8a0.mp3"
"cedar","blanket","blanket","","","","","","18432","1.152","69","public/audio/tts/library/cedar/blanket-830a4b5fa179c8a0.mp3"
"marin","bless","bless","","","","","","21120","1.32","66","public/audio/tts/library/marin/bless-adb15d20681fa73c.mp3"
"cedar","bless","bless","","","","","","14592","0.912","66","public/audio/tts/library/cedar/bless-adb15d20681fa73c.mp3"
"marin","blind","blind","","","","","","22656","1.416","17","public/audio/tts/library/marin/blind-c75cccb658556e9e.mp3"
"cedar","blind","blind","","","","","","31488","1.968","17","public/audio/tts/library/cedar/blind-c75cccb658556e9e.mp3"
"marin","block","block","","","","","","16128","1.008","93","public/audio/tts/library/marin/block-90a7b08f76a1a33d.mp3"
"cedar","block","block","","","","","","16896","1.056","93","public/audio/tts/library/cedar/block-90a7b08f76a1a33d.mp3"
"marin","blood","blood","","","","","","19200","1.2","24","public/audio/tts/library/marin/blood-f5f65ed60fe8d63f.mp3"
"cedar","blood","blood","","","","","","18432","1.152","24","public/audio/tts/library/cedar/blood-f5f65ed60fe8d63f.mp3"
"marin","blouse","blouse","","","","","","18432","1.152","48","public/audio/tts/library/marin/blouse-f7edd7237dac6750.mp3"
"cedar","blouse","blouse","","","","","","18432","1.152","48","public/audio/tts/library/cedar/blouse-f7edd7237dac6750.mp3"
"marin","blow","blow","","","","","","15360","0.96","104","public/audio/tts/library/marin/blow-5a8118a615769f72.mp3"
"cedar","blow","blow","","","","","","19200","1.2","104","public/audio/tts/library/cedar/blow-5a8118a615769f72.mp3"
"marin","blow away","blow away","","","","","","28032","1.752","","public/audio/tts/library/marin/blow-away-c2d4e06a15aaeadc.mp3"
"cedar","blow away","blow away","","","","","","21120","1.32","","public/audio/tts/library/cedar/blow-away-c2d4e06a15aaeadc.mp3"
"marin","blow down","blow down","","","","","","27264","1.704","","public/audio/tts/library/marin/blow-down-0cfabaa1a9caae7b.mp3"
"cedar","blow down","blow down","","","","","","23424","1.464","","public/audio/tts/library/cedar/blow-down-0cfabaa1a9caae7b.mp3"
"marin","blow hot and cold","blow hot and cold","","","","","","37632","2.352","","public/audio/tts/library/marin/blow-hot-and-cold-946f64a669a36eea.mp3"
"cedar","blow hot and cold","blow hot and cold","","","","","","34560","2.16","","public/audio/tts/library/cedar/blow-hot-and-cold-946f64a669a36eea.mp3"
"marin","blow kisses","blow kisses","","","","","","22656","1.416","","public/audio/tts/library/marin/blow-kisses-34e98f13ac1efd9a.mp3"
"cedar","blow kisses","blow kisses","","","","","","25728","1.608","","public/audio/tts/library/cedar/blow-kisses-34e98f13ac1efd9a.mp3"
"marin","blow off","blow off","","","","","","46464","2.904","","public/audio/tts/library/marin/blow-off-bf79c77cae753bef.mp3"
"cedar","blow off","blow off","","","","","","27264","1.704","","public/audio/tts/library/cedar/blow-off-bf79c77cae753bef.mp3"
"marin","blow one’s top","blow one’s top","","","","","","42624","2.664","","public/audio/tts/library/marin/blow-ones-top-9b33fb5f35975681.mp3"
"cedar","blow one’s top","blow one’s top","","","","","","27264","1.704","","public/audio/tts/library/cedar/blow-ones-top-9b33fb5f35975681.mp3"
"marin","blow out","blow out","","","","","","39168","2.448","","public/audio/tts/library/marin/blow-out-f1547ea58a35ae58.mp3"
"cedar","blow out","blow out","","","","","","24192","1.512","","public/audio/tts/library/cedar/blow-out-f1547ea58a35ae58.mp3"
"marin","blow over","blow over","","","","","","21120","1.32","","public/audio/tts/library/marin/blow-over-751ada7c34992670.mp3"
"cedar","blow over","blow over","","","","","","37632","2.352","","public/audio/tts/library/cedar/blow-over-751ada7c34992670.mp3"
"marin","blow up","blow up","","","","","","21120","1.32","","public/audio/tts/library/marin/blow-up-a1a07d2503cfdfa0.mp3"
"cedar","blow up","blow up","","","","","","21888","1.368","","public/audio/tts/library/cedar/blow-up-a1a07d2503cfdfa0.mp3"
"marin","blue","blue","","","","","","27264","1.704","51","public/audio/tts/library/marin/blue-a0bee6616b5e5eae.mp3"
"cedar","blue","blue","","","","","","16896","1.056","51","public/audio/tts/library/cedar/blue-a0bee6616b5e5eae.mp3"
"marin","board","board","","","","","","23424","1.464","80|94","public/audio/tts/library/marin/board-1924edc9ce6eb6eb.mp3"
"cedar","board","board","","","","","","33024","2.064","80|94","public/audio/tts/library/cedar/board-1924edc9ce6eb6eb.mp3"
"marin","boat","boat","","","","","","16896","1.056","91","public/audio/tts/library/marin/boat-c988ce061f3602da.mp3"
"cedar","boat","boat","","","","","","16128","1.008","91","public/audio/tts/library/cedar/boat-c988ce061f3602da.mp3"
"marin","body","body","","","","","","15360","0.96","20","public/audio/tts/library/marin/body-9e2ec912af5dff2a.mp3"
"cedar","body","body","","","","","","16128","1.008","20","public/audio/tts/library/cedar/body-9e2ec912af5dff2a.mp3"
"marin","boil","boil","","","","","","16128","1.008","45","public/audio/tts/library/marin/boil-6850e6e5e37666e2.mp3"
"cedar","boil","boil","","","","","","17664","1.104","45","public/audio/tts/library/cedar/boil-6850e6e5e37666e2.mp3"
"marin","bomb","bomb","","","","","","16896","1.056","63","public/audio/tts/library/marin/bomb-3663de5613f2813e.mp3"
"cedar","bomb","bomb","","","","","","18432","1.152","63","public/audio/tts/library/cedar/bomb-3663de5613f2813e.mp3"
"marin","Bone","Bone","","","","","","15360","0.96","40","public/audio/tts/library/marin/bone-5f2c6925ce1ed33b.mp3"
"cedar","Bone","Bone","","","","","","15360","0.96","40","public/audio/tts/library/cedar/bone-5f2c6925ce1ed33b.mp3"
"marin","book","book","","","","","","15360","0.96","81","public/audio/tts/library/marin/book-3c4dbff9eeda9410.mp3"
"cedar","book","book","","","","","","13824","0.864","81","public/audio/tts/library/cedar/book-3c4dbff9eeda9410.mp3"
"marin","bookcase","bookcase","","","","","","26496","1.656","69","public/audio/tts/library/marin/bookcase-ca17fcb4912d387e.mp3"
"cedar","bookcase","bookcase","","","","","","23424","1.464","69","public/audio/tts/library/cedar/bookcase-ca17fcb4912d387e.mp3"
"marin","bookstore","bookstore","","","","","","18432","1.152","86","public/audio/tts/library/marin/bookstore-415fad1ce806af60.mp3"
"cedar","bookstore","bookstore","","","","","","24960","1.56","86","public/audio/tts/library/cedar/bookstore-415fad1ce806af60.mp3"
"marin","bored","bored","","","","","","16128","1.008","17","public/audio/tts/library/marin/bored-6d34e9741127cfc1.mp3"
"cedar","bored","bored","","","","","","15360","0.96","17","public/audio/tts/library/cedar/bored-6d34e9741127cfc1.mp3"
"marin","boring","boring","","","","","","14592","0.912","88","public/audio/tts/library/marin/boring-5a0bd7c1e1638a3d.mp3"
"cedar","boring","boring","","","","","","25728","1.608","88","public/audio/tts/library/cedar/boring-5a0bd7c1e1638a3d.mp3"
"marin","born","born","","","","","","16128","1.008","1","public/audio/tts/library/marin/born-8f242784fdf7f608.mp3"
"cedar","born","born","","","","","","23424","1.464","1","public/audio/tts/library/cedar/born-8f242784fdf7f608.mp3"
"marin","borrow","borrow","","","","","","13824","0.864","36","public/audio/tts/library/marin/borrow-28c7cdae2f0ef09b.mp3"
"cedar","borrow","borrow","","","","","","13824","0.864","36","public/audio/tts/library/cedar/borrow-28c7cdae2f0ef09b.mp3"
"marin","borrow from / lend to","borrow from someone. Or, lend to someone.","","","","","","53760","3.36","","public/audio/tts/library/marin/borrow-from-lend-to-fb86566019eb2e97.mp3"
"cedar","borrow from / lend to","borrow from someone. Or, lend to someone.","","","","","","48768","3.048","","public/audio/tts/library/cedar/borrow-from-lend-to-fb86566019eb2e97.mp3"
"marin","boss","boss","","","","","","16128","1.008","8","public/audio/tts/library/marin/boss-1bfb99d3aa02d515.mp3"
"cedar","boss","boss","","","","","","21120","1.32","8","public/audio/tts/library/cedar/boss-1bfb99d3aa02d515.mp3"
"marin","both","both","","","","","","16128","1.008","128","public/audio/tts/library/marin/both-f6dfac81ebf3cd51.mp3"
"cedar","both","both","","","","","","13824","0.864","128","public/audio/tts/library/cedar/both-f6dfac81ebf3cd51.mp3"
"marin","bother","bother","","","","","","17664","1.104","66","public/audio/tts/library/marin/bother-64f9f534b396ab69.mp3"
"cedar","bother","bother","","","","","","28032","1.752","66","public/audio/tts/library/cedar/bother-64f9f534b396ab69.mp3"
"marin","bottle","bottle","","","","","","16128","1.008","100","public/audio/tts/library/marin/bottle-70af26a42d5652f5.mp3"
"cedar","bottle","bottle","","","","","","18432","1.152","100","public/audio/tts/library/cedar/bottle-70af26a42d5652f5.mp3"
"marin","bottom","bottom","","","","","","14592","0.912","83","public/audio/tts/library/marin/bottom-dbbe8ac2e23d8c06.mp3"
"cedar","bottom","bottom","","","","","","21888","1.368","83","public/audio/tts/library/cedar/bottom-dbbe8ac2e23d8c06.mp3"
"marin","bow","bow. Bow.","","","","","","41856","2.616","","public/audio/tts/library/marin/bow-1e6272f5b9113956.mp3"
"cedar","bow","bow. Bow.","","","","","","30720","1.92","","public/audio/tts/library/cedar/bow-1e6272f5b9113956.mp3"
"marin","bow","bow","","","","","","15360","0.96","","public/audio/tts/library/marin/bow-5c1513d3cf76c130.mp3"
"cedar","bow","bow","","","","","","15360","0.96","","public/audio/tts/library/cedar/bow-5c1513d3cf76c130.mp3"
"marin","bow","bow","","","","","","19200","1.2","64","public/audio/tts/library/marin/bow-d95beaf6099e257c.mp3"
"cedar","bow","bow","","","","","","13056","0.816","64","public/audio/tts/library/cedar/bow-d95beaf6099e257c.mp3"
"marin","bowl","bowl","","","","","","15360","0.96","46","public/audio/tts/library/marin/bowl-77b3b60218bffcff.mp3"
"cedar","bowl","bowl","","","","","","15360","0.96","46","public/audio/tts/library/cedar/bowl-77b3b60218bffcff.mp3"
"marin","bowling","bowling","","","","","","23424","1.464","52","public/audio/tts/library/marin/bowling-7ae01e3b6e7e6816.mp3"
"cedar","bowling","bowling","","","","","","16128","1.008","52","public/audio/tts/library/cedar/bowling-7ae01e3b6e7e6816.mp3"
"marin","box","box","","","","","","16896","1.056","80","public/audio/tts/library/marin/box-9d8f48dbb150f040.mp3"
"cedar","box","box","","","","","","19200","1.2","80","public/audio/tts/library/cedar/box-9d8f48dbb150f040.mp3"
"marin","boy","boy","","","","","","14592","0.912","1","public/audio/tts/library/marin/boy-fa5b92bbeb99bc24.mp3"
"cedar","boy","boy","","","","","","19200","1.2","1","public/audio/tts/library/cedar/boy-fa5b92bbeb99bc24.mp3"
"marin","branch","branch","","","","","","21120","1.32","8|113","public/audio/tts/library/marin/branch-2bf74fd761df1710.mp3"
"cedar","branch","branch","","","","","","31488","1.968","8|113","public/audio/tts/library/cedar/branch-2bf74fd761df1710.mp3"
"marin","brave","brave","","","","","","21888","1.368","14","public/audio/tts/library/marin/brave-67f95f51d3953337.mp3"
"cedar","brave","brave","","","","","","15360","0.96","14","public/audio/tts/library/cedar/brave-67f95f51d3953337.mp3"
"marin","bread","bread","","","","","","15360","0.96","41","public/audio/tts/library/marin/bread-f942d248a81932a8.mp3"
"cedar","bread","bread","","","","","","19968","1.248","41","public/audio/tts/library/cedar/bread-f942d248a81932a8.mp3"
"marin","break","break","","","","","","28800","1.8","62","public/audio/tts/library/marin/break-84a6ea824cac8e3b.mp3"
"cedar","break","break","","","","","","19968","1.248","62","public/audio/tts/library/cedar/break-84a6ea824cac8e3b.mp3"
"marin","break away","break away","","","","","","22656","1.416","","public/audio/tts/library/marin/break-away-0aa6deabdcc928da.mp3"
"cedar","break away","break away","","","","","","36864","2.304","","public/audio/tts/library/cedar/break-away-0aa6deabdcc928da.mp3"
"marin","break down","break down","","","","","","21888","1.368","","public/audio/tts/library/marin/break-down-3297aeb8049ba44e.mp3"
"cedar","break down","break down","","","","","","30720","1.92","","public/audio/tts/library/cedar/break-down-3297aeb8049ba44e.mp3"
"marin","break in","break in","","","","","","40320","2.52","","public/audio/tts/library/marin/break-in-35a378802e3289d7.mp3"
"cedar","break in","break in","","","","","","28032","1.752","","public/audio/tts/library/cedar/break-in-35a378802e3289d7.mp3"
"marin","break into","break into","","","","","","19968","1.248","","public/audio/tts/library/marin/break-into-f9c63b341f3d65ca.mp3"
"cedar","break into","break into","","","","","","23424","1.464","","public/audio/tts/library/cedar/break-into-f9c63b341f3d65ca.mp3"
"marin","break into pieces","break into pieces","","","","","","31488","1.968","","public/audio/tts/library/marin/break-into-pieces-f8973a4989febf92.mp3"
"cedar","break into pieces","break into pieces","","","","","","35328","2.208","","public/audio/tts/library/cedar/break-into-pieces-f8973a4989febf92.mp3"
"marin","break off","break off","","","","","","21120","1.32","","public/audio/tts/library/marin/break-off-ea7e64852801435c.mp3"
"cedar","break off","break off","","","","","","24960","1.56","","public/audio/tts/library/cedar/break-off-ea7e64852801435c.mp3"
"marin","break one’s word","break one’s word","","","","","","36096","2.256","","public/audio/tts/library/marin/break-ones-word-71cfca23a56caecc.mp3"
"cedar","break one’s word","break one’s word","","","","","","36864","2.304","","public/audio/tts/library/cedar/break-ones-word-71cfca23a56caecc.mp3"
"marin","break out","break out","","","","","","18432","1.152","","public/audio/tts/library/marin/break-out-70d93beded75e3b9.mp3"
"cedar","break out","break out","","","","","","22656","1.416","","public/audio/tts/library/cedar/break-out-70d93beded75e3b9.mp3"
"marin","break the ice","break the ice","","","","","","25728","1.608","","public/audio/tts/library/marin/break-the-ice-d41e43318bd8c076.mp3"
"cedar","break the ice","break the ice","","","","","","36096","2.256","","public/audio/tts/library/cedar/break-the-ice-d41e43318bd8c076.mp3"
"marin","break through","break through","","","","","","25728","1.608","","public/audio/tts/library/marin/break-through-ac1f9efe9ff0e138.mp3"
"cedar","break through","break through","","","","","","22656","1.416","","public/audio/tts/library/cedar/break-through-ac1f9efe9ff0e138.mp3"
"marin","break up","break up","","","","","","25728","1.608","","public/audio/tts/library/marin/break-up-5f5721b6565f9664.mp3"
"cedar","break up","break up","","","","","","18432","1.152","","public/audio/tts/library/cedar/break-up-5f5721b6565f9664.mp3"
"marin","break up with sb.","break up with sb.","","","","","","40320","2.52","","public/audio/tts/library/marin/break-up-with-sb-0bf84ec13857ea04.mp3"
"cedar","break up with sb.","break up with sb.","","","","","","48000","3","","public/audio/tts/library/cedar/break-up-with-sb-0bf84ec13857ea04.mp3"
"marin","break with","break with","","","","","","26496","1.656","","public/audio/tts/library/marin/break-with-235680d094363c65.mp3"
"cedar","break with","break with","","","","","","30720","1.92","","public/audio/tts/library/cedar/break-with-235680d094363c65.mp3"
"marin","breakfast","breakfast","","","","","","24192","1.512","41","public/audio/tts/library/marin/breakfast-ac7e6e6ed522c48c.mp3"
"cedar","breakfast","breakfast","","","","","","21120","1.32","41","public/audio/tts/library/cedar/breakfast-ac7e6e6ed522c48c.mp3"
"marin","bridge","bridge","","","","","","19968","1.248","93","public/audio/tts/library/marin/bridge-062ad4dc6d69b881.mp3"
"cedar","bridge","bridge","","","","","","16128","1.008","93","public/audio/tts/library/cedar/bridge-062ad4dc6d69b881.mp3"
"marin","bright","bright","","","","","","13824","0.864","104","public/audio/tts/library/marin/bright-594a11f107bd7461.mp3"
"cedar","bright","bright","","","","","","15360","0.96","104","public/audio/tts/library/cedar/bright-594a11f107bd7461.mp3"
"marin","bring about","bring about","","","","","","22656","1.416","","public/audio/tts/library/marin/bring-about-59d61cb5e624ff14.mp3"
"cedar","bring about","bring about","","","","","","24960","1.56","","public/audio/tts/library/cedar/bring-about-59d61cb5e624ff14.mp3"
"marin","bring … back","bring … back","","","","","","28032","1.752","","public/audio/tts/library/marin/bring-back-4709530cd1619487.mp3"
"cedar","bring … back","bring … back","","","","","","28032","1.752","","public/audio/tts/library/cedar/bring-back-4709530cd1619487.mp3"
"marin","bring down","bring down","","","","","","28800","1.8","","public/audio/tts/library/marin/bring-down-c3e9efe2be1d8c96.mp3"
"cedar","bring down","bring down","","","","","","22656","1.416","","public/audio/tts/library/cedar/bring-down-c3e9efe2be1d8c96.mp3"
"marin","bring","bring","","","","","","16896","1.056","114","public/audio/tts/library/marin/bring-f280cfc95ee6240a.mp3"
"cedar","bring","bring","","","","","","16128","1.008","114","public/audio/tts/library/cedar/bring-f280cfc95ee6240a.mp3"
"marin","bring forth","bring forth","","","","","","25728","1.608","","public/audio/tts/library/marin/bring-forth-5fe99b3ec963ded9.mp3"
"cedar","bring forth","bring forth","","","","","","39168","2.448","","public/audio/tts/library/cedar/bring-forth-5fe99b3ec963ded9.mp3"
"marin","bring in","bring in","","","","","","19968","1.248","","public/audio/tts/library/marin/bring-in-98c6d3a4c31acc60.mp3"
"cedar","bring in","bring in","","","","","","28800","1.8","","public/audio/tts/library/cedar/bring-in-98c6d3a4c31acc60.mp3"
"marin","bring in …","bring in …","","","","","","27264","1.704","","public/audio/tts/library/marin/bring-in-d7a49b04989ffd49.mp3"
"cedar","bring in …","bring in …","","","","","","26496","1.656","","public/audio/tts/library/cedar/bring-in-d7a49b04989ffd49.mp3"
"marin","bring … off","bring … off","","","","","","26496","1.656","","public/audio/tts/library/marin/bring-off-6d2870b65669b033.mp3"
"cedar","bring … off","bring … off","","","","","","27264","1.704","","public/audio/tts/library/cedar/bring-off-6d2870b65669b033.mp3"
"marin","bring on","bring on","","","","","","19200","1.2","","public/audio/tts/library/marin/bring-on-33b9012afe9cd694.mp3"
"cedar","bring on","bring on","","","","","","25728","1.608","","public/audio/tts/library/cedar/bring-on-33b9012afe9cd694.mp3"
"marin","bring … out","bring … out","","","","","","28800","1.8","","public/audio/tts/library/marin/bring-out-409eb896ccc2cbd9.mp3"
"cedar","bring … out","bring … out","","","","","","27264","1.704","","public/audio/tts/library/cedar/bring-out-409eb896ccc2cbd9.mp3"
"marin","bring up","bring up","","","","","","17664","1.104","","public/audio/tts/library/marin/bring-up-be83d2e811e45691.mp3"
"cedar","bring up","bring up","","","","","","36096","2.256","","public/audio/tts/library/cedar/bring-up-be83d2e811e45691.mp3"
"marin","broad","broad","","","","","","19200","1.2","97","public/audio/tts/library/marin/broad-28ca2eb0a318a77c.mp3"
"cedar","broad","broad","","","","","","16896","1.056","97","public/audio/tts/library/cedar/broad-28ca2eb0a318a77c.mp3"
"marin","broadcast","broadcast","","","","","","33792","2.112","60","public/audio/tts/library/marin/broadcast-fbeb879fbfa0a4c7.mp3"
"cedar","broadcast","broadcast","","","","","","19200","1.2","60","public/audio/tts/library/cedar/broadcast-fbeb879fbfa0a4c7.mp3"
"marin","brother","brother","","","","","","21888","1.368","26","public/audio/tts/library/marin/brother-ea2c139772e30249.mp3"
"cedar","brother","brother","","","","","","24960","1.56","26","public/audio/tts/library/cedar/brother-ea2c139772e30249.mp3"
"marin","brown","brown","","","","","","16128","1.008","51","public/audio/tts/library/marin/brown-5f7dfc0c423d3757.mp3"
"cedar","brown","brown","","","","","","22656","1.416","51","public/audio/tts/library/cedar/brown-5f7dfc0c423d3757.mp3"
"marin","brunch","brunch","","","","","","21888","1.368","41","public/audio/tts/library/marin/brunch-6c472665b0d2a65d.mp3"
"cedar","brunch","brunch","","","","","","26496","1.656","41","public/audio/tts/library/cedar/brunch-6c472665b0d2a65d.mp3"
"marin","brush","brush","","","","","","14592","0.912","73","public/audio/tts/library/marin/brush-b867a95575842356.mp3"
"cedar","brush","brush","","","","","","16896","1.056","73","public/audio/tts/library/cedar/brush-b867a95575842356.mp3"
"marin","brush one's teeth","brush one's teeth","","","","","","26496","1.656","","public/audio/tts/library/marin/brush-ones-teeth-85b0735204a2239a.mp3"
"cedar","brush one's teeth","brush one's teeth","","","","","","33024","2.064","","public/audio/tts/library/cedar/brush-ones-teeth-85b0735204a2239a.mp3"
"marin","bucket","bucket","","","","","","13824","0.864","72","public/audio/tts/library/marin/bucket-277c4325c479b893.mp3"
"cedar","bucket","bucket","","","","","","14592","0.912","72","public/audio/tts/library/cedar/bucket-277c4325c479b893.mp3"
"marin","buffet","buffet","","","","","","15360","0.96","85","public/audio/tts/library/marin/buffet-2fe7a3d3a79ade83.mp3"
"cedar","buffet","buffet","","","","","","22656","1.416","85","public/audio/tts/library/cedar/buffet-2fe7a3d3a79ade83.mp3"
"marin","bug","bug","","","","","","18432","1.152","113","public/audio/tts/library/marin/bug-bf5dad1c73abf127.mp3"
"cedar","bug","bug","","","","","","25728","1.608","113","public/audio/tts/library/cedar/bug-bf5dad1c73abf127.mp3"
"marin","build","build","","","","","","21888","1.368","58","public/audio/tts/library/marin/build-f10ec3ffef16a8da.mp3"
"cedar","build","build","","","","","","15360","0.96","58","public/audio/tts/library/cedar/build-f10ec3ffef16a8da.mp3"
"marin","building","building","","","","","","15360","0.96","67","public/audio/tts/library/marin/building-efa19f8f1d5ded57.mp3"
"cedar","building","building","","","","","","21888","1.368","67","public/audio/tts/library/cedar/building-efa19f8f1d5ded57.mp3"
"marin","bump into","bump into","","","","","","33024","2.064","","public/audio/tts/library/marin/bump-into-07d88c3a367c4ce0.mp3"
"cedar","bump into","bump into","","","","","","26496","1.656","","public/audio/tts/library/cedar/bump-into-07d88c3a367c4ce0.mp3"
"marin","bun","bun","","","","","","12288","0.768","41","public/audio/tts/library/marin/bun-ef85e4983d84a63a.mp3"
"cedar","bun","bun","","","","","","17664","1.104","41","public/audio/tts/library/cedar/bun-ef85e4983d84a63a.mp3"
"marin","bundle","bundle","","","","","","24960","1.56","100","public/audio/tts/library/marin/bundle-ef17b7d320f2acc0.mp3"
"cedar","bundle","bundle","","","","","","15360","0.96","100","public/audio/tts/library/cedar/bundle-ef17b7d320f2acc0.mp3"
"marin","burger","burger","","","","","","24960","1.56","41","public/audio/tts/library/marin/burger-e1f67fc13db3df7d.mp3"
"cedar","burger","burger","","","","","","26496","1.656","41","public/audio/tts/library/cedar/burger-e1f67fc13db3df7d.mp3"
"marin","burn","burn","","","","","","24192","1.512","45","public/audio/tts/library/marin/burn-878e4165bbb1eba0.mp3"
"cedar","burn","burn","","","","","","14592","0.912","45","public/audio/tts/library/cedar/burn-878e4165bbb1eba0.mp3"
"marin","burn down","burn down","","","","","","28800","1.8","","public/audio/tts/library/marin/burn-down-1aa93c47704b5661.mp3"
"cedar","burn down","burn down","","","","","","25728","1.608","","public/audio/tts/library/cedar/burn-down-1aa93c47704b5661.mp3"
"marin","burn the midnight oil","burn the midnight oil","","","","","","35328","2.208","","public/audio/tts/library/marin/burn-the-midnight-oil-5f8d47a3cfe71fc7.mp3"
"cedar","burn the midnight oil","burn the midnight oil","","","","","","31488","1.968","","public/audio/tts/library/cedar/burn-the-midnight-oil-5f8d47a3cfe71fc7.mp3"
"marin","burst","burst","","","","","","16896","1.056","22","public/audio/tts/library/marin/burst-5d4c5be04af85aed.mp3"
"cedar","burst","burst","","","","","","13056","0.816","22","public/audio/tts/library/cedar/burst-5d4c5be04af85aed.mp3"
"marin","burst into","burst into","","","","","","31488","1.968","","public/audio/tts/library/marin/burst-into-0c70d16747c16847.mp3"
"cedar","burst into","burst into","","","","","","24192","1.512","","public/audio/tts/library/cedar/burst-into-0c70d16747c16847.mp3"
"marin","burst out","burst out","","","","","","19968","1.248","","public/audio/tts/library/marin/burst-out-ade88be37279db24.mp3"
"cedar","burst out","burst out","","","","","","21120","1.32","","public/audio/tts/library/cedar/burst-out-ade88be37279db24.mp3"
"marin","bus","bus","","","","","","19968","1.248","91","public/audio/tts/library/marin/bus-29892acefcdb5bbd.mp3"
"cedar","bus","bus","","","","","","14592","0.912","91","public/audio/tts/library/cedar/bus-29892acefcdb5bbd.mp3"
"marin","bus stop","bus stop","","","","","","23424","1.464","91","public/audio/tts/library/marin/bus-stop-ee51a3a4418d9c54.mp3"
"cedar","bus stop","bus stop","","","","","","28032","1.752","91","public/audio/tts/library/cedar/bus-stop-ee51a3a4418d9c54.mp3"
"marin","business","business","","","","","","19968","1.248","8","public/audio/tts/library/marin/business-c56abdcb2691d454.mp3"
"cedar","business","business","","","","","","33024","2.064","8","public/audio/tts/library/cedar/business-c56abdcb2691d454.mp3"
"marin","businessman","businessman","","","","","","19968","1.248","8","public/audio/tts/library/marin/businessman-ec3fbc012c556c10.mp3"
"cedar","businessman","businessman","","","","","","21888","1.368","8","public/audio/tts/library/cedar/businessman-ec3fbc012c556c10.mp3"
"marin","busy","busy","","","","","","22656","1.416","117","public/audio/tts/library/marin/busy-ffb9cff7a8ed4dc4.mp3"
"cedar","busy","busy","","","","","","15360","0.96","117","public/audio/tts/library/cedar/busy-ffb9cff7a8ed4dc4.mp3"
"marin","but","but","","","","","","31488","1.968","133","public/audio/tts/library/marin/but-aff551ea2910e22d.mp3"
"cedar","but","but","","","","","","15360","0.96","133","public/audio/tts/library/cedar/but-aff551ea2910e22d.mp3"
"marin","butter","butter","","","","","","13824","0.864","44","public/audio/tts/library/marin/butter-c79b7fa8326a24b6.mp3"
"cedar","butter","butter","","","","","","22656","1.416","44","public/audio/tts/library/cedar/butter-c79b7fa8326a24b6.mp3"
"marin","butterfly","butterfly","","","","","","28032","1.752","113","public/audio/tts/library/marin/butterfly-23ec315094943f98.mp3"
"cedar","butterfly","butterfly","","","","","","24960","1.56","113","public/audio/tts/library/cedar/butterfly-23ec315094943f98.mp3"
"marin","button","button","","","","","","16128","1.008","47","public/audio/tts/library/marin/button-47dfc5b2d94b1af3.mp3"
"cedar","button","button","","","","","","17664","1.104","47","public/audio/tts/library/cedar/button-47dfc5b2d94b1af3.mp3"
"marin","buy","buy","","","","","","13056","0.816","37","public/audio/tts/library/marin/buy-49c09b3cbe6579cc.mp3"
"cedar","buy","buy","","","","","","14592","0.912","37","public/audio/tts/library/cedar/buy-49c09b3cbe6579cc.mp3"
"marin","by","by","","","","","","16128","1.008","131|132","public/audio/tts/library/marin/by-918f10384daf5523.mp3"
"cedar","by","by","","","","","","12288","0.768","131|132","public/audio/tts/library/cedar/by-918f10384daf5523.mp3"
"marin","by accident","by accident","","","","","","22656","1.416","","public/audio/tts/library/marin/by-accident-6a7147e76b1ad069.mp3"
"cedar","by accident","by accident","","","","","","32256","2.016","","public/audio/tts/library/cedar/by-accident-6a7147e76b1ad069.mp3"
"marin","by all means","by all means","","","","","","44928","2.808","","public/audio/tts/library/marin/by-all-means-31b0eb4949cf3038.mp3"
"cedar","by all means","by all means","","","","","","30720","1.92","","public/audio/tts/library/cedar/by-all-means-31b0eb4949cf3038.mp3"
"marin","by chance","by chance","","","","","","30720","1.92","","public/audio/tts/library/marin/by-chance-3200fd52b3c0d35c.mp3"
"cedar","by chance","by chance","","","","","","26496","1.656","","public/audio/tts/library/cedar/by-chance-3200fd52b3c0d35c.mp3"
"marin","by far","by far","","","","","","42624","2.664","","public/audio/tts/library/marin/by-far-1e35a4dfc06ca5bf.mp3"
"cedar","by far","by far","","","","","","32256","2.016","","public/audio/tts/library/cedar/by-far-1e35a4dfc06ca5bf.mp3"
"marin","by hand","by hand","","","","","","19200","1.2","","public/audio/tts/library/marin/by-hand-ccc6730b7fa7e27b.mp3"
"cedar","by hand","by hand","","","","","","21120","1.32","","public/audio/tts/library/cedar/by-hand-ccc6730b7fa7e27b.mp3"
"marin","by heart","by heart","","","","","","26496","1.656","","public/audio/tts/library/marin/by-heart-74ed2764c1a00cf8.mp3"
"cedar","by heart","by heart","","","","","","24960","1.56","","public/audio/tts/library/cedar/by-heart-74ed2764c1a00cf8.mp3"
"marin","by mistake","by mistake","","","","","","27264","1.704","","public/audio/tts/library/marin/by-mistake-453d6c6c7b4fdca0.mp3"
"cedar","by mistake","by mistake","","","","","","19968","1.248","","public/audio/tts/library/cedar/by-mistake-453d6c6c7b4fdca0.mp3"
"marin","by nature","by nature","","","","","","19968","1.248","","public/audio/tts/library/marin/by-nature-267a424cf7ba8329.mp3"
"cedar","by nature","by nature","","","","","","31488","1.968","","public/audio/tts/library/cedar/by-nature-267a424cf7ba8329.mp3"
"marin","by no means","by no means","","","","","","37632","2.352","","public/audio/tts/library/marin/by-no-means-62a81a6b896792a5.mp3"
"cedar","by no means","by no means","","","","","","38400","2.4","","public/audio/tts/library/cedar/by-no-means-62a81a6b896792a5.mp3"
"marin","by one's side","by one's side","","","","","","33792","2.112","","public/audio/tts/library/marin/by-ones-side-17ebc68b703b7fe1.mp3"
"cedar","by one's side","by one's side","","","","","","31488","1.968","","public/audio/tts/library/cedar/by-ones-side-17ebc68b703b7fe1.mp3"
"marin","by oneself","by oneself","","","","","","26496","1.656","","public/audio/tts/library/marin/by-oneself-bbde931b0fe9a361.mp3"
"cedar","by oneself","by oneself","","","","","","26496","1.656","","public/audio/tts/library/cedar/by-oneself-bbde931b0fe9a361.mp3"
"marin","by the way","by the way","","","","","","25728","1.608","","public/audio/tts/library/marin/by-the-way-b60a05d7a453b902.mp3"
"cedar","by the way","by the way","","","","","","24960","1.56","","public/audio/tts/library/cedar/by-the-way-b60a05d7a453b902.mp3"
"marin","by turns","by turns","","","","","","28032","1.752","","public/audio/tts/library/marin/by-turns-c8fbfb59b5cd6718.mp3"
"cedar","by turns","by turns","","","","","","36096","2.256","","public/audio/tts/library/cedar/by-turns-c8fbfb59b5cd6718.mp3"
"marin","cabbage","cabbage","","","","","","24960","1.56","39","public/audio/tts/library/marin/cabbage-2b1f5dfffc5eedae.mp3"
"cedar","cabbage","cabbage","","","","","","23424","1.464","39","public/audio/tts/library/cedar/cabbage-2b1f5dfffc5eedae.mp3"
"marin","cable","cable","","","","","","19200","1.2","61","public/audio/tts/library/marin/cable-4944ae551a7cccbf.mp3"
"cedar","cable","cable","","","","","","15360","0.96","61","public/audio/tts/library/cedar/cable-4944ae551a7cccbf.mp3"
"marin","cafeteria","cafeteria","","","","","","21120","1.32","85","public/audio/tts/library/marin/cafeteria-7d7b9e5be47da7ac.mp3"
"cedar","cafeteria","cafeteria","","","","","","22656","1.416","85","public/audio/tts/library/cedar/cafeteria-7d7b9e5be47da7ac.mp3"
"marin","cage","cage","","","","","","18432","1.152","58","public/audio/tts/library/marin/cage-50ea31e8efd48090.mp3"
"cedar","cage","cage","","","","","","15360","0.96","58","public/audio/tts/library/cedar/cage-50ea31e8efd48090.mp3"
"marin","cake","cake","","","","","","15360","0.96","42","public/audio/tts/library/marin/cake-288114bd0a979404.mp3"
"cedar","cake","cake","","","","","","18432","1.152","42","public/audio/tts/library/cedar/cake-288114bd0a979404.mp3"
"marin","calendar","calendar","","","","","","16896","1.056","32","public/audio/tts/library/marin/calendar-d935058f8e1f7263.mp3"
"cedar","calendar","calendar","","","","","","33024","2.064","32","public/audio/tts/library/cedar/calendar-d935058f8e1f7263.mp3"
"marin","call","call","","","","","","26496","1.656","60","public/audio/tts/library/marin/call-472df7efe735cdad.mp3"
"cedar","call","call","","","","","","16896","1.056","60","public/audio/tts/library/cedar/call-472df7efe735cdad.mp3"
"marin","call at","call at","","","","","","27264","1.704","","public/audio/tts/library/marin/call-at-002ea75a634b03c8.mp3"
"cedar","call at","call at","","","","","","21888","1.368","","public/audio/tts/library/cedar/call-at-002ea75a634b03c8.mp3"
"marin","call back","call back","","","","","","19968","1.248","","public/audio/tts/library/marin/call-back-641259403f735382.mp3"
"cedar","call back","call back","","","","","","28032","1.752","","public/audio/tts/library/cedar/call-back-641259403f735382.mp3"
"marin","call down","call down","","","","","","31488","1.968","","public/audio/tts/library/marin/call-down-817f69c537ea793c.mp3"
"cedar","call down","call down","","","","","","41088","2.568","","public/audio/tts/library/cedar/call-down-817f69c537ea793c.mp3"
"marin","call for","call for","","","","","","21888","1.368","","public/audio/tts/library/marin/call-for-d9486d18a365c212.mp3"
"cedar","call for","call for","","","","","","42624","2.664","","public/audio/tts/library/cedar/call-for-d9486d18a365c212.mp3"
"marin","call for help","call for help","","","","","","29568","1.848","","public/audio/tts/library/marin/call-for-help-073d878ddc738310.mp3"
"cedar","call for help","call for help","","","","","","24192","1.512","","public/audio/tts/library/cedar/call-for-help-073d878ddc738310.mp3"
"marin","call forth","call forth","","","","","","28800","1.8","","public/audio/tts/library/marin/call-forth-7e4df5afa77d2ca6.mp3"
"cedar","call forth","call forth","","","","","","32256","2.016","","public/audio/tts/library/cedar/call-forth-7e4df5afa77d2ca6.mp3"
"marin","call in","call in","","","","","","26496","1.656","","public/audio/tts/library/marin/call-in-1de6a09984d573cc.mp3"
"cedar","call in","call in","","","","","","27264","1.704","","public/audio/tts/library/cedar/call-in-1de6a09984d573cc.mp3"
"marin","call it a day","call it a day","","","","","","36096","2.256","","public/audio/tts/library/marin/call-it-a-day-5e32654804b792db.mp3"
"cedar","call it a day","call it a day","","","","","","22656","1.416","","public/audio/tts/library/cedar/call-it-a-day-5e32654804b792db.mp3"
"marin","call off","call off","","","","","","28032","1.752","","public/audio/tts/library/marin/call-off-0021552b4a4c09cd.mp3"
"cedar","call off","call off","","","","","","23424","1.464","","public/audio/tts/library/cedar/call-off-0021552b4a4c09cd.mp3"
"marin","call on","call on","","","","","","22656","1.416","","public/audio/tts/library/marin/call-on-a05292fb0663f166.mp3"
"cedar","call on","call on","","","","","","22656","1.416","","public/audio/tts/library/cedar/call-on-a05292fb0663f166.mp3"
"marin","call one’s attention","call one’s attention","","","","","","36864","2.304","","public/audio/tts/library/marin/call-ones-attention-e117e2d5ea1793fd.mp3"
"cedar","call one’s attention","call one’s attention","","","","","","28032","1.752","","public/audio/tts/library/cedar/call-ones-attention-e117e2d5ea1793fd.mp3"
"marin","call out","call out","","","","","","24960","1.56","","public/audio/tts/library/marin/call-out-148b05a8150447a9.mp3"
"cedar","call out","call out","","","","","","21888","1.368","","public/audio/tts/library/cedar/call-out-148b05a8150447a9.mp3"
"marin","call up","call up","","","","","","26496","1.656","","public/audio/tts/library/marin/call-up-9fdf7e2d123763df.mp3"
"cedar","call up","call up","","","","","","22656","1.416","","public/audio/tts/library/cedar/call-up-9fdf7e2d123763df.mp3"
"marin","calm","calm","","","","","","19200","1.2","17","public/audio/tts/library/marin/calm-43cc99483cd1d06f.mp3"
"cedar","calm","calm","","","","","","19968","1.248","17","public/audio/tts/library/cedar/calm-43cc99483cd1d06f.mp3"
"marin","calm down","calm down","","","","","","29568","1.848","","public/audio/tts/library/marin/calm-down-e6006103d35c0b28.mp3"
"cedar","calm down","calm down","","","","","","22656","1.416","","public/audio/tts/library/cedar/calm-down-e6006103d35c0b28.mp3"
"marin","camera","camera","","","","","","28032","1.752","55","public/audio/tts/library/marin/camera-74c6f27396df27d3.mp3"
"cedar","camera","camera","","","","","","17664","1.104","55","public/audio/tts/library/cedar/camera-74c6f27396df27d3.mp3"
"marin","camp","camp","","","","","","16896","1.056","53","public/audio/tts/library/marin/camp-de57d1acb8400399.mp3"
"cedar","camp","camp","","","","","","13824","0.864","53","public/audio/tts/library/cedar/camp-de57d1acb8400399.mp3"
"marin","Campus","Campus","","","","","","39168","2.448","74","public/audio/tts/library/marin/campus-e962e5a7517eb0b2.mp3"
"cedar","Campus","Campus","","","","","","21120","1.32","74","public/audio/tts/library/cedar/campus-e962e5a7517eb0b2.mp3"
"marin","can","can","","","","","","16128","1.008","100|123","public/audio/tts/library/marin/can-0f79b795ac96d5da.mp3"
"cedar","can","can","","","","","","17664","1.104","100|123","public/audio/tts/library/cedar/can-0f79b795ac96d5da.mp3"
"marin","Can I take a rain check?","Can I take a rain check?","","","","","","30720","1.92","","public/audio/tts/library/marin/can-i-take-a-rain-check-a8bc03eca8f9d03f.mp3"
"cedar","Can I take a rain check?","Can I take a rain check?","","","","","","29568","1.848","","public/audio/tts/library/cedar/can-i-take-a-rain-check-a8bc03eca8f9d03f.mp3"
"marin","cancel","cancel","","","","","","14592","0.912","37","public/audio/tts/library/marin/cancel-c60fefd0c0a6751b.mp3"
"cedar","cancel","cancel","","","","","","25728","1.608","37","public/audio/tts/library/cedar/cancel-c60fefd0c0a6751b.mp3"
"marin","cancer","cancer","","","","","","23424","1.464","24","public/audio/tts/library/marin/cancer-49263fa400084750.mp3"
"cedar","cancer","cancer","","","","","","19200","1.2","24","public/audio/tts/library/cedar/cancer-49263fa400084750.mp3"
"marin","candle","candle","","","","","","21888","1.368","70","public/audio/tts/library/marin/candle-0b458a5875c199ff.mp3"
"cedar","candle","candle","","","","","","37632","2.352","70","public/audio/tts/library/cedar/candle-0b458a5875c199ff.mp3"
"marin","candy","candy","","","","","","19968","1.248","43","public/audio/tts/library/marin/candy-a7b94e8bb18ddbb2.mp3"
"cedar","candy","candy","","","","","","21888","1.368","43","public/audio/tts/library/cedar/candy-a7b94e8bb18ddbb2.mp3"
"marin","can't help but + V","can't help but do something.","","","","","","35328","2.208","","public/audio/tts/library/marin/cant-help-but-v-f8d21a488c489e25.mp3"
"cedar","can't help but + V","can't help but do something.","","","","","","39168","2.448","","public/audio/tts/library/cedar/cant-help-but-v-f8d21a488c489e25.mp3"
"marin","can't wait to...","can't wait to","","","","","","35328","2.208","","public/audio/tts/library/marin/cant-wait-to-83c51f50deb52a43.mp3"
"cedar","can't wait to...","can't wait to","","","","","","30720","1.92","","public/audio/tts/library/cedar/cant-wait-to-83c51f50deb52a43.mp3"
"marin","cap","cap","","","","","","13824","0.864","48","public/audio/tts/library/marin/cap-ab185873c38b37f4.mp3"
"cedar","cap","cap","","","","","","14592","0.912","48","public/audio/tts/library/cedar/cap-ab185873c38b37f4.mp3"
"marin","captain","captain","","","","","","19200","1.2","5","public/audio/tts/library/marin/captain-273e37dc8e74809d.mp3"
"cedar","captain","captain","","","","","","16128","1.008","5","public/audio/tts/library/cedar/captain-273e37dc8e74809d.mp3"
"marin","car","car","","","","","","16896","1.056","92","public/audio/tts/library/marin/car-f35ab270f45957f6.mp3"
"cedar","car","car","","","","","","15360","0.96","92","public/audio/tts/library/cedar/car-f35ab270f45957f6.mp3"
"marin","card","card","","","","","","21120","1.32","","public/audio/tts/library/marin/card-ee5a8aebf57ef226.mp3"
"cedar","card","card","","","","","","14592","0.912","","public/audio/tts/library/cedar/card-ee5a8aebf57ef226.mp3"
"marin","cards","cards","","","","","","21120","1.32","57","public/audio/tts/library/marin/cards-2adec6295d3f2df7.mp3"
"cedar","cards","cards","","","","","","19968","1.248","57","public/audio/tts/library/cedar/cards-2adec6295d3f2df7.mp3"
"marin","care about","care about","","","","","","24192","1.512","","public/audio/tts/library/marin/care-about-d0e054149f9f689f.mp3"
"cedar","care about","care about","","","","","","19200","1.2","","public/audio/tts/library/cedar/care-about-d0e054149f9f689f.mp3"
"marin","care","care","","","","","","21120","1.32","28","public/audio/tts/library/marin/care-e2066c58bd7850b7.mp3"
"cedar","care","care","","","","","","24960","1.56","28","public/audio/tts/library/cedar/care-e2066c58bd7850b7.mp3"
"marin","care for","care for","","","","","","44928","2.808","","public/audio/tts/library/marin/care-for-8791c98f07d36df2.mp3"
"cedar","care for","care for","","","","","","22656","1.416","","public/audio/tts/library/cedar/care-for-8791c98f07d36df2.mp3"
"marin","care for...","care for","","","","","","16896","1.056","","public/audio/tts/library/marin/care-for-bc0a5ee558452107.mp3"
"cedar","care for...","care for","","","","","","24960","1.56","","public/audio/tts/library/cedar/care-for-bc0a5ee558452107.mp3"
"marin","care to + V","care to do something","","","","","","31488","1.968","","public/audio/tts/library/marin/care-to-v-16acf019843552b9.mp3"
"cedar","care to + V","care to do something","","","","","","27264","1.704","","public/audio/tts/library/cedar/care-to-v-16acf019843552b9.mp3"
"marin","careful","careful","","","","","","21888","1.368","13","public/audio/tts/library/marin/careful-f1af476f7f84e818.mp3"
"cedar","careful","careful","","","","","","24192","1.512","13","public/audio/tts/library/cedar/careful-f1af476f7f84e818.mp3"
"marin","careless","careless","","","","","","16896","1.056","13","public/audio/tts/library/marin/careless-8d96c600b9a9617e.mp3"
"cedar","careless","careless","","","","","","21120","1.32","13","public/audio/tts/library/cedar/careless-8d96c600b9a9617e.mp3"
"marin","carpet","carpet","","","","","","14592","0.912","68","public/audio/tts/library/marin/carpet-de18ccc7ba7559b5.mp3"
"cedar","carpet","carpet","","","","","","18432","1.152","68","public/audio/tts/library/cedar/carpet-de18ccc7ba7559b5.mp3"
"marin","carrot","carrot","","","","","","19200","1.2","39","public/audio/tts/library/marin/carrot-b5ea7ec5fd469ce8.mp3"
"cedar","carrot","carrot","","","","","","18432","1.152","39","public/audio/tts/library/cedar/carrot-b5ea7ec5fd469ce8.mp3"
"marin","carry","carry","","","","","","19968","1.248","114","public/audio/tts/library/marin/carry-0ca1f8c3e24f0fbf.mp3"
"cedar","carry","carry","","","","","","30720","1.92","114","public/audio/tts/library/cedar/carry-0ca1f8c3e24f0fbf.mp3"
"marin","carry away","carry away","","","","","","30720","1.92","","public/audio/tts/library/marin/carry-away-48d5646c53bbd8df.mp3"
"cedar","carry away","carry away","","","","","","24192","1.512","","public/audio/tts/library/cedar/carry-away-48d5646c53bbd8df.mp3"
"marin","carry … off","carry … off","","","","","","47232","2.952","","public/audio/tts/library/marin/carry-off-a3d65ab8e73655e4.mp3"
"cedar","carry … off","carry … off","","","","","","32256","2.016","","public/audio/tts/library/cedar/carry-off-a3d65ab8e73655e4.mp3"
"marin","carry on","carry on","","","","","","21120","1.32","","public/audio/tts/library/marin/carry-on-0795c1770eade251.mp3"
"cedar","carry on","carry on","","","","","","23424","1.464","","public/audio/tts/library/cedar/carry-on-0795c1770eade251.mp3"
"marin","carry on + Ving / with N","carry on Ving, or with N","","","","","","64896","4.056","","public/audio/tts/library/marin/carry-on-ving-with-n-d06d423fb1828a00.mp3"
"cedar","carry on + Ving / with N","carry on Ving, or with N","","","","","","52992","3.312","","public/audio/tts/library/cedar/carry-on-ving-with-n-d06d423fb1828a00.mp3"
"marin","carry out","carry out","","","","","","22656","1.416","","public/audio/tts/library/marin/carry-out-5e188d124651f538.mp3"
"cedar","carry out","carry out","","","","","","17664","1.104","","public/audio/tts/library/cedar/carry-out-5e188d124651f538.mp3"
"marin","carry through","carry through","","","","","","27264","1.704","","public/audio/tts/library/marin/carry-through-d654bc6f7912be57.mp3"
"cedar","carry through","carry through","","","","","","24960","1.56","","public/audio/tts/library/cedar/carry-through-d654bc6f7912be57.mp3"
"marin","cartoon","cartoon","","","","","","19200","1.2","55","public/audio/tts/library/marin/cartoon-dac4a18a86060526.mp3"
"cedar","cartoon","cartoon","","","","","","23424","1.464","55","public/audio/tts/library/cedar/cartoon-dac4a18a86060526.mp3"
"marin","case","case","","","","","","24192","1.512","95","public/audio/tts/library/marin/case-1df17bc6eaaa4356.mp3"
"cedar","case","case","","","","","","13824","0.864","95","public/audio/tts/library/cedar/case-1df17bc6eaaa4356.mp3"
"marin","cash","cash","","","","","","22656","1.416","36","public/audio/tts/library/marin/cash-dcf19ee4210f2c92.mp3"
"cedar","cash","cash","","","","","","21888","1.368","36","public/audio/tts/library/cedar/cash-dcf19ee4210f2c92.mp3"
"marin","cassette","cassette","","","","","","16128","1.008","56","public/audio/tts/library/marin/cassette-a1b63f54a4771c80.mp3"
"cedar","cassette","cassette","","","","","","17664","1.104","56","public/audio/tts/library/cedar/cassette-a1b63f54a4771c80.mp3"
"marin","castle","castle","","","","","","19968","1.248","2","public/audio/tts/library/marin/castle-a297c21faee68549.mp3"
"cedar","castle","castle","","","","","","22656","1.416","2","public/audio/tts/library/cedar/castle-a297c21faee68549.mp3"
"marin","cat","cat","","","","","","16128","1.008","110","public/audio/tts/library/marin/cat-175cc6f362b2f75a.mp3"
"cedar","cat","cat","","","","","","18432","1.152","110","public/audio/tts/library/cedar/cat-175cc6f362b2f75a.mp3"
"marin","catch","catch","","","","","","15360","0.96","62","public/audio/tts/library/marin/catch-2d94b729987d4762.mp3"
"cedar","catch","catch","","","","","","24960","1.56","62","public/audio/tts/library/cedar/catch-2d94b729987d4762.mp3"
"marin","catch a cold","catch a cold","","","","","","26496","1.656","","public/audio/tts/library/marin/catch-a-cold-286cfcb28e6c58a1.mp3"
"cedar","catch a cold","catch a cold","","","","","","24960","1.56","","public/audio/tts/library/cedar/catch-a-cold-286cfcb28e6c58a1.mp3"
"marin","catch/ get hold of ...","catch, or get hold of","","","","","","44928","2.808","","public/audio/tts/library/marin/catch-get-hold-of-947eab6c22ba5fcd.mp3"
"cedar","catch/ get hold of ...","catch, or get hold of","","","","","","64896","4.056","","public/audio/tts/library/cedar/catch-get-hold-of-947eab6c22ba5fcd.mp3"
"marin","catch / have a cold","catch a cold. Or, have a cold.","","","","","","58368","3.648","","public/audio/tts/library/marin/catch-have-a-cold-05263f4256ba7f2a.mp3"
"cedar","catch / have a cold","catch a cold. Or, have a cold.","","","","","","45696","2.856","","public/audio/tts/library/cedar/catch-have-a-cold-05263f4256ba7f2a.mp3"
"marin","catch hold of …","catch hold of …","","","","","","43392","2.712","","public/audio/tts/library/marin/catch-hold-of-5ca14a0a20a5a8eb.mp3"
"cedar","catch hold of …","catch hold of …","","","","","","41088","2.568","","public/audio/tts/library/cedar/catch-hold-of-5ca14a0a20a5a8eb.mp3"
"marin","catch on","catch on","","","","","","23424","1.464","","public/audio/tts/library/marin/catch-on-ca3510f43351f5be.mp3"
"cedar","catch on","catch on","","","","","","28032","1.752","","public/audio/tts/library/cedar/catch-on-ca3510f43351f5be.mp3"
"marin","catch one’s breath","catch one’s breath","","","","","","30720","1.92","","public/audio/tts/library/marin/catch-ones-breath-98488608749fa28a.mp3"
"cedar","catch one’s breath","catch one’s breath","","","","","","28800","1.8","","public/audio/tts/library/cedar/catch-ones-breath-98488608749fa28a.mp3"
"marin","catch one's eye","catch one's eye","","","","","","31488","1.968","","public/audio/tts/library/marin/catch-ones-eye-c7ee865545bd5d91.mp3"
"cedar","catch one's eye","catch one's eye","","","","","","33024","2.064","","public/audio/tts/library/cedar/catch-ones-eye-c7ee865545bd5d91.mp3"
"marin","catch sight of …","catch sight of …","","","","","","38400","2.4","","public/audio/tts/library/marin/catch-sight-of-5191d3343ca9b53c.mp3"
"cedar","catch sight of …","catch sight of …","","","","","","36096","2.256","","public/audio/tts/library/cedar/catch-sight-of-5191d3343ca9b53c.mp3"
"marin","catch up on …","catch up on …","","","","","","26496","1.656","","public/audio/tts/library/marin/catch-up-on-981b4015a1809d99.mp3"
"cedar","catch up on …","catch up on …","","","","","","29568","1.848","","public/audio/tts/library/cedar/catch-up-on-981b4015a1809d99.mp3"
"marin","catch up (with …)","catch up. Or, with ….","","","","","","64896","4.056","","public/audio/tts/library/marin/catch-up-with-148a6211d404f356.mp3"
"cedar","catch up (with …)","catch up. Or, with ….","","","","","","58368","3.648","","public/audio/tts/library/cedar/catch-up-with-148a6211d404f356.mp3"
"marin","cause","cause","","","","","","15360","0.96","63","public/audio/tts/library/marin/cause-853c7f24f524a968.mp3"
"cedar","cause","cause","","","","","","24192","1.512","63","public/audio/tts/library/cedar/cause-853c7f24f524a968.mp3"
"marin","ceiling","ceiling","","","","","","18432","1.152","73","public/audio/tts/library/marin/ceiling-8aaa5985f4795c48.mp3"
"cedar","ceiling","ceiling","","","","","","31488","1.968","73","public/audio/tts/library/cedar/ceiling-8aaa5985f4795c48.mp3"
"marin","celebrate","celebrate","","","","","","19968","1.248","103","public/audio/tts/library/marin/celebrate-84f1e8ae80960cb8.mp3"
"cedar","celebrate","celebrate","","","","","","21888","1.368","103","public/audio/tts/library/cedar/celebrate-84f1e8ae80960cb8.mp3"
"marin","cellphone","cellphone","","","","","","18432","1.152","61","public/audio/tts/library/marin/cellphone-905b7dcde73cf60a.mp3"
"cedar","cellphone","cellphone","","","","","","21888","1.368","61","public/audio/tts/library/cedar/cellphone-905b7dcde73cf60a.mp3"
"marin","cent","cent","","","","","","39168","2.448","36","public/audio/tts/library/marin/cent-918aa6c3799cc3d0.mp3"
"cedar","cent","cent","","","","","","21888","1.368","36","public/audio/tts/library/cedar/cent-918aa6c3799cc3d0.mp3"
"marin","center","center","","","","","","16128","1.008","83","public/audio/tts/library/marin/center-7f38dab1bba909cb.mp3"
"cedar","center","center","","","","","","21888","1.368","83","public/audio/tts/library/cedar/center-7f38dab1bba909cb.mp3"
"marin","centimeter (cm)","centimeter. Or, C M.","","","","","","49920","3.12","","public/audio/tts/library/marin/centimeter-cm-31a8f88e873255f4.mp3"
"cedar","centimeter (cm)","centimeter. Or, C M.","","","","","","51456","3.216","","public/audio/tts/library/cedar/centimeter-cm-31a8f88e873255f4.mp3"
"marin","centimeter","centimeter","","","","","","40320","2.52","96","public/audio/tts/library/marin/centimeter-f743b47dadfaf2ce.mp3"
"cedar","centimeter","centimeter","","","","","","24960","1.56","96","public/audio/tts/library/cedar/centimeter-f743b47dadfaf2ce.mp3"
"marin","central","central","","","","","","19968","1.248","83","public/audio/tts/library/marin/central-e279b1ea081f0ae4.mp3"
"cedar","central","central","","","","","","19968","1.248","83","public/audio/tts/library/cedar/central-e279b1ea081f0ae4.mp3"
"marin","century","century","","","","","","13824","0.864","32","public/audio/tts/library/marin/century-25e9c67a71502cb0.mp3"
"cedar","century","century","","","","","","36096","2.256","32","public/audio/tts/library/cedar/century-25e9c67a71502cb0.mp3"
"marin","cereal","cereal","","","","","","15360","0.96","41","public/audio/tts/library/marin/cereal-5218c45a917bcdc2.mp3"
"cedar","cereal","cereal","","","","","","22656","1.416","41","public/audio/tts/library/cedar/cereal-5218c45a917bcdc2.mp3"
"marin","certain","certain","","","","","","23424","1.464","117","public/audio/tts/library/marin/certain-bd02a97762c8d4e4.mp3"
"cedar","certain","certain","","","","","","21888","1.368","117","public/audio/tts/library/cedar/certain-bd02a97762c8d4e4.mp3"
"marin","chair","chair","","","","","","15360","0.96","70","public/audio/tts/library/marin/chair-971717165a5fbfbe.mp3"
"cedar","chair","chair","","","","","","18432","1.152","70","public/audio/tts/library/cedar/chair-971717165a5fbfbe.mp3"
"marin","chalk","chalk","","","","","","19200","1.2","75","public/audio/tts/library/marin/chalk-d50ebfd7d20661f3.mp3"
"cedar","chalk","chalk","","","","","","13824","0.864","75","public/audio/tts/library/cedar/chalk-d50ebfd7d20661f3.mp3"
"marin","chance","chance","","","","","","22656","1.416","90","public/audio/tts/library/marin/chance-3b9c9832802cab60.mp3"
"cedar","chance","chance","","","","","","24192","1.512","90","public/audio/tts/library/cedar/chance-3b9c9832802cab60.mp3"
"marin","change","change","","","","","","21120","1.32","36|94","public/audio/tts/library/marin/change-8eefdfa35348df2e.mp3"
"cedar","change","change","","","","","","21888","1.368","36|94","public/audio/tts/library/cedar/change-8eefdfa35348df2e.mp3"
"marin","change into","change into","","","","","","35328","2.208","","public/audio/tts/library/marin/change-into-28c450565df03b4e.mp3"
"cedar","change into","change into","","","","","","34560","2.16","","public/audio/tts/library/cedar/change-into-28c450565df03b4e.mp3"
"marin","channel","channel","","","","","","22656","1.416","60","public/audio/tts/library/marin/channel-dec2a5245eb7a58a.mp3"
"cedar","channel","channel","","","","","","18432","1.152","60","public/audio/tts/library/cedar/channel-dec2a5245eb7a58a.mp3"
"marin","character","character","","","","","","36864","2.304","12","public/audio/tts/library/marin/character-ebfd274444af8216.mp3"
"cedar","character","character","","","","","","15360","0.96","12","public/audio/tts/library/cedar/character-ebfd274444af8216.mp3"
"marin","charge","charge","","","","","","16128","1.008","37","public/audio/tts/library/marin/charge-b76b3ea7fbc242bd.mp3"
"cedar","charge","charge","","","","","","16896","1.056","37","public/audio/tts/library/cedar/charge-b76b3ea7fbc242bd.mp3"
"marin","chart","chart","","","","","","16896","1.056","78","public/audio/tts/library/marin/chart-d6d05c6c0ef385a0.mp3"
"cedar","chart","chart","","","","","","23424","1.464","78","public/audio/tts/library/cedar/chart-d6d05c6c0ef385a0.mp3"
"marin","chase","chase","","","","","","17664","1.104","62","public/audio/tts/library/marin/chase-8df9b5e2bed9f667.mp3"
"cedar","chase","chase","","","","","","26496","1.656","62","public/audio/tts/library/cedar/chase-8df9b5e2bed9f667.mp3"
"marin","cheap","cheap","","","","","","16128","1.008","37","public/audio/tts/library/marin/cheap-41a9230e6e37a837.mp3"
"cedar","cheap","cheap","","","","","","23424","1.464","37","public/audio/tts/library/cedar/cheap-41a9230e6e37a837.mp3"
"marin","cheat","cheat","","","","","","15360","0.96","79","public/audio/tts/library/marin/cheat-5653d95687b7e403.mp3"
"cedar","cheat","cheat","","","","","","18432","1.152","79","public/audio/tts/library/cedar/cheat-5653d95687b7e403.mp3"
"marin","cheat on exams","cheat on exams","","","","","","32256","2.016","","public/audio/tts/library/marin/cheat-on-exams-f357a9b039f4398b.mp3"
"cedar","cheat on exams","cheat on exams","","","","","","36864","2.304","","public/audio/tts/library/cedar/cheat-on-exams-f357a9b039f4398b.mp3"
"marin","check","check","","","","","","24960","1.56","6|36","public/audio/tts/library/marin/check-b78232388282c642.mp3"
"cedar","check","check","","","","","","28800","1.8","6|36","public/audio/tts/library/cedar/check-b78232388282c642.mp3"
"marin","check in / check out","check in, or check out","","","","","","39168","2.448","","public/audio/tts/library/marin/check-in-check-out-31e8b809dbc13c7d.mp3"
"cedar","check in / check out","check in, or check out","","","","","","44160","2.76","","public/audio/tts/library/cedar/check-in-check-out-31e8b809dbc13c7d.mp3"
"marin","cheer","cheer","","","","","","13824","0.864","","public/audio/tts/library/marin/cheer-27a2ba976056defe.mp3"
"cedar","cheer","cheer","","","","","","21120","1.32","","public/audio/tts/library/cedar/cheer-27a2ba976056defe.mp3"
"marin","cheer for...","cheer for","","","","","","31488","1.968","","public/audio/tts/library/marin/cheer-for-161491b4fb5092a1.mp3"
"cedar","cheer for...","cheer for","","","","","","29568","1.848","","public/audio/tts/library/cedar/cheer-for-161491b4fb5092a1.mp3"
"marin","cheer up","cheer up","","","","","","22656","1.416","","public/audio/tts/library/marin/cheer-up-5ce1951eda5911e0.mp3"
"cedar","cheer up","cheer up","","","","","","21888","1.368","","public/audio/tts/library/cedar/cheer-up-5ce1951eda5911e0.mp3"
"marin","cheerleader","cheerleader","","","","","","22656","1.416","10","public/audio/tts/library/marin/cheerleader-f04e0eeb1c6d6712.mp3"
"cedar","cheerleader","cheerleader","","","","","","21888","1.368","10","public/audio/tts/library/cedar/cheerleader-f04e0eeb1c6d6712.mp3"
"marin","cheese","cheese","","","","","","22656","1.416","42","public/audio/tts/library/marin/cheese-3b884f7a5ea2c482.mp3"
"cedar","cheese","cheese","","","","","","18432","1.152","42","public/audio/tts/library/cedar/cheese-3b884f7a5ea2c482.mp3"
"marin","chemistry","chemistry","","","","","","22656","1.416","76","public/audio/tts/library/marin/chemistry-505b08f771a3b9c0.mp3"
"cedar","chemistry","chemistry","","","","","","31488","1.968","76","public/audio/tts/library/cedar/chemistry-505b08f771a3b9c0.mp3"
"marin","chess","chess","","","","","","17664","1.104","57","public/audio/tts/library/marin/chess-29087f76686c3be3.mp3"
"cedar","chess","chess","","","","","","34560","2.16","57","public/audio/tts/library/cedar/chess-29087f76686c3be3.mp3"
"marin","chicken","chicken","","","","","","16128","1.008","40|110","public/audio/tts/library/marin/chicken-f1ed2aa141367031.mp3"
"cedar","chicken","chicken","","","","","","21120","1.32","40|110","public/audio/tts/library/cedar/chicken-f1ed2aa141367031.mp3"
"marin","child","child","","","","","","13056","0.816","1","public/audio/tts/library/marin/child-2fa14f53e6b15cac.mp3"
"cedar","child","child","","","","","","14592","0.912","1","public/audio/tts/library/cedar/child-2fa14f53e6b15cac.mp3"
"marin","childhood","childhood","","","","","","34560","2.16","1","public/audio/tts/library/marin/childhood-628b2ce220bf8ded.mp3"
"cedar","childhood","childhood","","","","","","26496","1.656","1","public/audio/tts/library/cedar/childhood-628b2ce220bf8ded.mp3"
"marin","childish","childish","","","","","","19200","1.2","13","public/audio/tts/library/marin/childish-6c6ad05edbc09f33.mp3"
"cedar","childish","childish","","","","","","24960","1.56","13","public/audio/tts/library/cedar/childish-6c6ad05edbc09f33.mp3"
"marin","childlike","childlike","","","","","","29568","1.848","28","public/audio/tts/library/marin/childlike-b91eb5724f2508b7.mp3"
"cedar","childlike","childlike","","","","","","24192","1.512","28","public/audio/tts/library/cedar/childlike-b91eb5724f2508b7.mp3"
"marin","chin","chin","","","","","","19968","1.248","19","public/audio/tts/library/marin/chin-816f3b4431678258.mp3"
"cedar","chin","chin","","","","","","19200","1.2","19","public/audio/tts/library/cedar/chin-816f3b4431678258.mp3"
"marin","China","China","","","","","","12288","0.768","89","public/audio/tts/library/marin/china-a0ee530d00f27ab8.mp3"
"cedar","China","China","","","","","","37632","2.352","89","public/audio/tts/library/cedar/china-a0ee530d00f27ab8.mp3"
"marin","Chinese","Chinese","","","","","","23424","1.464","76","public/audio/tts/library/marin/chinese-47d3c749f7a0df38.mp3"
"cedar","Chinese","Chinese","","","","","","19968","1.248","76","public/audio/tts/library/cedar/chinese-47d3c749f7a0df38.mp3"
"marin","Chinese New Year","Chinese New Year","","","","","","36096","2.256","101","public/audio/tts/library/marin/chinese-new-year-593ff4d7a742da43.mp3"
"cedar","Chinese New Year","Chinese New Year","","","","","","35328","2.208","101","public/audio/tts/library/cedar/chinese-new-year-593ff4d7a742da43.mp3"
"marin","chocolate","chocolate","","","","","","18432","1.152","42","public/audio/tts/library/marin/chocolate-1ab57ba485755fa4.mp3"
"cedar","chocolate","chocolate","","","","","","24192","1.512","42","public/audio/tts/library/cedar/chocolate-1ab57ba485755fa4.mp3"
"marin","choice","choice","","","","","","17664","1.104","45","public/audio/tts/library/marin/choice-0e8802b6ec060b77.mp3"
"cedar","choice","choice","","","","","","37632","2.352","45","public/audio/tts/library/cedar/choice-0e8802b6ec060b77.mp3"
"marin","choose","choose","","","","","","21120","1.32","25","public/audio/tts/library/marin/choose-b4553a05ce2e2941.mp3"
"cedar","choose","choose","","","","","","17664","1.104","25","public/audio/tts/library/cedar/choose-b4553a05ce2e2941.mp3"
"marin","chopstick(s)","chopsticks.","","","","","","22656","1.416","","public/audio/tts/library/marin/chopstick-s-fd03dcff69f79c95.mp3"
"cedar","chopstick(s)","chopsticks.","","","","","","21120","1.32","","public/audio/tts/library/cedar/chopstick-s-fd03dcff69f79c95.mp3"
"marin","chopsticks","chopsticks","","","","","","32256","2.016","46","public/audio/tts/library/marin/chopsticks-5a0f93c3c92c8ba4.mp3"
"cedar","chopsticks","chopsticks","","","","","","27264","1.704","46","public/audio/tts/library/cedar/chopsticks-5a0f93c3c92c8ba4.mp3"
"marin","Christmas","Christmas","","","","","","24192","1.512","101","public/audio/tts/library/marin/christmas-8174017fdc67448c.mp3"
"cedar","Christmas","Christmas","","","","","","29568","1.848","101","public/audio/tts/library/cedar/christmas-8174017fdc67448c.mp3"
"marin","Christmas Eve","Christmas Eve","","","","","","27264","1.704","","public/audio/tts/library/marin/christmas-eve-331b73ec6414c9e7.mp3"
"cedar","Christmas Eve","Christmas Eve","","","","","","21888","1.368","","public/audio/tts/library/cedar/christmas-eve-331b73ec6414c9e7.mp3"
"marin","chubby","chubby","","","","","","18432","1.152","11","public/audio/tts/library/marin/chubby-408c0a4453bc8f9b.mp3"
"cedar","chubby","chubby","","","","","","19968","1.248","11","public/audio/tts/library/cedar/chubby-408c0a4453bc8f9b.mp3"
"marin","church","church","","","","","","13824","0.864","54","public/audio/tts/library/marin/church-8db8f016e2b465c7.mp3"
"cedar","church","church","","","","","","30720","1.92","54","public/audio/tts/library/cedar/church-8db8f016e2b465c7.mp3"
"marin","circle","circle","","","","","","21888","1.368","99","public/audio/tts/library/marin/circle-cab03e90f5e8bd39.mp3"
"cedar","circle","circle","","","","","","24192","1.512","99","public/audio/tts/library/cedar/circle-cab03e90f5e8bd39.mp3"
"marin","city","city","","","","","","25728","1.608","86","public/audio/tts/library/marin/city-7a9c2d6c2a16e754.mp3"
"cedar","city","city","","","","","","19968","1.248","86","public/audio/tts/library/cedar/city-7a9c2d6c2a16e754.mp3"
"marin","clap","clap","","","","","","13824","0.864","59","public/audio/tts/library/marin/clap-9557fb0622fa69d3.mp3"
"cedar","clap","clap","","","","","","16128","1.008","59","public/audio/tts/library/cedar/clap-9557fb0622fa69d3.mp3"
"marin","class","class","","","","","","14592","0.912","75","public/audio/tts/library/marin/class-29e86792f4a6bb3c.mp3"
"cedar","class","class","","","","","","23424","1.464","75","public/audio/tts/library/cedar/class-29e86792f4a6bb3c.mp3"
"marin","classical","classical","","","","","","19200","1.2","56","public/audio/tts/library/marin/classical-02efd2ecdad48591.mp3"
"cedar","classical","classical","","","","","","33024","2.064","56","public/audio/tts/library/cedar/classical-02efd2ecdad48591.mp3"
"marin","classmate","classmate","","","","","","42624","2.664","81","public/audio/tts/library/marin/classmate-06739c634f8ca64d.mp3"
"cedar","classmate","classmate","","","","","","27264","1.704","81","public/audio/tts/library/cedar/classmate-06739c634f8ca64d.mp3"
"marin","classroom","classroom","","","","","","25728","1.608","74","public/audio/tts/library/marin/classroom-c1c77c899e8630c1.mp3"
"cedar","classroom","classroom","","","","","","16896","1.056","74","public/audio/tts/library/cedar/classroom-c1c77c899e8630c1.mp3"
"marin","clean","clean","","","","","","16128","1.008","72","public/audio/tts/library/marin/clean-2e22da2ab1371330.mp3"
"cedar","clean","clean","","","","","","26496","1.656","72","public/audio/tts/library/cedar/clean-2e22da2ab1371330.mp3"
"marin","clean up","clean up","","","","","","19968","1.248","","public/audio/tts/library/marin/clean-up-8695073a1e13ad51.mp3"
"cedar","clean up","clean up","","","","","","24192","1.512","","public/audio/tts/library/cedar/clean-up-8695073a1e13ad51.mp3"
"marin","clean up the room","clean up the room","","","","","","33792","2.112","","public/audio/tts/library/marin/clean-up-the-room-4bcbc17a9ccfb657.mp3"
"cedar","clean up the room","clean up the room","","","","","","30720","1.92","","public/audio/tts/library/cedar/clean-up-the-room-4bcbc17a9ccfb657.mp3"
"marin","clear","clear","","","","","","19968","1.248","104","public/audio/tts/library/marin/clear-3f17d3234a6e806f.mp3"
"cedar","clear","clear","","","","","","16896","1.056","104","public/audio/tts/library/cedar/clear-3f17d3234a6e806f.mp3"
"marin","clear away","clear away","","","","","","19968","1.248","","public/audio/tts/library/marin/clear-away-476e0c1005ef7ae5.mp3"
"cedar","clear away","clear away","","","","","","22656","1.416","","public/audio/tts/library/cedar/clear-away-476e0c1005ef7ae5.mp3"
"marin","clerk","clerk","","","","","","19200","1.2","8","public/audio/tts/library/marin/clerk-f7d790894e9dd39f.mp3"
"cedar","clerk","clerk","","","","","","19200","1.2","8","public/audio/tts/library/cedar/clerk-f7d790894e9dd39f.mp3"
"marin","clever","clever","","","","","","21120","1.32","16","public/audio/tts/library/marin/clever-d8f483f5312bb4ce.mp3"
"cedar","clever","clever","","","","","","11520","0.72","16","public/audio/tts/library/cedar/clever-d8f483f5312bb4ce.mp3"
"marin","climate","climate","","","","","","19200","1.2","105","public/audio/tts/library/marin/climate-b86ac36f8af6ddc4.mp3"
"cedar","climate","climate","","","","","","19200","1.2","105","public/audio/tts/library/cedar/climate-b86ac36f8af6ddc4.mp3"
"marin","climb","climb","","","","","","22656","1.416","53","public/audio/tts/library/marin/climb-eb165ff2541f80cf.mp3"
"cedar","climb","climb","","","","","","17664","1.104","53","public/audio/tts/library/cedar/climb-eb165ff2541f80cf.mp3"
"marin","clock","clock","","","","","","19968","1.248","35","public/audio/tts/library/marin/clock-6c91776bf1e35467.mp3"
"cedar","clock","clock","","","","","","13056","0.816","35","public/audio/tts/library/cedar/clock-6c91776bf1e35467.mp3"
"marin","close","close","","","","","","17664","1.104","","public/audio/tts/library/marin/close-046ffa71a0e4bdae.mp3"
"cedar","close","close","","","","","","19200","1.2","","public/audio/tts/library/cedar/close-046ffa71a0e4bdae.mp3"
"marin","close","close","","","","","","19968","1.248","","public/audio/tts/library/marin/close-4cd8d574121ffad8.mp3"
"cedar","close","close","","","","","","15360","0.96","","public/audio/tts/library/cedar/close-4cd8d574121ffad8.mp3"
"marin","close","close. Close.","","","","","","52992","3.312","114","public/audio/tts/library/marin/close-667478949183832c.mp3"
"cedar","close","close. Close.","","","","","","32256","2.016","114","public/audio/tts/library/cedar/close-667478949183832c.mp3"
"marin","closet","closet","","","","","","24192","1.512","69","public/audio/tts/library/marin/closet-2d6793e308e69976.mp3"
"cedar","closet","closet","","","","","","19968","1.248","69","public/audio/tts/library/cedar/closet-2d6793e308e69976.mp3"
"marin","clothes","clothes","","","","","","18432","1.152","47","public/audio/tts/library/marin/clothes-9c89fd94f29ad944.mp3"
"cedar","clothes","clothes","","","","","","23424","1.464","47","public/audio/tts/library/cedar/clothes-9c89fd94f29ad944.mp3"
"marin","cloud","cloud","","","","","","21120","1.32","104","public/audio/tts/library/marin/cloud-9418871e2efab0a3.mp3"
"cedar","cloud","cloud","","","","","","16896","1.056","104","public/audio/tts/library/cedar/cloud-9418871e2efab0a3.mp3"
"marin","cloudy","cloudy","","","","","","21120","1.32","104","public/audio/tts/library/marin/cloudy-2bb245835329d939.mp3"
"cedar","cloudy","cloudy","","","","","","19968","1.248","104","public/audio/tts/library/cedar/cloudy-2bb245835329d939.mp3"
"marin","club","club","","","","","","17664","1.104","55","public/audio/tts/library/marin/club-78a69796a1f6c3d1.mp3"
"cedar","club","club","","","","","","30720","1.92","55","public/audio/tts/library/cedar/club-78a69796a1f6c3d1.mp3"
"marin","coach","coach","","","","","","16896","1.056","6","public/audio/tts/library/marin/coach-f2a01ad640fda34d.mp3"
"cedar","coach","coach","","","","","","13824","0.864","6","public/audio/tts/library/cedar/coach-f2a01ad640fda34d.mp3"
"marin","coast","coast","","","","","","24192","1.512","108","public/audio/tts/library/marin/coast-6a8c081a30ddeef8.mp3"
"cedar","coast","coast","","","","","","19200","1.2","108","public/audio/tts/library/cedar/coast-6a8c081a30ddeef8.mp3"
"marin","coat","coat","","","","","","16128","1.008","48","public/audio/tts/library/marin/coat-3443f55af39724a6.mp3"
"cedar","coat","coat","","","","","","16896","1.056","48","public/audio/tts/library/cedar/coat-3443f55af39724a6.mp3"
"marin","cockroach","cockroach","","","","","","16128","1.008","113","public/audio/tts/library/marin/cockroach-749abe2e15661e09.mp3"
"cedar","cockroach","cockroach","","","","","","44928","2.808","113","public/audio/tts/library/cedar/cockroach-749abe2e15661e09.mp3"
"marin","coffee","coffee","","","","","","17664","1.104","42","public/audio/tts/library/marin/coffee-4b5c2fdf195a98c4.mp3"
"cedar","coffee","coffee","","","","","","15360","0.96","42","public/audio/tts/library/cedar/coffee-4b5c2fdf195a98c4.mp3"
"marin","coin","coin","","","","","","19968","1.248","36","public/audio/tts/library/marin/coin-86d0b9af1c1434cc.mp3"
"cedar","coin","coin","","","","","","44160","2.76","36","public/audio/tts/library/cedar/coin-86d0b9af1c1434cc.mp3"
"marin","cola","cola","","","","","","21120","1.32","43","public/audio/tts/library/marin/cola-de45d39b476cd7e6.mp3"
"cedar","cola","cola","","","","","","21888","1.368","43","public/audio/tts/library/cedar/cola-de45d39b476cd7e6.mp3"
"marin","cold","cold","","","","","","17664","1.104","21|23","public/audio/tts/library/marin/cold-fb9467d222b85553.mp3"
"cedar","cold","cold","","","","","","24960","1.56","21|23","public/audio/tts/library/cedar/cold-fb9467d222b85553.mp3"
"marin","collect","collect","","","","","","16896","1.056","55","public/audio/tts/library/marin/collect-8ecedcacddb9d8b1.mp3"
"cedar","collect","collect","","","","","","18432","1.152","55","public/audio/tts/library/cedar/collect-8ecedcacddb9d8b1.mp3"
"marin","College","College","","","","","","27264","1.704","74","public/audio/tts/library/marin/college-cb98b623989d64b5.mp3"
"cedar","College","College","","","","","","25728","1.608","74","public/audio/tts/library/cedar/college-cb98b623989d64b5.mp3"
"marin","color","color","","","","","","13824","0.864","51","public/audio/tts/library/marin/color-a89feb52a8ba15ad.mp3"
"cedar","color","color","","","","","","16128","1.008","51","public/audio/tts/library/cedar/color-a89feb52a8ba15ad.mp3"
"marin","colorful","colorful","","","","","","15360","0.96","51","public/audio/tts/library/marin/colorful-6451fb5b259e4f66.mp3"
"cedar","colorful","colorful","","","","","","23424","1.464","51","public/audio/tts/library/cedar/colorful-6451fb5b259e4f66.mp3"
"marin","comb","comb","","","","","","21888","1.368","50","public/audio/tts/library/marin/comb-5c33ea0e76b057b7.mp3"
"cedar","comb","comb","","","","","","24192","1.512","50","public/audio/tts/library/cedar/comb-5c33ea0e76b057b7.mp3"
"marin","come about","come about","","","","","","23424","1.464","","public/audio/tts/library/marin/come-about-d9d2cede7c5a3fa7.mp3"
"cedar","come about","come about","","","","","","19968","1.248","","public/audio/tts/library/cedar/come-about-d9d2cede7c5a3fa7.mp3"
"marin","come across","come across","","","","","","26496","1.656","","public/audio/tts/library/marin/come-across-d73c2297a59bc7d7.mp3"
"cedar","come across","come across","","","","","","42624","2.664","","public/audio/tts/library/cedar/come-across-d73c2297a59bc7d7.mp3"
"marin","come along","come along","","","","","","30720","1.92","","public/audio/tts/library/marin/come-along-8dbb34f309d00189.mp3"
"cedar","come along","come along","","","","","","28800","1.8","","public/audio/tts/library/cedar/come-along-8dbb34f309d00189.mp3"
"marin","come back","come back","","","","","","22656","1.416","","public/audio/tts/library/marin/come-back-8efb710c89acb190.mp3"
"cedar","come back","come back","","","","","","21120","1.32","","public/audio/tts/library/cedar/come-back-8efb710c89acb190.mp3"
"marin","come by","come by","","","","","","33792","2.112","","public/audio/tts/library/marin/come-by-6e3179d9cda489d3.mp3"
"cedar","come by","come by","","","","","","21120","1.32","","public/audio/tts/library/cedar/come-by-6e3179d9cda489d3.mp3"
"marin","come","come","","","","","","15360","0.96","114","public/audio/tts/library/marin/come-d8a232da8da8f26b.mp3"
"cedar","come","come","","","","","","15360","0.96","114","public/audio/tts/library/cedar/come-d8a232da8da8f26b.mp3"
"marin","come down","come down","","","","","","25728","1.608","","public/audio/tts/library/marin/come-down-45b2a4fcfc7af693.mp3"
"cedar","come down","come down","","","","","","21888","1.368","","public/audio/tts/library/cedar/come-down-45b2a4fcfc7af693.mp3"
"marin","come down on/upon","come down on, or upon","","","","","","43392","2.712","","public/audio/tts/library/marin/come-down-on-upon-7e5c4dbff71d2c0e.mp3"
"cedar","come down on/upon","come down on, or upon","","","","","","55296","3.456","","public/audio/tts/library/cedar/come-down-on-upon-7e5c4dbff71d2c0e.mp3"
"marin","come down with","come down with","","","","","","39168","2.448","","public/audio/tts/library/marin/come-down-with-abd3ba50e64790e9.mp3"
"cedar","come down with","come down with","","","","","","36864","2.304","","public/audio/tts/library/cedar/come-down-with-abd3ba50e64790e9.mp3"
"marin","come forth","come forth","","","","","","24192","1.512","","public/audio/tts/library/marin/come-forth-4a6c9143812b6cae.mp3"
"cedar","come forth","come forth","","","","","","25728","1.608","","public/audio/tts/library/cedar/come-forth-4a6c9143812b6cae.mp3"
"marin","come from","come from","","","","","","26496","1.656","","public/audio/tts/library/marin/come-from-261fbdd8b2af2528.mp3"
"cedar","come from","come from","","","","","","33024","2.064","","public/audio/tts/library/cedar/come-from-261fbdd8b2af2528.mp3"
"marin","come in","come in","","","","","","16896","1.056","","public/audio/tts/library/marin/come-in-f410b69aaf0a65bf.mp3"
"cedar","come in","come in","","","","","","27264","1.704","","public/audio/tts/library/cedar/come-in-f410b69aaf0a65bf.mp3"
"marin","come in for","come in for","","","","","","24960","1.56","","public/audio/tts/library/marin/come-in-for-1c37082fed1a2097.mp3"
"cedar","come in for","come in for","","","","","","22656","1.416","","public/audio/tts/library/cedar/come-in-for-1c37082fed1a2097.mp3"
"marin","come in handy","come in handy","","","","","","30720","1.92","","public/audio/tts/library/marin/come-in-handy-28c66db83a8b35be.mp3"
"cedar","come in handy","come in handy","","","","","","37632","2.352","","public/audio/tts/library/cedar/come-in-handy-28c66db83a8b35be.mp3"
"marin","come into one's head","come into one's head","","","","","","38400","2.4","","public/audio/tts/library/marin/come-into-ones-head-2461744ebb1a71c7.mp3"
"cedar","come into one's head","come into one's head","","","","","","33792","2.112","","public/audio/tts/library/cedar/come-into-ones-head-2461744ebb1a71c7.mp3"
"marin","come of …","come of …","","","","","","28800","1.8","","public/audio/tts/library/marin/come-of-7e2aa5000ab97f2a.mp3"
"cedar","come of …","come of …","","","","","","28800","1.8","","public/audio/tts/library/cedar/come-of-7e2aa5000ab97f2a.mp3"
"marin","come off","come off","","","","","","21120","1.32","","public/audio/tts/library/marin/come-off-dda141235b01b994.mp3"
"cedar","come off","come off","","","","","","24960","1.56","","public/audio/tts/library/cedar/come-off-dda141235b01b994.mp3"
"marin","come on","come on","","","","","","36096","2.256","","public/audio/tts/library/marin/come-on-620a894184786a4c.mp3"
"cedar","come on","come on","","","","","","22656","1.416","","public/audio/tts/library/cedar/come-on-620a894184786a4c.mp3"
"marin","Come on!","Come on!","","","","","","17664","1.104","","public/audio/tts/library/marin/come-on-85f7cb1d553a5447.mp3"
"cedar","Come on!","Come on!","","","","","","29568","1.848","","public/audio/tts/library/cedar/come-on-85f7cb1d553a5447.mp3"
"marin","Come (on) in.","Come on in.","","","","","","19200","1.2","","public/audio/tts/library/marin/come-on-in-97b552fe3e353a38.mp3"
"cedar","Come (on) in.","Come on in.","","","","","","23424","1.464","","public/audio/tts/library/cedar/come-on-in-97b552fe3e353a38.mp3"
"marin","come out","come out","","","","","","24960","1.56","","public/audio/tts/library/marin/come-out-18bb487da328ba1b.mp3"
"cedar","come out","come out","","","","","","31488","1.968","","public/audio/tts/library/cedar/come-out-18bb487da328ba1b.mp3"
"marin","come out against","come out against","","","","","","34560","2.16","","public/audio/tts/library/marin/come-out-against-1fd7e8925f48026d.mp3"
"cedar","come out against","come out against","","","","","","26496","1.656","","public/audio/tts/library/cedar/come-out-against-1fd7e8925f48026d.mp3"
"marin","come over","come over","","","","","","18432","1.152","","public/audio/tts/library/marin/come-over-7eb9e17aa01b893a.mp3"
"cedar","come over","come over","","","","","","33792","2.112","","public/audio/tts/library/cedar/come-over-7eb9e17aa01b893a.mp3"
"marin","come through","come through","","","","","","24960","1.56","","public/audio/tts/library/marin/come-through-a69cf82bac3edfdc.mp3"
"cedar","come through","come through","","","","","","28800","1.8","","public/audio/tts/library/cedar/come-through-a69cf82bac3edfdc.mp3"
"marin","come to","come to","","","","","","26496","1.656","","public/audio/tts/library/marin/come-to-14e7104667cd7eb6.mp3"
"cedar","come to","come to","","","","","","41856","2.616","","public/audio/tts/library/cedar/come-to-14e7104667cd7eb6.mp3"
"marin","come to mind","come to mind","","","","","","23424","1.464","","public/audio/tts/library/marin/come-to-mind-be9aa98483a3030e.mp3"
"cedar","come to mind","come to mind","","","","","","28800","1.8","","public/audio/tts/library/cedar/come-to-mind-be9aa98483a3030e.mp3"
"marin","come to oneself","come to oneself","","","","","","33792","2.112","","public/audio/tts/library/marin/come-to-oneself-45dffbd704943fa1.mp3"
"cedar","come to oneself","come to oneself","","","","","","24960","1.56","","public/audio/tts/library/cedar/come-to-oneself-45dffbd704943fa1.mp3"
"marin","come to think of it","come to think of it","","","","","","42624","2.664","","public/audio/tts/library/marin/come-to-think-of-it-60dbe642efda6d0e.mp3"
"cedar","come to think of it","come to think of it","","","","","","34560","2.16","","public/audio/tts/library/cedar/come-to-think-of-it-60dbe642efda6d0e.mp3"
"marin","come true","come true","","","","","","27264","1.704","","public/audio/tts/library/marin/come-true-7a3822c6d6b554a2.mp3"
"cedar","come true","come true","","","","","","26496","1.656","","public/audio/tts/library/cedar/come-true-7a3822c6d6b554a2.mp3"
"marin","come up","come up","","","","","","19968","1.248","","public/audio/tts/library/marin/come-up-08fb362f0ba96d47.mp3"
"cedar","come up","come up","","","","","","28032","1.752","","public/audio/tts/library/cedar/come-up-08fb362f0ba96d47.mp3"
"marin","come up against","come up against","","","","","","27264","1.704","","public/audio/tts/library/marin/come-up-against-4180dc9da58295dd.mp3"
"cedar","come up against","come up against","","","","","","29568","1.848","","public/audio/tts/library/cedar/come-up-against-4180dc9da58295dd.mp3"
"marin","come up to","come up to","","","","","","23424","1.464","","public/audio/tts/library/marin/come-up-to-5af9f76212c5a5ba.mp3"
"cedar","come up to","come up to","","","","","","31488","1.968","","public/audio/tts/library/cedar/come-up-to-5af9f76212c5a5ba.mp3"
"marin","come up with","come up with","","","","","","32256","2.016","","public/audio/tts/library/marin/come-up-with-1c74ced16006f627.mp3"
"cedar","come up with","come up with","","","","","","44928","2.808","","public/audio/tts/library/cedar/come-up-with-1c74ced16006f627.mp3"
"marin","come upon","come upon","","","","","","24192","1.512","","public/audio/tts/library/marin/come-upon-96e184fbddd3d63c.mp3"
"cedar","come upon","come upon","","","","","","19968","1.248","","public/audio/tts/library/cedar/come-upon-96e184fbddd3d63c.mp3"
"marin","comfortable","comfortable","","","","","","17664","1.104","21","public/audio/tts/library/marin/comfortable-bcb6d563d96a9eff.mp3"
"cedar","comfortable","comfortable","","","","","","28800","1.8","21","public/audio/tts/library/cedar/comfortable-bcb6d563d96a9eff.mp3"
"marin","comic","comic","","","","","","21888","1.368","55","public/audio/tts/library/marin/comic-1a5c1d1d30401cfd.mp3"
"cedar","comic","comic","","","","","","21888","1.368","55","public/audio/tts/library/cedar/comic-1a5c1d1d30401cfd.mp3"
"marin","command","command","","","","","","33024","2.064","63","public/audio/tts/library/marin/command-f0a3d5493566a743.mp3"
"cedar","command","command","","","","","","21888","1.368","63","public/audio/tts/library/cedar/command-f0a3d5493566a743.mp3"
"marin","comment","comment","","","","","","14592","0.912","60","public/audio/tts/library/marin/comment-051fe4647898acc2.mp3"
"cedar","comment","comment","","","","","","21120","1.32","60","public/audio/tts/library/cedar/comment-051fe4647898acc2.mp3"
"marin","common","common","","","","","","14592","0.912","2","public/audio/tts/library/marin/common-2ceb58c7c2994e69.mp3"
"cedar","common","common","","","","","","28032","1.752","2","public/audio/tts/library/cedar/common-2ceb58c7c2994e69.mp3"
"marin","company","company","","","","","","24192","1.512","5","public/audio/tts/library/marin/company-a3ca4c7828987e0c.mp3"
"cedar","company","company","","","","","","30720","1.92","5","public/audio/tts/library/cedar/company-a3ca4c7828987e0c.mp3"
"marin","compare","compare","","","","","","28800","1.8","9","public/audio/tts/library/marin/compare-8e15eacd04f6a2f1.mp3"
"cedar","compare","compare","","","","","","17664","1.104","9","public/audio/tts/library/cedar/compare-8e15eacd04f6a2f1.mp3"
"marin","complain","complain","","","","","","23424","1.464","9","public/audio/tts/library/marin/complain-94886e855df39128.mp3"
"cedar","complain","complain","","","","","","16896","1.056","9","public/audio/tts/library/cedar/complain-94886e855df39128.mp3"
"marin","complete","complete","","","","","","17664","1.104","81","public/audio/tts/library/marin/complete-37a40f08d8548dba.mp3"
"cedar","complete","complete","","","","","","17664","1.104","81","public/audio/tts/library/cedar/complete-37a40f08d8548dba.mp3"
"marin","computer","computer","","","","","","22656","1.416","61|69","public/audio/tts/library/marin/computer-658cee77608b10f7.mp3"
"cedar","computer","computer","","","","","","18432","1.152","61|69","public/audio/tts/library/cedar/computer-658cee77608b10f7.mp3"
"marin","concern","concern","","","","","","36864","2.304","28","public/audio/tts/library/marin/concern-d6b5e465070bc27f.mp3"
"cedar","concern","concern","","","","","","19200","1.2","28","public/audio/tts/library/cedar/concern-d6b5e465070bc27f.mp3"
"marin","confident","confident","","","","","","28032","1.752","14","public/audio/tts/library/marin/confident-620cf93b6d0f5b4a.mp3"
"cedar","confident","confident","","","","","","29568","1.848","14","public/audio/tts/library/cedar/confident-620cf93b6d0f5b4a.mp3"
"marin","confuse","confuse","","","","","","21888","1.368","115","public/audio/tts/library/marin/confuse-9045cf0aca814534.mp3"
"cedar","confuse","confuse","","","","","","26496","1.656","115","public/audio/tts/library/cedar/confuse-9045cf0aca814534.mp3"
"marin","congratulation","congratulation","","","","","","33792","2.112","103","public/audio/tts/library/marin/congratulation-ed565bcefaf1a1b9.mp3"
"cedar","congratulation","congratulation","","","","","","24960","1.56","103","public/audio/tts/library/cedar/congratulation-ed565bcefaf1a1b9.mp3"
"marin","consider","consider","","","","","","24192","1.512","18","public/audio/tts/library/marin/consider-79d2cb49f40335b7.mp3"
"cedar","consider","consider","","","","","","28032","1.752","18","public/audio/tts/library/cedar/consider-79d2cb49f40335b7.mp3"
"marin","considerate","considerate","","","","","","21120","1.32","12","public/audio/tts/library/marin/considerate-99fe740258a9930e.mp3"
"cedar","considerate","considerate","","","","","","19200","1.2","12","public/audio/tts/library/cedar/considerate-99fe740258a9930e.mp3"
"marin","contact lens","contact lens","","","","","","33024","2.064","49","public/audio/tts/library/marin/contact-lens-044465637eeed1da.mp3"
"cedar","contact lens","contact lens","","","","","","25728","1.608","49","public/audio/tts/library/cedar/contact-lens-044465637eeed1da.mp3"
"marin","continue","continue","","","","","","23424","1.464","10","public/audio/tts/library/marin/continue-7134fe6667b4b228.mp3"
"cedar","continue","continue","","","","","","19200","1.2","10","public/audio/tts/library/cedar/continue-7134fe6667b4b228.mp3"
"marin","contract","contract","","","","","","21888","1.368","8","public/audio/tts/library/marin/contract-3dd7131bf1c92dd2.mp3"
"cedar","contract","contract","","","","","","19200","1.2","8","public/audio/tts/library/cedar/contract-3dd7131bf1c92dd2.mp3"
"marin","control","control","","","","","","31488","1.968","66","public/audio/tts/library/marin/control-2e7f1f7a9dd3f827.mp3"
"cedar","control","control","","","","","","18432","1.152","66","public/audio/tts/library/cedar/control-2e7f1f7a9dd3f827.mp3"
"marin","convenience store","convenience store","","","","","","30720","1.92","85","public/audio/tts/library/marin/convenience-store-ab0d39cd47a9ab84.mp3"
"cedar","convenience store","convenience store","","","","","","28800","1.8","85","public/audio/tts/library/cedar/convenience-store-ab0d39cd47a9ab84.mp3"
"marin","convenient","convenient","","","","","","22656","1.416","85","public/audio/tts/library/marin/convenient-4ab18a034870ff6a.mp3"
"cedar","convenient","convenient","","","","","","26496","1.656","85","public/audio/tts/library/cedar/convenient-4ab18a034870ff6a.mp3"
"marin","conversation","conversation","","","","","","23424","1.464","77","public/audio/tts/library/marin/conversation-c3f7986c9b7bdbbc.mp3"
"cedar","conversation","conversation","","","","","","23424","1.464","77","public/audio/tts/library/cedar/conversation-c3f7986c9b7bdbbc.mp3"
"marin","cook","cook","","","","","","16896","1.056","7|45","public/audio/tts/library/marin/cook-7b0350227da84526.mp3"
"cedar","cook","cook","","","","","","13056","0.816","7|45","public/audio/tts/library/cedar/cook-7b0350227da84526.mp3"
"marin","cookie","cookie","","","","","","14592","0.912","43","public/audio/tts/library/marin/cookie-946040acf82ba054.mp3"
"cedar","cookie","cookie","","","","","","21888","1.368","43","public/audio/tts/library/cedar/cookie-946040acf82ba054.mp3"
"marin","cool","cool","","","","","","16128","1.008","45|105","public/audio/tts/library/marin/cool-27c16ce7e3861da0.mp3"
"cedar","cool","cool","","","","","","33792","2.112","45|105","public/audio/tts/library/cedar/cool-27c16ce7e3861da0.mp3"
"marin","cool down","cool down","","","","","","26496","1.656","","public/audio/tts/library/marin/cool-down-067ec0d130d0ef57.mp3"
"cedar","cool down","cool down","","","","","","27264","1.704","","public/audio/tts/library/cedar/cool-down-067ec0d130d0ef57.mp3"
"marin","cope with","cope with","","","","","","24960","1.56","","public/audio/tts/library/marin/cope-with-f39a087acae1bb4d.mp3"
"cedar","cope with","cope with","","","","","","24192","1.512","","public/audio/tts/library/cedar/cope-with-f39a087acae1bb4d.mp3"
"marin","copy","copy","","","","","","15360","0.96","100","public/audio/tts/library/marin/copy-4d00967e353d87ca.mp3"
"cedar","copy","copy","","","","","","17664","1.104","100","public/audio/tts/library/cedar/copy-4d00967e353d87ca.mp3"
"marin","corn","corn","","","","","","19200","1.2","39","public/audio/tts/library/marin/corn-3d8ed572d7bff23c.mp3"
"cedar","corn","corn","","","","","","21120","1.32","39","public/audio/tts/library/cedar/corn-3d8ed572d7bff23c.mp3"
"marin","corner","corner","","","","","","17664","1.104","","public/audio/tts/library/marin/corner-d86b888da603876c.mp3"
"cedar","corner","corner","","","","","","15360","0.96","","public/audio/tts/library/cedar/corner-d86b888da603876c.mp3"
"marin","correct","correct","","","","","","19968","1.248","81","public/audio/tts/library/marin/correct-844cd17a64dffb0b.mp3"
"cedar","correct","correct","","","","","","16896","1.056","81","public/audio/tts/library/cedar/correct-844cd17a64dffb0b.mp3"
"marin","cost","cost","","","","","","19200","1.2","37","public/audio/tts/library/marin/cost-40f07ad111a45a92.mp3"
"cedar","cost","cost","","","","","","26496","1.656","37","public/audio/tts/library/cedar/cost-40f07ad111a45a92.mp3"
"marin","cotton","cotton","","","","","","17664","1.104","50","public/audio/tts/library/marin/cotton-540655e78a92f90c.mp3"
"cedar","cotton","cotton","","","","","","19200","1.2","50","public/audio/tts/library/cedar/cotton-540655e78a92f90c.mp3"
"marin","couch","couch","","","","","","19200","1.2","68","public/audio/tts/library/marin/couch-35678c3d32e91ad1.mp3"
"cedar","couch","couch","","","","","","16128","1.008","68","public/audio/tts/library/cedar/couch-35678c3d32e91ad1.mp3"
"marin","cough","cough","","","","","","21888","1.368","23","public/audio/tts/library/marin/cough-9099db3e59a4c96f.mp3"
"cedar","cough","cough","","","","","","24192","1.512","23","public/audio/tts/library/cedar/cough-9099db3e59a4c96f.mp3"
"marin","could","could","","","","","","19968","1.248","123","public/audio/tts/library/marin/could-fd5d808f51f39751.mp3"
"cedar","could","could","","","","","","15360","0.96","123","public/audio/tts/library/cedar/could-fd5d808f51f39751.mp3"
"marin","count","count","","","","","","12288","0.768","78","public/audio/tts/library/marin/count-dd4034215dcc7fb1.mp3"
"cedar","count","count","","","","","","25728","1.608","78","public/audio/tts/library/cedar/count-dd4034215dcc7fb1.mp3"
"marin","Count me in.","Count me in.","","","","","","19200","1.2","","public/audio/tts/library/marin/count-me-in-75409e51ec25f46f.mp3"
"cedar","Count me in.","Count me in.","","","","","","26496","1.656","","public/audio/tts/library/cedar/count-me-in-75409e51ec25f46f.mp3"
"marin","count on","count on","","","","","","27264","1.704","","public/audio/tts/library/marin/count-on-7ddc18ab8b7d6146.mp3"
"cedar","count on","count on","","","","","","21888","1.368","","public/audio/tts/library/cedar/count-on-7ddc18ab8b7d6146.mp3"
"marin","country","country","","","","","","23424","1.464","89","public/audio/tts/library/marin/country-eac5d6c9288ea855.mp3"
"cedar","country","country","","","","","","19200","1.2","89","public/audio/tts/library/cedar/country-eac5d6c9288ea855.mp3"
"marin","couple","couple","","","","","","41088","2.568","27","public/audio/tts/library/marin/couple-94150dec7243cab5.mp3"
"cedar","couple","couple","","","","","","18432","1.152","27","public/audio/tts/library/cedar/couple-94150dec7243cab5.mp3"
"marin","courage","courage","","","","","","19200","1.2","14","public/audio/tts/library/marin/courage-5920d4e396ea3ad3.mp3"
"cedar","courage","courage","","","","","","16896","1.056","14","public/audio/tts/library/cedar/courage-5920d4e396ea3ad3.mp3"
"marin","course","course","","","","","","19968","1.248","77","public/audio/tts/library/marin/course-337a527a582aca13.mp3"
"cedar","course","course","","","","","","16128","1.008","77","public/audio/tts/library/cedar/course-337a527a582aca13.mp3"
"marin","court","court","","","","","","16896","1.056","86","public/audio/tts/library/marin/court-a2ecccf8c9c36e45.mp3"
"cedar","court","court","","","","","","13824","0.864","86","public/audio/tts/library/cedar/court-a2ecccf8c9c36e45.mp3"
"marin","cousin","cousin","","","","","","15360","0.96","26","public/audio/tts/library/marin/cousin-4826d05cc65f32f5.mp3"
"cedar","cousin","cousin","","","","","","16128","1.008","26","public/audio/tts/library/cedar/cousin-4826d05cc65f32f5.mp3"
"marin","cover","cover","","","","","","16128","1.008","46","public/audio/tts/library/marin/cover-60bd2f30ac6b96e9.mp3"
"cedar","cover","cover","","","","","","16128","1.008","46","public/audio/tts/library/cedar/cover-60bd2f30ac6b96e9.mp3"
"marin","cow","cow","","","","","","13824","0.864","110","public/audio/tts/library/marin/cow-46d045d2beba7ed3.mp3"
"cedar","cow","cow","","","","","","12288","0.768","110","public/audio/tts/library/cedar/cow-46d045d2beba7ed3.mp3"
"marin","cowboy","cowboy","","","","","","33024","2.064","4","public/audio/tts/library/marin/cowboy-2e876e0f6ec742df.mp3"
"cedar","cowboy","cowboy","","","","","","21888","1.368","4","public/audio/tts/library/cedar/cowboy-2e876e0f6ec742df.mp3"
"marin","crab","crab","","","","","","29568","1.848","40|112","public/audio/tts/library/marin/crab-7826b708c666008d.mp3"
"cedar","crab","crab","","","","","","28800","1.8","40|112","public/audio/tts/library/cedar/crab-7826b708c666008d.mp3"
"marin","crayon","crayon","","","","","","19200","1.2","80","public/audio/tts/library/marin/crayon-5637bbf500ac9a9d.mp3"
"cedar","crayon","crayon","","","","","","16896","1.056","80","public/audio/tts/library/cedar/crayon-5637bbf500ac9a9d.mp3"
"marin","crazy","crazy","","","","","","15360","0.96","13","public/audio/tts/library/marin/crazy-d528bd646fb55994.mp3"
"cedar","crazy","crazy","","","","","","21888","1.368","13","public/audio/tts/library/cedar/crazy-d528bd646fb55994.mp3"
"marin","cream","cream","","","","","","24960","1.56","44","public/audio/tts/library/marin/cream-22af0898315a2391.mp3"
"cedar","cream","cream","","","","","","21888","1.368","44","public/audio/tts/library/cedar/cream-22af0898315a2391.mp3"
"marin","create","create","","","","","","29568","1.848","4","public/audio/tts/library/marin/create-0a03d89c3515d8d1.mp3"
"cedar","create","create","","","","","","24192","1.512","4","public/audio/tts/library/cedar/create-0a03d89c3515d8d1.mp3"
"marin","credit card","credit card","","","","","","28032","1.752","36","public/audio/tts/library/marin/credit-card-213430502dabe487.mp3"
"cedar","credit card","credit card","","","","","","26496","1.656","36","public/audio/tts/library/cedar/credit-card-213430502dabe487.mp3"
"marin","crime","crime","","","","","","13824","0.864","62","public/audio/tts/library/marin/crime-300a972e034c532c.mp3"
"cedar","crime","crime","","","","","","16128","1.008","62","public/audio/tts/library/cedar/crime-300a972e034c532c.mp3"
"marin","cross","cross","","","","","","17664","1.104","93","public/audio/tts/library/marin/cross-987921fe3926a34e.mp3"
"cedar","cross","cross","","","","","","16128","1.008","93","public/audio/tts/library/cedar/cross-987921fe3926a34e.mp3"
"marin","cross out","cross out","","","","","","25728","1.608","","public/audio/tts/library/marin/cross-out-8ca1f89d2b9e48a8.mp3"
"cedar","cross out","cross out","","","","","","19200","1.2","","public/audio/tts/library/cedar/cross-out-8ca1f89d2b9e48a8.mp3"
"marin","crowd","crowd","","","","","","18432","1.152","100","public/audio/tts/library/marin/crowd-bde621abb969e2ba.mp3"
"cedar","crowd","crowd","","","","","","24960","1.56","100","public/audio/tts/library/cedar/crowd-bde621abb969e2ba.mp3"
"marin","crowded","crowded","","","","","","14592","0.912","116","public/audio/tts/library/marin/crowded-78e7ac8fc6338451.mp3"
"cedar","crowded","crowded","","","","","","16896","1.056","116","public/audio/tts/library/cedar/crowded-78e7ac8fc6338451.mp3"
"marin","cruel","cruel","","","","","","27264","1.704","12","public/audio/tts/library/marin/cruel-8872b039dc92633b.mp3"
"cedar","cruel","cruel","","","","","","21120","1.32","12","public/audio/tts/library/cedar/cruel-8872b039dc92633b.mp3"
"marin","cry","cry","","","","","","16128","1.008","22","public/audio/tts/library/marin/cry-9373967ee4fcc7fa.mp3"
"cedar","cry","cry","","","","","","13824","0.864","22","public/audio/tts/library/cedar/cry-9373967ee4fcc7fa.mp3"
"marin","cry over spilled milk","cry over spilled milk","","","","","","36096","2.256","","public/audio/tts/library/marin/cry-over-spilled-milk-5ed47b31f867d7e3.mp3"
"cedar","cry over spilled milk","cry over spilled milk","","","","","","43392","2.712","","public/audio/tts/library/cedar/cry-over-spilled-milk-5ed47b31f867d7e3.mp3"
"marin","culture","culture","","","","","","26496","1.656","54","public/audio/tts/library/marin/culture-cc7ac4f834f5b3f8.mp3"
"cedar","culture","culture","","","","","","16128","1.008","54","public/audio/tts/library/cedar/culture-cc7ac4f834f5b3f8.mp3"
"marin","cup","cup","","","","","","28800","1.8","46|100","public/audio/tts/library/marin/cup-f0bc6a51dafc6965.mp3"
"cedar","cup","cup","","","","","","27264","1.704","46|100","public/audio/tts/library/cedar/cup-f0bc6a51dafc6965.mp3"
"marin","cure","cure","","","","","","13824","0.864","23","public/audio/tts/library/marin/cure-9b62433ad51b220e.mp3"
"cedar","cure","cure","","","","","","16896","1.056","23","public/audio/tts/library/cedar/cure-9b62433ad51b220e.mp3"
"marin","curious","curious","","","","","","28800","1.8","14","public/audio/tts/library/marin/curious-8a24271c6366ec83.mp3"
"cedar","curious","curious","","","","","","22656","1.416","14","public/audio/tts/library/cedar/curious-8a24271c6366ec83.mp3"
"marin","current","current","","","","","","19200","1.2","34","public/audio/tts/library/marin/current-48aa6cae8c70abdb.mp3"
"cedar","current","current","","","","","","21120","1.32","34","public/audio/tts/library/cedar/current-48aa6cae8c70abdb.mp3"
"marin","curtain","curtain","","","","","","14592","0.912","68","public/audio/tts/library/marin/curtain-3242e4c6497645b3.mp3"
"cedar","curtain","curtain","","","","","","17664","1.104","68","public/audio/tts/library/cedar/curtain-3242e4c6497645b3.mp3"
"marin","curve","curve","","","","","","21120","1.32","99","public/audio/tts/library/marin/curve-931c3acd8498d407.mp3"
"cedar","curve","curve","","","","","","21120","1.32","99","public/audio/tts/library/cedar/curve-931c3acd8498d407.mp3"
"marin","custom","custom","","","","","","19200","1.2","54","public/audio/tts/library/marin/custom-c95b74032c438c7a.mp3"
"cedar","custom","custom","","","","","","18432","1.152","54","public/audio/tts/library/cedar/custom-c95b74032c438c7a.mp3"
"marin","customer","customer","","","","","","21888","1.368","37","public/audio/tts/library/marin/customer-1a1572723eca74fc.mp3"
"cedar","customer","customer","","","","","","16128","1.008","37","public/audio/tts/library/cedar/customer-1a1572723eca74fc.mp3"
"marin","cut","cut","","","","","","16896","1.056","45","public/audio/tts/library/marin/cut-717061f0708e0380.mp3"
"cedar","cut","cut","","","","","","22656","1.416","45","public/audio/tts/library/cedar/cut-717061f0708e0380.mp3"
"marin","cut across","cut across","","","","","","27264","1.704","","public/audio/tts/library/marin/cut-across-275fa15ec0c840e9.mp3"
"cedar","cut across","cut across","","","","","","30720","1.92","","public/audio/tts/library/cedar/cut-across-275fa15ec0c840e9.mp3"
"marin","cut back","cut back","","","","","","29568","1.848","","public/audio/tts/library/marin/cut-back-661b55300932c3d7.mp3"
"cedar","cut back","cut back","","","","","","22656","1.416","","public/audio/tts/library/cedar/cut-back-661b55300932c3d7.mp3"
"marin","cut class","cut class","","","","","","24960","1.56","","public/audio/tts/library/marin/cut-class-b748156f10026f1f.mp3"
"cedar","cut class","cut class","","","","","","23424","1.464","","public/audio/tts/library/cedar/cut-class-b748156f10026f1f.mp3"
"marin","cut corners","cut corners","","","","","","28032","1.752","","public/audio/tts/library/marin/cut-corners-56d5fd0a8e4162d3.mp3"
"cedar","cut corners","cut corners","","","","","","29568","1.848","","public/audio/tts/library/cedar/cut-corners-56d5fd0a8e4162d3.mp3"
"marin","cut down","cut down","","","","","","25728","1.608","","public/audio/tts/library/marin/cut-down-c9e876621c349248.mp3"
"cedar","cut down","cut down","","","","","","19968","1.248","","public/audio/tts/library/cedar/cut-down-c9e876621c349248.mp3"
"marin","cut in","cut in","","","","","","19968","1.248","","public/audio/tts/library/marin/cut-in-f496ade42bb7f3a1.mp3"
"cedar","cut in","cut in","","","","","","22656","1.416","","public/audio/tts/library/cedar/cut-in-f496ade42bb7f3a1.mp3"
"marin","cut in line","cut in line","","","","","","24960","1.56","","public/audio/tts/library/marin/cut-in-line-0d37358c6da834da.mp3"
"cedar","cut in line","cut in line","","","","","","33792","2.112","","public/audio/tts/library/cedar/cut-in-line-0d37358c6da834da.mp3"
"marin","cut off","cut off","","","","","","41088","2.568","","public/audio/tts/library/marin/cut-off-d851f934fe69424b.mp3"
"cedar","cut off","cut off","","","","","","24192","1.512","","public/audio/tts/library/cedar/cut-off-d851f934fe69424b.mp3"
"marin","cut out","cut out","","","","","","29568","1.848","","public/audio/tts/library/marin/cut-out-3753c7a95b38e3f8.mp3"
"cedar","cut out","cut out","","","","","","24192","1.512","","public/audio/tts/library/cedar/cut-out-3753c7a95b38e3f8.mp3"
"marin","cut sb. short","cut sb. short","","","","","","34560","2.16","","public/audio/tts/library/marin/cut-sb-short-8952730c5e063309.mp3"
"cedar","cut sb. short","cut sb. short","","","","","","39168","2.448","","public/audio/tts/library/cedar/cut-sb-short-8952730c5e063309.mp3"
"marin","cut … short","cut … short","","","","","","25728","1.608","","public/audio/tts/library/marin/cut-short-0c0e3315a482d7ef.mp3"
"cedar","cut … short","cut … short","","","","","","27264","1.704","","public/audio/tts/library/cedar/cut-short-0c0e3315a482d7ef.mp3"
"marin","cut up","cut up","","","","","","29568","1.848","","public/audio/tts/library/marin/cut-up-67ab670656dc10b4.mp3"
"cedar","cut up","cut up","","","","","","21888","1.368","","public/audio/tts/library/cedar/cut-up-67ab670656dc10b4.mp3"
"marin","cute","cute","","","","","","13824","0.864","28","public/audio/tts/library/marin/cute-7572e7802281452f.mp3"
"cedar","cute","cute","","","","","","15360","0.96","28","public/audio/tts/library/cedar/cute-7572e7802281452f.mp3"
"marin","daily","daily","","","","","","12288","0.768","31","public/audio/tts/library/marin/daily-113faf59ebe684f4.mp3"
"cedar","daily","daily","","","","","","13824","0.864","31","public/audio/tts/library/cedar/daily-113faf59ebe684f4.mp3"
"marin","damage","damage","","","","","","30720","1.92","109","public/audio/tts/library/marin/damage-fa82ca222fc9813a.mp3"
"cedar","damage","damage","","","","","","24192","1.512","109","public/audio/tts/library/cedar/damage-fa82ca222fc9813a.mp3"
"marin","dance","dance","","","","","","18432","1.152","55","public/audio/tts/library/marin/dance-42268a1e16421d60.mp3"
"cedar","dance","dance","","","","","","16896","1.056","55","public/audio/tts/library/cedar/dance-42268a1e16421d60.mp3"
"marin","danger","danger","","","","","","15360","0.96","28","public/audio/tts/library/marin/danger-732bafc2bb57de3d.mp3"
"cedar","danger","danger","","","","","","15360","0.96","28","public/audio/tts/library/cedar/danger-732bafc2bb57de3d.mp3"
"marin","dangerous","dangerous","","","","","","25728","1.608","116","public/audio/tts/library/marin/dangerous-0e351fcbbe92a53b.mp3"
"cedar","dangerous","dangerous","","","","","","19200","1.2","116","public/audio/tts/library/cedar/dangerous-0e351fcbbe92a53b.mp3"
"marin","dark","dark","","","","","","14592","0.912","104","public/audio/tts/library/marin/dark-3d1cfa6deae94164.mp3"
"cedar","dark","dark","","","","","","17664","1.104","104","public/audio/tts/library/cedar/dark-3d1cfa6deae94164.mp3"
"marin","date","date","","","","","","19200","1.2","32","public/audio/tts/library/marin/date-426e0b848d77d7b3.mp3"
"cedar","date","date","","","","","","16128","1.008","32","public/audio/tts/library/cedar/date-426e0b848d77d7b3.mp3"
"marin","daughter","daughter","","","","","","41856","2.616","27","public/audio/tts/library/marin/daughter-ceda524a4fd2ae0c.mp3"
"cedar","daughter","daughter","","","","","","27264","1.704","27","public/audio/tts/library/cedar/daughter-ceda524a4fd2ae0c.mp3"
"marin","dawn","dawn","","","","","","17664","1.104","31","public/audio/tts/library/marin/dawn-8d0ce4186ddd8942.mp3"
"cedar","dawn","dawn","","","","","","23424","1.464","31","public/audio/tts/library/cedar/dawn-8d0ce4186ddd8942.mp3"
"marin","day","day","","","","","","23424","1.464","31","public/audio/tts/library/marin/day-1fb9e9366b34a84d.mp3"
"cedar","day","day","","","","","","13824","0.864","31","public/audio/tts/library/cedar/day-1fb9e9366b34a84d.mp3"
"marin","dead","dead","","","","","","16128","1.008","24","public/audio/tts/library/marin/dead-9edc05076fb5a592.mp3"
"cedar","dead","dead","","","","","","16896","1.056","24","public/audio/tts/library/cedar/dead-9edc05076fb5a592.mp3"
"marin","deaf","deaf","","","","","","27264","1.704","17","public/audio/tts/library/marin/deaf-a7917f417db9d040.mp3"
"cedar","deaf","deaf","","","","","","24192","1.512","17","public/audio/tts/library/cedar/deaf-a7917f417db9d040.mp3"
"marin","deal","deal","","","","","","26496","1.656","","public/audio/tts/library/marin/deal-b952205124d12163.mp3"
"cedar","deal","deal","","","","","","16896","1.056","","public/audio/tts/library/cedar/deal-b952205124d12163.mp3"
"marin","deal with","deal with","","","","","","19968","1.248","6","public/audio/tts/library/marin/deal-with-744aefee199fb702.mp3"
"cedar","deal with","deal with","","","","","","24960","1.56","6","public/audio/tts/library/cedar/deal-with-744aefee199fb702.mp3"
"marin","dear","dear","","","","","","16128","1.008","3","public/audio/tts/library/marin/dear-6e76851a294c9b68.mp3"
"cedar","dear","dear","","","","","","19200","1.2","3","public/audio/tts/library/cedar/dear-6e76851a294c9b68.mp3"
"marin","death","death","","","","","","19968","1.248","24","public/audio/tts/library/marin/death-f90f68bf2d9b7edb.mp3"
"cedar","death","death","","","","","","11520","0.72","24","public/audio/tts/library/cedar/death-f90f68bf2d9b7edb.mp3"
"marin","debate","debate","","","","","","19200","1.2","90","public/audio/tts/library/marin/debate-01d3d0daead6dada.mp3"
"cedar","debate","debate","","","","","","21120","1.32","90","public/audio/tts/library/cedar/debate-01d3d0daead6dada.mp3"
"marin","December","December","","","","","","19968","1.248","33","public/audio/tts/library/marin/december-b3c002cafbd22601.mp3"
"cedar","December","December","","","","","","29568","1.848","33","public/audio/tts/library/cedar/december-b3c002cafbd22601.mp3"
"marin","decide","decide","","","","","","23424","1.464","81","public/audio/tts/library/marin/decide-876270c51103160f.mp3"
"cedar","decide","decide","","","","","","19200","1.2","81","public/audio/tts/library/cedar/decide-876270c51103160f.mp3"
"marin","decide on + N","decide on something.","","","","","","30720","1.92","","public/audio/tts/library/marin/decide-on-n-583afcd5702f5f95.mp3"
"cedar","decide on + N","decide on something.","","","","","","32256","2.016","","public/audio/tts/library/cedar/decide-on-n-583afcd5702f5f95.mp3"
"marin","decision","decision","","","","","","25728","1.608","63","public/audio/tts/library/marin/decision-834608781b00d5df.mp3"
"cedar","decision","decision","","","","","","28800","1.8","63","public/audio/tts/library/cedar/decision-834608781b00d5df.mp3"
"marin","decorate","decorate","","","","","","15360","0.96","102","public/audio/tts/library/marin/decorate-505ac7ce0225c16f.mp3"
"cedar","decorate","decorate","","","","","","19968","1.248","102","public/audio/tts/library/cedar/decorate-505ac7ce0225c16f.mp3"
"marin","decrease","decrease. Decrease.","","","","","","44160","2.76","9","public/audio/tts/library/marin/decrease-9ae0506a4e1ac20c.mp3"
"cedar","decrease","decrease. Decrease.","","","","","","36096","2.256","9","public/audio/tts/library/cedar/decrease-9ae0506a4e1ac20c.mp3"
"marin","deep","deep","","","","","","16896","1.056","98","public/audio/tts/library/marin/deep-64896f89fd111900.mp3"
"cedar","deep","deep","","","","","","17664","1.104","98","public/audio/tts/library/cedar/deep-64896f89fd111900.mp3"
"marin","deer","deer","","","","","","14592","0.912","111","public/audio/tts/library/marin/deer-a84458ba7e2e5db7.mp3"
"cedar","deer","deer","","","","","","18432","1.152","111","public/audio/tts/library/cedar/deer-a84458ba7e2e5db7.mp3"
"marin","define","define","","","","","","24192","1.512","75","public/audio/tts/library/marin/define-e96a4146adf230a1.mp3"
"cedar","define","define","","","","","","14592","0.912","75","public/audio/tts/library/cedar/define-e96a4146adf230a1.mp3"
"marin","Degree","Degree","","","","","","13824","0.864","74","public/audio/tts/library/marin/degree-5e613784555c47a7.mp3"
"cedar","Degree","Degree","","","","","","21120","1.32","74","public/audio/tts/library/cedar/degree-5e613784555c47a7.mp3"
"marin","delicious","delicious","","","","","","23424","1.464","44","public/audio/tts/library/marin/delicious-34318ea864dd26dd.mp3"
"cedar","delicious","delicious","","","","","","27264","1.704","44","public/audio/tts/library/cedar/delicious-34318ea864dd26dd.mp3"
"marin","deliver","deliver","","","","","","19200","1.2","7","public/audio/tts/library/marin/deliver-a7cfbe56a75fffe1.mp3"
"cedar","deliver","deliver","","","","","","32256","2.016","7","public/audio/tts/library/cedar/deliver-a7cfbe56a75fffe1.mp3"
"marin","dentist","dentist","","","","","","19968","1.248","6","public/audio/tts/library/marin/dentist-d6d32b7235eb3560.mp3"
"cedar","dentist","dentist","","","","","","16896","1.056","6","public/audio/tts/library/cedar/dentist-d6d32b7235eb3560.mp3"
"marin","Department","Department","","","","","","26496","1.656","74","public/audio/tts/library/marin/department-28302ecf0ec073f3.mp3"
"cedar","Department","Department","","","","","","21120","1.32","74","public/audio/tts/library/cedar/department-28302ecf0ec073f3.mp3"
"marin","department store","department store","","","","","","22656","1.416","85","public/audio/tts/library/marin/department-store-e8bc1f2f4b1b1a06.mp3"
"cedar","department store","department store","","","","","","35328","2.208","85","public/audio/tts/library/cedar/department-store-e8bc1f2f4b1b1a06.mp3"
"marin","depend","depend","","","","","","25728","1.608","65","public/audio/tts/library/marin/depend-eee75d9de3bd3229.mp3"
"cedar","depend","depend","","","","","","19968","1.248","65","public/audio/tts/library/cedar/depend-eee75d9de3bd3229.mp3"
"marin","describe","describe","","","","","","22656","1.416","88","public/audio/tts/library/marin/describe-6fcfda8a862412e1.mp3"
"cedar","describe","describe","","","","","","17664","1.104","88","public/audio/tts/library/cedar/describe-6fcfda8a862412e1.mp3"
"marin","desert","desert","","","","","","19200","1.2","108","public/audio/tts/library/marin/desert-3fa95e815b3d6479.mp3"
"cedar","desert","desert","","","","","","16896","1.056","108","public/audio/tts/library/cedar/desert-3fa95e815b3d6479.mp3"
"marin","design","design","","","","","","17664","1.104","102","public/audio/tts/library/marin/design-f52c370da768f628.mp3"
"cedar","design","design","","","","","","25728","1.608","102","public/audio/tts/library/cedar/design-f52c370da768f628.mp3"
"marin","desire","desire","","","","","","21888","1.368","18","public/audio/tts/library/marin/desire-872c99b67ebf918e.mp3"
"cedar","desire","desire","","","","","","25728","1.608","18","public/audio/tts/library/cedar/desire-872c99b67ebf918e.mp3"
"marin","desk","desk","","","","","","14592","0.912","69","public/audio/tts/library/marin/desk-23dc9af36aeeb659.mp3"
"cedar","desk","desk","","","","","","14592","0.912","69","public/audio/tts/library/cedar/desk-23dc9af36aeeb659.mp3"
"marin","dessert","dessert","","","","","","15360","0.96","42","public/audio/tts/library/marin/dessert-c59459b8d4114379.mp3"
"cedar","dessert","dessert","","","","","","15360","0.96","42","public/audio/tts/library/cedar/dessert-c59459b8d4114379.mp3"
"marin","detect","detect","","","","","","26496","1.656","62","public/audio/tts/library/marin/detect-bb99301fa4e91453.mp3"
"cedar","detect","detect","","","","","","18432","1.152","62","public/audio/tts/library/cedar/detect-bb99301fa4e91453.mp3"
"marin","develop","develop","","","","","","18432","1.152","10","public/audio/tts/library/marin/develop-239a504b8fa8af02.mp3"
"cedar","develop","develop","","","","","","18432","1.152","10","public/audio/tts/library/cedar/develop-239a504b8fa8af02.mp3"
"marin","dial","dial","","","","","","16128","1.008","60","public/audio/tts/library/marin/dial-21b36a5c36f5789c.mp3"
"cedar","dial","dial","","","","","","13824","0.864","60","public/audio/tts/library/cedar/dial-21b36a5c36f5789c.mp3"
"marin","diamond","diamond","","","","","","19968","1.248","50","public/audio/tts/library/marin/diamond-fecec15807d6b187.mp3"
"cedar","diamond","diamond","","","","","","24960","1.56","50","public/audio/tts/library/cedar/diamond-fecec15807d6b187.mp3"
"marin","diary","diary","","","","","","17664","1.104","80","public/audio/tts/library/marin/diary-d038bdd38e7ffa1a.mp3"
"cedar","diary","diary","","","","","","21888","1.368","80","public/audio/tts/library/cedar/diary-d038bdd38e7ffa1a.mp3"
"marin","dictionary","dictionary","","","","","","21888","1.368","77","public/audio/tts/library/marin/dictionary-97653dcef5a903d3.mp3"
"cedar","dictionary","dictionary","","","","","","22656","1.416","77","public/audio/tts/library/cedar/dictionary-97653dcef5a903d3.mp3"
"marin","did","did","","","","","","18432","1.152","122","public/audio/tts/library/marin/did-a919159f6113db7a.mp3"
"cedar","did","did","","","","","","29568","1.848","122","public/audio/tts/library/cedar/did-a919159f6113db7a.mp3"
"marin","die away","die away","","","","","","21888","1.368","","public/audio/tts/library/marin/die-away-760075c7192ee26b.mp3"
"cedar","die away","die away","","","","","","35328","2.208","","public/audio/tts/library/cedar/die-away-760075c7192ee26b.mp3"
"marin","die down","die down","","","","","","35328","2.208","","public/audio/tts/library/marin/die-down-b37d0dc59a4e47f4.mp3"
"cedar","die down","die down","","","","","","34560","2.16","","public/audio/tts/library/cedar/die-down-b37d0dc59a4e47f4.mp3"
"marin","die","die","","","","","","16896","1.056","24","public/audio/tts/library/marin/die-f87bcfa63efe5737.mp3"
"cedar","die","die","","","","","","14592","0.912","24","public/audio/tts/library/cedar/die-f87bcfa63efe5737.mp3"
"marin","die from …","die from …","","","","","","24960","1.56","","public/audio/tts/library/marin/die-from-0a5690ea9c962a82.mp3"
"cedar","die from …","die from …","","","","","","36096","2.256","","public/audio/tts/library/cedar/die-from-0a5690ea9c962a82.mp3"
"marin","die of …","die of …","","","","","","23424","1.464","","public/audio/tts/library/marin/die-of-9f0066b1625791c0.mp3"
"cedar","die of …","die of …","","","","","","31488","1.968","","public/audio/tts/library/cedar/die-of-9f0066b1625791c0.mp3"
"marin","die out","die out","","","","","","22656","1.416","","public/audio/tts/library/marin/die-out-75242c4fbc61ab8f.mp3"
"cedar","die out","die out","","","","","","21120","1.32","","public/audio/tts/library/cedar/die-out-75242c4fbc61ab8f.mp3"
"marin","diet","diet","","","","","","15360","0.96","25","public/audio/tts/library/marin/diet-00bfac971732649d.mp3"
"cedar","diet","diet","","","","","","16896","1.056","25","public/audio/tts/library/cedar/diet-00bfac971732649d.mp3"
"marin","difference","difference","","","","","","29568","1.848","117","public/audio/tts/library/marin/difference-bd73e5c35e798c8d.mp3"
"cedar","difference","difference","","","","","","26496","1.656","117","public/audio/tts/library/cedar/difference-bd73e5c35e798c8d.mp3"
"marin","different","different","","","","","","17664","1.104","117","public/audio/tts/library/marin/different-1170c8939638387e.mp3"
"cedar","different","different","","","","","","21888","1.368","117","public/audio/tts/library/cedar/different-1170c8939638387e.mp3"
"marin","difficult","difficult","","","","","","31488","1.968","10","public/audio/tts/library/marin/difficult-f74b6557be746650.mp3"
"cedar","difficult","difficult","","","","","","19200","1.2","10","public/audio/tts/library/cedar/difficult-f74b6557be746650.mp3"
"marin","difficulty","difficulty","","","","","","19200","1.2","25","public/audio/tts/library/marin/difficulty-af6e1cd181b337f4.mp3"
"cedar","difficulty","difficulty","","","","","","19968","1.248","25","public/audio/tts/library/cedar/difficulty-af6e1cd181b337f4.mp3"
"marin","dig","dig","","","","","","17664","1.104","59","public/audio/tts/library/marin/dig-1a8807e7df614d12.mp3"
"cedar","dig","dig","","","","","","16128","1.008","59","public/audio/tts/library/cedar/dig-1a8807e7df614d12.mp3"
"marin","dig in","dig in","","","","","","26496","1.656","","public/audio/tts/library/marin/dig-in-cd6136acdfcc7928.mp3"
"cedar","dig in","dig in","","","","","","23424","1.464","","public/audio/tts/library/cedar/dig-in-cd6136acdfcc7928.mp3"
"marin","diligent","diligent","","","","","","21120","1.32","13","public/audio/tts/library/marin/diligent-51a26bdfc22e59ec.mp3"
"cedar","diligent","diligent","","","","","","22656","1.416","13","public/audio/tts/library/cedar/diligent-51a26bdfc22e59ec.mp3"
"marin","dining room","dining room","","","","","","21888","1.368","70","public/audio/tts/library/marin/dining-room-7e83f6c7658d0190.mp3"
"cedar","dining room","dining room","","","","","","18432","1.152","70","public/audio/tts/library/cedar/dining-room-7e83f6c7658d0190.mp3"
"marin","dinner","dinner","","","","","","24192","1.512","41","public/audio/tts/library/marin/dinner-cd503e900370e165.mp3"
"cedar","dinner","dinner","","","","","","14592","0.912","41","public/audio/tts/library/cedar/dinner-cd503e900370e165.mp3"
"marin","dinosaur","dinosaur","","","","","","19200","1.2","112","public/audio/tts/library/marin/dinosaur-494a9f2d760e09e5.mp3"
"cedar","dinosaur","dinosaur","","","","","","17664","1.104","112","public/audio/tts/library/cedar/dinosaur-494a9f2d760e09e5.mp3"
"marin","diplomat","diplomat","","","","","","14592","0.912","6","public/audio/tts/library/marin/diplomat-bbda18977f40b06b.mp3"
"cedar","diplomat","diplomat","","","","","","26496","1.656","6","public/audio/tts/library/cedar/diplomat-bbda18977f40b06b.mp3"
"marin","direct","direct","","","","","","17664","1.104","84","public/audio/tts/library/marin/direct-96f56a26868e3613.mp3"
"cedar","direct","direct","","","","","","16896","1.056","84","public/audio/tts/library/cedar/direct-96f56a26868e3613.mp3"
"marin","direction","direction","","","","","","14592","0.912","84","public/audio/tts/library/marin/direction-8aeec2629979acfe.mp3"
"cedar","direction","direction","","","","","","24960","1.56","84","public/audio/tts/library/cedar/direction-8aeec2629979acfe.mp3"
"marin","dirty","dirty","","","","","","15360","0.96","58","public/audio/tts/library/marin/dirty-abe9c2071f1d073a.mp3"
"cedar","dirty","dirty","","","","","","17664","1.104","58","public/audio/tts/library/cedar/dirty-abe9c2071f1d073a.mp3"
"marin","disappear","disappear","","","","","","18432","1.152","115","public/audio/tts/library/marin/disappear-bbb4687cc04ae141.mp3"
"cedar","disappear","disappear","","","","","","34560","2.16","115","public/audio/tts/library/cedar/disappear-bbb4687cc04ae141.mp3"
"marin","discover","discover","","","","","","18432","1.152","9","public/audio/tts/library/marin/discover-e093caa7061ae7c4.mp3"
"cedar","discover","discover","","","","","","19200","1.2","9","public/audio/tts/library/cedar/discover-e093caa7061ae7c4.mp3"
"marin","discuss","discuss","","","","","","28032","1.752","81","public/audio/tts/library/marin/discuss-d59b3715a5f101d6.mp3"
"cedar","discuss","discuss","","","","","","18432","1.152","81","public/audio/tts/library/cedar/discuss-d59b3715a5f101d6.mp3"
"marin","discussion","discussion","","","","","","21888","1.368","81","public/audio/tts/library/marin/discussion-56e8de126decf041.mp3"
"cedar","discussion","discussion","","","","","","28032","1.752","81","public/audio/tts/library/cedar/discussion-56e8de126decf041.mp3"
"marin","dish","dish","","","","","","17664","1.104","46","public/audio/tts/library/marin/dish-3f4e793092e086c8.mp3"
"cedar","dish","dish","","","","","","14592","0.912","46","public/audio/tts/library/cedar/dish-3f4e793092e086c8.mp3"
"marin","dishonest","dishonest","","","","","","19200","1.2","13","public/audio/tts/library/marin/dishonest-f8b6a67e8893b185.mp3"
"cedar","dishonest","dishonest","","","","","","30720","1.92","13","public/audio/tts/library/cedar/dishonest-f8b6a67e8893b185.mp3"
"marin","dispose of","dispose of","","","","","","26496","1.656","","public/audio/tts/library/marin/dispose-of-89c638a4b90eaef4.mp3"
"cedar","dispose of","dispose of","","","","","","28800","1.8","","public/audio/tts/library/cedar/dispose-of-89c638a4b90eaef4.mp3"
"marin","distance","distance","","","","","","25728","1.608","96","public/audio/tts/library/marin/distance-8674c533ae925510.mp3"
"cedar","distance","distance","","","","","","19968","1.248","96","public/audio/tts/library/cedar/distance-8674c533ae925510.mp3"
"marin","distant","distant","","","","","","17664","1.104","96","public/audio/tts/library/marin/distant-f95be29376177c7b.mp3"
"cedar","distant","distant","","","","","","16128","1.008","96","public/audio/tts/library/cedar/distant-f95be29376177c7b.mp3"
"marin","divide","divide","","","","","","27264","1.704","78","public/audio/tts/library/marin/divide-eaeeb73683f9ddcc.mp3"
"cedar","divide","divide","","","","","","23424","1.464","78","public/audio/tts/library/cedar/divide-eaeeb73683f9ddcc.mp3"
"marin","dizzy","dizzy","","","","","","19968","1.248","23","public/audio/tts/library/marin/dizzy-f9e1b6f44c6732d4.mp3"
"cedar","dizzy","dizzy","","","","","","15360","0.96","23","public/audio/tts/library/cedar/dizzy-f9e1b6f44c6732d4.mp3"
"marin","do","do","","","","","","21888","1.368","115|122","public/audio/tts/library/marin/do-06083476ac96129f.mp3"
"cedar","do","do","","","","","","16896","1.056","115|122","public/audio/tts/library/cedar/do-06083476ac96129f.mp3"
"marin","do away with","do away with","","","","","","30720","1.92","","public/audio/tts/library/marin/do-away-with-89c609c8b8681e26.mp3"
"cedar","do away with","do away with","","","","","","35328","2.208","","public/audio/tts/library/cedar/do-away-with-89c609c8b8681e26.mp3"
"marin","do business with","do business with","","","","","","26496","1.656","","public/audio/tts/library/marin/do-business-with-5b6e2a946a2bd4c5.mp3"
"cedar","do business with","do business with","","","","","","25728","1.608","","public/audio/tts/library/cedar/do-business-with-5b6e2a946a2bd4c5.mp3"
"marin","do exercise","do exercise","","","","","","25728","1.608","","public/audio/tts/library/marin/do-exercise-8047ba0025481bd5.mp3"
"cedar","do exercise","do exercise","","","","","","31488","1.968","","public/audio/tts/library/cedar/do-exercise-8047ba0025481bd5.mp3"
"marin","do for","do for","","","","","","22656","1.416","","public/audio/tts/library/marin/do-for-7c054744500bfac1.mp3"
"cedar","do for","do for","","","","","","24960","1.56","","public/audio/tts/library/cedar/do-for-7c054744500bfac1.mp3"
"marin","do + 人 + good","do someone good.","","","","","","35328","2.208","","public/audio/tts/library/marin/do-good-5ccbde669dbf34bb.mp3"
"cedar","do + 人 + good","do someone good.","","","","","","39168","2.448","","public/audio/tts/library/cedar/do-good-5ccbde669dbf34bb.mp3"
"marin","do homework","do homework","","","","","","28800","1.8","","public/audio/tts/library/marin/do-homework-8a2267e0c5995b5a.mp3"
"cedar","do homework","do homework","","","","","","25728","1.608","","public/audio/tts/library/cedar/do-homework-8a2267e0c5995b5a.mp3"
"marin","do one’s best","do one’s best","","","","","","31488","1.968","","public/audio/tts/library/marin/do-ones-best-1803b39b9eef312c.mp3"
"cedar","do one’s best","do one’s best","","","","","","29568","1.848","","public/audio/tts/library/cedar/do-ones-best-1803b39b9eef312c.mp3"
"marin","do one's part","do one's part","","","","","","31488","1.968","","public/audio/tts/library/marin/do-ones-part-0eb28f7c8f17ff1e.mp3"
"cedar","do one's part","do one's part","","","","","","25728","1.608","","public/audio/tts/library/cedar/do-ones-part-0eb28f7c8f17ff1e.mp3"
"marin","do one's / the shopping","do one's shopping. Or, do the shopping.","","","","","","51456","3.216","","public/audio/tts/library/marin/do-ones-the-shopping-b296b4dc38b57497.mp3"
"cedar","do one's / the shopping","do one's shopping. Or, do the shopping.","","","","","","56832","3.552","","public/audio/tts/library/cedar/do-ones-the-shopping-b296b4dc38b57497.mp3"
"marin","do over","do over","","","","","","24960","1.56","","public/audio/tts/library/marin/do-over-b41ed1044274f0cb.mp3"
"cedar","do over","do over","","","","","","26496","1.656","","public/audio/tts/library/cedar/do-over-b41ed1044274f0cb.mp3"
"marin","do sb. a favor","do sb. a favor","","","","","","49920","3.12","","public/audio/tts/library/marin/do-sb-a-favor-abf89728879de4b3.mp3"
"cedar","do sb. a favor","do sb. a favor","","","","","","48768","3.048","","public/audio/tts/library/cedar/do-sb-a-favor-abf89728879de4b3.mp3"
"marin","do sb. good","do sb. good","","","","","","28032","1.752","","public/audio/tts/library/marin/do-sb-good-2b0804d6b44f5615.mp3"
"cedar","do sb. good","do sb. good","","","","","","34560","2.16","","public/audio/tts/library/cedar/do-sb-good-2b0804d6b44f5615.mp3"
"marin","do / try one's best","do one's best. Or, try one's best.","","","","","","54528","3.408","","public/audio/tts/library/marin/do-try-ones-best-1aab11f67f3e6dfe.mp3"
"cedar","do / try one's best","do one's best. Or, try one's best.","","","","","","61824","3.864","","public/audio/tts/library/cedar/do-try-ones-best-1aab11f67f3e6dfe.mp3"
"marin","do with","do with","","","","","","32256","2.016","","public/audio/tts/library/marin/do-with-9d828b0282ac7fae.mp3"
"cedar","do with","do with","","","","","","27264","1.704","","public/audio/tts/library/cedar/do-with-9d828b0282ac7fae.mp3"
"marin","do without","do without","","","","","","21888","1.368","","public/audio/tts/library/marin/do-without-f35c75e4a6831799.mp3"
"cedar","do without","do without","","","","","","24960","1.56","","public/audio/tts/library/cedar/do-without-f35c75e4a6831799.mp3"
"marin","do wrong","do wrong","","","","","","26496","1.656","","public/audio/tts/library/marin/do-wrong-827e6d717a0beea4.mp3"
"cedar","do wrong","do wrong","","","","","","26496","1.656","","public/audio/tts/library/cedar/do-wrong-827e6d717a0beea4.mp3"
"marin","doctor","doctor","","","","","","13824","0.864","6","public/audio/tts/library/marin/doctor-f1ac079230643f12.mp3"
"cedar","doctor","doctor","","","","","","13824","0.864","6","public/audio/tts/library/cedar/doctor-f1ac079230643f12.mp3"
"marin","dodge ball","dodge ball","","","","","","29568","1.848","52","public/audio/tts/library/marin/dodge-ball-0986cd09cb150155.mp3"
"cedar","dodge ball","dodge ball","","","","","","21120","1.32","52","public/audio/tts/library/cedar/dodge-ball-0986cd09cb150155.mp3"
"marin","does","does","","","","","","22656","1.416","122","public/audio/tts/library/marin/does-9531639a9e5bab3d.mp3"
"cedar","does","does","","","","","","19968","1.248","122","public/audio/tts/library/cedar/does-9531639a9e5bab3d.mp3"
"marin","dog","dog","","","","","","14592","0.912","110","public/audio/tts/library/marin/dog-b6d8423f6d3423aa.mp3"
"cedar","dog","dog","","","","","","29568","1.848","110","public/audio/tts/library/cedar/dog-b6d8423f6d3423aa.mp3"
"marin","doll","doll","","","","","","19200","1.2","57","public/audio/tts/library/marin/doll-1952e24448b7d579.mp3"
"cedar","doll","doll","","","","","","16128","1.008","57","public/audio/tts/library/cedar/doll-1952e24448b7d579.mp3"
"marin","dollar","dollar","","","","","","16896","1.056","36","public/audio/tts/library/marin/dollar-a9a01100c8564e44.mp3"
"cedar","dollar","dollar","","","","","","19200","1.2","36","public/audio/tts/library/cedar/dollar-a9a01100c8564e44.mp3"
"marin","dolphin","dolphin","","","","","","19968","1.248","112","public/audio/tts/library/marin/dolphin-1f91a9b5dec436d7.mp3"
"cedar","dolphin","dolphin","","","","","","22656","1.416","112","public/audio/tts/library/cedar/dolphin-1f91a9b5dec436d7.mp3"
"marin","donkey","donkey","","","","","","33024","2.064","110","public/audio/tts/library/marin/donkey-45814cf76274a6bf.mp3"
"cedar","donkey","donkey","","","","","","17664","1.104","110","public/audio/tts/library/cedar/donkey-45814cf76274a6bf.mp3"
"marin","Don't take a chance.","Don't take a chance.","","","","","","26496","1.656","","public/audio/tts/library/marin/dont-take-a-chance-a49f36135d37362d.mp3"
"cedar","Don't take a chance.","Don't take a chance.","","","","","","27264","1.704","","public/audio/tts/library/cedar/dont-take-a-chance-a49f36135d37362d.mp3"
"marin","door","door","","","","","","24960","1.56","67","public/audio/tts/library/marin/door-cb0582ab6ecad78f.mp3"
"cedar","door","door","","","","","","19200","1.2","67","public/audio/tts/library/cedar/door-cb0582ab6ecad78f.mp3"
"marin","dot","dot","","","","","","17664","1.104","99","public/audio/tts/library/marin/dot-5ddbce254c08372e.mp3"
"cedar","dot","dot","","","","","","19968","1.248","99","public/audio/tts/library/cedar/dot-5ddbce254c08372e.mp3"
"marin","Double Tenth Day","Double Tenth Day","","","","","","34560","2.16","101","public/audio/tts/library/marin/double-tenth-day-f635e42e83298dce.mp3"
"cedar","Double Tenth Day","Double Tenth Day","","","","","","33024","2.064","101","public/audio/tts/library/cedar/double-tenth-day-f635e42e83298dce.mp3"
"marin","doubt","doubt","","","","","","15360","0.96","66","public/audio/tts/library/marin/doubt-4ecaddf11c4ef75e.mp3"
"cedar","doubt","doubt","","","","","","27264","1.704","66","public/audio/tts/library/cedar/doubt-4ecaddf11c4ef75e.mp3"
"marin","doughnut","doughnut","","","","","","22656","1.416","43","public/audio/tts/library/marin/doughnut-a9f5cc7ff00040d2.mp3"
"cedar","doughnut","doughnut","","","","","","25728","1.608","43","public/audio/tts/library/cedar/doughnut-a9f5cc7ff00040d2.mp3"
"marin","down","down","","","","","","16128","1.008","15|132","public/audio/tts/library/marin/down-f7332c41f0b3aecf.mp3"
"cedar","down","down","","","","","","18432","1.152","15|132","public/audio/tts/library/cedar/down-f7332c41f0b3aecf.mp3"
"marin","download","download","","","","","","19968","1.248","61","public/audio/tts/library/marin/download-241fc234ac0c3cd1.mp3"
"cedar","download","download","","","","","","28800","1.8","61","public/audio/tts/library/cedar/download-241fc234ac0c3cd1.mp3"
"marin","downstairs","downstairs","","","","","","26496","1.656","71","public/audio/tts/library/marin/downstairs-f24d5cc1b42247b6.mp3"
"cedar","downstairs","downstairs","","","","","","24960","1.56","71","public/audio/tts/library/cedar/downstairs-f24d5cc1b42247b6.mp3"
"marin","downtown","downtown","","","","","","21120","1.32","86","public/audio/tts/library/marin/downtown-cd1611ed0772e7db.mp3"
"cedar","downtown","downtown","","","","","","22656","1.416","86","public/audio/tts/library/cedar/downtown-cd1611ed0772e7db.mp3"
"marin","doze off","doze off","","","","","","18432","1.152","","public/audio/tts/library/marin/doze-off-5d1254936718c401.mp3"
"cedar","doze off","doze off","","","","","","24192","1.512","","public/audio/tts/library/cedar/doze-off-5d1254936718c401.mp3"
"marin","dozen","dozen","","","","","","13824","0.864","100","public/audio/tts/library/marin/dozen-099d69d207e3539a.mp3"
"cedar","dozen","dozen","","","","","","19968","1.248","100","public/audio/tts/library/cedar/dozen-099d69d207e3539a.mp3"
"marin","dozens of","dozens of","","","","","","25728","1.608","","public/audio/tts/library/marin/dozens-of-053e1a64b73b9deb.mp3"
"cedar","dozens of","dozens of","","","","","","23424","1.464","","public/audio/tts/library/cedar/dozens-of-053e1a64b73b9deb.mp3"
"marin","Dr.","Dr.","","","","","","16896","1.056","3","public/audio/tts/library/marin/dr-b1f28bd5a1e04385.mp3"
"cedar","Dr.","Dr.","","","","","","19200","1.2","3","public/audio/tts/library/cedar/dr-b1f28bd5a1e04385.mp3"
"marin","drag on","drag on","","","","","","24192","1.512","","public/audio/tts/library/marin/drag-on-390cb906847fa8cd.mp3"
"cedar","drag on","drag on","","","","","","33024","2.064","","public/audio/tts/library/cedar/drag-on-390cb906847fa8cd.mp3"
"marin","dragon","dragon","","","","","","26496","1.656","112","public/audio/tts/library/marin/dragon-24e11938b9091b4d.mp3"
"cedar","dragon","dragon","","","","","","22656","1.416","112","public/audio/tts/library/cedar/dragon-24e11938b9091b4d.mp3"
"marin","Dragon-boat Festival","Dragon-boat Festival","","","","","","31488","1.968","101","public/audio/tts/library/marin/dragon-boat-festival-88c510be93234c76.mp3"
"cedar","Dragon-boat Festival","Dragon-boat Festival","","","","","","40320","2.52","101","public/audio/tts/library/cedar/dragon-boat-festival-88c510be93234c76.mp3"
"marin","drama","drama","","","","","","14592","0.912","55","public/audio/tts/library/marin/drama-e49a84cfbb743b7a.mp3"
"cedar","drama","drama","","","","","","19200","1.2","55","public/audio/tts/library/cedar/drama-e49a84cfbb743b7a.mp3"
"marin","draw","draw","","","","","","15360","0.96","55","public/audio/tts/library/marin/draw-307b13993b7383c1.mp3"
"cedar","draw","draw","","","","","","14592","0.912","55","public/audio/tts/library/cedar/draw-307b13993b7383c1.mp3"
"marin","draw a comparison","draw a comparison","","","","","","33792","2.112","","public/audio/tts/library/marin/draw-a-comparison-19dabb64bc661d5a.mp3"
"cedar","draw a comparison","draw a comparison","","","","","","31488","1.968","","public/audio/tts/library/cedar/draw-a-comparison-19dabb64bc661d5a.mp3"
"marin","draw a conclusion","draw a conclusion","","","","","","34560","2.16","","public/audio/tts/library/marin/draw-a-conclusion-502017a5a48362e0.mp3"
"cedar","draw a conclusion","draw a conclusion","","","","","","41088","2.568","","public/audio/tts/library/cedar/draw-a-conclusion-502017a5a48362e0.mp3"
"marin","draw back","draw back","","","","","","23424","1.464","","public/audio/tts/library/marin/draw-back-fd6dd68f75f24903.mp3"
"cedar","draw back","draw back","","","","","","34560","2.16","","public/audio/tts/library/cedar/draw-back-fd6dd68f75f24903.mp3"
"marin","draw on","draw on","","","","","","31488","1.968","","public/audio/tts/library/marin/draw-on-14c1a4eb0530f913.mp3"
"cedar","draw on","draw on","","","","","","24960","1.56","","public/audio/tts/library/cedar/draw-on-14c1a4eb0530f913.mp3"
"marin","draw one’s attention / eye","draw one’s attention, or eye","","","","","","40320","2.52","","public/audio/tts/library/marin/draw-ones-attention-eye-63cc2731ef393c1a.mp3"
"cedar","draw one’s attention / eye","draw one’s attention, or eye","","","","","","58368","3.648","","public/audio/tts/library/cedar/draw-ones-attention-eye-63cc2731ef393c1a.mp3"
"marin","draw out","draw out","","","","","","32256","2.016","","public/audio/tts/library/marin/draw-out-cff530d12e541d75.mp3"
"cedar","draw out","draw out","","","","","","22656","1.416","","public/audio/tts/library/cedar/draw-out-cff530d12e541d75.mp3"
"marin","draw to a halt / stop","draw to a halt, or stop","","","","","","35328","2.208","","public/audio/tts/library/marin/draw-to-a-halt-stop-b853b57d40987bfa.mp3"
"cedar","draw to a halt / stop","draw to a halt, or stop","","","","","","39168","2.448","","public/audio/tts/library/cedar/draw-to-a-halt-stop-b853b57d40987bfa.mp3"
"marin","draw up","draw up","","","","","","24192","1.512","","public/audio/tts/library/marin/draw-up-93d79b1574d88fb2.mp3"
"cedar","draw up","draw up","","","","","","19968","1.248","","public/audio/tts/library/cedar/draw-up-93d79b1574d88fb2.mp3"
"marin","drawer","drawer","","","","","","21888","1.368","69","public/audio/tts/library/marin/drawer-5d5f1c41716a0908.mp3"
"cedar","drawer","drawer","","","","","","21888","1.368","69","public/audio/tts/library/cedar/drawer-5d5f1c41716a0908.mp3"
"marin","dream about / of","dream about something. Or, dream of something.","","","","","","71424","4.464","","public/audio/tts/library/marin/dream-about-of-63608fbee170c8e2.mp3"
"cedar","dream about / of","dream about something. Or, dream of something.","","","","","","76032","4.752","","public/audio/tts/library/cedar/dream-about-of-63608fbee170c8e2.mp3"
"marin","dream","dream","","","","","","13824","0.864","90","public/audio/tts/library/marin/dream-b7e6f421b9fce473.mp3"
"cedar","dream","dream","","","","","","21120","1.32","90","public/audio/tts/library/cedar/dream-b7e6f421b9fce473.mp3"
"marin","dream of","dream of","","","","","","30720","1.92","","public/audio/tts/library/marin/dream-of-a7d25abf38e6da4d.mp3"
"cedar","dream of","dream of","","","","","","24960","1.56","","public/audio/tts/library/cedar/dream-of-a7d25abf38e6da4d.mp3"
"marin","dress","dress","","","","","","24192","1.512","48|50","public/audio/tts/library/marin/dress-a77b783dd795fe58.mp3"
"cedar","dress","dress","","","","","","18432","1.152","48|50","public/audio/tts/library/cedar/dress-a77b783dd795fe58.mp3"
"marin","dress up","dress up","","","","","","24192","1.512","","public/audio/tts/library/marin/dress-up-531f35994c291974.mp3"
"cedar","dress up","dress up","","","","","","54528","3.408","","public/audio/tts/library/cedar/dress-up-531f35994c291974.mp3"
"marin","dresser","dresser","","","","","","13824","0.864","69","public/audio/tts/library/marin/dresser-b2ccf69b40a20bfe.mp3"
"cedar","dresser","dresser","","","","","","15360","0.96","69","public/audio/tts/library/cedar/dresser-b2ccf69b40a20bfe.mp3"
"marin","drink","drink","","","","","","15360","0.96","42","public/audio/tts/library/marin/drink-0bd86f12f4bba2d4.mp3"
"cedar","drink","drink","","","","","","18432","1.152","42","public/audio/tts/library/cedar/drink-0bd86f12f4bba2d4.mp3"
"marin","drink up","drink up","","","","","","17664","1.104","","public/audio/tts/library/marin/drink-up-a2abdbd86c881c94.mp3"
"cedar","drink up","drink up","","","","","","24192","1.512","","public/audio/tts/library/cedar/drink-up-a2abdbd86c881c94.mp3"
"marin","drive","drive","","","","","","21888","1.368","94","public/audio/tts/library/marin/drive-020b2345b36d5393.mp3"
"cedar","drive","drive","","","","","","17664","1.104","94","public/audio/tts/library/cedar/drive-020b2345b36d5393.mp3"
"marin","driver","driver","","","","","","15360","0.96","7","public/audio/tts/library/marin/driver-b00d5cfee43ae40b.mp3"
"cedar","driver","driver","","","","","","15360","0.96","7","public/audio/tts/library/cedar/driver-b00d5cfee43ae40b.mp3"
"marin","drop","drop","","","","","","28032","1.752","59","public/audio/tts/library/marin/drop-35e4dbbcbd8d282b.mp3"
"cedar","drop","drop","","","","","","14592","0.912","59","public/audio/tts/library/cedar/drop-35e4dbbcbd8d282b.mp3"
"marin","drop away","drop away","","","","","","19200","1.2","","public/audio/tts/library/marin/drop-away-b94049223883a0b7.mp3"
"cedar","drop away","drop away","","","","","","40320","2.52","","public/audio/tts/library/cedar/drop-away-b94049223883a0b7.mp3"
"marin","drop behind","drop behind","","","","","","24960","1.56","","public/audio/tts/library/marin/drop-behind-50e1132c5aa246d9.mp3"
"cedar","drop behind","drop behind","","","","","","32256","2.016","","public/audio/tts/library/cedar/drop-behind-50e1132c5aa246d9.mp3"
"marin","drop in","drop in","","","","","","28032","1.752","","public/audio/tts/library/marin/drop-in-af61e4482a0ce22d.mp3"
"cedar","drop in","drop in","","","","","","31488","1.968","","public/audio/tts/library/cedar/drop-in-af61e4482a0ce22d.mp3"
"marin","drop in on sb.","drop in on sb.","","","","","","40320","2.52","","public/audio/tts/library/marin/drop-in-on-sb-2a25f96cccffe0d1.mp3"
"cedar","drop in on sb.","drop in on sb.","","","","","","37632","2.352","","public/audio/tts/library/cedar/drop-in-on-sb-2a25f96cccffe0d1.mp3"
"marin","drop off","drop off","","","","","","25728","1.608","","public/audio/tts/library/marin/drop-off-61c5c18253611770.mp3"
"cedar","drop off","drop off","","","","","","46464","2.904","","public/audio/tts/library/cedar/drop-off-61c5c18253611770.mp3"
"marin","drop out","drop out","","","","","","19968","1.248","","public/audio/tts/library/marin/drop-out-48106af4267c39e7.mp3"
"cedar","drop out","drop out","","","","","","24192","1.512","","public/audio/tts/library/cedar/drop-out-48106af4267c39e7.mp3"
"marin","drop out / stand out","drop out, or stand out","","","","","","44928","2.808","","public/audio/tts/library/marin/drop-out-stand-out-1dbb0783d164e910.mp3"
"cedar","drop out / stand out","drop out, or stand out","","","","","","54528","3.408","","public/audio/tts/library/cedar/drop-out-stand-out-1dbb0783d164e910.mp3"
"marin","drop sb. a line","drop sb. a line","","","","","","36864","2.304","","public/audio/tts/library/marin/drop-sb-a-line-65089e25302bd29d.mp3"
"cedar","drop sb. a line","drop sb. a line","","","","","","48768","3.048","","public/audio/tts/library/cedar/drop-sb-a-line-65089e25302bd29d.mp3"
"marin","drop someone a hint","drop someone a hint","","","","","","38400","2.4","","public/audio/tts/library/marin/drop-someone-a-hint-ac9e7af11162c549.mp3"
"cedar","drop someone a hint","drop someone a hint","","","","","","42624","2.664","","public/audio/tts/library/cedar/drop-someone-a-hint-ac9e7af11162c549.mp3"
"marin","drugstore","drugstore","","","","","","32256","2.016","85","public/audio/tts/library/marin/drugstore-4f60c32ce4ffc047.mp3"
"cedar","drugstore","drugstore","","","","","","17664","1.104","85","public/audio/tts/library/cedar/drugstore-4f60c32ce4ffc047.mp3"
"marin","drum","drum","","","","","","16128","1.008","56","public/audio/tts/library/marin/drum-30778e4c826cd2b9.mp3"
"cedar","drum","drum","","","","","","18432","1.152","56","public/audio/tts/library/cedar/drum-30778e4c826cd2b9.mp3"
"marin","dry","dry","","","","","","16128","1.008","105","public/audio/tts/library/marin/dry-2840e0eafda1d076.mp3"
"cedar","dry","dry","","","","","","19200","1.2","105","public/audio/tts/library/cedar/dry-2840e0eafda1d076.mp3"
"marin","dryer","dryer","","","","","","19968","1.248","71","public/audio/tts/library/marin/dryer-302085a734d17a0a.mp3"
"cedar","dryer","dryer","","","","","","16896","1.056","71","public/audio/tts/library/cedar/dryer-302085a734d17a0a.mp3"
"marin","duck","duck","","","","","","16128","1.008","40|110","public/audio/tts/library/marin/duck-5189148bef66f474.mp3"
"cedar","duck","duck","","","","","","18432","1.152","40|110","public/audio/tts/library/cedar/duck-5189148bef66f474.mp3"
"marin","dumb","dumb","","","","","","14592","0.912","17","public/audio/tts/library/marin/dumb-195f75e07dd55f2f.mp3"
"cedar","dumb","dumb","","","","","","16128","1.008","17","public/audio/tts/library/cedar/dumb-195f75e07dd55f2f.mp3"
"marin","dumpling","dumpling","","","","","","16128","1.008","41","public/audio/tts/library/marin/dumpling-274272ed033c2e2b.mp3"
"cedar","dumpling","dumpling","","","","","","19968","1.248","41","public/audio/tts/library/cedar/dumpling-274272ed033c2e2b.mp3"
"marin","during","during","","","","","","12288","0.768","131","public/audio/tts/library/marin/during-b8389153689074fa.mp3"
"cedar","during","during","","","","","","21888","1.368","131","public/audio/tts/library/cedar/during-b8389153689074fa.mp3"
"marin","duty","duty","","","","","","15360","0.96","5","public/audio/tts/library/marin/duty-d74718e58ff331fc.mp3"
"cedar","duty","duty","","","","","","18432","1.152","5","public/audio/tts/library/cedar/duty-d74718e58ff331fc.mp3"
"marin","e-mail","e-mail","","","","","","23424","1.464","60","public/audio/tts/library/marin/e-mail-40ccbf599f209273.mp3"
"cedar","e-mail","e-mail","","","","","","26496","1.656","60","public/audio/tts/library/cedar/e-mail-40ccbf599f209273.mp3"
"marin","each","each","","","","","","13824","0.864","128","public/audio/tts/library/marin/each-28902f7956e0e5b1.mp3"
"cedar","each","each","","","","","","15360","0.96","128","public/audio/tts/library/cedar/each-28902f7956e0e5b1.mp3"
"marin","each other / one another","each other, or one another","","","","","","43392","2.712","","public/audio/tts/library/marin/each-other-one-another-78b2998b479598b8.mp3"
"cedar","each other / one another","each other, or one another","","","","","","58368","3.648","","public/audio/tts/library/cedar/each-other-one-another-78b2998b479598b8.mp3"
"marin","eagle","eagle","","","","","","16896","1.056","111","public/audio/tts/library/marin/eagle-e0815a689383e8ce.mp3"
"cedar","eagle","eagle","","","","","","19968","1.248","111","public/audio/tts/library/cedar/eagle-e0815a689383e8ce.mp3"
"marin","ear","ear","","","","","","11520","0.72","19","public/audio/tts/library/marin/ear-6f5cfb137dc83f25.mp3"
"cedar","ear","ear","","","","","","15360","0.96","19","public/audio/tts/library/cedar/ear-6f5cfb137dc83f25.mp3"
"marin","early","early","","","","","","16896","1.056","31","public/audio/tts/library/marin/early-1925258482b3f0de.mp3"
"cedar","early","early","","","","","","16896","1.056","31","public/audio/tts/library/cedar/early-1925258482b3f0de.mp3"
"marin","earn","earn","","","","","","18432","1.152","8","public/audio/tts/library/marin/earn-07accf8ef6b62bfc.mp3"
"cedar","earn","earn","","","","","","18432","1.152","8","public/audio/tts/library/cedar/earn-07accf8ef6b62bfc.mp3"
"marin","earring","earring","","","","","","14592","0.912","49","public/audio/tts/library/marin/earring-867b87ad906d2abb.mp3"
"cedar","earring","earring","","","","","","21888","1.368","49","public/audio/tts/library/cedar/earring-867b87ad906d2abb.mp3"
"marin","earth","earth","","","","","","25728","1.608","106","public/audio/tts/library/marin/earth-7e8c5f378b4addba.mp3"
"cedar","earth","earth","","","","","","21888","1.368","106","public/audio/tts/library/cedar/earth-7e8c5f378b4addba.mp3"
"marin","earthquake","earthquake","","","","","","19968","1.248","106","public/audio/tts/library/marin/earthquake-247025e5fa42f34b.mp3"
"cedar","earthquake","earthquake","","","","","","18432","1.152","106","public/audio/tts/library/cedar/earthquake-247025e5fa42f34b.mp3"
"marin","ease","ease","","","","","","21120","1.32","95","public/audio/tts/library/marin/ease-514c1c98553e9868.mp3"
"cedar","ease","ease","","","","","","16128","1.008","95","public/audio/tts/library/cedar/ease-514c1c98553e9868.mp3"
"marin","Easier said than done.","Easier said than done.","","","","","","38400","2.4","","public/audio/tts/library/marin/easier-said-than-done-c440cd10a04053c3.mp3"
"cedar","Easier said than done.","Easier said than done.","","","","","","28800","1.8","","public/audio/tts/library/cedar/easier-said-than-done-c440cd10a04053c3.mp3"
"marin","east","east","","","","","","25728","1.608","84","public/audio/tts/library/marin/east-80ea4fbde0e345a2.mp3"
"cedar","east","east","","","","","","18432","1.152","84","public/audio/tts/library/cedar/east-80ea4fbde0e345a2.mp3"
"marin","Easter","Easter","","","","","","13824","0.864","101","public/audio/tts/library/marin/easter-7748124ad261abcd.mp3"
"cedar","Easter","Easter","","","","","","28800","1.8","101","public/audio/tts/library/cedar/easter-7748124ad261abcd.mp3"
"marin","easy","easy","","","","","","22656","1.416","116","public/audio/tts/library/marin/easy-74f69e3aadb70215.mp3"
"cedar","easy","easy","","","","","","16128","1.008","116","public/audio/tts/library/cedar/easy-74f69e3aadb70215.mp3"
"marin","eat","eat","","","","","","17664","1.104","19","public/audio/tts/library/marin/eat-d5db1a2e799169e8.mp3"
"cedar","eat","eat","","","","","","15360","0.96","19","public/audio/tts/library/cedar/eat-d5db1a2e799169e8.mp3"
"marin","eat like a bird","eat like a bird","","","","","","36864","2.304","","public/audio/tts/library/marin/eat-like-a-bird-2cb47a4247931d47.mp3"
"cedar","eat like a bird","eat like a bird","","","","","","23424","1.464","","public/audio/tts/library/cedar/eat-like-a-bird-2cb47a4247931d47.mp3"
"marin","eat out","eat out","","","","","","28800","1.8","","public/audio/tts/library/marin/eat-out-f8c9648b53e28f50.mp3"
"cedar","eat out","eat out","","","","","","24960","1.56","","public/audio/tts/library/cedar/eat-out-f8c9648b53e28f50.mp3"
"marin","eat up","eat up","","","","","","19200","1.2","","public/audio/tts/library/marin/eat-up-1edd9e69bbc89ec2.mp3"
"cedar","eat up","eat up","","","","","","32256","2.016","","public/audio/tts/library/cedar/eat-up-1edd9e69bbc89ec2.mp3"
"marin","Education","Education","","","","","","24192","1.512","74","public/audio/tts/library/marin/education-ce992678087400bc.mp3"
"cedar","Education","Education","","","","","","18432","1.152","74","public/audio/tts/library/cedar/education-ce992678087400bc.mp3"
"marin","effort","effort","","","","","","13824","0.864","10","public/audio/tts/library/marin/effort-bb7aca74f2ea1d51.mp3"
"cedar","effort","effort","","","","","","25728","1.608","10","public/audio/tts/library/cedar/effort-bb7aca74f2ea1d51.mp3"
"marin","egg","egg","","","","","","37632","2.352","40","public/audio/tts/library/marin/egg-abfd95ef4fb532c5.mp3"
"cedar","egg","egg","","","","","","15360","0.96","40","public/audio/tts/library/cedar/egg-abfd95ef4fb532c5.mp3"
"marin","eight","eight","","","","","","16128","1.008","29","public/audio/tts/library/marin/eight-470162c282f6c5af.mp3"
"cedar","eight","eight","","","","","","16128","1.008","29","public/audio/tts/library/cedar/eight-470162c282f6c5af.mp3"
"marin","eighteen","eighteen","","","","","","16128","1.008","29","public/audio/tts/library/marin/eighteen-156fe1686024a566.mp3"
"cedar","eighteen","eighteen","","","","","","13824","0.864","29","public/audio/tts/library/cedar/eighteen-156fe1686024a566.mp3"
"marin","eighty","eighty","","","","","","14592","0.912","30","public/audio/tts/library/marin/eighty-b06f94b36b9a761b.mp3"
"cedar","eighty","eighty","","","","","","14592","0.912","30","public/audio/tts/library/cedar/eighty-b06f94b36b9a761b.mp3"
"marin","either","either","","","","","","24192","1.512","121","public/audio/tts/library/marin/either-bba9fcabff7ba696.mp3"
"cedar","either","either","","","","","","18432","1.152","121","public/audio/tts/library/cedar/either-bba9fcabff7ba696.mp3"
"marin","either or","either or","","","","","","27264","1.704","133","public/audio/tts/library/marin/either-or-4cf9be0108e89781.mp3"
"cedar","either or","either or","","","","","","27264","1.704","133","public/audio/tts/library/cedar/either-or-4cf9be0108e89781.mp3"
"marin","elder","elder","","","","","","13824","0.864","26","public/audio/tts/library/marin/elder-3c1442ecdec5f7bf.mp3"
"cedar","elder","elder","","","","","","23424","1.464","26","public/audio/tts/library/cedar/elder-3c1442ecdec5f7bf.mp3"
"marin","elect","elect","","","","","","22656","1.416","90","public/audio/tts/library/marin/elect-563f2de6bfcf1773.mp3"
"cedar","elect","elect","","","","","","14592","0.912","90","public/audio/tts/library/cedar/elect-563f2de6bfcf1773.mp3"
"marin","electric","electric","","","","","","22656","1.416","69","public/audio/tts/library/marin/electric-a7de19a1cfe749ff.mp3"
"cedar","electric","electric","","","","","","21120","1.32","69","public/audio/tts/library/cedar/electric-a7de19a1cfe749ff.mp3"
"marin","Electronic","Electronic","","","","","","22656","1.416","35","public/audio/tts/library/marin/electronic-3e2374a1b834d2ba.mp3"
"cedar","Electronic","Electronic","","","","","","21888","1.368","35","public/audio/tts/library/cedar/electronic-3e2374a1b834d2ba.mp3"
"marin","elementary school","elementary school","","","","","","24960","1.56","74","public/audio/tts/library/marin/elementary-school-710f3e7d8b81e2d4.mp3"
"cedar","elementary school","elementary school","","","","","","19200","1.2","74","public/audio/tts/library/cedar/elementary-school-710f3e7d8b81e2d4.mp3"
"marin","elephant","elephant","","","","","","28800","1.8","111","public/audio/tts/library/marin/elephant-f87ee5ffc8e4828e.mp3"
"cedar","elephant","elephant","","","","","","15360","0.96","111","public/audio/tts/library/cedar/elephant-f87ee5ffc8e4828e.mp3"
"marin","eleven","eleven","","","","","","29568","1.848","29","public/audio/tts/library/marin/eleven-801cea89ae869cc9.mp3"
"cedar","eleven","eleven","","","","","","19200","1.2","29","public/audio/tts/library/cedar/eleven-801cea89ae869cc9.mp3"
"marin","else","else","","","","","","19200","1.2","120","public/audio/tts/library/marin/else-235df3f729dfa7ee.mp3"
"cedar","else","else","","","","","","21120","1.32","120","public/audio/tts/library/cedar/else-235df3f729dfa7ee.mp3"
"marin","embarrass","embarrass","","","","","","24192","1.512","18","public/audio/tts/library/marin/embarrass-88fe1dcc3548446d.mp3"
"cedar","embarrass","embarrass","","","","","","21888","1.368","18","public/audio/tts/library/cedar/embarrass-88fe1dcc3548446d.mp3"
"marin","emotion","emotion","","","","","","19200","1.2","22","public/audio/tts/library/marin/emotion-516ae6629e4a3af0.mp3"
"cedar","emotion","emotion","","","","","","28032","1.752","22","public/audio/tts/library/cedar/emotion-516ae6629e4a3af0.mp3"
"marin","emphasize","emphasize","","","","","","17664","1.104","90","public/audio/tts/library/marin/emphasize-1606660905578704.mp3"
"cedar","emphasize","emphasize","","","","","","22656","1.416","90","public/audio/tts/library/cedar/emphasize-1606660905578704.mp3"
"marin","employ","employ","","","","","","34560","2.16","8","public/audio/tts/library/marin/employ-563ade38d792c8c6.mp3"
"cedar","employ","employ","","","","","","23424","1.464","8","public/audio/tts/library/cedar/employ-563ade38d792c8c6.mp3"
"marin","empty","empty","","","","","","18432","1.152","116","public/audio/tts/library/marin/empty-45fd2f9df187bc41.mp3"
"cedar","empty","empty","","","","","","16896","1.056","116","public/audio/tts/library/cedar/empty-45fd2f9df187bc41.mp3"
"marin","end","end","","","","","","15360","0.96","115","public/audio/tts/library/marin/end-48332fe667bc51ac.mp3"
"cedar","end","end","","","","","","31488","1.968","115","public/audio/tts/library/cedar/end-48332fe667bc51ac.mp3"
"marin","end up with","end up with","","","","","","28032","1.752","","public/audio/tts/library/marin/end-up-with-fc88ff19a6ae198f.mp3"
"cedar","end up with","end up with","","","","","","24960","1.56","","public/audio/tts/library/cedar/end-up-with-fc88ff19a6ae198f.mp3"
"marin","enemy","enemy","","","","","","21888","1.368","63","public/audio/tts/library/marin/enemy-fc8658cbc3ea1809.mp3"
"cedar","enemy","enemy","","","","","","28800","1.8","63","public/audio/tts/library/cedar/enemy-fc8658cbc3ea1809.mp3"
"marin","energetic","energetic","","","","","","23424","1.464","15","public/audio/tts/library/marin/energetic-abbbf0586fdc5f77.mp3"
"cedar","energetic","energetic","","","","","","21888","1.368","15","public/audio/tts/library/cedar/energetic-abbbf0586fdc5f77.mp3"
"marin","energy","energy","","","","","","36096","2.256","21","public/audio/tts/library/marin/energy-1c14b3d31319dc22.mp3"
"cedar","energy","energy","","","","","","24192","1.512","21","public/audio/tts/library/cedar/energy-1c14b3d31319dc22.mp3"
"marin","engine","engine","","","","","","24192","1.512","92","public/audio/tts/library/marin/engine-a16e8c2cd3405c77.mp3"
"cedar","engine","engine","","","","","","31488","1.968","92","public/audio/tts/library/cedar/engine-a16e8c2cd3405c77.mp3"
"marin","engineer","engineer","","","","","","32256","2.016","6","public/audio/tts/library/marin/engineer-37279d6adeb3647a.mp3"
"cedar","engineer","engineer","","","","","","19200","1.2","6","public/audio/tts/library/cedar/engineer-37279d6adeb3647a.mp3"
"marin","English","English","","","","","","19968","1.248","76","public/audio/tts/library/marin/english-c58d1c37848448c9.mp3"
"cedar","English","English","","","","","","16128","1.008","76","public/audio/tts/library/cedar/english-c58d1c37848448c9.mp3"
"marin","enjoy","enjoy","","","","","","30720","1.92","65","public/audio/tts/library/marin/enjoy-977b99777c38167f.mp3"
"cedar","enjoy","enjoy","","","","","","22656","1.416","65","public/audio/tts/library/cedar/enjoy-977b99777c38167f.mp3"
"marin","enjoy oneself","enjoy oneself","","","","","","29568","1.848","","public/audio/tts/library/marin/enjoy-oneself-9f85128bd424bd0b.mp3"
"cedar","enjoy oneself","enjoy oneself","","","","","","38400","2.4","","public/audio/tts/library/cedar/enjoy-oneself-9f85128bd424bd0b.mp3"
"marin","enough","enough","","","","","","19200","1.2","129","public/audio/tts/library/marin/enough-781fb5e48c02fe19.mp3"
"cedar","enough","enough","","","","","","24192","1.512","129","public/audio/tts/library/cedar/enough-781fb5e48c02fe19.mp3"
"marin","Enough about me.","Enough about me.","","","","","","33024","2.064","","public/audio/tts/library/marin/enough-about-me-61dc42471e693a8f.mp3"
"cedar","Enough about me.","Enough about me.","","","","","","29568","1.848","","public/audio/tts/library/cedar/enough-about-me-61dc42471e693a8f.mp3"
"marin","enter","enter","","","","","","13824","0.864","83","public/audio/tts/library/marin/enter-b53852dc82a51f0a.mp3"
"cedar","enter","enter","","","","","","14592","0.912","83","public/audio/tts/library/cedar/enter-b53852dc82a51f0a.mp3"
"marin","entrance","entrance. Entrance.","","","","","","42624","2.664","83","public/audio/tts/library/marin/entrance-68014d841167be19.mp3"
"cedar","entrance","entrance. Entrance.","","","","","","32256","2.016","83","public/audio/tts/library/cedar/entrance-68014d841167be19.mp3"
"marin","envelope","envelope","","","","","","19200","1.2","80","public/audio/tts/library/marin/envelope-014d43d7335efe2a.mp3"
"cedar","envelope","envelope","","","","","","21120","1.32","80","public/audio/tts/library/cedar/envelope-014d43d7335efe2a.mp3"
"marin","environment","environment","","","","","","19200","1.2","109","public/audio/tts/library/marin/environment-2699ff265931c5cc.mp3"
"cedar","environment","environment","","","","","","21888","1.368","109","public/audio/tts/library/cedar/environment-2699ff265931c5cc.mp3"
"marin","envy","envy","","","","","","16896","1.056","22","public/audio/tts/library/marin/envy-eb9efb6543a36d9c.mp3"
"cedar","envy","envy","","","","","","18432","1.152","22","public/audio/tts/library/cedar/envy-eb9efb6543a36d9c.mp3"
"marin","equal","equal","","","","","","15360","0.96","78","public/audio/tts/library/marin/equal-1907d592edca1235.mp3"
"cedar","equal","equal","","","","","","18432","1.152","78","public/audio/tts/library/cedar/equal-1907d592edca1235.mp3"
"marin","eraser","eraser","","","","","","19200","1.2","80","public/audio/tts/library/marin/eraser-3bc2d2c6fbc20a4a.mp3"
"cedar","eraser","eraser","","","","","","17664","1.104","80","public/audio/tts/library/cedar/eraser-3bc2d2c6fbc20a4a.mp3"
"marin","error","error","","","","","","21888","1.368","78","public/audio/tts/library/marin/error-f097b5f4f46cda2d.mp3"
"cedar","error","error","","","","","","19200","1.2","78","public/audio/tts/library/cedar/error-f097b5f4f46cda2d.mp3"
"marin","especially","especially","","","","","","26496","1.656","119","public/audio/tts/library/marin/especially-17e351add4913f24.mp3"
"cedar","especially","especially","","","","","","18432","1.152","119","public/audio/tts/library/cedar/especially-17e351add4913f24.mp3"
"marin","eve","eve","","","","","","14592","0.912","","public/audio/tts/library/marin/eve-517cf23f6779047c.mp3"
"cedar","eve","eve","","","","","","16896","1.056","","public/audio/tts/library/cedar/eve-517cf23f6779047c.mp3"
"marin","even","even","","","","","","16128","1.008","119","public/audio/tts/library/marin/even-58fc49110a62f896.mp3"
"cedar","even","even","","","","","","17664","1.104","119","public/audio/tts/library/cedar/even-58fc49110a62f896.mp3"
"marin","evening","evening","","","","","","17664","1.104","31","public/audio/tts/library/marin/evening-eeb40814af2f3869.mp3"
"cedar","evening","evening","","","","","","21888","1.368","31","public/audio/tts/library/cedar/evening-eeb40814af2f3869.mp3"
"marin","event","event","","","","","","40320","2.52","52","public/audio/tts/library/marin/event-d8073d788ee641f2.mp3"
"cedar","event","event","","","","","","18432","1.152","52","public/audio/tts/library/cedar/event-d8073d788ee641f2.mp3"
"marin","ever","ever","","","","","","13056","0.816","118","public/audio/tts/library/marin/ever-13414947a721f90a.mp3"
"cedar","ever","ever","","","","","","17664","1.104","118","public/audio/tts/library/cedar/ever-13414947a721f90a.mp3"
"marin","every","every","","","","","","13824","0.864","125","public/audio/tts/library/marin/every-ce706dbba072ee8c.mp3"
"cedar","every","every","","","","","","17664","1.104","125","public/audio/tts/library/cedar/every-ce706dbba072ee8c.mp3"
"marin","everybody","everybody","","","","","","19200","1.2","127","public/audio/tts/library/marin/everybody-b5cb1ab4257ac4b6.mp3"
"cedar","everybody","everybody","","","","","","19968","1.248","127","public/audio/tts/library/cedar/everybody-b5cb1ab4257ac4b6.mp3"
"marin","everyone","everyone","","","","","","22656","1.416","127","public/audio/tts/library/marin/everyone-a7fca98332f7f402.mp3"
"cedar","everyone","everyone","","","","","","19968","1.248","127","public/audio/tts/library/cedar/everyone-a7fca98332f7f402.mp3"
"marin","everyone (everybody)","everyone. Or, everybody.","","","","","","51456","3.216","","public/audio/tts/library/marin/everyone-everybody-74d0f1476bab2b10.mp3"
"cedar","everyone (everybody)","everyone. Or, everybody.","","","","","","45696","2.856","","public/audio/tts/library/cedar/everyone-everybody-74d0f1476bab2b10.mp3"
"marin","everything","everything","","","","","","21888","1.368","127","public/audio/tts/library/marin/everything-eb81716da981cba8.mp3"
"cedar","everything","everything","","","","","","24960","1.56","127","public/audio/tts/library/cedar/everything-eb81716da981cba8.mp3"
"marin","everywhere","everywhere","","","","","","19968","1.248","120","public/audio/tts/library/marin/everywhere-2c310be88eb2eaf8.mp3"
"cedar","everywhere","everywhere","","","","","","28800","1.8","120","public/audio/tts/library/cedar/everywhere-2c310be88eb2eaf8.mp3"
"marin","evil","evil","","","","","","24192","1.512","12","public/audio/tts/library/marin/evil-886b67480dbe73b4.mp3"
"cedar","evil","evil","","","","","","15360","0.96","12","public/audio/tts/library/cedar/evil-886b67480dbe73b4.mp3"
"marin","exam","exam","","","","","","17664","1.104","79","public/audio/tts/library/marin/exam-26e7b1b5865d66e3.mp3"
"cedar","exam","exam","","","","","","17664","1.104","79","public/audio/tts/library/cedar/exam-26e7b1b5865d66e3.mp3"
"marin","example","example","","","","","","19968","1.248","75","public/audio/tts/library/marin/example-13550350a8681c84.mp3"
"cedar","example","example","","","","","","15360","0.96","75","public/audio/tts/library/cedar/example-13550350a8681c84.mp3"
"marin","excellent","excellent","","","","","","25728","1.608","82","public/audio/tts/library/marin/excellent-06ea957c200002be.mp3"
"cedar","excellent","excellent","","","","","","16896","1.056","82","public/audio/tts/library/cedar/excellent-06ea957c200002be.mp3"
"marin","except","except","","","","","","18432","1.152","132","public/audio/tts/library/marin/except-00fbf65d9f84fbdb.mp3"
"cedar","except","except","","","","","","18432","1.152","132","public/audio/tts/library/cedar/except-00fbf65d9f84fbdb.mp3"
"marin","excited","excited","","","","","","42624","2.664","17","public/audio/tts/library/marin/excited-7c0086a850aff1ba.mp3"
"cedar","excited","excited","","","","","","16128","1.008","17","public/audio/tts/library/cedar/excited-7c0086a850aff1ba.mp3"
"marin","exciting","exciting","","","","","","16128","1.008","54","public/audio/tts/library/marin/exciting-cbe98191973b35bf.mp3"
"cedar","exciting","exciting","","","","","","27264","1.704","54","public/audio/tts/library/cedar/exciting-cbe98191973b35bf.mp3"
"marin","excuse","excuse","","","","","","19968","1.248","66","public/audio/tts/library/marin/excuse-2c27b07f5772a0f9.mp3"
"cedar","excuse","excuse","","","","","","19968","1.248","66","public/audio/tts/library/cedar/excuse-2c27b07f5772a0f9.mp3"
"marin","Excuse me.","Excuse me.","","","","","","28032","1.752","","public/audio/tts/library/marin/excuse-me-bd7799f9b8aad34a.mp3"
"cedar","Excuse me.","Excuse me.","","","","","","35328","2.208","","public/audio/tts/library/cedar/excuse-me-bd7799f9b8aad34a.mp3"
"marin","exercise","exercise","","","","","","24192","1.512","25","public/audio/tts/library/marin/exercise-8e9a7d483bf5a547.mp3"
"cedar","exercise","exercise","","","","","","21120","1.32","25","public/audio/tts/library/cedar/exercise-8e9a7d483bf5a547.mp3"
"marin","exist","exist","","","","","","22656","1.416","112","public/audio/tts/library/marin/exist-9bab6bfd30218e4a.mp3"
"cedar","exist","exist","","","","","","18432","1.152","112","public/audio/tts/library/cedar/exist-9bab6bfd30218e4a.mp3"
"marin","exit","exit","","","","","","19968","1.248","83","public/audio/tts/library/marin/exit-9577a8bfed904bd5.mp3"
"cedar","exit","exit","","","","","","24960","1.56","83","public/audio/tts/library/cedar/exit-9577a8bfed904bd5.mp3"
"marin","expect","expect","","","","","","21120","1.32","88","public/audio/tts/library/marin/expect-3e7babb892fcc7be.mp3"
"cedar","expect","expect","","","","","","19968","1.248","88","public/audio/tts/library/cedar/expect-3e7babb892fcc7be.mp3"
"marin","expensive","expensive","","","","","","30720","1.92","37","public/audio/tts/library/marin/expensive-fc1220aa7243647c.mp3"
"cedar","expensive","expensive","","","","","","24192","1.512","37","public/audio/tts/library/cedar/expensive-fc1220aa7243647c.mp3"
"marin","experience","experience","","","","","","22656","1.416","8","public/audio/tts/library/marin/experience-1f8ab4feb7e45c6f.mp3"
"cedar","experience","experience","","","","","","28800","1.8","8","public/audio/tts/library/cedar/experience-1f8ab4feb7e45c6f.mp3"
"marin","explain","explain","","","","","","27264","1.704","95","public/audio/tts/library/marin/explain-79638bf1005925e9.mp3"
"cedar","explain","explain","","","","","","17664","1.104","95","public/audio/tts/library/cedar/explain-79638bf1005925e9.mp3"
"marin","express","express","","","","","","21888","1.368","9","public/audio/tts/library/marin/express-d424a191fde9763d.mp3"
"cedar","express","express","","","","","","23424","1.464","9","public/audio/tts/library/cedar/express-d424a191fde9763d.mp3"
"marin","extra","extra","","","","","","13824","0.864","98","public/audio/tts/library/marin/extra-65110ea3b8b62b0c.mp3"
"cedar","extra","extra","","","","","","18432","1.152","98","public/audio/tts/library/cedar/extra-65110ea3b8b62b0c.mp3"
"marin","eye","eye","","","","","","23424","1.464","19","public/audio/tts/library/marin/eye-3b5e273d2eb0e1b2.mp3"
"cedar","eye","eye","","","","","","15360","0.96","19","public/audio/tts/library/cedar/eye-3b5e273d2eb0e1b2.mp3"
"marin","face","face","","","","","","21120","1.32","19","public/audio/tts/library/marin/face-98d57c25a2bed283.mp3"
"cedar","face","face","","","","","","22656","1.416","19","public/audio/tts/library/cedar/face-98d57c25a2bed283.mp3"
"marin","face the music","face the music","","","","","","24960","1.56","","public/audio/tts/library/marin/face-the-music-e89d1cbf2e59df7f.mp3"
"cedar","face the music","face the music","","","","","","32256","2.016","","public/audio/tts/library/cedar/face-the-music-e89d1cbf2e59df7f.mp3"
"marin","face the problem / music","face the problem. Or, face the music.","","","","","","62592","3.912","","public/audio/tts/library/marin/face-the-problem-music-9f0770c7bbb96e7b.mp3"
"cedar","face the problem / music","face the problem. Or, face the music.","","","","","","62592","3.912","","public/audio/tts/library/cedar/face-the-problem-music-9f0770c7bbb96e7b.mp3"
"marin","fact","fact","","","","","","16128","1.008","95","public/audio/tts/library/marin/fact-52f3037e7d24dd27.mp3"
"cedar","fact","fact","","","","","","16128","1.008","95","public/audio/tts/library/cedar/fact-52f3037e7d24dd27.mp3"
"marin","factory","factory","","","","","","23424","1.464","109","public/audio/tts/library/marin/factory-f24e362e035d2833.mp3"
"cedar","factory","factory","","","","","","16896","1.056","109","public/audio/tts/library/cedar/factory-f24e362e035d2833.mp3"
"marin","fail","fail","","","","","","19968","1.248","79","public/audio/tts/library/marin/fail-2056a28ea38a000f.mp3"
"cedar","fail","fail","","","","","","28032","1.752","79","public/audio/tts/library/cedar/fail-2056a28ea38a000f.mp3"
"marin","fair","fair","","","","","","14592","0.912","90","public/audio/tts/library/marin/fair-adbf4ef6446a2744.mp3"
"cedar","fair","fair","","","","","","22656","1.416","90","public/audio/tts/library/cedar/fair-adbf4ef6446a2744.mp3"
"marin","fall","fall","","","","","","18432","1.152","33","public/audio/tts/library/marin/fall-8cffd2ea394009f3.mp3"
"cedar","fall","fall","","","","","","25728","1.608","33","public/audio/tts/library/cedar/fall-8cffd2ea394009f3.mp3"
"marin","fall apart","fall apart","","","","","","25728","1.608","","public/audio/tts/library/marin/fall-apart-eac9f38ab3e4e8da.mp3"
"cedar","fall apart","fall apart","","","","","","28800","1.8","","public/audio/tts/library/cedar/fall-apart-eac9f38ab3e4e8da.mp3"
"marin","fall asleep","fall asleep","","","","","","27264","1.704","","public/audio/tts/library/marin/fall-asleep-d6d39b741ab75493.mp3"
"cedar","fall asleep","fall asleep","","","","","","34560","2.16","","public/audio/tts/library/cedar/fall-asleep-d6d39b741ab75493.mp3"
"marin","fall away","fall away","","","","","","24960","1.56","","public/audio/tts/library/marin/fall-away-e80a18a0176193ce.mp3"
"cedar","fall away","fall away","","","","","","24960","1.56","","public/audio/tts/library/cedar/fall-away-e80a18a0176193ce.mp3"
"marin","fall back","fall back","","","","","","28032","1.752","","public/audio/tts/library/marin/fall-back-8d44d068aeaac510.mp3"
"cedar","fall back","fall back","","","","","","32256","2.016","","public/audio/tts/library/cedar/fall-back-8d44d068aeaac510.mp3"
"marin","fall back on","fall back on","","","","","","24960","1.56","","public/audio/tts/library/marin/fall-back-on-7c49f7f1d3f2da94.mp3"
"cedar","fall back on","fall back on","","","","","","22656","1.416","","public/audio/tts/library/cedar/fall-back-on-7c49f7f1d3f2da94.mp3"
"marin","fall behind","fall behind","","","","","","27264","1.704","","public/audio/tts/library/marin/fall-behind-0d16f8a54c8e9641.mp3"
"cedar","fall behind","fall behind","","","","","","29568","1.848","","public/audio/tts/library/cedar/fall-behind-0d16f8a54c8e9641.mp3"
"marin","fall down","fall down","","","","","","24192","1.512","","public/audio/tts/library/marin/fall-down-539f0a52627efd3a.mp3"
"cedar","fall down","fall down","","","","","","30720","1.92","","public/audio/tts/library/cedar/fall-down-539f0a52627efd3a.mp3"
"marin","fall down / over","fall down. Or, fall over.","","","","","","56832","3.552","","public/audio/tts/library/marin/fall-down-over-4dc05eb04156fe08.mp3"
"cedar","fall down / over","fall down. Or, fall over.","","","","","","46464","2.904","","public/audio/tts/library/cedar/fall-down-over-4dc05eb04156fe08.mp3"
"marin","fall from favor","fall from favor","","","","","","28800","1.8","","public/audio/tts/library/marin/fall-from-favor-fa746999ee930d53.mp3"
"cedar","fall from favor","fall from favor","","","","","","36864","2.304","","public/audio/tts/library/cedar/fall-from-favor-fa746999ee930d53.mp3"
"marin","fall in love","fall in love","","","","","","24960","1.56","","public/audio/tts/library/marin/fall-in-love-e831782f3dd9831a.mp3"
"cedar","fall in love","fall in love","","","","","","48000","3","","public/audio/tts/library/cedar/fall-in-love-e831782f3dd9831a.mp3"
"marin","fall in with","fall in with","","","","","","28800","1.8","","public/audio/tts/library/marin/fall-in-with-7d1fe1fb36f7d89b.mp3"
"cedar","fall in with","fall in with","","","","","","25728","1.608","","public/audio/tts/library/cedar/fall-in-with-7d1fe1fb36f7d89b.mp3"
"marin","fall into the habit of …","fall into the habit of …","","","","","","36096","2.256","","public/audio/tts/library/marin/fall-into-the-habit-of-cee3e57653a64d05.mp3"
"cedar","fall into the habit of …","fall into the habit of …","","","","","","38400","2.4","","public/audio/tts/library/cedar/fall-into-the-habit-of-cee3e57653a64d05.mp3"
"marin","fall off","fall off","","","","","","26496","1.656","","public/audio/tts/library/marin/fall-off-c234406028d0e5c1.mp3"
"cedar","fall off","fall off","","","","","","19968","1.248","","public/audio/tts/library/cedar/fall-off-c234406028d0e5c1.mp3"
"marin","fall out","fall out","","","","","","27264","1.704","","public/audio/tts/library/marin/fall-out-33cc875b9bf83343.mp3"
"cedar","fall out","fall out","","","","","","19968","1.248","","public/audio/tts/library/cedar/fall-out-33cc875b9bf83343.mp3"
"marin","fall out of fashion/favor","fall out of fashion, or favor","","","","","","47232","2.952","","public/audio/tts/library/marin/fall-out-of-fashion-favor-33f8583fe86faec2.mp3"
"cedar","fall out of fashion/favor","fall out of fashion, or favor","","","","","","44160","2.76","","public/audio/tts/library/cedar/fall-out-of-fashion-favor-33f8583fe86faec2.mp3"
"marin","fall out with sb.","fall out with sb.","","","","","","34560","2.16","","public/audio/tts/library/marin/fall-out-with-sb-77b27f790b4684b1.mp3"
"cedar","fall out with sb.","fall out with sb.","","","","","","36864","2.304","","public/audio/tts/library/cedar/fall-out-with-sb-77b27f790b4684b1.mp3"
"marin","fall over","fall over","","","","","","28800","1.8","","public/audio/tts/library/marin/fall-over-aea98742885459e2.mp3"
"cedar","fall over","fall over","","","","","","29568","1.848","","public/audio/tts/library/cedar/fall-over-aea98742885459e2.mp3"
"marin","fall short of …","fall short of …","","","","","","36096","2.256","","public/audio/tts/library/marin/fall-short-of-ad266d62427d1fca.mp3"
"cedar","fall short of …","fall short of …","","","","","","28800","1.8","","public/audio/tts/library/cedar/fall-short-of-ad266d62427d1fca.mp3"
"marin","fall through","fall through","","","","","","31488","1.968","","public/audio/tts/library/marin/fall-through-ef3836de08511abe.mp3"
"cedar","fall through","fall through","","","","","","33024","2.064","","public/audio/tts/library/cedar/fall-through-ef3836de08511abe.mp3"
"marin","fall to pieces/bits","fall to pieces, or bits","","","","","","41088","2.568","","public/audio/tts/library/marin/fall-to-pieces-bits-3bd0276b4ecb1f02.mp3"
"cedar","fall to pieces/bits","fall to pieces, or bits","","","","","","44160","2.76","","public/audio/tts/library/cedar/fall-to-pieces-bits-3bd0276b4ecb1f02.mp3"
"marin","fall victim to …","fall victim to …","","","","","","29568","1.848","","public/audio/tts/library/marin/fall-victim-to-59db6ed2fa5782e4.mp3"
"cedar","fall victim to …","fall victim to …","","","","","","48000","3","","public/audio/tts/library/cedar/fall-victim-to-59db6ed2fa5782e4.mp3"
"marin","false","false","","","","","","25728","1.608","116","public/audio/tts/library/marin/false-2ed27c1421e6928d.mp3"
"cedar","false","false","","","","","","19200","1.2","116","public/audio/tts/library/cedar/false-2ed27c1421e6928d.mp3"
"marin","family","family","","","","","","39168","2.448","26","public/audio/tts/library/marin/family-f886996f4c6cb40c.mp3"
"cedar","family","family","","","","","","17664","1.104","26","public/audio/tts/library/cedar/family-f886996f4c6cb40c.mp3"
"marin","famous","famous","","","","","","18432","1.152","54","public/audio/tts/library/marin/famous-e0ea39afa33dd73a.mp3"
"cedar","famous","famous","","","","","","16128","1.008","54","public/audio/tts/library/cedar/famous-e0ea39afa33dd73a.mp3"
"marin","fan","fan","","","","","","14592","0.912","56|69","public/audio/tts/library/marin/fan-f834705953d087b8.mp3"
"cedar","fan","fan","","","","","","30720","1.92","56|69","public/audio/tts/library/cedar/fan-f834705953d087b8.mp3"
"marin","fancy","fancy","","","","","","19200","1.2","48","public/audio/tts/library/marin/fancy-496fb2aeb17f73c2.mp3"
"cedar","fancy","fancy","","","","","","25728","1.608","48","public/audio/tts/library/cedar/fancy-496fb2aeb17f73c2.mp3"
"marin","fantastic","fantastic","","","","","","38400","2.4","58","public/audio/tts/library/marin/fantastic-49ff94b963ca179b.mp3"
"cedar","fantastic","fantastic","","","","","","21888","1.368","58","public/audio/tts/library/cedar/fantastic-49ff94b963ca179b.mp3"
"marin","far","far","","","","","","19200","1.2","96","public/audio/tts/library/marin/far-2988ecd11da523d3.mp3"
"cedar","far","far","","","","","","35328","2.208","96","public/audio/tts/library/cedar/far-2988ecd11da523d3.mp3"
"marin","far from","far from","","","","","","29568","1.848","","public/audio/tts/library/marin/far-from-a331535803a6a2b4.mp3"
"cedar","far from","far from","","","","","","34560","2.16","","public/audio/tts/library/cedar/far-from-a331535803a6a2b4.mp3"
"marin","farm","farm","","","","","","21120","1.32","88","public/audio/tts/library/marin/farm-1ea63c0562f2027d.mp3"
"cedar","farm","farm","","","","","","19200","1.2","88","public/audio/tts/library/cedar/farm-1ea63c0562f2027d.mp3"
"marin","farmer","farmer","","","","","","21120","1.32","2|88","public/audio/tts/library/marin/farmer-bff19f303cacb411.mp3"
"cedar","farmer","farmer","","","","","","21888","1.368","2|88","public/audio/tts/library/cedar/farmer-bff19f303cacb411.mp3"
"marin","fashionable","fashionable","","","","","","27264","1.704","48","public/audio/tts/library/marin/fashionable-ac643c5b1ce9bf35.mp3"
"cedar","fashionable","fashionable","","","","","","19968","1.248","48","public/audio/tts/library/cedar/fashionable-ac643c5b1ce9bf35.mp3"
"marin","fast","fast","","","","","","22656","1.416","92","public/audio/tts/library/marin/fast-f10264dbe79d60da.mp3"
"cedar","fast","fast","","","","","","15360","0.96","92","public/audio/tts/library/cedar/fast-f10264dbe79d60da.mp3"
"marin","fast food restaurant","fast food restaurant","","","","","","33792","2.112","","public/audio/tts/library/marin/fast-food-restaurant-c9b51136e7a571da.mp3"
"cedar","fast food restaurant","fast food restaurant","","","","","","26496","1.656","","public/audio/tts/library/cedar/fast-food-restaurant-c9b51136e7a571da.mp3"
"marin","fat","fat","","","","","","18432","1.152","11","public/audio/tts/library/marin/fat-5d82c81117de5c42.mp3"
"cedar","fat","fat","","","","","","19200","1.2","11","public/audio/tts/library/cedar/fat-5d82c81117de5c42.mp3"
"marin","father","father","","","","","","19968","1.248","26","public/audio/tts/library/marin/father-9d38a860d6f12693.mp3"
"cedar","father","father","","","","","","17664","1.104","26","public/audio/tts/library/cedar/father-9d38a860d6f12693.mp3"
"marin","Father's Day","Father's Day","","","","","","21120","1.32","101","public/audio/tts/library/marin/fathers-day-5a8f3e18a5f4a406.mp3"
"cedar","Father's Day","Father's Day","","","","","","19968","1.248","101","public/audio/tts/library/cedar/fathers-day-5a8f3e18a5f4a406.mp3"
"marin","faucet","faucet","","","","","","17664","1.104","71","public/audio/tts/library/marin/faucet-97c35f6c083fbf93.mp3"
"cedar","faucet","faucet","","","","","","30720","1.92","71","public/audio/tts/library/cedar/faucet-97c35f6c083fbf93.mp3"
"marin","fault","fault","","","","","","19968","1.248","66","public/audio/tts/library/marin/fault-39a4c3d2d514992e.mp3"
"cedar","fault","fault","","","","","","29568","1.848","66","public/audio/tts/library/cedar/fault-39a4c3d2d514992e.mp3"
"marin","favorite","favorite","","","","","","28032","1.752","90","public/audio/tts/library/marin/favorite-e07dea2af7858f5c.mp3"
"cedar","favorite","favorite","","","","","","27264","1.704","90","public/audio/tts/library/cedar/favorite-e07dea2af7858f5c.mp3"
"marin","fear","fear","","","","","","26496","1.656","14","public/audio/tts/library/marin/fear-a71696fe554e5843.mp3"
"cedar","fear","fear","","","","","","16896","1.056","14","public/audio/tts/library/cedar/fear-a71696fe554e5843.mp3"
"marin","February","February","","","","","","19968","1.248","33","public/audio/tts/library/marin/february-b8887840d4bedbe1.mp3"
"cedar","February","February","","","","","","22656","1.416","33","public/audio/tts/library/cedar/february-b8887840d4bedbe1.mp3"
"marin","fee","fee","","","","","","16128","1.008","37","public/audio/tts/library/marin/fee-7ea02e2393ad2908.mp3"
"cedar","fee","fee","","","","","","30720","1.92","37","public/audio/tts/library/cedar/fee-7ea02e2393ad2908.mp3"
"marin","feed","feed","","","","","","19968","1.248","58","public/audio/tts/library/marin/feed-4f916658c31a007c.mp3"
"cedar","feed","feed","","","","","","15360","0.96","58","public/audio/tts/library/cedar/feed-4f916658c31a007c.mp3"
"marin","feed on","feed on","","","","","","24192","1.512","","public/audio/tts/library/marin/feed-on-b8d8b2354f8f1ccf.mp3"
"cedar","feed on","feed on","","","","","","24960","1.56","","public/audio/tts/library/cedar/feed-on-b8d8b2354f8f1ccf.mp3"
"marin","feed with","feed with","","","","","","24192","1.512","","public/audio/tts/library/marin/feed-with-63e6f6a8cd3bd860.mp3"
"cedar","feed with","feed with","","","","","","22656","1.416","","public/audio/tts/library/cedar/feed-with-63e6f6a8cd3bd860.mp3"
"marin","feel","feel","","","","","","15360","0.96","22","public/audio/tts/library/marin/feel-2fe775994cededbc.mp3"
"cedar","feel","feel","","","","","","21888","1.368","22","public/audio/tts/library/cedar/feel-2fe775994cededbc.mp3"
"marin","feel like + V-ing","feel like doing something.","","","","","","46464","2.904","","public/audio/tts/library/marin/feel-like-v-ing-8bac8cda602bc422.mp3"
"cedar","feel like + V-ing","feel like doing something.","","","","","","39168","2.448","","public/audio/tts/library/cedar/feel-like-v-ing-8bac8cda602bc422.mp3"
"marin","feel under the weather","feel under the weather","","","","","","27264","1.704","","public/audio/tts/library/marin/feel-under-the-weather-4f97ac9a05dc1d0e.mp3"
"cedar","feel under the weather","feel under the weather","","","","","","28800","1.8","","public/audio/tts/library/cedar/feel-under-the-weather-4f97ac9a05dc1d0e.mp3"
"marin","feeling","feeling","","","","","","19200","1.2","22","public/audio/tts/library/marin/feeling-ffb2a443145d2735.mp3"
"cedar","feeling","feeling","","","","","","37632","2.352","22","public/audio/tts/library/cedar/feeling-ffb2a443145d2735.mp3"
"marin","female","female","","","","","","31488","1.968","1","public/audio/tts/library/marin/female-764a628e94e17ead.mp3"
"cedar","female","female","","","","","","24192","1.512","1","public/audio/tts/library/cedar/female-764a628e94e17ead.mp3"
"marin","fence","fence","","","","","","16128","1.008","67","public/audio/tts/library/marin/fence-f25e2cc3fbece0ca.mp3"
"cedar","fence","fence","","","","","","17664","1.104","67","public/audio/tts/library/cedar/fence-f25e2cc3fbece0ca.mp3"
"marin","festival","festival","","","","","","19968","1.248","101","public/audio/tts/library/marin/festival-09e090ac5c81ac1d.mp3"
"cedar","festival","festival","","","","","","16896","1.056","101","public/audio/tts/library/cedar/festival-09e090ac5c81ac1d.mp3"
"marin","fever","fever","","","","","","19968","1.248","23","public/audio/tts/library/marin/fever-6810e066e229adeb.mp3"
"cedar","fever","fever","","","","","","19200","1.2","23","public/audio/tts/library/cedar/fever-6810e066e229adeb.mp3"
"marin","few","few","","","","","","19200","1.2","129","public/audio/tts/library/marin/few-f6dcc3e6559e43e2.mp3"
"cedar","few","few","","","","","","17664","1.104","129","public/audio/tts/library/cedar/few-f6dcc3e6559e43e2.mp3"
"marin","fifteen","fifteen","","","","","","24192","1.512","29","public/audio/tts/library/marin/fifteen-038ce93b8d54a7ae.mp3"
"cedar","fifteen","fifteen","","","","","","30720","1.92","29","public/audio/tts/library/cedar/fifteen-038ce93b8d54a7ae.mp3"
"marin","fifty","fifty","","","","","","27264","1.704","30","public/audio/tts/library/marin/fifty-38172e64af9923c3.mp3"
"cedar","fifty","fifty","","","","","","16128","1.008","30","public/audio/tts/library/cedar/fifty-38172e64af9923c3.mp3"
"marin","fight","fight","","","","","","19200","1.2","63","public/audio/tts/library/marin/fight-933d4c5787e89aa0.mp3"
"cedar","fight","fight","","","","","","16896","1.056","63","public/audio/tts/library/cedar/fight-933d4c5787e89aa0.mp3"
"marin","file","file","","","","","","13824","0.864","60","public/audio/tts/library/marin/file-8b911a8716b94442.mp3"
"cedar","file","file","","","","","","27264","1.704","60","public/audio/tts/library/cedar/file-8b911a8716b94442.mp3"
"marin","fill","fill","","","","","","17664","1.104","24","public/audio/tts/library/marin/fill-dc5e28d36758be08.mp3"
"cedar","fill","fill","","","","","","16896","1.056","24","public/audio/tts/library/cedar/fill-dc5e28d36758be08.mp3"
"marin","fill in","fill in","","","","","","23424","1.464","","public/audio/tts/library/marin/fill-in-4fbad441978cdb29.mp3"
"cedar","fill in","fill in","","","","","","30720","1.92","","public/audio/tts/library/cedar/fill-in-4fbad441978cdb29.mp3"
"marin","film","film","","","","","","23424","1.464","61","public/audio/tts/library/marin/film-c6f0a19b2cf185c1.mp3"
"cedar","film","film","","","","","","15360","0.96","61","public/audio/tts/library/cedar/film-c6f0a19b2cf185c1.mp3"
"marin","final","final","","","","","","27264","1.704","79","public/audio/tts/library/marin/final-9149a1639fd729ca.mp3"
"cedar","final","final","","","","","","22656","1.416","79","public/audio/tts/library/cedar/final-9149a1639fd729ca.mp3"
"marin","finally","finally","","","","","","30720","1.92","120","public/audio/tts/library/marin/finally-cdd5b125350e814b.mp3"
"cedar","finally","finally","","","","","","19200","1.2","120","public/audio/tts/library/cedar/finally-cdd5b125350e814b.mp3"
"marin","find","find","","","","","","24960","1.56","9","public/audio/tts/library/marin/find-2816fd917d4a24d0.mp3"
"cedar","find","find","","","","","","16896","1.056","9","public/audio/tts/library/cedar/find-2816fd917d4a24d0.mp3"
"marin","find out","find out","","","","","","24960","1.56","","public/audio/tts/library/marin/find-out-0ffb60932430aa6f.mp3"
"cedar","find out","find out","","","","","","21120","1.32","","public/audio/tts/library/cedar/find-out-0ffb60932430aa6f.mp3"
"marin","fine","fine","","","","","","19200","1.2","94","public/audio/tts/library/marin/fine-8ecc5f94c57b05d6.mp3"
"cedar","fine","fine","","","","","","21888","1.368","94","public/audio/tts/library/cedar/fine-8ecc5f94c57b05d6.mp3"
"marin","finger","finger","","","","","","21888","1.368","20","public/audio/tts/library/marin/finger-c9bb91afa06f5c24.mp3"
"cedar","finger","finger","","","","","","19200","1.2","20","public/audio/tts/library/cedar/finger-c9bb91afa06f5c24.mp3"
"marin","finish","finish","","","","","","19968","1.248","115","public/audio/tts/library/marin/finish-05c87768b46695e1.mp3"
"cedar","finish","finish","","","","","","27264","1.704","115","public/audio/tts/library/cedar/finish-05c87768b46695e1.mp3"
"marin","fire","fire","","","","","","15360","0.96","106","public/audio/tts/library/marin/fire-cb8eb7c5a5525bb3.mp3"
"cedar","fire","fire","","","","","","25728","1.608","106","public/audio/tts/library/cedar/fire-cb8eb7c5a5525bb3.mp3"
"marin","fire station","fire station","","","","","","27264","1.704","86","public/audio/tts/library/marin/fire-station-e85c015ba81b5ce2.mp3"
"cedar","fire station","fire station","","","","","","33024","2.064","86","public/audio/tts/library/cedar/fire-station-e85c015ba81b5ce2.mp3"
"marin","first","first","","","","","","32256","2.016","30","public/audio/tts/library/marin/first-b640e840b19d3786.mp3"
"cedar","first","first","","","","","","21120","1.32","30","public/audio/tts/library/cedar/first-b640e840b19d3786.mp3"
"marin","first name","first name","","","","","","41088","2.568","3","public/audio/tts/library/marin/first-name-63f53e09781c97df.mp3"
"cedar","first name","first name","","","","","","26496","1.656","3","public/audio/tts/library/cedar/first-name-63f53e09781c97df.mp3"
"marin","fish","fish","","","","","","19968","1.248","40|53|112","public/audio/tts/library/marin/fish-29024d823c3f8a90.mp3"
"cedar","fish","fish","","","","","","24960","1.56","40|53|112","public/audio/tts/library/cedar/fish-29024d823c3f8a90.mp3"
"marin","fisherman","fisherman","","","","","","17664","1.104","88","public/audio/tts/library/marin/fisherman-c2b06c7086463b1c.mp3"
"cedar","fisherman","fisherman","","","","","","24960","1.56","88","public/audio/tts/library/cedar/fisherman-c2b06c7086463b1c.mp3"
"marin","fit","fit","","","","","","22656","1.416","50","public/audio/tts/library/marin/fit-245f96285b109ccf.mp3"
"cedar","fit","fit","","","","","","19968","1.248","50","public/audio/tts/library/cedar/fit-245f96285b109ccf.mp3"
"marin","fit in","fit in","","","","","","28032","1.752","","public/audio/tts/library/marin/fit-in-1323ded09e05e622.mp3"
"cedar","fit in","fit in","","","","","","39168","2.448","","public/audio/tts/library/cedar/fit-in-1323ded09e05e622.mp3"
"marin","five","five","","","","","","17664","1.104","29","public/audio/tts/library/marin/five-ac169f9fb7cb48d4.mp3"
"cedar","five","five","","","","","","14592","0.912","29","public/audio/tts/library/cedar/five-ac169f9fb7cb48d4.mp3"
"marin","fix","fix","","","","","","32256","2.016","73","public/audio/tts/library/marin/fix-2619be9dc0356a19.mp3"
"cedar","fix","fix","","","","","","16896","1.056","73","public/audio/tts/library/cedar/fix-2619be9dc0356a19.mp3"
"marin","flag","flag","","","","","","13824","0.864","63","public/audio/tts/library/marin/flag-938c2a3dfa19c1a4.mp3"
"cedar","flag","flag","","","","","","24960","1.56","63","public/audio/tts/library/cedar/flag-938c2a3dfa19c1a4.mp3"
"marin","flashlight","flashlight","","","","","","24960","1.56","71","public/audio/tts/library/marin/flashlight-4117d4f85ae60904.mp3"
"cedar","flashlight","flashlight","","","","","","16128","1.008","71","public/audio/tts/library/cedar/flashlight-4117d4f85ae60904.mp3"
"marin","flat tire","flat tire","","","","","","25728","1.608","92","public/audio/tts/library/marin/flat-tire-de1f28aa4f365cbb.mp3"
"cedar","flat tire","flat tire","","","","","","43392","2.712","92","public/audio/tts/library/cedar/flat-tire-de1f28aa4f365cbb.mp3"
"marin","flight","flight","","","","","","19968","1.248","91","public/audio/tts/library/marin/flight-fa149eb974eaffea.mp3"
"cedar","flight","flight","","","","","","21120","1.32","91","public/audio/tts/library/cedar/flight-fa149eb974eaffea.mp3"
"marin","floor","floor","","","","","","24960","1.56","72","public/audio/tts/library/marin/floor-7192e6167bbe099c.mp3"
"cedar","floor","floor","","","","","","18432","1.152","72","public/audio/tts/library/cedar/floor-7192e6167bbe099c.mp3"
"marin","flour","flour","","","","","","33792","2.112","41","public/audio/tts/library/marin/flour-327ca43ec1789b2f.mp3"
"cedar","flour","flour","","","","","","21888","1.368","41","public/audio/tts/library/cedar/flour-327ca43ec1789b2f.mp3"
"marin","flower","flower","","","","","","18432","1.152","113","public/audio/tts/library/marin/flower-94dc35fed0a7210b.mp3"
"cedar","flower","flower","","","","","","26496","1.656","113","public/audio/tts/library/cedar/flower-94dc35fed0a7210b.mp3"
"marin","flu","flu","","","","","","17664","1.104","23","public/audio/tts/library/marin/flu-65ca6915a943e92f.mp3"
"cedar","flu","flu","","","","","","17664","1.104","23","public/audio/tts/library/cedar/flu-65ca6915a943e92f.mp3"
"marin","flute","flute","","","","","","13824","0.864","56","public/audio/tts/library/marin/flute-df15518328f574a1.mp3"
"cedar","flute","flute","","","","","","24192","1.512","56","public/audio/tts/library/cedar/flute-df15518328f574a1.mp3"
"marin","fly","fly","","","","","","13824","0.864","92","public/audio/tts/library/marin/fly-005df9c67f4c0093.mp3"
"cedar","fly","fly","","","","","","15360","0.96","92","public/audio/tts/library/cedar/fly-005df9c67f4c0093.mp3"
"marin","fly a kite","fly a kite","","","","","","26496","1.656","","public/audio/tts/library/marin/fly-a-kite-b8611228257eea0d.mp3"
"cedar","fly a kite","fly a kite","","","","","","28032","1.752","","public/audio/tts/library/cedar/fly-a-kite-b8611228257eea0d.mp3"
"marin","focus","focus","","","","","","32256","2.016","10|75","public/audio/tts/library/marin/focus-1d60c3818cfb64a0.mp3"
"cedar","focus","focus","","","","","","18432","1.152","10|75","public/audio/tts/library/cedar/focus-1d60c3818cfb64a0.mp3"
"marin","fog","fog","","","","","","24960","1.56","104","public/audio/tts/library/marin/fog-9d59ab579f827447.mp3"
"cedar","fog","fog","","","","","","24960","1.56","104","public/audio/tts/library/cedar/fog-9d59ab579f827447.mp3"
"marin","foggy","foggy","","","","","","19200","1.2","104","public/audio/tts/library/marin/foggy-6efc3d76276e30f1.mp3"
"cedar","foggy","foggy","","","","","","28800","1.8","104","public/audio/tts/library/cedar/foggy-6efc3d76276e30f1.mp3"
"marin","follow","follow","","","","","","17664","1.104","114","public/audio/tts/library/marin/follow-98e42a805bc4c805.mp3"
"cedar","follow","follow","","","","","","19968","1.248","114","public/audio/tts/library/cedar/follow-98e42a805bc4c805.mp3"
"marin","food","food","","","","","","17664","1.104","43","public/audio/tts/library/marin/food-e2a8938cc31754f6.mp3"
"cedar","food","food","","","","","","15360","0.96","43","public/audio/tts/library/cedar/food-e2a8938cc31754f6.mp3"
"marin","fool","fool","","","","","","19200","1.2","66","public/audio/tts/library/marin/fool-433aaeb6e34312b9.mp3"
"cedar","fool","fool","","","","","","11520","0.72","66","public/audio/tts/library/cedar/fool-433aaeb6e34312b9.mp3"
"marin","foolish","foolish","","","","","","26496","1.656","16","public/audio/tts/library/marin/foolish-9db325c81d3c4098.mp3"
"cedar","foolish","foolish","","","","","","27264","1.704","16","public/audio/tts/library/cedar/foolish-9db325c81d3c4098.mp3"
"marin","foot","foot","","","","","","14592","0.912","20|96","public/audio/tts/library/marin/foot-4d77d1087fbdc82e.mp3"
"cedar","foot","foot","","","","","","15360","0.96","20|96","public/audio/tts/library/cedar/foot-4d77d1087fbdc82e.mp3"
"marin","football","football","","","","","","16128","1.008","52","public/audio/tts/library/marin/football-205b60ee79914af6.mp3"
"cedar","football","football","","","","","","23424","1.464","52","public/audio/tts/library/cedar/football-205b60ee79914af6.mp3"
"marin","for a change","for a change","","","","","","28800","1.8","","public/audio/tts/library/marin/for-a-change-8acefab0c5803210.mp3"
"cedar","for a change","for a change","","","","","","24192","1.512","","public/audio/tts/library/cedar/for-a-change-8acefab0c5803210.mp3"
"marin","for a rainy day","for a rainy day","","","","","","25728","1.608","","public/audio/tts/library/marin/for-a-rainy-day-2a29b47e3069e4da.mp3"
"cedar","for a rainy day","for a rainy day","","","","","","41856","2.616","","public/audio/tts/library/cedar/for-a-rainy-day-2a29b47e3069e4da.mp3"
"marin","for example","for example","","","","","","22656","1.416","","public/audio/tts/library/marin/for-example-847771f4eb160198.mp3"
"cedar","for example","for example","","","","","","22656","1.416","","public/audio/tts/library/cedar/for-example-847771f4eb160198.mp3"
"marin","for","for","","","","","","26496","1.656","131|132","public/audio/tts/library/marin/for-fb599077f6897578.mp3"
"cedar","for","for","","","","","","16896","1.056","131|132","public/audio/tts/library/cedar/for-fb599077f6897578.mp3"
"marin","for free","for free","","","","","","27264","1.704","","public/audio/tts/library/marin/for-free-26741a8e861206e6.mp3"
"cedar","for free","for free","","","","","","23424","1.464","","public/audio/tts/library/cedar/for-free-26741a8e861206e6.mp3"
"marin","for good","for good","","","","","","23424","1.464","","public/audio/tts/library/marin/for-good-860ecfbe53993fd8.mp3"
"cedar","for good","for good","","","","","","24960","1.56","","public/audio/tts/library/cedar/for-good-860ecfbe53993fd8.mp3"
"marin","For here or to go?","For here or to go?","","","","","","39168","2.448","","public/audio/tts/library/marin/for-here-or-to-go-ed869f7cddcbdf62.mp3"
"cedar","For here or to go?","For here or to go?","","","","","","41856","2.616","","public/audio/tts/library/cedar/for-here-or-to-go-ed869f7cddcbdf62.mp3"
"marin","for instance","for instance","","","","","","21888","1.368","","public/audio/tts/library/marin/for-instance-3af79f4ffa789920.mp3"
"cedar","for instance","for instance","","","","","","24960","1.56","","public/audio/tts/library/cedar/for-instance-3af79f4ffa789920.mp3"
"marin","for life","for life","","","","","","32256","2.016","","public/audio/tts/library/marin/for-life-410e653d7cc26c83.mp3"
"cedar","for life","for life","","","","","","25728","1.608","","public/audio/tts/library/cedar/for-life-410e653d7cc26c83.mp3"
"marin","for one thing","for one thing","","","","","","35328","2.208","","public/audio/tts/library/marin/for-one-thing-6c6796efab3cbf13.mp3"
"cedar","for one thing","for one thing","","","","","","31488","1.968","","public/audio/tts/library/cedar/for-one-thing-6c6796efab3cbf13.mp3"
"marin","for sale","for sale","","","","","","22656","1.416","","public/audio/tts/library/marin/for-sale-373bea555047f495.mp3"
"cedar","for sale","for sale","","","","","","21888","1.368","","public/audio/tts/library/cedar/for-sale-373bea555047f495.mp3"
"marin","for the moment","for the moment","","","","","","26496","1.656","","public/audio/tts/library/marin/for-the-moment-a5ba8b543044fda6.mp3"
"cedar","for the moment","for the moment","","","","","","34560","2.16","","public/audio/tts/library/cedar/for-the-moment-a5ba8b543044fda6.mp3"
"marin","for the sake of","for the sake of","","","","","","25728","1.608","","public/audio/tts/library/marin/for-the-sake-of-81aa09f105a82f79.mp3"
"cedar","for the sake of","for the sake of","","","","","","33792","2.112","","public/audio/tts/library/cedar/for-the-sake-of-81aa09f105a82f79.mp3"
"marin","for the time being","for the time being","","","","","","23424","1.464","","public/audio/tts/library/marin/for-the-time-being-13db8d965275a51e.mp3"
"cedar","for the time being","for the time being","","","","","","33024","2.064","","public/audio/tts/library/cedar/for-the-time-being-13db8d965275a51e.mp3"
"marin","foreign","foreign","","","","","","35328","2.208","54","public/audio/tts/library/marin/foreign-98f059308e647d8f.mp3"
"cedar","foreign","foreign","","","","","","27264","1.704","54","public/audio/tts/library/cedar/foreign-98f059308e647d8f.mp3"
"marin","foreigner","foreigner","","","","","","19968","1.248","54","public/audio/tts/library/marin/foreigner-49c8a2fced82b533.mp3"
"cedar","foreigner","foreigner","","","","","","16128","1.008","54","public/audio/tts/library/cedar/foreigner-49c8a2fced82b533.mp3"
"marin","forest","forest","","","","","","23424","1.464","108","public/audio/tts/library/marin/forest-421d64abd5edd3ea.mp3"
"cedar","forest","forest","","","","","","28032","1.752","108","public/audio/tts/library/cedar/forest-421d64abd5edd3ea.mp3"
"marin","forget","forget","","","","","","17664","1.104","82","public/audio/tts/library/marin/forget-887cebc40c09c95c.mp3"
"cedar","forget","forget","","","","","","24960","1.56","82","public/audio/tts/library/cedar/forget-887cebc40c09c95c.mp3"
"marin","forgive","forgive","","","","","","34560","2.16","66","public/audio/tts/library/marin/forgive-ec8aaa8f53b45d72.mp3"
"cedar","forgive","forgive","","","","","","33024","2.064","66","public/audio/tts/library/cedar/forgive-ec8aaa8f53b45d72.mp3"
"marin","fork","fork","","","","","","23424","1.464","46","public/audio/tts/library/marin/fork-24ecccc1ee8d3596.mp3"
"cedar","fork","fork","","","","","","24960","1.56","46","public/audio/tts/library/cedar/fork-24ecccc1ee8d3596.mp3"
"marin","form","form","","","","","","14592","0.912","99","public/audio/tts/library/marin/form-65b50b6de4cfe504.mp3"
"cedar","form","form","","","","","","33792","2.112","99","public/audio/tts/library/cedar/form-65b50b6de4cfe504.mp3"
"marin","formal","formal","","","","","","25728","1.608","27","public/audio/tts/library/marin/formal-fcc09a81349e08f3.mp3"
"cedar","formal","formal","","","","","","17664","1.104","27","public/audio/tts/library/cedar/formal-fcc09a81349e08f3.mp3"
"marin","former","former","","","","","","23424","1.464","34","public/audio/tts/library/marin/former-fd762fde166b3abb.mp3"
"cedar","former","former","","","","","","24960","1.56","34","public/audio/tts/library/cedar/former-fd762fde166b3abb.mp3"
"marin","forty","forty","","","","","","21888","1.368","30","public/audio/tts/library/marin/forty-93cb5a6ffe966711.mp3"
"cedar","forty","forty","","","","","","16896","1.056","30","public/audio/tts/library/cedar/forty-93cb5a6ffe966711.mp3"
"marin","forward","forward","","","","","","17664","1.104","84","public/audio/tts/library/marin/forward-2c144e16ba7150df.mp3"
"cedar","forward","forward","","","","","","27264","1.704","84","public/audio/tts/library/cedar/forward-2c144e16ba7150df.mp3"
"marin","four","four","","","","","","16128","1.008","29","public/audio/tts/library/marin/four-ab929fcd55940379.mp3"
"cedar","four","four","","","","","","16128","1.008","29","public/audio/tts/library/cedar/four-ab929fcd55940379.mp3"
"marin","fourteen","fourteen","","","","","","21120","1.32","29","public/audio/tts/library/marin/fourteen-54cdb54686d67bee.mp3"
"cedar","fourteen","fourteen","","","","","","19968","1.248","29","public/audio/tts/library/cedar/fourteen-54cdb54686d67bee.mp3"
"marin","fox","fox","","","","","","31488","1.968","111","public/audio/tts/library/marin/fox-6b11f0c75173495b.mp3"
"cedar","fox","fox","","","","","","16896","1.056","111","public/audio/tts/library/cedar/fox-6b11f0c75173495b.mp3"
"marin","frank","frank","","","","","","26496","1.656","13","public/audio/tts/library/marin/frank-fb21a73290893080.mp3"
"cedar","frank","frank","","","","","","18432","1.152","13","public/audio/tts/library/cedar/frank-fb21a73290893080.mp3"
"marin","free","free","","","","","","17664","1.104","37","public/audio/tts/library/marin/free-0cf9340d8bc2f1f7.mp3"
"cedar","free","free","","","","","","26496","1.656","37","public/audio/tts/library/cedar/free-0cf9340d8bc2f1f7.mp3"
"marin","freedom","freedom","","","","","","28032","1.752","90","public/audio/tts/library/marin/freedom-c0be061e11ceb0e6.mp3"
"cedar","freedom","freedom","","","","","","19968","1.248","90","public/audio/tts/library/cedar/freedom-c0be061e11ceb0e6.mp3"
"marin","freezer","freezer","","","","","","18432","1.152","70","public/audio/tts/library/marin/freezer-b8b18ebcf670b5df.mp3"
"cedar","freezer","freezer","","","","","","19200","1.2","70","public/audio/tts/library/cedar/freezer-b8b18ebcf670b5df.mp3"
"marin","freezing","freezing","","","","","","19200","1.2","105","public/audio/tts/library/marin/freezing-451586e380f3d7d3.mp3"
"cedar","freezing","freezing","","","","","","32256","2.016","105","public/audio/tts/library/cedar/freezing-451586e380f3d7d3.mp3"
"marin","fresh","fresh","","","","","","17664","1.104","39","public/audio/tts/library/marin/fresh-02db0d2659c9d48b.mp3"
"cedar","fresh","fresh","","","","","","21120","1.32","39","public/audio/tts/library/cedar/fresh-02db0d2659c9d48b.mp3"
"marin","Friday","Friday","","","","","","15360","0.96","32","public/audio/tts/library/marin/friday-11c4048281d3c20b.mp3"
"cedar","Friday","Friday","","","","","","16128","1.008","32","public/audio/tts/library/cedar/friday-11c4048281d3c20b.mp3"
"marin","friend","friend","","","","","","15360","0.96","64","public/audio/tts/library/marin/friend-8e8b4d64f704c7a6.mp3"
"cedar","friend","friend","","","","","","30720","1.92","64","public/audio/tts/library/cedar/friend-8e8b4d64f704c7a6.mp3"
"marin","friendly","friendly","","","","","","24960","1.56","12","public/audio/tts/library/marin/friendly-3264c18576598660.mp3"
"cedar","friendly","friendly","","","","","","21888","1.368","12","public/audio/tts/library/cedar/friendly-3264c18576598660.mp3"
"marin","fries","fries","","","","","","19968","1.248","","public/audio/tts/library/marin/fries-dc96b5008bd4ce63.mp3"
"cedar","fries","fries","","","","","","28800","1.8","","public/audio/tts/library/cedar/fries-dc96b5008bd4ce63.mp3"
"marin","fries (French fries)","fries. Or, French fries.","","","","","","40320","2.52","43","public/audio/tts/library/marin/fries-french-fries-3785ac5a215e2f5f.mp3"
"cedar","fries (French fries)","fries. Or, French fries.","","","","","","44160","2.76","43","public/audio/tts/library/cedar/fries-french-fries-3785ac5a215e2f5f.mp3"
"marin","frighten","frighten","","","","","","28800","1.8","102","public/audio/tts/library/marin/frighten-20f917353f7ecebc.mp3"
"cedar","frighten","frighten","","","","","","16128","1.008","102","public/audio/tts/library/cedar/frighten-20f917353f7ecebc.mp3"
"marin","frog","frog","","","","","","21120","1.32","112","public/audio/tts/library/marin/frog-cdd7a30c9f433270.mp3"
"cedar","frog","frog","","","","","","19968","1.248","112","public/audio/tts/library/cedar/frog-cdd7a30c9f433270.mp3"
"marin","from bad to worse","from bad to worse","","","","","","28800","1.8","","public/audio/tts/library/marin/from-bad-to-worse-e985037f682a5531.mp3"
"cedar","from bad to worse","from bad to worse","","","","","","34560","2.16","","public/audio/tts/library/cedar/from-bad-to-worse-e985037f682a5531.mp3"
"marin","from","from","","","","","","23424","1.464","131","public/audio/tts/library/marin/from-c85090422a84ecc2.mp3"
"cedar","from","from","","","","","","15360","0.96","131","public/audio/tts/library/cedar/from-c85090422a84ecc2.mp3"
"marin","from hand to mouth","from hand to mouth","","","","","","28800","1.8","","public/audio/tts/library/marin/from-hand-to-mouth-cc09447e41646bfc.mp3"
"cedar","from hand to mouth","from hand to mouth","","","","","","39168","2.448","","public/audio/tts/library/cedar/from-hand-to-mouth-cc09447e41646bfc.mp3"
"marin","from head to toe","from head to toe","","","","","","24192","1.512","","public/audio/tts/library/marin/from-head-to-toe-0e0322975622dad4.mp3"
"cedar","from head to toe","from head to toe","","","","","","39168","2.448","","public/audio/tts/library/cedar/from-head-to-toe-0e0322975622dad4.mp3"
"marin","from now on","from now on","","","","","","26496","1.656","","public/audio/tts/library/marin/from-now-on-e21d2e4cba7e0be4.mp3"
"cedar","from now on","from now on","","","","","","33024","2.064","","public/audio/tts/library/cedar/from-now-on-e21d2e4cba7e0be4.mp3"
"marin","from now / then on","from now on. Or, from then on.","","","","","","56064","3.504","","public/audio/tts/library/marin/from-now-then-on-14259b92ad41bbfd.mp3"
"cedar","from now / then on","from now on. Or, from then on.","","","","","","50688","3.168","","public/audio/tts/library/cedar/from-now-then-on-14259b92ad41bbfd.mp3"
"marin","from place to place","from place to place","","","","","","40320","2.52","","public/audio/tts/library/marin/from-place-to-place-3026da6ac65dc819.mp3"
"cedar","from place to place","from place to place","","","","","","37632","2.352","","public/audio/tts/library/cedar/from-place-to-place-3026da6ac65dc819.mp3"
"marin","from time to time","from time to time","","","","","","35328","2.208","","public/audio/tts/library/marin/from-time-to-time-cb03272cd0eed5a0.mp3"
"cedar","from time to time","from time to time","","","","","","30720","1.92","","public/audio/tts/library/cedar/from-time-to-time-cb03272cd0eed5a0.mp3"
"marin","front","front","","","","","","38400","2.4","83","public/audio/tts/library/marin/front-ffe98be8292a598a.mp3"
"cedar","front","front","","","","","","21120","1.32","83","public/audio/tts/library/cedar/front-ffe98be8292a598a.mp3"
"marin","fruit","fruit","","","","","","14592","0.912","38","public/audio/tts/library/marin/fruit-3da58268745d9ab3.mp3"
"cedar","fruit","fruit","","","","","","16128","1.008","38","public/audio/tts/library/cedar/fruit-3da58268745d9ab3.mp3"
"marin","fry","fry","","","","","","13824","0.864","45","public/audio/tts/library/marin/fry-8d9be881f78d0447.mp3"
"cedar","fry","fry","","","","","","31488","1.968","45","public/audio/tts/library/cedar/fry-8d9be881f78d0447.mp3"
"marin","full","full","","","","","","19200","1.2","21","public/audio/tts/library/marin/full-0e716a5fef4e6dc1.mp3"
"cedar","full","full","","","","","","25728","1.608","21","public/audio/tts/library/cedar/full-0e716a5fef4e6dc1.mp3"
"marin","fun","fun","","","","","","16128","1.008","52","public/audio/tts/library/marin/fun-a6e200708d54745f.mp3"
"cedar","fun","fun","","","","","","13056","0.816","52","public/audio/tts/library/cedar/fun-a6e200708d54745f.mp3"
"marin","funny","funny","","","","","","9600","0.6","87","public/audio/tts/library/marin/funny-ee23f374f55398db.mp3"
"cedar","funny","funny","","","","","","16896","1.056","87","public/audio/tts/library/cedar/funny-ee23f374f55398db.mp3"
"marin","furniture","furniture","","","","","","21120","1.32","68","public/audio/tts/library/marin/furniture-90426b396cd33d21.mp3"
"cedar","furniture","furniture","","","","","","17664","1.104","68","public/audio/tts/library/cedar/furniture-90426b396cd33d21.mp3"
"marin","future","future","","","","","","23424","1.464","34","public/audio/tts/library/marin/future-a43f2f35bcce4611.mp3"
"cedar","future","future","","","","","","23424","1.464","34","public/audio/tts/library/cedar/future-a43f2f35bcce4611.mp3"
"marin","gain","gain","","","","","","13824","0.864","25","public/audio/tts/library/marin/gain-2a87f5474f795cda.mp3"
"cedar","gain","gain","","","","","","18432","1.152","25","public/audio/tts/library/cedar/gain-2a87f5474f795cda.mp3"
"marin","game","game","","","","","","21120","1.32","57","public/audio/tts/library/marin/game-ab01b207e55ad6c5.mp3"
"cedar","game","game","","","","","","11520","0.72","57","public/audio/tts/library/cedar/game-ab01b207e55ad6c5.mp3"
"marin","garage","garage","","","","","","17664","1.104","67","public/audio/tts/library/marin/garage-557a65ac136b28b3.mp3"
"cedar","garage","garage","","","","","","19200","1.2","67","public/audio/tts/library/cedar/garage-557a65ac136b28b3.mp3"
"marin","garbage","garbage","","","","","","17664","1.104","109","public/audio/tts/library/marin/garbage-233d4809807d21d1.mp3"
"cedar","garbage","garbage","","","","","","14592","0.912","109","public/audio/tts/library/cedar/garbage-233d4809807d21d1.mp3"
"marin","garden","garden","","","","","","17664","1.104","67","public/audio/tts/library/marin/garden-796bec6fb7d25e9d.mp3"
"cedar","garden","garden","","","","","","13824","0.864","67","public/audio/tts/library/cedar/garden-796bec6fb7d25e9d.mp3"
"marin","gas","gas","","","","","","26496","1.656","92","public/audio/tts/library/marin/gas-18fd2813d801c3ec.mp3"
"cedar","gas","gas","","","","","","19968","1.248","92","public/audio/tts/library/cedar/gas-18fd2813d801c3ec.mp3"
"marin","gate","gate","","","","","","16896","1.056","67","public/audio/tts/library/marin/gate-b53de24efca88587.mp3"
"cedar","gate","gate","","","","","","22656","1.416","67","public/audio/tts/library/cedar/gate-b53de24efca88587.mp3"
"marin","gather","gather","","","","","","26496","1.656","10","public/audio/tts/library/marin/gather-6a6510f73cd00a25.mp3"
"cedar","gather","gather","","","","","","13824","0.864","10","public/audio/tts/library/cedar/gather-6a6510f73cd00a25.mp3"
"marin","general","general","","","","","","16896","1.056","5","public/audio/tts/library/marin/general-b5365e3d6f3f08d5.mp3"
"cedar","general","general","","","","","","11520","0.72","5","public/audio/tts/library/cedar/general-b5365e3d6f3f08d5.mp3"
"marin","generous","generous","","","","","","18432","1.152","12","public/audio/tts/library/marin/generous-d28f8360a0633679.mp3"
"cedar","generous","generous","","","","","","19200","1.2","12","public/audio/tts/library/cedar/generous-d28f8360a0633679.mp3"
"marin","genius","genius","","","","","","19200","1.2","16","public/audio/tts/library/marin/genius-f1b26c9c9fa5eacb.mp3"
"cedar","genius","genius","","","","","","22656","1.416","16","public/audio/tts/library/cedar/genius-f1b26c9c9fa5eacb.mp3"
"marin","gentle","gentle","","","","","","17664","1.104","12","public/audio/tts/library/marin/gentle-2521577847baf50d.mp3"
"cedar","gentle","gentle","","","","","","21120","1.32","12","public/audio/tts/library/cedar/gentle-2521577847baf50d.mp3"
"marin","gentleman","gentleman","","","","","","18432","1.152","3","public/audio/tts/library/marin/gentleman-c89a2788429d21a8.mp3"
"cedar","gentleman","gentleman","","","","","","21888","1.368","3","public/audio/tts/library/cedar/gentleman-c89a2788429d21a8.mp3"
"marin","geography","geography","","","","","","41088","2.568","76","public/audio/tts/library/marin/geography-41ee7522eb589a42.mp3"
"cedar","geography","geography","","","","","","23424","1.464","76","public/audio/tts/library/cedar/geography-41ee7522eb589a42.mp3"
"marin","gesture","gesture","","","","","","19200","1.2","64","public/audio/tts/library/marin/gesture-405c9804ba95368e.mp3"
"cedar","gesture","gesture","","","","","","16128","1.008","64","public/audio/tts/library/cedar/gesture-405c9804ba95368e.mp3"
"marin","get","get","","","","","","19968","1.248","24","public/audio/tts/library/marin/get-6ff77efe3bb87212.mp3"
"cedar","get","get","","","","","","15360","0.96","24","public/audio/tts/library/cedar/get-6ff77efe3bb87212.mp3"
"marin","get a big / good hand","get a big, or good hand","","","","","","50688","3.168","","public/audio/tts/library/marin/get-a-big-good-hand-c9dc4b0726ee4704.mp3"
"cedar","get a big / good hand","get a big, or good hand","","","","","","49920","3.12","","public/audio/tts/library/cedar/get-a-big-good-hand-c9dc4b0726ee4704.mp3"
"marin","get along","get along","","","","","","34560","2.16","","public/audio/tts/library/marin/get-along-dee92fd4125a3f80.mp3"
"cedar","get along","get along","","","","","","23424","1.464","","public/audio/tts/library/cedar/get-along-dee92fd4125a3f80.mp3"
"marin","get around","get around","","","","","","26496","1.656","","public/audio/tts/library/marin/get-around-cb1155a2b5fc033c.mp3"
"cedar","get around","get around","","","","","","23424","1.464","","public/audio/tts/library/cedar/get-around-cb1155a2b5fc033c.mp3"
"marin","get away","get away","","","","","","22656","1.416","","public/audio/tts/library/marin/get-away-12ad1825a98bc418.mp3"
"cedar","get away","get away","","","","","","32256","2.016","","public/audio/tts/library/cedar/get-away-12ad1825a98bc418.mp3"
"marin","get away with","get away with","","","","","","36864","2.304","","public/audio/tts/library/marin/get-away-with-2bce80233b91af59.mp3"
"cedar","get away with","get away with","","","","","","34560","2.16","","public/audio/tts/library/cedar/get-away-with-2bce80233b91af59.mp3"
"marin","get back","get back","","","","","","22656","1.416","","public/audio/tts/library/marin/get-back-8efb7875137eb89b.mp3"
"cedar","get back","get back","","","","","","25728","1.608","","public/audio/tts/library/cedar/get-back-8efb7875137eb89b.mp3"
"marin","get / be lost","get lost. Or, be lost.","","","","","","43392","2.712","","public/audio/tts/library/marin/get-be-lost-363f1479101fa714.mp3"
"cedar","get / be lost","get lost. Or, be lost.","","","","","","47232","2.952","","public/audio/tts/library/cedar/get-be-lost-363f1479101fa714.mp3"
"marin","get close to","get close to","","","","","","28032","1.752","","public/audio/tts/library/marin/get-close-to-df422b43e0a9d448.mp3"
"cedar","get close to","get close to","","","","","","30720","1.92","","public/audio/tts/library/cedar/get-close-to-df422b43e0a9d448.mp3"
"marin","get cold feet","get cold feet","","","","","","32256","2.016","","public/audio/tts/library/marin/get-cold-feet-881e627f06a992dd.mp3"
"cedar","get cold feet","get cold feet","","","","","","33792","2.112","","public/audio/tts/library/cedar/get-cold-feet-881e627f06a992dd.mp3"
"marin","get down","get down","","","","","","28800","1.8","","public/audio/tts/library/marin/get-down-a38099311f253e0a.mp3"
"cedar","get down","get down","","","","","","24960","1.56","","public/audio/tts/library/cedar/get-down-a38099311f253e0a.mp3"
"marin","get going on sth.","get going on sth.","","","","","","43392","2.712","","public/audio/tts/library/marin/get-going-on-sth-3ba2424b0bab5bc6.mp3"
"cedar","get going on sth.","get going on sth.","","","","","","32256","2.016","","public/audio/tts/library/cedar/get-going-on-sth-3ba2424b0bab5bc6.mp3"
"marin","get hold of …","get hold of …","","","","","","39168","2.448","","public/audio/tts/library/marin/get-hold-of-54c364f659c125aa.mp3"
"cedar","get hold of …","get hold of …","","","","","","44928","2.808","","public/audio/tts/library/cedar/get-hold-of-54c364f659c125aa.mp3"
"marin","get home","get home","","","","","","24960","1.56","","public/audio/tts/library/marin/get-home-be31a7c5a1fff422.mp3"
"cedar","get home","get home","","","","","","26496","1.656","","public/audio/tts/library/cedar/get-home-be31a7c5a1fff422.mp3"
"marin","get in","get in","","","","","","24960","1.56","","public/audio/tts/library/marin/get-in-10a8d8c53313aade.mp3"
"cedar","get in","get in","","","","","","23424","1.464","","public/audio/tts/library/cedar/get-in-10a8d8c53313aade.mp3"
"marin","get in touch with","get in touch with","","","","","","25728","1.608","","public/audio/tts/library/marin/get-in-touch-with-de076ed4d6b4c11f.mp3"
"cedar","get in touch with","get in touch with","","","","","","48000","3","","public/audio/tts/library/cedar/get-in-touch-with-de076ed4d6b4c11f.mp3"
"marin","get into","get into","","","","","","32256","2.016","","public/audio/tts/library/marin/get-into-bdcc89f33de824e4.mp3"
"cedar","get into","get into","","","","","","24192","1.512","","public/audio/tts/library/cedar/get-into-bdcc89f33de824e4.mp3"
"marin","get into trouble","get into trouble","","","","","","21888","1.368","","public/audio/tts/library/marin/get-into-trouble-a1360c22a8b19cae.mp3"
"cedar","get into trouble","get into trouble","","","","","","23424","1.464","","public/audio/tts/library/cedar/get-into-trouble-a1360c22a8b19cae.mp3"
"marin","get it","get it","","","","","","25728","1.608","","public/audio/tts/library/marin/get-it-88a36a47878a3ed4.mp3"
"cedar","get it","get it","","","","","","18432","1.152","","public/audio/tts/library/cedar/get-it-88a36a47878a3ed4.mp3"
"marin","get married","get married","","","","","","24192","1.512","","public/audio/tts/library/marin/get-married-223f9c0eb3193161.mp3"
"cedar","get married","get married","","","","","","31488","1.968","","public/audio/tts/library/cedar/get-married-223f9c0eb3193161.mp3"
"marin","get off","get off","","","","","","23424","1.464","","public/audio/tts/library/marin/get-off-ce1633eb5cd1da28.mp3"
"cedar","get off","get off","","","","","","38400","2.4","","public/audio/tts/library/cedar/get-off-ce1633eb5cd1da28.mp3"
"marin","get on","get on","","","","","","25728","1.608","","public/audio/tts/library/marin/get-on-ae06866be4c52bb0.mp3"
"cedar","get on","get on","","","","","","19968","1.248","","public/audio/tts/library/cedar/get-on-ae06866be4c52bb0.mp3"
"marin","get on / surf the Internet","get on the Internet. Or, surf the Internet.","","","","","","63360","3.96","","public/audio/tts/library/marin/get-on-surf-the-internet-5e25093ee018da48.mp3"
"cedar","get on / surf the Internet","get on the Internet. Or, surf the Internet.","","","","","","64896","4.056","","public/audio/tts/library/cedar/get-on-surf-the-internet-5e25093ee018da48.mp3"
"marin","get on well with sb.","get on well with sb.","","","","","","37632","2.352","","public/audio/tts/library/marin/get-on-well-with-sb-fd413b13af19c079.mp3"
"cedar","get on well with sb.","get on well with sb.","","","","","","38400","2.4","","public/audio/tts/library/cedar/get-on-well-with-sb-fd413b13af19c079.mp3"
"marin","get out of …","get out of …","","","","","","28800","1.8","","public/audio/tts/library/marin/get-out-of-ba6dc15cebc78e1b.mp3"
"cedar","get out of …","get out of …","","","","","","27264","1.704","","public/audio/tts/library/cedar/get-out-of-ba6dc15cebc78e1b.mp3"
"marin","get over","get over","","","","","","27264","1.704","","public/audio/tts/library/marin/get-over-e0e26460a2265447.mp3"
"cedar","get over","get over","","","","","","27264","1.704","","public/audio/tts/library/cedar/get-over-e0e26460a2265447.mp3"
"marin","get rid of …","get rid of …","","","","","","47232","2.952","","public/audio/tts/library/marin/get-rid-of-9ec6bd3171a2b576.mp3"
"cedar","get rid of …","get rid of …","","","","","","59520","3.72","","public/audio/tts/library/cedar/get-rid-of-9ec6bd3171a2b576.mp3"
"marin","get the better of …","get the better of …","","","","","","31488","1.968","","public/audio/tts/library/marin/get-the-better-of-c1a53f2bf21ee2ef.mp3"
"cedar","get the better of …","get the better of …","","","","","","37632","2.352","","public/audio/tts/library/cedar/get-the-better-of-c1a53f2bf21ee2ef.mp3"
"marin","get the hang of","get the hang of","","","","","","25728","1.608","","public/audio/tts/library/marin/get-the-hang-of-e007edd83d6edbe6.mp3"
"cedar","get the hang of","get the hang of","","","","","","27264","1.704","","public/audio/tts/library/cedar/get-the-hang-of-e007edd83d6edbe6.mp3"
"marin","get the upper hand of …","get the upper hand of …","","","","","","59520","3.72","","public/audio/tts/library/marin/get-the-upper-hand-of-ac41634659d4d533.mp3"
"cedar","get the upper hand of …","get the upper hand of …","","","","","","36864","2.304","","public/audio/tts/library/cedar/get-the-upper-hand-of-ac41634659d4d533.mp3"
"marin","get through","get through","","","","","","33024","2.064","","public/audio/tts/library/marin/get-through-ec7b284bb4656a32.mp3"
"cedar","get through","get through","","","","","","27264","1.704","","public/audio/tts/library/cedar/get-through-ec7b284bb4656a32.mp3"
"marin","get to / arrive at / arrive in","get to, or arrive at, or arrive in","","","","","","70656","4.416","","public/audio/tts/library/marin/get-to-arrive-at-arrive-in-59fc49f1d44479c7.mp3"
"cedar","get to / arrive at / arrive in","get to, or arrive at, or arrive in","","","","","","84864","5.304","","public/audio/tts/library/cedar/get-to-arrive-at-arrive-in-59fc49f1d44479c7.mp3"
"marin","get to","get to","","","","","","24192","1.512","","public/audio/tts/library/marin/get-to-f3bea9d0997c7a78.mp3"
"cedar","get to","get to","","","","","","17664","1.104","","public/audio/tts/library/cedar/get-to-f3bea9d0997c7a78.mp3"
"marin","get together","get together","","","","","","22656","1.416","","public/audio/tts/library/marin/get-together-b923748e16398ae4.mp3"
"cedar","get together","get together","","","","","","24192","1.512","","public/audio/tts/library/cedar/get-together-b923748e16398ae4.mp3"
"marin","get up","get up","","","","","","21888","1.368","","public/audio/tts/library/marin/get-up-68a2e3101b7e1585.mp3"
"cedar","get up","get up","","","","","","14592","0.912","","public/audio/tts/library/cedar/get-up-68a2e3101b7e1585.mp3"
"marin","ghost","ghost","","","","","","28032","1.752","102","public/audio/tts/library/marin/ghost-7eb577216075f9b2.mp3"
"cedar","ghost","ghost","","","","","","24960","1.56","102","public/audio/tts/library/cedar/ghost-7eb577216075f9b2.mp3"
"marin","giant","giant","","","","","","17664","1.104","97","public/audio/tts/library/marin/giant-415633def0149deb.mp3"
"cedar","giant","giant","","","","","","25728","1.608","97","public/audio/tts/library/cedar/giant-415633def0149deb.mp3"
"marin","gift","gift","","","","","","13824","0.864","103","public/audio/tts/library/marin/gift-d697c67305d3dd63.mp3"
"cedar","gift","gift","","","","","","18432","1.152","103","public/audio/tts/library/cedar/gift-d697c67305d3dd63.mp3"
"marin","girl","girl","","","","","","16128","1.008","1","public/audio/tts/library/marin/girl-2b6083e365cfff40.mp3"
"cedar","girl","girl","","","","","","15360","0.96","1","public/audio/tts/library/cedar/girl-2b6083e365cfff40.mp3"
"marin","give","give","","","","","","24960","1.56","87","public/audio/tts/library/marin/give-6719e30363436176.mp3"
"cedar","give","give","","","","","","21888","1.368","87","public/audio/tts/library/cedar/give-6719e30363436176.mp3"
"marin","give... a big hand","give someone a big hand.","","","","","","50688","3.168","","public/audio/tts/library/marin/give-a-big-hand-3ec500a07ff0382a.mp3"
"cedar","give... a big hand","give someone a big hand.","","","","","","37632","2.352","","public/audio/tts/library/cedar/give-a-big-hand-3ec500a07ff0382a.mp3"
"marin","give and take","give and take","","","","","","37632","2.352","","public/audio/tts/library/marin/give-and-take-8d4520912cfc90ba.mp3"
"cedar","give and take","give and take","","","","","","26496","1.656","","public/audio/tts/library/cedar/give-and-take-8d4520912cfc90ba.mp3"
"marin","give away","give away","","","","","","23424","1.464","","public/audio/tts/library/marin/give-away-a01ef4db1c6e6fb6.mp3"
"cedar","give away","give away","","","","","","23424","1.464","","public/audio/tts/library/cedar/give-away-a01ef4db1c6e6fb6.mp3"
"marin","give back","give back","","","","","","24192","1.512","","public/audio/tts/library/marin/give-back-26f2f395c5c6c893.mp3"
"cedar","give back","give back","","","","","","22656","1.416","","public/audio/tts/library/cedar/give-back-26f2f395c5c6c893.mp3"
"marin","give forth","give forth","","","","","","30720","1.92","","public/audio/tts/library/marin/give-forth-c57f3e1f59add79e.mp3"
"cedar","give forth","give forth","","","","","","24960","1.56","","public/audio/tts/library/cedar/give-forth-c57f3e1f59add79e.mp3"
"marin","give in","give in","","","","","","28032","1.752","","public/audio/tts/library/marin/give-in-b59b29cfcb515152.mp3"
"cedar","give in","give in","","","","","","27264","1.704","","public/audio/tts/library/cedar/give-in-b59b29cfcb515152.mp3"
"marin","give / lend... a hand","give someone a hand. Or, lend someone a hand.","","","","","","72192","4.512","","public/audio/tts/library/marin/give-lend-a-hand-7f5651eb7d9ebc18.mp3"
"cedar","give / lend... a hand","give someone a hand. Or, lend someone a hand.","","","","","","93696","5.856","","public/audio/tts/library/cedar/give-lend-a-hand-7f5651eb7d9ebc18.mp3"
"marin","Give me a break.","Give me a break.","","","","","","24960","1.56","","public/audio/tts/library/marin/give-me-a-break-9781c2c4b1770a14.mp3"
"cedar","Give me a break.","Give me a break.","","","","","","28800","1.8","","public/audio/tts/library/cedar/give-me-a-break-9781c2c4b1770a14.mp3"
"marin","give off","give off","","","","","","25728","1.608","","public/audio/tts/library/marin/give-off-dcd16d57e4f99f9d.mp3"
"cedar","give off","give off","","","","","","22656","1.416","","public/audio/tts/library/cedar/give-off-dcd16d57e4f99f9d.mp3"
"marin","give out","give out","","","","","","21888","1.368","","public/audio/tts/library/marin/give-out-3374be3513ba2f90.mp3"
"cedar","give out","give out","","","","","","19968","1.248","","public/audio/tts/library/cedar/give-out-3374be3513ba2f90.mp3"
"marin","give over to …","give over to …","","","","","","34560","2.16","","public/audio/tts/library/marin/give-over-to-79a40b451b537476.mp3"
"cedar","give over to …","give over to …","","","","","","42624","2.664","","public/audio/tts/library/cedar/give-over-to-79a40b451b537476.mp3"
"marin","give place to …","give place to …","","","","","","28032","1.752","","public/audio/tts/library/marin/give-place-to-df901399a821e69d.mp3"
"cedar","give place to …","give place to …","","","","","","38400","2.4","","public/audio/tts/library/cedar/give-place-to-df901399a821e69d.mp3"
"marin","give rise to …","give rise to …","","","","","","33792","2.112","","public/audio/tts/library/marin/give-rise-to-4e024a98b99812b3.mp3"
"cedar","give rise to …","give rise to …","","","","","","40320","2.52","","public/audio/tts/library/cedar/give-rise-to-4e024a98b99812b3.mp3"
"marin","give someone a break","give someone a break","","","","","","38400","2.4","","public/audio/tts/library/marin/give-someone-a-break-6471909d40e0ea4a.mp3"
"cedar","give someone a break","give someone a break","","","","","","59520","3.72","","public/audio/tts/library/cedar/give-someone-a-break-6471909d40e0ea4a.mp3"
"marin","give up","give up","","","","","","24192","1.512","","public/audio/tts/library/marin/give-up-10a2bb4963a5fcc3.mp3"
"cedar","give up","give up","","","","","","19200","1.2","","public/audio/tts/library/cedar/give-up-10a2bb4963a5fcc3.mp3"
"marin","give way to …","give way to …","","","","","","33024","2.064","","public/audio/tts/library/marin/give-way-to-ac7c6dd39a1e02b2.mp3"
"cedar","give way to …","give way to …","","","","","","30720","1.92","","public/audio/tts/library/cedar/give-way-to-ac7c6dd39a1e02b2.mp3"
"marin","glad","glad","","","","","","17664","1.104","15","public/audio/tts/library/marin/glad-986beb56e74aedce.mp3"
"cedar","glad","glad","","","","","","18432","1.152","15","public/audio/tts/library/cedar/glad-986beb56e74aedce.mp3"
"marin","glass","glass","","","","","","22656","1.416","46|100","public/audio/tts/library/marin/glass-e893640fd10c6166.mp3"
"cedar","glass","glass","","","","","","16896","1.056","46|100","public/audio/tts/library/cedar/glass-e893640fd10c6166.mp3"
"marin","glasses","glasses","","","","","","22656","1.416","49","public/audio/tts/library/marin/glasses-4cf58b85ad0e0fe1.mp3"
"cedar","glasses","glasses","","","","","","19968","1.248","49","public/audio/tts/library/cedar/glasses-4cf58b85ad0e0fe1.mp3"
"marin","glove","glove","","","","","","13824","0.864","49","public/audio/tts/library/marin/glove-dfb2fc54cb34c534.mp3"
"cedar","glove","glove","","","","","","23424","1.464","49","public/audio/tts/library/cedar/glove-dfb2fc54cb34c534.mp3"
"marin","glove(s)","gloves.","","","","","","27264","1.704","","public/audio/tts/library/marin/glove-s-b1b1c2b9572d8f7d.mp3"
"cedar","glove(s)","gloves.","","","","","","26496","1.656","","public/audio/tts/library/cedar/glove-s-b1b1c2b9572d8f7d.mp3"
"marin","glue","glue","","","","","","24192","1.512","80","public/audio/tts/library/marin/glue-90535f32d39c7b9b.mp3"
"cedar","glue","glue","","","","","","18432","1.152","80","public/audio/tts/library/cedar/glue-90535f32d39c7b9b.mp3"
"marin","go after","go after","","","","","","24192","1.512","","public/audio/tts/library/marin/go-after-b56abad6a232e987.mp3"
"cedar","go after","go after","","","","","","21888","1.368","","public/audio/tts/library/cedar/go-after-b56abad6a232e987.mp3"
"marin","go against","go against","","","","","","31488","1.968","","public/audio/tts/library/marin/go-against-ceefb902fbf91230.mp3"
"cedar","go against","go against","","","","","","28800","1.8","","public/audio/tts/library/cedar/go-against-ceefb902fbf91230.mp3"
"marin","go ahead","go ahead","","","","","","24960","1.56","","public/audio/tts/library/marin/go-ahead-c4bf3ea967d95d3d.mp3"
"cedar","go ahead","go ahead","","","","","","26496","1.656","","public/audio/tts/library/cedar/go-ahead-c4bf3ea967d95d3d.mp3"
"marin","go along","go along","","","","","","22656","1.416","","public/audio/tts/library/marin/go-along-63a692a3ab01e3c9.mp3"
"cedar","go along","go along","","","","","","26496","1.656","","public/audio/tts/library/cedar/go-along-63a692a3ab01e3c9.mp3"
"marin","go along with","go along with","","","","","","31488","1.968","","public/audio/tts/library/marin/go-along-with-8318e46fbc7856bb.mp3"
"cedar","go along with","go along with","","","","","","33024","2.064","","public/audio/tts/library/cedar/go-along-with-8318e46fbc7856bb.mp3"
"marin","go around doing sth.","go around doing sth.","","","","","","37632","2.352","","public/audio/tts/library/marin/go-around-doing-sth-0b21dc5c22ecb179.mp3"
"cedar","go around doing sth.","go around doing sth.","","","","","","39168","2.448","","public/audio/tts/library/cedar/go-around-doing-sth-0b21dc5c22ecb179.mp3"
"marin","go around","go around","","","","","","25728","1.608","","public/audio/tts/library/marin/go-around-efe3150f256c7e0d.mp3"
"cedar","go around","go around","","","","","","26496","1.656","","public/audio/tts/library/cedar/go-around-efe3150f256c7e0d.mp3"
"marin","go at","go at","","","","","","21888","1.368","","public/audio/tts/library/marin/go-at-ad181ea937af2c3e.mp3"
"cedar","go at","go at","","","","","","21120","1.32","","public/audio/tts/library/cedar/go-at-ad181ea937af2c3e.mp3"
"marin","go back","go back","","","","","","44928","2.808","","public/audio/tts/library/marin/go-back-5ded508cf2b8e991.mp3"
"cedar","go back","go back","","","","","","21120","1.32","","public/audio/tts/library/cedar/go-back-5ded508cf2b8e991.mp3"
"marin","go back on","go back on","","","","","","35328","2.208","","public/audio/tts/library/marin/go-back-on-37501228e7575293.mp3"
"cedar","go back on","go back on","","","","","","28800","1.8","","public/audio/tts/library/cedar/go-back-on-37501228e7575293.mp3"
"marin","go bird-watching","go bird-watching","","","","","","29568","1.848","","public/audio/tts/library/marin/go-bird-watching-43a849f4c3fa3f94.mp3"
"cedar","go bird-watching","go bird-watching","","","","","","32256","2.016","","public/audio/tts/library/cedar/go-bird-watching-43a849f4c3fa3f94.mp3"
"marin","go by","go by","","","","","","25728","1.608","","public/audio/tts/library/marin/go-by-44e2b5410562d972.mp3"
"cedar","go by","go by","","","","","","23424","1.464","","public/audio/tts/library/cedar/go-by-44e2b5410562d972.mp3"
"marin","go","go","","","","","","22656","1.416","114","public/audio/tts/library/marin/go-c2fc355f2b52e01e.mp3"
"cedar","go","go","","","","","","13056","0.816","114","public/audio/tts/library/cedar/go-c2fc355f2b52e01e.mp3"
"marin","go camping","go camping","","","","","","24192","1.512","","public/audio/tts/library/marin/go-camping-a19419ef2c0d6e90.mp3"
"cedar","go camping","go camping","","","","","","23424","1.464","","public/audio/tts/library/cedar/go-camping-a19419ef2c0d6e90.mp3"
"marin","go down","go down","","","","","","28800","1.8","","public/audio/tts/library/marin/go-down-ffb1ad95e3f1b28c.mp3"
"cedar","go down","go down","","","","","","26496","1.656","","public/audio/tts/library/cedar/go-down-ffb1ad95e3f1b28c.mp3"
"marin","go down with","go down with","","","","","","30720","1.92","","public/audio/tts/library/marin/go-down-with-2325783143798559.mp3"
"cedar","go down with","go down with","","","","","","37632","2.352","","public/audio/tts/library/cedar/go-down-with-2325783143798559.mp3"
"marin","go Dutch","go Dutch","","","","","","28032","1.752","","public/audio/tts/library/marin/go-dutch-e4d4fbffddec6a3c.mp3"
"cedar","go Dutch","go Dutch","","","","","","30720","1.92","","public/audio/tts/library/cedar/go-dutch-e4d4fbffddec6a3c.mp3"
"marin","go far","go far","","","","","","21120","1.32","","public/audio/tts/library/marin/go-far-2c68a823977b9218.mp3"
"cedar","go far","go far","","","","","","32256","2.016","","public/audio/tts/library/cedar/go-far-2c68a823977b9218.mp3"
"marin","go fishing","go fishing","","","","","","21120","1.32","","public/audio/tts/library/marin/go-fishing-9198aebca6d16837.mp3"
"cedar","go fishing","go fishing","","","","","","21120","1.32","","public/audio/tts/library/cedar/go-fishing-9198aebca6d16837.mp3"
"marin","go for nothing","go for nothing","","","","","","28800","1.8","","public/audio/tts/library/marin/go-for-nothing-d1edbadf8bcf6816.mp3"
"cedar","go for nothing","go for nothing","","","","","","34560","2.16","","public/audio/tts/library/cedar/go-for-nothing-d1edbadf8bcf6816.mp3"
"marin","go for sth.","go for sth.","","","","","","35328","2.208","","public/audio/tts/library/marin/go-for-sth-ef5aef8595365271.mp3"
"cedar","go for sth.","go for sth.","","","","","","35328","2.208","","public/audio/tts/library/cedar/go-for-sth-ef5aef8595365271.mp3"
"marin","go hiking","go hiking","","","","","","24192","1.512","","public/audio/tts/library/marin/go-hiking-b544fb0102535d78.mp3"
"cedar","go hiking","go hiking","","","","","","36864","2.304","","public/audio/tts/library/cedar/go-hiking-b544fb0102535d78.mp3"
"marin","go hunting","go hunting","","","","","","26496","1.656","","public/audio/tts/library/marin/go-hunting-7b4e46af4ab4eb37.mp3"
"cedar","go hunting","go hunting","","","","","","21120","1.32","","public/audio/tts/library/cedar/go-hunting-7b4e46af4ab4eb37.mp3"
"marin","go in for","go in for","","","","","","21888","1.368","","public/audio/tts/library/marin/go-in-for-ca19576a1a27fa12.mp3"
"cedar","go in for","go in for","","","","","","24192","1.512","","public/audio/tts/library/cedar/go-in-for-ca19576a1a27fa12.mp3"
"marin","go into","go into","","","","","","24960","1.56","","public/audio/tts/library/marin/go-into-d094b46ab7a3e775.mp3"
"cedar","go into","go into","","","","","","26496","1.656","","public/audio/tts/library/cedar/go-into-d094b46ab7a3e775.mp3"
"marin","go jogging","go jogging","","","","","","31488","1.968","","public/audio/tts/library/marin/go-jogging-0828346698c6119c.mp3"
"cedar","go jogging","go jogging","","","","","","27264","1.704","","public/audio/tts/library/cedar/go-jogging-0828346698c6119c.mp3"
"marin","go mad / crazy","go mad, or crazy","","","","","","48768","3.048","","public/audio/tts/library/marin/go-mad-crazy-cd9ec92f22ed1e64.mp3"
"cedar","go mad / crazy","go mad, or crazy","","","","","","39168","2.448","","public/audio/tts/library/cedar/go-mad-crazy-cd9ec92f22ed1e64.mp3"
"marin","go mountain climbing","go mountain climbing","","","","","","29568","1.848","","public/audio/tts/library/marin/go-mountain-climbing-4d15ed2eddbe05b2.mp3"
"cedar","go mountain climbing","go mountain climbing","","","","","","38400","2.4","","public/audio/tts/library/cedar/go-mountain-climbing-4d15ed2eddbe05b2.mp3"
"marin","go off","go off","","","","","","33024","2.064","35","public/audio/tts/library/marin/go-off-8c0a534087c52900.mp3"
"cedar","go off","go off","","","","","","19200","1.2","35","public/audio/tts/library/cedar/go-off-8c0a534087c52900.mp3"
"marin","go on a trip","go on a trip","","","","","","24960","1.56","","public/audio/tts/library/marin/go-on-a-trip-c3ed44b1a77f0f3d.mp3"
"cedar","go on a trip","go on a trip","","","","","","33024","2.064","","public/audio/tts/library/cedar/go-on-a-trip-c3ed44b1a77f0f3d.mp3"
"marin","go on","go on","","","","","","26496","1.656","","public/audio/tts/library/marin/go-on-bba265afd0903f20.mp3"
"cedar","go on","go on","","","","","","24192","1.512","","public/audio/tts/library/cedar/go-on-bba265afd0903f20.mp3"
"marin","go on to sth.","go on to sth.","","","","","","38400","2.4","","public/audio/tts/library/marin/go-on-to-sth-552812397e4e1cc9.mp3"
"cedar","go on to sth.","go on to sth.","","","","","","36096","2.256","","public/audio/tts/library/cedar/go-on-to-sth-552812397e4e1cc9.mp3"
"marin","go on + Ving / with N","go on Ving, or with N","","","","","","50688","3.168","","public/audio/tts/library/marin/go-on-ving-with-n-e2707a8a6f7e108d.mp3"
"cedar","go on + Ving / with N","go on Ving, or with N","","","","","","60288","3.768","","public/audio/tts/library/cedar/go-on-ving-with-n-e2707a8a6f7e108d.mp3"
"marin","go out","go out","","","","","","32256","2.016","","public/audio/tts/library/marin/go-out-b26aac6e3ba6c32b.mp3"
"cedar","go out","go out","","","","","","32256","2.016","","public/audio/tts/library/cedar/go-out-b26aac6e3ba6c32b.mp3"
"marin","go over","go over","","","","","","36096","2.256","","public/audio/tts/library/marin/go-over-0fd34303f95a0a66.mp3"
"cedar","go over","go over","","","","","","26496","1.656","","public/audio/tts/library/cedar/go-over-0fd34303f95a0a66.mp3"
"marin","go / set about","go, or set about","","","","","","44160","2.76","","public/audio/tts/library/marin/go-set-about-58a0f5b36e032b5e.mp3"
"cedar","go / set about","go, or set about","","","","","","48000","3","","public/audio/tts/library/cedar/go-set-about-58a0f5b36e032b5e.mp3"
"marin","go shopping","go shopping","","","","","","18432","1.152","","public/audio/tts/library/marin/go-shopping-e4af534ed66b2941.mp3"
"cedar","go shopping","go shopping","","","","","","38400","2.4","","public/audio/tts/library/cedar/go-shopping-e4af534ed66b2941.mp3"
"marin","go swimming","go swimming","","","","","","24960","1.56","","public/audio/tts/library/marin/go-swimming-88d4765e190fc671.mp3"
"cedar","go swimming","go swimming","","","","","","25728","1.608","","public/audio/tts/library/cedar/go-swimming-88d4765e190fc671.mp3"
"marin","go through","go through","","","","","","26496","1.656","","public/audio/tts/library/marin/go-through-b286e0326b498a26.mp3"
"cedar","go through","go through","","","","","","21120","1.32","","public/audio/tts/library/cedar/go-through-b286e0326b498a26.mp3"
"marin","go through with sth.","go through with sth.","","","","","","36864","2.304","","public/audio/tts/library/marin/go-through-with-sth-e14253f46e562bc5.mp3"
"cedar","go through with sth.","go through with sth.","","","","","","56064","3.504","","public/audio/tts/library/cedar/go-through-with-sth-e14253f46e562bc5.mp3"
"marin","go to bed / sleep","go to bed, or sleep","","","","","","42624","2.664","","public/audio/tts/library/marin/go-to-bed-sleep-50b9b7af42b0018b.mp3"
"cedar","go to bed / sleep","go to bed, or sleep","","","","","","46464","2.904","","public/audio/tts/library/cedar/go-to-bed-sleep-50b9b7af42b0018b.mp3"
"marin","go to church","go to church","","","","","","27264","1.704","","public/audio/tts/library/marin/go-to-church-106b73893a74fe57.mp3"
"cedar","go to church","go to church","","","","","","33024","2.064","","public/audio/tts/library/cedar/go-to-church-106b73893a74fe57.mp3"
"marin","go to school","go to school","","","","","","28800","1.8","","public/audio/tts/library/marin/go-to-school-0c1256c451ded393.mp3"
"cedar","go to school","go to school","","","","","","31488","1.968","","public/audio/tts/library/cedar/go-to-school-0c1256c451ded393.mp3"
"marin","go to work","go to work","","","","","","18432","1.152","","public/audio/tts/library/marin/go-to-work-99f96cd950b286d0.mp3"
"cedar","go to work","go to work","","","","","","22656","1.416","","public/audio/tts/library/cedar/go-to-work-99f96cd950b286d0.mp3"
"marin","go too far","go too far","","","","","","26496","1.656","","public/audio/tts/library/marin/go-too-far-ac3fe386fe0a26f2.mp3"
"cedar","go too far","go too far","","","","","","28032","1.752","","public/audio/tts/library/cedar/go-too-far-ac3fe386fe0a26f2.mp3"
"marin","go up","go up","","","","","","21120","1.32","","public/audio/tts/library/marin/go-up-9a9b770dc19a995a.mp3"
"cedar","go up","go up","","","","","","23424","1.464","","public/audio/tts/library/cedar/go-up-9a9b770dc19a995a.mp3"
"marin","go with","go with","","","","","","26496","1.656","","public/audio/tts/library/marin/go-with-41c6aa080b97d62f.mp3"
"cedar","go with","go with","","","","","","28800","1.8","","public/audio/tts/library/cedar/go-with-41c6aa080b97d62f.mp3"
"marin","go without","go without","","","","","","22656","1.416","","public/audio/tts/library/marin/go-without-a5fded7587989d91.mp3"
"cedar","go without","go without","","","","","","22656","1.416","","public/audio/tts/library/cedar/go-without-a5fded7587989d91.mp3"
"marin","goal","goal","","","","","","19968","1.248","25","public/audio/tts/library/marin/goal-546c18d0062bb4d7.mp3"
"cedar","goal","goal","","","","","","14592","0.912","25","public/audio/tts/library/cedar/goal-546c18d0062bb4d7.mp3"
"marin","goat","goat","","","","","","15360","0.96","110","public/audio/tts/library/marin/goat-d4dc96b413bce5fe.mp3"
"cedar","goat","goat","","","","","","14592","0.912","110","public/audio/tts/library/cedar/goat-d4dc96b413bce5fe.mp3"
"marin","God bless you.","God bless you.","","","","","","23424","1.464","","public/audio/tts/library/marin/god-bless-you-3fa442331c0c6e2b.mp3"
"cedar","God bless you.","God bless you.","","","","","","31488","1.968","","public/audio/tts/library/cedar/god-bless-you-3fa442331c0c6e2b.mp3"
"marin","God","God","","","","","","17664","1.104","2","public/audio/tts/library/marin/god-c6178f3c2f3bddcb.mp3"
"cedar","God","God","","","","","","15360","0.96","2","public/audio/tts/library/cedar/god-c6178f3c2f3bddcb.mp3"
"marin","gold","gold","","","","","","18432","1.152","50|51","public/audio/tts/library/marin/gold-3bb0ac0514ee5ab7.mp3"
"cedar","gold","gold","","","","","","16896","1.056","50|51","public/audio/tts/library/cedar/gold-3bb0ac0514ee5ab7.mp3"
"marin","golden","golden","","","","","","15360","0.96","51","public/audio/tts/library/marin/golden-5ac03da17d7d5241.mp3"
"cedar","golden","golden","","","","","","17664","1.104","51","public/audio/tts/library/cedar/golden-5ac03da17d7d5241.mp3"
"marin","golf","golf","","","","","","19968","1.248","52","public/audio/tts/library/marin/golf-0504e81dc054b9f7.mp3"
"cedar","golf","golf","","","","","","38400","2.4","52","public/audio/tts/library/cedar/golf-0504e81dc054b9f7.mp3"
"marin","good","good","","","","","","16896","1.056","16","public/audio/tts/library/marin/good-106675dc1490d5cd.mp3"
"cedar","good","good","","","","","","19968","1.248","16","public/audio/tts/library/cedar/good-106675dc1490d5cd.mp3"
"marin","Good idea.","Good idea.","","","","","","23424","1.464","","public/audio/tts/library/marin/good-idea-5a7b569ca3db60d5.mp3"
"cedar","Good idea.","Good idea.","","","","","","18432","1.152","","public/audio/tts/library/cedar/good-idea-5a7b569ca3db60d5.mp3"
"marin","goodbye/bye","goodbye, or bye","","","","","","36864","2.304","64|124","public/audio/tts/library/marin/goodbye-bye-d857fcd7c65b424c.mp3"
"cedar","goodbye/bye","goodbye, or bye","","","","","","36864","2.304","64|124","public/audio/tts/library/cedar/goodbye-bye-d857fcd7c65b424c.mp3"
"marin","goodness","goodness","","","","","","15360","0.96","12","public/audio/tts/library/marin/goodness-eeb82f57453524a3.mp3"
"cedar","goodness","goodness","","","","","","22656","1.416","12","public/audio/tts/library/cedar/goodness-eeb82f57453524a3.mp3"
"marin","goose","goose","","","","","","26496","1.656","40|110","public/audio/tts/library/marin/goose-1fbc02de3d979c27.mp3"
"cedar","goose","goose","","","","","","16896","1.056","40|110","public/audio/tts/library/cedar/goose-1fbc02de3d979c27.mp3"
"marin","goose egg","goose egg","","","","","","28800","1.8","","public/audio/tts/library/marin/goose-egg-0cb252e67923fd65.mp3"
"cedar","goose egg","goose egg","","","","","","21888","1.368","","public/audio/tts/library/cedar/goose-egg-0cb252e67923fd65.mp3"
"marin","government","government","","","","","","19968","1.248","89","public/audio/tts/library/marin/government-6e70a9872932e480.mp3"
"cedar","government","government","","","","","","19200","1.2","89","public/audio/tts/library/cedar/government-6e70a9872932e480.mp3"
"marin","grade","grade","","","","","","16896","1.056","79","public/audio/tts/library/marin/grade-a8e47556bc49bccd.mp3"
"cedar","grade","grade","","","","","","19200","1.2","79","public/audio/tts/library/cedar/grade-a8e47556bc49bccd.mp3"
"marin","gram","gram","","","","","","19200","1.2","96","public/audio/tts/library/marin/gram-a2a949b56dfbada3.mp3"
"cedar","gram","gram","","","","","","34560","2.16","96","public/audio/tts/library/cedar/gram-a2a949b56dfbada3.mp3"
"marin","granddaughter","granddaughter","","","","","","25728","1.608","26","public/audio/tts/library/marin/granddaughter-1a18921f828fcac4.mp3"
"cedar","granddaughter","granddaughter","","","","","","19968","1.248","26","public/audio/tts/library/cedar/granddaughter-1a18921f828fcac4.mp3"
"marin","grandfather","grandfather","","","","","","50688","3.168","26","public/audio/tts/library/marin/grandfather-309a0d382be75280.mp3"
"cedar","grandfather","grandfather","","","","","","23424","1.464","26","public/audio/tts/library/cedar/grandfather-309a0d382be75280.mp3"
"marin","grandmother","grandmother","","","","","","19968","1.248","26","public/audio/tts/library/marin/grandmother-5066b29251988c38.mp3"
"cedar","grandmother","grandmother","","","","","","23424","1.464","26","public/audio/tts/library/cedar/grandmother-5066b29251988c38.mp3"
"marin","grandson","grandson","","","","","","22656","1.416","26","public/audio/tts/library/marin/grandson-f028d8bb424271f9.mp3"
"cedar","grandson","grandson","","","","","","28032","1.752","26","public/audio/tts/library/cedar/grandson-f028d8bb424271f9.mp3"
"marin","grape","grape","","","","","","13824","0.864","38","public/audio/tts/library/marin/grape-d6bcbf3130821910.mp3"
"cedar","grape","grape","","","","","","15360","0.96","38","public/audio/tts/library/cedar/grape-d6bcbf3130821910.mp3"
"marin","grass","grass","","","","","","19968","1.248","113","public/audio/tts/library/marin/grass-331f29d22b8733d0.mp3"
"cedar","grass","grass","","","","","","21120","1.32","113","public/audio/tts/library/cedar/grass-331f29d22b8733d0.mp3"
"marin","gray","gray","","","","","","17664","1.104","51","public/audio/tts/library/marin/gray-45ad2d3c95167d43.mp3"
"cedar","gray","gray","","","","","","16128","1.008","51","public/audio/tts/library/cedar/gray-45ad2d3c95167d43.mp3"
"marin","great","great","","","","","","21888","1.368","16","public/audio/tts/library/marin/great-03770bb00e734f0d.mp3"
"cedar","great","great","","","","","","25728","1.608","16","public/audio/tts/library/cedar/great-03770bb00e734f0d.mp3"
"marin","greedy","greedy","","","","","","21120","1.32","13","public/audio/tts/library/marin/greedy-29802fbee58b9e35.mp3"
"cedar","greedy","greedy","","","","","","16896","1.056","13","public/audio/tts/library/cedar/greedy-29802fbee58b9e35.mp3"
"marin","green","green","","","","","","21888","1.368","51","public/audio/tts/library/marin/green-068d48ea288a4f21.mp3"
"cedar","green","green","","","","","","29568","1.848","51","public/audio/tts/library/cedar/green-068d48ea288a4f21.mp3"
"marin","greet","greet","","","","","","17664","1.104","64","public/audio/tts/library/marin/greet-d3d4ad10a32e6d76.mp3"
"cedar","greet","greet","","","","","","14592","0.912","64","public/audio/tts/library/cedar/greet-d3d4ad10a32e6d76.mp3"
"marin","ground","ground","","","","","","17664","1.104","","public/audio/tts/library/marin/ground-a730da9c405cef66.mp3"
"cedar","ground","ground","","","","","","23424","1.464","","public/audio/tts/library/cedar/ground-a730da9c405cef66.mp3"
"marin","group","group","","","","","","19200","1.2","100","public/audio/tts/library/marin/group-d5ffcfd21db4d419.mp3"
"cedar","group","group","","","","","","14592","0.912","100","public/audio/tts/library/cedar/group-d5ffcfd21db4d419.mp3"
"marin","grow","grow","","","","","","19200","1.2","27","public/audio/tts/library/marin/grow-409b9602af40be78.mp3"
"cedar","grow","grow","","","","","","13824","0.864","27","public/audio/tts/library/cedar/grow-409b9602af40be78.mp3"
"marin","grow up","grow up","","","","","","28032","1.752","","public/audio/tts/library/marin/grow-up-405e339721e51aad.mp3"
"cedar","grow up","grow up","","","","","","25728","1.608","","public/audio/tts/library/cedar/grow-up-405e339721e51aad.mp3"
"marin","guard","guard","","","","","","16128","1.008","62","public/audio/tts/library/marin/guard-c036167f99ac50ad.mp3"
"cedar","guard","guard","","","","","","19200","1.2","62","public/audio/tts/library/cedar/guard-c036167f99ac50ad.mp3"
"marin","guava","guava","","","","","","30720","1.92","38","public/audio/tts/library/marin/guava-97923d60076cbc1a.mp3"
"cedar","guava","guava","","","","","","16896","1.056","38","public/audio/tts/library/cedar/guava-97923d60076cbc1a.mp3"
"marin","guess","guess","","","","","","12288","0.768","18","public/audio/tts/library/marin/guess-39d6b04812d497ef.mp3"
"cedar","guess","guess","","","","","","17664","1.104","18","public/audio/tts/library/cedar/guess-39d6b04812d497ef.mp3"
"marin","Guess what?","Guess what?","","","","","","23424","1.464","","public/audio/tts/library/marin/guess-what-347447b797f9d24a.mp3"
"cedar","Guess what?","Guess what?","","","","","","19968","1.248","","public/audio/tts/library/cedar/guess-what-347447b797f9d24a.mp3"
"marin","guest","guest","","","","","","27264","1.704","103","public/audio/tts/library/marin/guest-0ac29a59b98b4063.mp3"
"cedar","guest","guest","","","","","","13056","0.816","103","public/audio/tts/library/cedar/guest-0ac29a59b98b4063.mp3"
"marin","guide","guide","","","","","","25728","1.608","7","public/audio/tts/library/marin/guide-90c390ec1de806bf.mp3"
"cedar","guide","guide","","","","","","18432","1.152","7","public/audio/tts/library/cedar/guide-90c390ec1de806bf.mp3"
"marin","guitar","guitar","","","","","","22656","1.416","56","public/audio/tts/library/marin/guitar-2b84d4c3e6b56c42.mp3"
"cedar","guitar","guitar","","","","","","17664","1.104","56","public/audio/tts/library/cedar/guitar-2b84d4c3e6b56c42.mp3"
"marin","gun","gun","","","","","","28800","1.8","63","public/audio/tts/library/marin/gun-18f519ed26c2e665.mp3"
"cedar","gun","gun","","","","","","21120","1.32","63","public/audio/tts/library/cedar/gun-18f519ed26c2e665.mp3"
"marin","guy","guy","","","","","","13056","0.816","1","public/audio/tts/library/marin/guy-3987b23e41b2d729.mp3"
"cedar","guy","guy","","","","","","17664","1.104","1","public/audio/tts/library/cedar/guy-3987b23e41b2d729.mp3"
"marin","gym","gym","","","","","","19200","1.2","74","public/audio/tts/library/marin/gym-8b9e1c583550bea0.mp3"
"cedar","gym","gym","","","","","","13056","0.816","74","public/audio/tts/library/cedar/gym-8b9e1c583550bea0.mp3"
"marin","habit","habit","","","","","","15360","0.96","25","public/audio/tts/library/marin/habit-626bf4ba8cde3c29.mp3"
"cedar","habit","habit","","","","","","15360","0.96","25","public/audio/tts/library/cedar/habit-626bf4ba8cde3c29.mp3"
"marin","had better","had better","","","","","","23424","1.464","","public/audio/tts/library/marin/had-better-0e642f6367aa9c0b.mp3"
"cedar","had better","had better","","","","","","29568","1.848","","public/audio/tts/library/cedar/had-better-0e642f6367aa9c0b.mp3"
"marin","had","had","","","","","","22656","1.416","122","public/audio/tts/library/marin/had-ccd91f04f27038e9.mp3"
"cedar","had","had","","","","","","13824","0.864","122","public/audio/tts/library/cedar/had-ccd91f04f27038e9.mp3"
"marin","hair dresser","hair dresser","","","","","","19200","1.2","7","public/audio/tts/library/marin/hair-dresser-e698e9fe76827b20.mp3"
"cedar","hair dresser","hair dresser","","","","","","17664","1.104","7","public/audio/tts/library/cedar/hair-dresser-e698e9fe76827b20.mp3"
"marin","hair","hair","","","","","","16896","1.056","19","public/audio/tts/library/marin/hair-f1fa611711547629.mp3"
"cedar","hair","hair","","","","","","15360","0.96","19","public/audio/tts/library/cedar/hair-f1fa611711547629.mp3"
"marin","half","half","","","","","","14592","0.912","98","public/audio/tts/library/marin/half-741cda0b2efdfdda.mp3"
"cedar","half","half","","","","","","28032","1.752","98","public/audio/tts/library/cedar/half-741cda0b2efdfdda.mp3"
"marin","Halloween","Halloween","","","","","","35328","2.208","","public/audio/tts/library/marin/halloween-4311ddc1adfe037d.mp3"
"cedar","Halloween","Halloween","","","","","","17664","1.104","","public/audio/tts/library/cedar/halloween-4311ddc1adfe037d.mp3"
"marin","ham","ham","","","","","","16896","1.056","41","public/audio/tts/library/marin/ham-89a93d620ac3b3db.mp3"
"cedar","ham","ham","","","","","","21120","1.32","41","public/audio/tts/library/cedar/ham-89a93d620ac3b3db.mp3"
"marin","hamburger","hamburger","","","","","","19968","1.248","43","public/audio/tts/library/marin/hamburger-8cec6a9cb8cb1941.mp3"
"cedar","hamburger","hamburger","","","","","","29568","1.848","43","public/audio/tts/library/cedar/hamburger-8cec6a9cb8cb1941.mp3"
"marin","hammer","hammer","","","","","","12288","0.768","71","public/audio/tts/library/marin/hammer-0a9670803b828310.mp3"
"cedar","hammer","hammer","","","","","","14592","0.912","71","public/audio/tts/library/cedar/hammer-0a9670803b828310.mp3"
"marin","hand around","hand around","","","","","","35328","2.208","","public/audio/tts/library/marin/hand-around-c06c6feb738aa5e2.mp3"
"cedar","hand around","hand around","","","","","","24192","1.512","","public/audio/tts/library/cedar/hand-around-c06c6feb738aa5e2.mp3"
"marin","hand back","hand back","","","","","","28032","1.752","","public/audio/tts/library/marin/hand-back-bdcd0b67fa3143e9.mp3"
"cedar","hand back","hand back","","","","","","33024","2.064","","public/audio/tts/library/cedar/hand-back-bdcd0b67fa3143e9.mp3"
"marin","hand down","hand down","","","","","","26496","1.656","","public/audio/tts/library/marin/hand-down-df5c872d12dc9865.mp3"
"cedar","hand down","hand down","","","","","","28800","1.8","","public/audio/tts/library/cedar/hand-down-df5c872d12dc9865.mp3"
"marin","hand","hand","","","","","","17664","1.104","20|81","public/audio/tts/library/marin/hand-fad6926e5d29328d.mp3"
"cedar","hand","hand","","","","","","32256","2.016","20|81","public/audio/tts/library/cedar/hand-fad6926e5d29328d.mp3"
"marin","hand in","hand in","","","","","","31488","1.968","81","public/audio/tts/library/marin/hand-in-6a8eb7b0ce6ba53a.mp3"
"cedar","hand in","hand in","","","","","","25728","1.608","81","public/audio/tts/library/cedar/hand-in-6a8eb7b0ce6ba53a.mp3"
"marin","hand in hand","hand in hand","","","","","","27264","1.704","","public/audio/tts/library/marin/hand-in-hand-6efbde9635422deb.mp3"
"cedar","hand in hand","hand in hand","","","","","","22656","1.416","","public/audio/tts/library/cedar/hand-in-hand-6efbde9635422deb.mp3"
"marin","hand on","hand on","","","","","","22656","1.416","","public/audio/tts/library/marin/hand-on-a671af7c7a9cfaf6.mp3"
"cedar","hand on","hand on","","","","","","30720","1.92","","public/audio/tts/library/cedar/hand-on-a671af7c7a9cfaf6.mp3"
"marin","hand out","hand out","","","","","","21888","1.368","","public/audio/tts/library/marin/hand-out-ddd93bca150dfb5c.mp3"
"cedar","hand out","hand out","","","","","","21888","1.368","","public/audio/tts/library/cedar/hand-out-ddd93bca150dfb5c.mp3"
"marin","hand over","hand over","","","","","","24192","1.512","","public/audio/tts/library/marin/hand-over-c53e2e9fd461a664.mp3"
"cedar","hand over","hand over","","","","","","28032","1.752","","public/audio/tts/library/cedar/hand-over-c53e2e9fd461a664.mp3"
"marin","handkerchief","handkerchief","","","","","","23424","1.464","49","public/audio/tts/library/marin/handkerchief-96b11905e32e979b.mp3"
"cedar","handkerchief","handkerchief","","","","","","30720","1.92","49","public/audio/tts/library/cedar/handkerchief-96b11905e32e979b.mp3"
"marin","handle","handle","","","","","","18432","1.152","10","public/audio/tts/library/marin/handle-03040a76508a0a91.mp3"
"cedar","handle","handle","","","","","","17664","1.104","10","public/audio/tts/library/cedar/handle-03040a76508a0a91.mp3"
"marin","handsome","handsome","","","","","","17664","1.104","11","public/audio/tts/library/marin/handsome-01ed999159d3d3d5.mp3"
"cedar","handsome","handsome","","","","","","24960","1.56","11","public/audio/tts/library/cedar/handsome-01ed999159d3d3d5.mp3"
"marin","hang","hang","","","","","","19200","1.2","102","public/audio/tts/library/marin/hang-4a5fa818335dd72f.mp3"
"cedar","hang","hang","","","","","","24192","1.512","102","public/audio/tts/library/cedar/hang-4a5fa818335dd72f.mp3"
"marin","hang around / about","hang around, or about","","","","","","39168","2.448","","public/audio/tts/library/marin/hang-around-about-bfe6811d703fcbe9.mp3"
"cedar","hang around / about","hang around, or about","","","","","","41088","2.568","","public/audio/tts/library/cedar/hang-around-about-bfe6811d703fcbe9.mp3"
"marin","hang back","hang back","","","","","","27264","1.704","","public/audio/tts/library/marin/hang-back-4c380f62c0f5dc82.mp3"
"cedar","hang back","hang back","","","","","","32256","2.016","","public/audio/tts/library/cedar/hang-back-4c380f62c0f5dc82.mp3"
"marin","hang down","hang down","","","","","","24192","1.512","","public/audio/tts/library/marin/hang-down-dfe833979ac7f2c4.mp3"
"cedar","hang down","hang down","","","","","","21888","1.368","","public/audio/tts/library/cedar/hang-down-dfe833979ac7f2c4.mp3"
"marin","hang on","hang on","","","","","","21888","1.368","","public/audio/tts/library/marin/hang-on-fa409dcb8bb33975.mp3"
"cedar","hang on","hang on","","","","","","19200","1.2","","public/audio/tts/library/cedar/hang-on-fa409dcb8bb33975.mp3"
"marin","hang... out","hang something out.","","","","","","30720","1.92","","public/audio/tts/library/marin/hang-out-170df941a729951b.mp3"
"cedar","hang... out","hang something out.","","","","","","31488","1.968","","public/audio/tts/library/cedar/hang-out-170df941a729951b.mp3"
"marin","hang out","hang out","","","","","","25728","1.608","","public/audio/tts/library/marin/hang-out-2dc97d5cfc500174.mp3"
"cedar","hang out","hang out","","","","","","19200","1.2","","public/audio/tts/library/cedar/hang-out-2dc97d5cfc500174.mp3"
"marin","hang over","hang over","","","","","","23424","1.464","","public/audio/tts/library/marin/hang-over-f2bce0cf0165134b.mp3"
"cedar","hang over","hang over","","","","","","24192","1.512","","public/audio/tts/library/cedar/hang-over-f2bce0cf0165134b.mp3"
"marin","hang together","hang together","","","","","","25728","1.608","","public/audio/tts/library/marin/hang-together-73b782361204fa08.mp3"
"cedar","hang together","hang together","","","","","","19968","1.248","","public/audio/tts/library/cedar/hang-together-73b782361204fa08.mp3"
"marin","hang up","hang up","","","","","","21888","1.368","","public/audio/tts/library/marin/hang-up-378451210f60dae1.mp3"
"cedar","hang up","hang up","","","","","","19200","1.2","","public/audio/tts/library/cedar/hang-up-378451210f60dae1.mp3"
"marin","hanger","hanger","","","","","","26496","1.656","69","public/audio/tts/library/marin/hanger-435704a29606d855.mp3"
"cedar","hanger","hanger","","","","","","24960","1.56","69","public/audio/tts/library/cedar/hanger-435704a29606d855.mp3"
"marin","happen","happen","","","","","","24960","1.56","95","public/audio/tts/library/marin/happen-b4e816644b6f31dd.mp3"
"cedar","happen","happen","","","","","","16128","1.008","95","public/audio/tts/library/cedar/happen-b4e816644b6f31dd.mp3"
"marin","happy","happy","","","","","","13824","0.864","15","public/audio/tts/library/marin/happy-00cff7af4265b66d.mp3"
"cedar","happy","happy","","","","","","21888","1.368","15","public/audio/tts/library/cedar/happy-00cff7af4265b66d.mp3"
"marin","hard","hard","","","","","","14592","0.912","116","public/audio/tts/library/marin/hard-87e434e018d14e94.mp3"
"cedar","hard","hard","","","","","","22656","1.416","116","public/audio/tts/library/cedar/hard-87e434e018d14e94.mp3"
"marin","hard-working","hard-working","","","","","","24192","1.512","13","public/audio/tts/library/marin/hard-working-a9212a9457d5a335.mp3"
"cedar","hard-working","hard-working","","","","","","27264","1.704","13","public/audio/tts/library/cedar/hard-working-a9212a9457d5a335.mp3"
"marin","hardly","hardly","","","","","","14592","0.912","119","public/audio/tts/library/marin/hardly-fbf539abc48a4dc0.mp3"
"cedar","hardly","hardly","","","","","","19200","1.2","119","public/audio/tts/library/cedar/hardly-fbf539abc48a4dc0.mp3"
"marin","has","has","","","","","","17664","1.104","122","public/audio/tts/library/marin/has-81b13962a2e0f2b6.mp3"
"cedar","has","has","","","","","","13824","0.864","122","public/audio/tts/library/cedar/has-81b13962a2e0f2b6.mp3"
"marin","hat","hat","","","","","","13824","0.864","49","public/audio/tts/library/marin/hat-dd1b91a11b1a5d06.mp3"
"cedar","hat","hat","","","","","","16128","1.008","49","public/audio/tts/library/cedar/hat-dd1b91a11b1a5d06.mp3"
"marin","hate","hate","","","","","","21120","1.32","18","public/audio/tts/library/marin/hate-36df87b5d58f949c.mp3"
"cedar","hate","hate","","","","","","16896","1.056","18","public/audio/tts/library/cedar/hate-36df87b5d58f949c.mp3"
"marin","have","have","","","","","","31488","1.968","103|122","public/audio/tts/library/marin/have-898153d680ccb77d.mp3"
"cedar","have","have","","","","","","17664","1.104","103|122","public/audio/tts/library/cedar/have-898153d680ccb77d.mp3"
"marin","have a bad cough","have a bad cough","","","","","","49920","3.12","","public/audio/tts/library/marin/have-a-bad-cough-0fefb8cbcef9167a.mp3"
"cedar","have a bad cough","have a bad cough","","","","","","32256","2.016","","public/audio/tts/library/cedar/have-a-bad-cough-0fefb8cbcef9167a.mp3"
"marin","have a big dinner","have a big dinner","","","","","","33792","2.112","","public/audio/tts/library/marin/have-a-big-dinner-3387104585b72cc4.mp3"
"cedar","have a big dinner","have a big dinner","","","","","","28032","1.752","","public/audio/tts/library/cedar/have-a-big-dinner-3387104585b72cc4.mp3"
"marin","have a good time","have a good time","","","","","","32256","2.016","","public/audio/tts/library/marin/have-a-good-time-3af9ca816a600c24.mp3"
"cedar","have a good time","have a good time","","","","","","28032","1.752","","public/audio/tts/library/cedar/have-a-good-time-3af9ca816a600c24.mp3"
"marin","have a runny nose","have a runny nose","","","","","","41856","2.616","","public/audio/tts/library/marin/have-a-runny-nose-8f0767e65b41feb4.mp3"
"cedar","have a runny nose","have a runny nose","","","","","","42624","2.664","","public/audio/tts/library/cedar/have-a-runny-nose-8f0767e65b41feb4.mp3"
"marin","have a sale","have a sale","","","","","","26496","1.656","","public/audio/tts/library/marin/have-a-sale-92df44b3f29ab86f.mp3"
"cedar","have a sale","have a sale","","","","","","32256","2.016","","public/audio/tts/library/cedar/have-a-sale-92df44b3f29ab86f.mp3"
"marin","have a sweet tooth","have a sweet tooth","","","","","","36096","2.256","","public/audio/tts/library/marin/have-a-sweet-tooth-02c1a1a9bf9e6cdb.mp3"
"cedar","have a sweet tooth","have a sweet tooth","","","","","","32256","2.016","","public/audio/tts/library/cedar/have-a-sweet-tooth-02c1a1a9bf9e6cdb.mp3"
"marin","have a test","have a test","","","","","","26496","1.656","","public/audio/tts/library/marin/have-a-test-8c76432a3033f784.mp3"
"cedar","have a test","have a test","","","","","","24192","1.512","","public/audio/tts/library/cedar/have-a-test-8c76432a3033f784.mp3"
"marin","have an interest in","have an interest in","","","","","","32256","2.016","","public/audio/tts/library/marin/have-an-interest-in-066822cff5c36fb5.mp3"
"cedar","have an interest in","have an interest in","","","","","","39168","2.448","","public/audio/tts/library/cedar/have-an-interest-in-066822cff5c36fb5.mp3"
"marin","have butterflies in one's stomach","have butterflies in one's stomach","","","","","","49920","3.12","","public/audio/tts/library/marin/have-butterflies-in-ones-stomach-7d21cbfc1930f482.mp3"
"cedar","have butterflies in one's stomach","have butterflies in one's stomach","","","","","","50688","3.168","","public/audio/tts/library/cedar/have-butterflies-in-ones-stomach-7d21cbfc1930f482.mp3"
"marin","have / go on a picnic","have a picnic. Or, go on a picnic.","","","","","","55296","3.456","","public/audio/tts/library/marin/have-go-on-a-picnic-5b1ed0d32b4d892f.mp3"
"cedar","have / go on a picnic","have a picnic. Or, go on a picnic.","","","","","","61824","3.864","","public/audio/tts/library/cedar/have-go-on-a-picnic-5b1ed0d32b4d892f.mp3"
"marin","have / had to","have to. Or, had to.","","","","","","40320","2.52","","public/audio/tts/library/marin/have-had-to-6967771d9d39ae78.mp3"
"cedar","have / had to","have to. Or, had to.","","","","","","51456","3.216","","public/audio/tts/library/cedar/have-had-to-6967771d9d39ae78.mp3"
"marin","have / hold a party","have a party. Or, hold a party.","","","","","","50688","3.168","","public/audio/tts/library/marin/have-hold-a-party-f28bd7c64649f3fc.mp3"
"cedar","have / hold a party","have a party. Or, hold a party.","","","","","","54528","3.408","","public/audio/tts/library/cedar/have-hold-a-party-f28bd7c64649f3fc.mp3"
"marin","have no idea","have no idea","","","","","","29568","1.848","","public/audio/tts/library/marin/have-no-idea-6f1de8a7e2b821ba.mp3"
"cedar","have no idea","have no idea","","","","","","24192","1.512","","public/audio/tts/library/cedar/have-no-idea-6f1de8a7e2b821ba.mp3"
"marin","have problems + with N / (in) V-ing","have problems with something. Or, have problems doing something.","","","","","","97920","6.12","","public/audio/tts/library/marin/have-problems-with-n-in-v-ing-8b10f2c4b9177317.mp3"
"cedar","have problems + with N / (in) V-ing","have problems with something. Or, have problems doing something.","","","","","","75264","4.704","","public/audio/tts/library/cedar/have-problems-with-n-in-v-ing-8b10f2c4b9177317.mp3"
"marin","have / take a seat","have a seat. Or, take a seat.","","","","","","47232","2.952","","public/audio/tts/library/marin/have-take-a-seat-ba9811012d370a97.mp3"
"cedar","have / take a seat","have a seat. Or, take a seat.","","","","","","44928","2.808","","public/audio/tts/library/cedar/have-take-a-seat-ba9811012d370a97.mp3"
"marin","he","he","","","","","","14592","0.912","126","public/audio/tts/library/marin/he-cac29d00a8721e48.mp3"
"cedar","he","he","","","","","","14592","0.912","126","public/audio/tts/library/cedar/he-cac29d00a8721e48.mp3"
"marin","head","head","","","","","","19968","1.248","19","public/audio/tts/library/marin/head-8944e854e3f44472.mp3"
"cedar","head","head","","","","","","10368","0.648","19","public/audio/tts/library/cedar/head-8944e854e3f44472.mp3"
"marin","head for","head for","","","","","","26496","1.656","","public/audio/tts/library/marin/head-for-d3409e5f7921da41.mp3"
"cedar","head for","head for","","","","","","28800","1.8","","public/audio/tts/library/cedar/head-for-d3409e5f7921da41.mp3"
"marin","head off","head off","","","","","","44160","2.76","","public/audio/tts/library/marin/head-off-b7a1ccf43e950e48.mp3"
"cedar","head off","head off","","","","","","24960","1.56","","public/audio/tts/library/cedar/head-off-b7a1ccf43e950e48.mp3"
"marin","headache","headache","","","","","","22656","1.416","23","public/audio/tts/library/marin/headache-cd7af11b6425b2dd.mp3"
"cedar","headache","headache","","","","","","14592","0.912","23","public/audio/tts/library/cedar/headache-cd7af11b6425b2dd.mp3"
"marin","heal over","heal over","","","","","","21120","1.32","","public/audio/tts/library/marin/heal-over-f6a36fde5c04c321.mp3"
"cedar","heal over","heal over","","","","","","24192","1.512","","public/audio/tts/library/cedar/heal-over-f6a36fde5c04c321.mp3"
"marin","health","health","","","","","","15360","0.96","21","public/audio/tts/library/marin/health-85c2468dd602520d.mp3"
"cedar","health","health","","","","","","17664","1.104","21","public/audio/tts/library/cedar/health-85c2468dd602520d.mp3"
"marin","healthy","healthy","","","","","","19968","1.248","21","public/audio/tts/library/marin/healthy-63745aef95742025.mp3"
"cedar","healthy","healthy","","","","","","19968","1.248","21","public/audio/tts/library/cedar/healthy-63745aef95742025.mp3"
"marin","hear","hear","","","","","","11520","0.72","19","public/audio/tts/library/marin/hear-9f9f219f87e18d60.mp3"
"cedar","hear","hear","","","","","","28032","1.752","19","public/audio/tts/library/cedar/hear-9f9f219f87e18d60.mp3"
"marin","hear from","hear from","","","","","","29568","1.848","","public/audio/tts/library/marin/hear-from-87415c4028e39a5d.mp3"
"cedar","hear from","hear from","","","","","","26496","1.656","","public/audio/tts/library/cedar/hear-from-87415c4028e39a5d.mp3"
"marin","hear of","hear of","","","","","","23424","1.464","","public/audio/tts/library/marin/hear-of-a7eefe6eae417460.mp3"
"cedar","hear of","hear of","","","","","","37632","2.352","","public/audio/tts/library/cedar/hear-of-a7eefe6eae417460.mp3"
"marin","hear of / from","hear of someone. Or, hear from someone.","","","","","","48000","3","","public/audio/tts/library/marin/hear-of-from-e212087881cd0bbc.mp3"
"cedar","hear of / from","hear of someone. Or, hear from someone.","","","","","","71424","4.464","","public/audio/tts/library/cedar/hear-of-from-e212087881cd0bbc.mp3"
"marin","heart","heart","","","","","","18432","1.152","20","public/audio/tts/library/marin/heart-3b82f13c97e66a3d.mp3"
"cedar","heart","heart","","","","","","14592","0.912","20","public/audio/tts/library/cedar/heart-3b82f13c97e66a3d.mp3"
"marin","heat","heat","","","","","","36864","2.304","45|105","public/audio/tts/library/marin/heat-bc72b30810ddfd0f.mp3"
"cedar","heat","heat","","","","","","23424","1.464","45|105","public/audio/tts/library/cedar/heat-bc72b30810ddfd0f.mp3"
"marin","heater","heater","","","","","","13056","0.816","69","public/audio/tts/library/marin/heater-351611707fb82c15.mp3"
"cedar","heater","heater","","","","","","22656","1.416","69","public/audio/tts/library/cedar/heater-351611707fb82c15.mp3"
"marin","heavy","heavy","","","","","","17664","1.104","11","public/audio/tts/library/marin/heavy-65570a696430e5b0.mp3"
"cedar","heavy","heavy","","","","","","27264","1.704","11","public/audio/tts/library/cedar/heavy-65570a696430e5b0.mp3"
"marin","height","height","","","","","","21120","1.32","97","public/audio/tts/library/marin/height-99f8890aefcb0216.mp3"
"cedar","height","height","","","","","","13056","0.816","97","public/audio/tts/library/cedar/height-99f8890aefcb0216.mp3"
"marin","helicopter","helicopter","","","","","","21888","1.368","92","public/audio/tts/library/marin/helicopter-bb311024de03add7.mp3"
"cedar","helicopter","helicopter","","","","","","21120","1.32","92","public/audio/tts/library/cedar/helicopter-bb311024de03add7.mp3"
"marin","hello","hello","","","","","","16896","1.056","64|124","public/audio/tts/library/marin/hello-5891b5b522d5df08.mp3"
"cedar","hello","hello","","","","","","15360","0.96","64|124","public/audio/tts/library/cedar/hello-5891b5b522d5df08.mp3"
"marin","help","help","","","","","","13824","0.864","95","public/audio/tts/library/marin/help-41ae84877dd3ce34.mp3"
"cedar","help","help","","","","","","18432","1.152","95","public/audio/tts/library/cedar/help-41ae84877dd3ce34.mp3"
"marin","help someone with something","help someone with something","","","","","","39168","2.448","","public/audio/tts/library/marin/help-someone-with-something-69a3659210bab037.mp3"
"cedar","help someone with something","help someone with something","","","","","","36864","2.304","","public/audio/tts/library/cedar/help-someone-with-something-69a3659210bab037.mp3"
"marin","helpful","helpful","","","","","","21120","1.32","","public/audio/tts/library/marin/helpful-33cee256b34c25cb.mp3"
"cedar","helpful","helpful","","","","","","33792","2.112","","public/audio/tts/library/cedar/helpful-33cee256b34c25cb.mp3"
"marin","hen","hen","","","","","","18432","1.152","110","public/audio/tts/library/marin/hen-9fdcd8ffb5392343.mp3"
"cedar","hen","hen","","","","","","16128","1.008","110","public/audio/tts/library/cedar/hen-9fdcd8ffb5392343.mp3"
"marin","her","her","","","","","","21120","1.32","125|126","public/audio/tts/library/marin/her-8d796bccb2542ec3.mp3"
"cedar","her","her","","","","","","16896","1.056","125|126","public/audio/tts/library/cedar/her-8d796bccb2542ec3.mp3"
"marin","here","here","","","","","","14592","0.912","","public/audio/tts/library/marin/here-c6006557cc52f5dd.mp3"
"cedar","here","here","","","","","","21888","1.368","","public/audio/tts/library/cedar/here-c6006557cc52f5dd.mp3"
"marin","hero","hero","","","","","","17664","1.104","62","public/audio/tts/library/marin/hero-37a124fc348ffca0.mp3"
"cedar","hero","hero","","","","","","23424","1.464","62","public/audio/tts/library/cedar/hero-37a124fc348ffca0.mp3"
"marin","hers","hers","","","","","","14592","0.912","126","public/audio/tts/library/marin/hers-5a792d6d3d2cc8ac.mp3"
"cedar","hers","hers","","","","","","23424","1.464","126","public/audio/tts/library/cedar/hers-5a792d6d3d2cc8ac.mp3"
"marin","herself","herself","","","","","","16896","1.056","126","public/audio/tts/library/marin/herself-52dc5b0b1117757e.mp3"
"cedar","herself","herself","","","","","","16128","1.008","126","public/audio/tts/library/cedar/herself-52dc5b0b1117757e.mp3"
"marin","hey","hey","","","","","","21120","1.32","64|124","public/audio/tts/library/marin/hey-4e955fea0268518c.mp3"
"cedar","hey","hey","","","","","","13824","0.864","64|124","public/audio/tts/library/cedar/hey-4e955fea0268518c.mp3"
"marin","hi","hi","","","","","","27264","1.704","64|124","public/audio/tts/library/marin/hi-98ea6e4f216f2fb4.mp3"
"cedar","hi","hi","","","","","","15360","0.96","64|124","public/audio/tts/library/cedar/hi-98ea6e4f216f2fb4.mp3"
"marin","hide","hide","","","","","","21120","1.32","87","public/audio/tts/library/marin/hide-992b89c9dbad8a0e.mp3"
"cedar","hide","hide","","","","","","19200","1.2","87","public/audio/tts/library/cedar/hide-992b89c9dbad8a0e.mp3"
"marin","high","high","","","","","","19968","1.248","97","public/audio/tts/library/marin/high-0df539b40f21695d.mp3"
"cedar","high","high","","","","","","27264","1.704","97","public/audio/tts/library/cedar/high-0df539b40f21695d.mp3"
"marin","highway","highway","","","","","","17664","1.104","93","public/audio/tts/library/marin/highway-b09bc390e141b141.mp3"
"cedar","highway","highway","","","","","","19968","1.248","93","public/audio/tts/library/cedar/highway-b09bc390e141b141.mp3"
"marin","hike","hike","","","","","","15360","0.96","53","public/audio/tts/library/marin/hike-f6b5dd23a45213c9.mp3"
"cedar","hike","hike","","","","","","14592","0.912","53","public/audio/tts/library/cedar/hike-f6b5dd23a45213c9.mp3"
"marin","hill","hill","","","","","","23424","1.464","108","public/audio/tts/library/marin/hill-c4f38cac191cf72a.mp3"
"cedar","hill","hill","","","","","","16128","1.008","108","public/audio/tts/library/cedar/hill-c4f38cac191cf72a.mp3"
"marin","him","him","","","","","","18432","1.152","126","public/audio/tts/library/marin/him-5ba4df1c3c8f32fe.mp3"
"cedar","him","him","","","","","","16128","1.008","126","public/audio/tts/library/cedar/him-5ba4df1c3c8f32fe.mp3"
"marin","himself","himself","","","","","","21888","1.368","126","public/audio/tts/library/marin/himself-7dfa29294ec3b16a.mp3"
"cedar","himself","himself","","","","","","28032","1.752","126","public/audio/tts/library/cedar/himself-7dfa29294ec3b16a.mp3"
"marin","hip","hip","","","","","","21120","1.32","20","public/audio/tts/library/marin/hip-f0b2516365f89fc4.mp3"
"cedar","hip","hip","","","","","","23424","1.464","20","public/audio/tts/library/cedar/hip-f0b2516365f89fc4.mp3"
"marin","hippo","hippo","","","","","","10368","0.648","111","public/audio/tts/library/marin/hippo-2246a6ef7b7ee172.mp3"
"cedar","hippo","hippo","","","","","","16128","1.008","111","public/audio/tts/library/cedar/hippo-2246a6ef7b7ee172.mp3"
"marin","hire","hire","","","","","","15360","0.96","8","public/audio/tts/library/marin/hire-7a8f35bd991336cf.mp3"
"cedar","hire","hire","","","","","","18432","1.152","8","public/audio/tts/library/cedar/hire-7a8f35bd991336cf.mp3"
"marin","his","his","","","","","","23424","1.464","125|126","public/audio/tts/library/marin/his-bcab0cf495720a34.mp3"
"cedar","his","his","","","","","","13824","0.864","125|126","public/audio/tts/library/cedar/his-bcab0cf495720a34.mp3"
"marin","history","history","","","","","","28032","1.752","76","public/audio/tts/library/marin/history-834e1cc36168f216.mp3"
"cedar","history","history","","","","","","18432","1.152","76","public/audio/tts/library/cedar/history-834e1cc36168f216.mp3"
"marin","hit","hit","","","","","","13824","0.864","59|95","public/audio/tts/library/marin/hit-74a02f560cc1d8e0.mp3"
"cedar","hit","hit","","","","","","13824","0.864","59|95","public/audio/tts/library/cedar/hit-74a02f560cc1d8e0.mp3"
"marin","hit the books","hit the books","","","","","","38400","2.4","","public/audio/tts/library/marin/hit-the-books-d22f885b785f5e17.mp3"
"cedar","hit the books","hit the books","","","","","","24960","1.56","","public/audio/tts/library/cedar/hit-the-books-d22f885b785f5e17.mp3"
"marin","hobby","hobby","","","","","","14592","0.912","55","public/audio/tts/library/marin/hobby-cfb94c35dbb25ebf.mp3"
"cedar","hobby","hobby","","","","","","16128","1.008","55","public/audio/tts/library/cedar/hobby-cfb94c35dbb25ebf.mp3"
"marin","hold","hold","","","","","","25728","1.608","114","public/audio/tts/library/marin/hold-9027fe13bf6841cb.mp3"
"cedar","hold","hold","","","","","","18432","1.152","114","public/audio/tts/library/cedar/hold-9027fe13bf6841cb.mp3"
"marin","hold back","hold back","","","","","","26496","1.656","","public/audio/tts/library/marin/hold-back-7c4273167346abcb.mp3"
"cedar","hold back","hold back","","","","","","23424","1.464","","public/audio/tts/library/cedar/hold-back-7c4273167346abcb.mp3"
"marin","hold down","hold down","","","","","","31488","1.968","","public/audio/tts/library/marin/hold-down-8254f522c2da1a25.mp3"
"cedar","hold down","hold down","","","","","","24192","1.512","","public/audio/tts/library/cedar/hold-down-8254f522c2da1a25.mp3"
"marin","hold off","hold off","","","","","","33024","2.064","","public/audio/tts/library/marin/hold-off-e1cc3755306c256a.mp3"
"cedar","hold off","hold off","","","","","","21888","1.368","","public/audio/tts/library/cedar/hold-off-e1cc3755306c256a.mp3"
"marin","hold on","hold on","","","","","","33792","2.112","","public/audio/tts/library/marin/hold-on-bbac432d235a2bb7.mp3"
"cedar","hold on","hold on","","","","","","21120","1.32","","public/audio/tts/library/cedar/hold-on-bbac432d235a2bb7.mp3"
"marin","hold out","hold out","","","","","","24192","1.512","","public/audio/tts/library/marin/hold-out-8544d45cdfd28955.mp3"
"cedar","hold out","hold out","","","","","","16128","1.008","","public/audio/tts/library/cedar/hold-out-8544d45cdfd28955.mp3"
"marin","hold to","hold to","","","","","","23424","1.464","","public/audio/tts/library/marin/hold-to-fd5b8e5703fc0486.mp3"
"cedar","hold to","hold to","","","","","","36864","2.304","","public/audio/tts/library/cedar/hold-to-fd5b8e5703fc0486.mp3"
"marin","hold up","hold up","","","","","","19968","1.248","","public/audio/tts/library/marin/hold-up-ffa7389e946a8817.mp3"
"cedar","hold up","hold up","","","","","","15360","0.96","","public/audio/tts/library/cedar/hold-up-ffa7389e946a8817.mp3"
"marin","holiday","holiday","","","","","","15360","0.96","101","public/audio/tts/library/marin/holiday-356ae214c30fc399.mp3"
"cedar","holiday","holiday","","","","","","16896","1.056","101","public/audio/tts/library/cedar/holiday-356ae214c30fc399.mp3"
"marin","home","home","","","","","","15360","0.96","67","public/audio/tts/library/marin/home-9a3e246041d3c27d.mp3"
"cedar","home","home","","","","","","14592","0.912","67","public/audio/tts/library/cedar/home-9a3e246041d3c27d.mp3"
"marin","homesick","homesick","","","","","","16896","1.056","15","public/audio/tts/library/marin/homesick-9523ed586310b156.mp3"
"cedar","homesick","homesick","","","","","","16128","1.008","15","public/audio/tts/library/cedar/homesick-9523ed586310b156.mp3"
"marin","homework","homework","","","","","","16128","1.008","79","public/audio/tts/library/marin/homework-c6fe25377256fa9d.mp3"
"cedar","homework","homework","","","","","","22656","1.416","79","public/audio/tts/library/cedar/homework-c6fe25377256fa9d.mp3"
"marin","honest","honest","","","","","","19968","1.248","13","public/audio/tts/library/marin/honest-00249c9ae9fff21d.mp3"
"cedar","honest","honest","","","","","","24960","1.56","13","public/audio/tts/library/cedar/honest-00249c9ae9fff21d.mp3"
"marin","honesty","honesty","","","","","","19968","1.248","13","public/audio/tts/library/marin/honesty-c2e73496e1d915d0.mp3"
"cedar","honesty","honesty","","","","","","16896","1.056","13","public/audio/tts/library/cedar/honesty-c2e73496e1d915d0.mp3"
"marin","honey","honey","","","","","","14592","0.912","44","public/audio/tts/library/marin/honey-880642b7a0bd163c.mp3"
"cedar","honey","honey","","","","","","15360","0.96","44","public/audio/tts/library/cedar/honey-880642b7a0bd163c.mp3"
"marin","hop","hop","","","","","","14592","0.912","58","public/audio/tts/library/marin/hop-b119a95a6d048078.mp3"
"cedar","hop","hop","","","","","","21120","1.32","58","public/audio/tts/library/cedar/hop-b119a95a6d048078.mp3"
"marin","hope","hope","","","","","","11520","0.72","90","public/audio/tts/library/marin/hope-1b98c0c9d2e1eee7.mp3"
"cedar","hope","hope","","","","","","18432","1.152","90","public/audio/tts/library/cedar/hope-1b98c0c9d2e1eee7.mp3"
"marin","horrible","horrible","","","","","","24960","1.56","62","public/audio/tts/library/marin/horrible-e5c7471d04c88670.mp3"
"cedar","horrible","horrible","","","","","","15360","0.96","62","public/audio/tts/library/cedar/horrible-e5c7471d04c88670.mp3"
"marin","horse","horse","","","","","","24192","1.512","110","public/audio/tts/library/marin/horse-dfc2562511e97dd9.mp3"
"cedar","horse","horse","","","","","","18432","1.152","110","public/audio/tts/library/cedar/horse-dfc2562511e97dd9.mp3"
"marin","hospital","hospital","","","","","","19200","1.2","86","public/audio/tts/library/marin/hospital-a3400cd90c53cbb8.mp3"
"cedar","hospital","hospital","","","","","","25728","1.608","86","public/audio/tts/library/cedar/hospital-a3400cd90c53cbb8.mp3"
"marin","host","host","","","","","","14592","0.912","103","public/audio/tts/library/marin/host-d329be9e3aea365b.mp3"
"cedar","host","host","","","","","","21120","1.32","103","public/audio/tts/library/cedar/host-d329be9e3aea365b.mp3"
"marin","hot dog","hot dog","","","","","","21888","1.368","43","public/audio/tts/library/marin/hot-dog-1b0cebc5cdf3fb2a.mp3"
"cedar","hot dog","hot dog","","","","","","23424","1.464","43","public/audio/tts/library/cedar/hot-dog-1b0cebc5cdf3fb2a.mp3"
"marin","hot","hot","","","","","","22656","1.416","21|105","public/audio/tts/library/marin/hot-f2ea638348602c22.mp3"
"cedar","hot","hot","","","","","","24960","1.56","21|105","public/audio/tts/library/cedar/hot-f2ea638348602c22.mp3"
"marin","hotel","hotel","","","","","","16128","1.008","86","public/audio/tts/library/marin/hotel-02fee044ac98c137.mp3"
"cedar","hotel","hotel","","","","","","19200","1.2","86","public/audio/tts/library/cedar/hotel-02fee044ac98c137.mp3"
"marin","hour","hour","","","","","","14592","0.912","35","public/audio/tts/library/marin/hour-cee757f12fdcafe6.mp3"
"cedar","hour","hour","","","","","","11520","0.72","35","public/audio/tts/library/cedar/hour-cee757f12fdcafe6.mp3"
"marin","house","house","","","","","","14592","0.912","67","public/audio/tts/library/marin/house-89961179f11a569e.mp3"
"cedar","house","house","","","","","","19968","1.248","67","public/audio/tts/library/cedar/house-89961179f11a569e.mp3"
"marin","housewife","housewife","","","","","","28032","1.752","72","public/audio/tts/library/marin/housewife-c3e4adc1865516e9.mp3"
"cedar","housewife","housewife","","","","","","15360","0.96","72","public/audio/tts/library/cedar/housewife-c3e4adc1865516e9.mp3"
"marin","housework","housework","","","","","","15360","0.96","72","public/audio/tts/library/marin/housework-a593c0eb5b0e9202.mp3"
"cedar","housework","housework","","","","","","30720","1.92","72","public/audio/tts/library/cedar/housework-a593c0eb5b0e9202.mp3"
"marin","how","how","","","","","","26496","1.656","124","public/audio/tts/library/marin/how-2c85cd096caedc56.mp3"
"cedar","how","how","","","","","","21120","1.32","124","public/audio/tts/library/cedar/how-2c85cd096caedc56.mp3"
"marin","How come?","How come?","","","","","","21120","1.32","","public/audio/tts/library/marin/how-come-ff17c1d67eb69b6c.mp3"
"cedar","How come?","How come?","","","","","","24192","1.512","","public/audio/tts/library/cedar/how-come-ff17c1d67eb69b6c.mp3"
"marin","How much is it?","How much is it?","","","","","","29568","1.848","","public/audio/tts/library/marin/how-much-is-it-667c6ba2fc1b741f.mp3"
"cedar","How much is it?","How much is it?","","","","","","29568","1.848","","public/audio/tts/library/cedar/how-much-is-it-667c6ba2fc1b741f.mp3"
"marin","however","however","","","","","","16896","1.056","120","public/audio/tts/library/marin/however-26fc30eba0e58b03.mp3"
"cedar","however","however","","","","","","21120","1.32","120","public/audio/tts/library/cedar/however-26fc30eba0e58b03.mp3"
"marin","How's it going?","How's it going?","","","","","","29568","1.848","","public/audio/tts/library/marin/hows-it-going-8848da70855bb3a1.mp3"
"cedar","How's it going?","How's it going?","","","","","","23424","1.464","","public/audio/tts/library/cedar/hows-it-going-8848da70855bb3a1.mp3"
"marin","hug","hug","","","","","","16896","1.056","64","public/audio/tts/library/marin/hug-2e26dfdad71ee74a.mp3"
"cedar","hug","hug","","","","","","16896","1.056","64","public/audio/tts/library/cedar/hug-2e26dfdad71ee74a.mp3"
"marin","human","human","","","","","","18432","1.152","2","public/audio/tts/library/marin/human-14becaa98801270f.mp3"
"cedar","human","human","","","","","","24192","1.512","2","public/audio/tts/library/cedar/human-14becaa98801270f.mp3"
"marin","humble","humble","","","","","","30720","1.92","13","public/audio/tts/library/marin/humble-a3632e5f290c9257.mp3"
"cedar","humble","humble","","","","","","21120","1.32","13","public/audio/tts/library/cedar/humble-a3632e5f290c9257.mp3"
"marin","humid","humid","","","","","","26496","1.656","105","public/audio/tts/library/marin/humid-a47d1817af1044d8.mp3"
"cedar","humid","humid","","","","","","19968","1.248","105","public/audio/tts/library/cedar/humid-a47d1817af1044d8.mp3"
"marin","humor","humor","","","","","","17664","1.104","13","public/audio/tts/library/marin/humor-0f9cde3cb05a7c48.mp3"
"cedar","humor","humor","","","","","","16896","1.056","13","public/audio/tts/library/cedar/humor-0f9cde3cb05a7c48.mp3"
"marin","humorous","humorous","","","","","","21120","1.32","13","public/audio/tts/library/marin/humorous-82e48e6bb9ed0394.mp3"
"cedar","humorous","humorous","","","","","","23424","1.464","13","public/audio/tts/library/cedar/humorous-82e48e6bb9ed0394.mp3"
"marin","hundred","hundred","","","","","","18432","1.152","30","public/audio/tts/library/marin/hundred-6fdc50f7bbd9b2af.mp3"
"cedar","hundred","hundred","","","","","","22656","1.416","30","public/audio/tts/library/cedar/hundred-6fdc50f7bbd9b2af.mp3"
"marin","hunger","hunger","","","","","","24960","1.56","21","public/audio/tts/library/marin/hunger-0bc2a21da71de034.mp3"
"cedar","hunger","hunger","","","","","","16128","1.008","21","public/audio/tts/library/cedar/hunger-0bc2a21da71de034.mp3"
"marin","hungry","hungry","","","","","","22656","1.416","21","public/audio/tts/library/marin/hungry-e896cda688ea7ff9.mp3"
"cedar","hungry","hungry","","","","","","18432","1.152","21","public/audio/tts/library/cedar/hungry-e896cda688ea7ff9.mp3"
"marin","hunt","hunt","","","","","","16896","1.056","88","public/audio/tts/library/marin/hunt-68879a7483ff2d5b.mp3"
"cedar","hunt","hunt","","","","","","16896","1.056","88","public/audio/tts/library/cedar/hunt-68879a7483ff2d5b.mp3"
"marin","hunter","hunter","","","","","","14592","0.912","88","public/audio/tts/library/marin/hunter-4e1f35b85bf27fee.mp3"
"cedar","hunter","hunter","","","","","","17664","1.104","88","public/audio/tts/library/cedar/hunter-4e1f35b85bf27fee.mp3"
"marin","hurry","hurry","","","","","","18432","1.152","94","public/audio/tts/library/marin/hurry-f5fff56626f29e18.mp3"
"cedar","hurry","hurry","","","","","","23424","1.464","94","public/audio/tts/library/cedar/hurry-f5fff56626f29e18.mp3"
"marin","Hurry up!","Hurry up!","","","","","","16128","1.008","","public/audio/tts/library/marin/hurry-up-3bb4beec30a5752d.mp3"
"cedar","Hurry up!","Hurry up!","","","","","","16896","1.056","","public/audio/tts/library/cedar/hurry-up-3bb4beec30a5752d.mp3"
"marin","hurt","hurt","","","","","","24192","1.512","24","public/audio/tts/library/marin/hurt-492221b8caf7955e.mp3"
"cedar","hurt","hurt","","","","","","13824","0.864","24","public/audio/tts/library/cedar/hurt-492221b8caf7955e.mp3"
"marin","husband","husband","","","","","","19200","1.2","27","public/audio/tts/library/marin/husband-3987b07d56fcee9f.mp3"
"cedar","husband","husband","","","","","","19968","1.248","27","public/audio/tts/library/cedar/husband-3987b07d56fcee9f.mp3"
"marin","I","I","","","","","","26496","1.656","126","public/audio/tts/library/marin/i-50c393f158c3de2d.mp3"
"cedar","I","I","","","","","","10368","0.648","126","public/audio/tts/library/cedar/i-50c393f158c3de2d.mp3"
"marin","I couldn't agree (with you) more.","I couldn't agree with you more.","","","","","","42624","2.664","","public/audio/tts/library/marin/i-couldnt-agree-with-you-more-356c240971d04684.mp3"
"cedar","I couldn't agree (with you) more.","I couldn't agree with you more.","","","","","","28800","1.8","","public/audio/tts/library/cedar/i-couldnt-agree-with-you-more-356c240971d04684.mp3"
"marin","I don't get it.","I don't get it.","","","","","","24192","1.512","","public/audio/tts/library/marin/i-dont-get-it-2cc2bbd1cf03a1e7.mp3"
"cedar","I don't get it.","I don't get it.","","","","","","21888","1.368","","public/audio/tts/library/cedar/i-dont-get-it-2cc2bbd1cf03a1e7.mp3"
"marin","I have green fingers.","I have green fingers.","","","","","","33792","2.112","","public/audio/tts/library/marin/i-have-green-fingers-2a049d052396e511.mp3"
"cedar","I have green fingers.","I have green fingers.","","","","","","44928","2.808","","public/audio/tts/library/cedar/i-have-green-fingers-2a049d052396e511.mp3"
"marin","I mean it.","I mean it.","","","","","","21120","1.32","","public/audio/tts/library/marin/i-mean-it-3b6a558c537ce3c1.mp3"
"cedar","I mean it.","I mean it.","","","","","","21888","1.368","","public/audio/tts/library/cedar/i-mean-it-3b6a558c537ce3c1.mp3"
"marin","I see.","I see.","","","","","","22656","1.416","","public/audio/tts/library/marin/i-see-1518d47b04dc3acc.mp3"
"cedar","I see.","I see.","","","","","","22656","1.416","","public/audio/tts/library/cedar/i-see-1518d47b04dc3acc.mp3"
"marin","ice","ice","","","","","","28032","1.752","42","public/audio/tts/library/marin/ice-93edd898b926556e.mp3"
"cedar","ice","ice","","","","","","16128","1.008","42","public/audio/tts/library/cedar/ice-93edd898b926556e.mp3"
"marin","ice cream","ice cream","","","","","","18432","1.152","43","public/audio/tts/library/marin/ice-cream-25c30b3ab25ad624.mp3"
"cedar","ice cream","ice cream","","","","","","19968","1.248","43","public/audio/tts/library/cedar/ice-cream-25c30b3ab25ad624.mp3"
"marin","idea","idea","","","","","","19200","1.2","60","public/audio/tts/library/marin/idea-46324037edd1e07c.mp3"
"cedar","idea","idea","","","","","","21888","1.368","60","public/audio/tts/library/cedar/idea-46324037edd1e07c.mp3"
"marin","if","if","","","","","","34560","2.16","133","public/audio/tts/library/marin/if-e850a71ae52c4be4.mp3"
"cedar","if","if","","","","","","15360","0.96","133","public/audio/tts/library/cedar/if-e850a71ae52c4be4.mp3"
"marin","ignore","ignore","","","","","","15360","0.96","65","public/audio/tts/library/marin/ignore-db9dc4bd098da25c.mp3"
"cedar","ignore","ignore","","","","","","24192","1.512","65","public/audio/tts/library/cedar/ignore-db9dc4bd098da25c.mp3"
"marin","ill","ill","","","","","","22656","1.416","21","public/audio/tts/library/marin/ill-aeebd0d9ae13ba1c.mp3"
"cedar","ill","ill","","","","","","19968","1.248","21","public/audio/tts/library/cedar/ill-aeebd0d9ae13ba1c.mp3"
"marin","I'm all ears.","I'm all ears.","","","","","","32256","2.016","","public/audio/tts/library/marin/im-all-ears-0559397c4e909535.mp3"
"cedar","I'm all ears.","I'm all ears.","","","","","","28800","1.8","","public/audio/tts/library/cedar/im-all-ears-0559397c4e909535.mp3"
"marin","imagine","imagine","","","","","","14592","0.912","18","public/audio/tts/library/marin/imagine-6fe44757b0ff42af.mp3"
"cedar","imagine","imagine","","","","","","28800","1.8","18","public/audio/tts/library/cedar/imagine-6fe44757b0ff42af.mp3"
"marin","impolite","impolite","","","","","","21120","1.32","12","public/audio/tts/library/marin/impolite-1900e3a1c64632c6.mp3"
"cedar","impolite","impolite","","","","","","17664","1.104","12","public/audio/tts/library/cedar/impolite-1900e3a1c64632c6.mp3"
"marin","importance","importance","","","","","","18432","1.152","90","public/audio/tts/library/marin/importance-b36f0767ea1caf47.mp3"
"cedar","importance","importance","","","","","","24192","1.512","90","public/audio/tts/library/cedar/importance-b36f0767ea1caf47.mp3"
"marin","important","important","","","","","","21888","1.368","90","public/audio/tts/library/marin/important-1fd84914aba013d0.mp3"
"cedar","important","important","","","","","","18432","1.152","90","public/audio/tts/library/cedar/important-1fd84914aba013d0.mp3"
"marin","impossible","impossible","","","","","","28032","1.752","116","public/audio/tts/library/marin/impossible-2c58f4f087b138a1.mp3"
"cedar","impossible","impossible","","","","","","33024","2.064","116","public/audio/tts/library/cedar/impossible-2c58f4f087b138a1.mp3"
"marin","improve","improve","","","","","","43392","2.712","82","public/audio/tts/library/marin/improve-c8a4f0333a658ff6.mp3"
"cedar","improve","improve","","","","","","24960","1.56","82","public/audio/tts/library/cedar/improve-c8a4f0333a658ff6.mp3"
"marin","in a hurry","in a hurry","","","","","","28032","1.752","","public/audio/tts/library/marin/in-a-hurry-670298f98d667433.mp3"
"cedar","in a hurry","in a hurry","","","","","","24192","1.512","","public/audio/tts/library/cedar/in-a-hurry-670298f98d667433.mp3"
"marin","in a short time","in a short time","","","","","","33792","2.112","","public/audio/tts/library/marin/in-a-short-time-2132e18de3f38f64.mp3"
"cedar","in a short time","in a short time","","","","","","36864","2.304","","public/audio/tts/library/cedar/in-a-short-time-2132e18de3f38f64.mp3"
"marin","in a... way","in a certain way.","","","","","","29568","1.848","","public/audio/tts/library/marin/in-a-way-7be58366a6e27858.mp3"
"cedar","in a... way","in a certain way.","","","","","","26496","1.656","","public/audio/tts/library/cedar/in-a-way-7be58366a6e27858.mp3"
"marin","in","in","","","","","","13056","0.816","130|131","public/audio/tts/library/marin/in-ab5080369a968a36.mp3"
"cedar","in","in","","","","","","34560","2.16","130|131","public/audio/tts/library/cedar/in-ab5080369a968a36.mp3"
"marin","in addition to","in addition to","","","","","","26496","1.656","","public/audio/tts/library/marin/in-addition-to-7d96d1c552a2c611.mp3"
"cedar","in addition to","in addition to","","","","","","28032","1.752","","public/audio/tts/library/cedar/in-addition-to-7d96d1c552a2c611.mp3"
"marin","in advance","in advance","","","","","","22656","1.416","","public/audio/tts/library/marin/in-advance-2d30abde9f9d461c.mp3"
"cedar","in advance","in advance","","","","","","25728","1.608","","public/audio/tts/library/cedar/in-advance-2d30abde9f9d461c.mp3"
"marin","in big trouble","in big trouble","","","","","","26496","1.656","","public/audio/tts/library/marin/in-big-trouble-5d9cf254088b2caa.mp3"
"cedar","in big trouble","in big trouble","","","","","","35328","2.208","","public/audio/tts/library/cedar/in-big-trouble-5d9cf254088b2caa.mp3"
"marin","in brief","in brief","","","","","","21120","1.32","","public/audio/tts/library/marin/in-brief-4e31d1f15bdf15e8.mp3"
"cedar","in brief","in brief","","","","","","24192","1.512","","public/audio/tts/library/cedar/in-brief-4e31d1f15bdf15e8.mp3"
"marin","in case","in case","","","","","","22656","1.416","","public/audio/tts/library/marin/in-case-465a29e206efffe6.mp3"
"cedar","in case","in case","","","","","","18432","1.152","","public/audio/tts/library/cedar/in-case-465a29e206efffe6.mp3"
"marin","in case / in that case","in case, or in that case","","","","","","48000","3","","public/audio/tts/library/marin/in-case-in-that-case-dc46248c0a6c33d7.mp3"
"cedar","in case / in that case","in case, or in that case","","","","","","47232","2.952","","public/audio/tts/library/cedar/in-case-in-that-case-dc46248c0a6c33d7.mp3"
"marin","in charge of","in charge of","","","","","","41088","2.568","","public/audio/tts/library/marin/in-charge-of-50edff20aafb4ff5.mp3"
"cedar","in charge of","in charge of","","","","","","36864","2.304","","public/audio/tts/library/cedar/in-charge-of-50edff20aafb4ff5.mp3"
"marin","in common","in common","","","","","","24960","1.56","","public/audio/tts/library/marin/in-common-cbcc8ec6e34eefc0.mp3"
"cedar","in common","in common","","","","","","24960","1.56","","public/audio/tts/library/cedar/in-common-cbcc8ec6e34eefc0.mp3"
"marin","in danger","in danger","","","","","","26496","1.656","","public/audio/tts/library/marin/in-danger-e5ad4e410bd843b9.mp3"
"cedar","in danger","in danger","","","","","","41088","2.568","","public/audio/tts/library/cedar/in-danger-e5ad4e410bd843b9.mp3"
"marin","in detail","in detail","","","","","","23424","1.464","","public/audio/tts/library/marin/in-detail-4417cf6af52602fd.mp3"
"cedar","in detail","in detail","","","","","","30720","1.92","","public/audio/tts/library/cedar/in-detail-4417cf6af52602fd.mp3"
"marin","in exchange for","in exchange for","","","","","","24960","1.56","","public/audio/tts/library/marin/in-exchange-for-650b8318340e8c5b.mp3"
"cedar","in exchange for","in exchange for","","","","","","49920","3.12","","public/audio/tts/library/cedar/in-exchange-for-650b8318340e8c5b.mp3"
"marin","in fact","in fact","","","","","","26496","1.656","","public/audio/tts/library/marin/in-fact-cbb8135693620cf8.mp3"
"cedar","in fact","in fact","","","","","","19968","1.248","","public/audio/tts/library/cedar/in-fact-cbb8135693620cf8.mp3"
"marin","in favor of","in favor of","","","","","","36864","2.304","","public/audio/tts/library/marin/in-favor-of-652b977c2f980d6b.mp3"
"cedar","in favor of","in favor of","","","","","","29568","1.848","","public/audio/tts/library/cedar/in-favor-of-652b977c2f980d6b.mp3"
"marin","in front of","in front of","","","","","","23424","1.464","130","public/audio/tts/library/marin/in-front-of-84be0f477e81e0ff.mp3"
"cedar","in front of","in front of","","","","","","37632","2.352","130","public/audio/tts/library/cedar/in-front-of-84be0f477e81e0ff.mp3"
"marin","in general","in general","","","","","","19968","1.248","","public/audio/tts/library/marin/in-general-221218b657b5b1ac.mp3"
"cedar","in general","in general","","","","","","22656","1.416","","public/audio/tts/library/cedar/in-general-221218b657b5b1ac.mp3"
"marin","in honor of","in honor of","","","","","","29568","1.848","","public/audio/tts/library/marin/in-honor-of-7388bb32030b673f.mp3"
"cedar","in honor of","in honor of","","","","","","33792","2.112","","public/audio/tts/library/cedar/in-honor-of-7388bb32030b673f.mp3"
"marin","in hot water","in hot water","","","","","","24960","1.56","","public/audio/tts/library/marin/in-hot-water-67899a034f91c276.mp3"
"cedar","in hot water","in hot water","","","","","","35328","2.208","","public/audio/tts/library/cedar/in-hot-water-67899a034f91c276.mp3"
"marin","in memory of","in memory of","","","","","","31488","1.968","","public/audio/tts/library/marin/in-memory-of-74e1a983fafd2d99.mp3"
"cedar","in memory of","in memory of","","","","","","35328","2.208","","public/audio/tts/library/cedar/in-memory-of-74e1a983fafd2d99.mp3"
"marin","in need","in need","","","","","","23424","1.464","","public/audio/tts/library/marin/in-need-fb474f6035cd6e28.mp3"
"cedar","in need","in need","","","","","","22656","1.416","","public/audio/tts/library/cedar/in-need-fb474f6035cd6e28.mp3"
"marin","in one's free time","in one's free time","","","","","","44928","2.808","","public/audio/tts/library/marin/in-ones-free-time-b8527c0cbd51f60d.mp3"
"cedar","in one's free time","in one's free time","","","","","","36864","2.304","","public/audio/tts/library/cedar/in-ones-free-time-b8527c0cbd51f60d.mp3"
"marin","in order","in order","","","","","","19200","1.2","","public/audio/tts/library/marin/in-order-0cfdda22b79f793e.mp3"
"cedar","in order","in order","","","","","","19968","1.248","","public/audio/tts/library/cedar/in-order-0cfdda22b79f793e.mp3"
"marin","in order to","in order to","","","","","","21120","1.32","","public/audio/tts/library/marin/in-order-to-68a76302fd528e11.mp3"
"cedar","in order to","in order to","","","","","","35328","2.208","","public/audio/tts/library/cedar/in-order-to-68a76302fd528e11.mp3"
"marin","in particular","in particular","","","","","","24192","1.512","","public/audio/tts/library/marin/in-particular-160c3c8a523f7bc3.mp3"
"cedar","in particular","in particular","","","","","","22656","1.416","","public/audio/tts/library/cedar/in-particular-160c3c8a523f7bc3.mp3"
"marin","in person","in person","","","","","","25728","1.608","","public/audio/tts/library/marin/in-person-7c10488799096760.mp3"
"cedar","in person","in person","","","","","","19200","1.2","","public/audio/tts/library/cedar/in-person-7c10488799096760.mp3"
"marin","in pieces","in pieces","","","","","","28800","1.8","","public/audio/tts/library/marin/in-pieces-736b071c662a4c2c.mp3"
"cedar","in pieces","in pieces","","","","","","23424","1.464","","public/audio/tts/library/cedar/in-pieces-736b071c662a4c2c.mp3"
"marin","in place of","in place of","","","","","","22656","1.416","","public/audio/tts/library/marin/in-place-of-a7469803f38544a6.mp3"
"cedar","in place of","in place of","","","","","","28800","1.8","","public/audio/tts/library/cedar/in-place-of-a7469803f38544a6.mp3"
"marin","in public","in public","","","","","","25728","1.608","","public/audio/tts/library/marin/in-public-a2fdfc741ac6b51c.mp3"
"cedar","in public","in public","","","","","","22656","1.416","","public/audio/tts/library/cedar/in-public-a2fdfc741ac6b51c.mp3"
"marin","in return","in return","","","","","","26496","1.656","","public/audio/tts/library/marin/in-return-758ca693700691d4.mp3"
"cedar","in return","in return","","","","","","33792","2.112","","public/audio/tts/library/cedar/in-return-758ca693700691d4.mp3"
"marin","in season","in season","","","","","","23424","1.464","","public/audio/tts/library/marin/in-season-072d5d2a279c784a.mp3"
"cedar","in season","in season","","","","","","36864","2.304","","public/audio/tts/library/cedar/in-season-072d5d2a279c784a.mp3"
"marin","in short","in short","","","","","","24960","1.56","","public/audio/tts/library/marin/in-short-07a42da00f08aaef.mp3"
"cedar","in short","in short","","","","","","21888","1.368","","public/audio/tts/library/cedar/in-short-07a42da00f08aaef.mp3"
"marin","in spite of","in spite of","","","","","","28800","1.8","","public/audio/tts/library/marin/in-spite-of-2a10504c77ee46eb.mp3"
"cedar","in spite of","in spite of","","","","","","28032","1.752","","public/audio/tts/library/cedar/in-spite-of-2a10504c77ee46eb.mp3"
"marin","in terms of","in terms of","","","","","","24960","1.56","","public/audio/tts/library/marin/in-terms-of-37a7e2582c372caf.mp3"
"cedar","in terms of","in terms of","","","","","","29568","1.848","","public/audio/tts/library/cedar/in-terms-of-37a7e2582c372caf.mp3"
"marin","in the end","in the end","","","","","","17664","1.104","","public/audio/tts/library/marin/in-the-end-ae6e71eaf5441f1a.mp3"
"cedar","in the end","in the end","","","","","","21888","1.368","","public/audio/tts/library/cedar/in-the-end-ae6e71eaf5441f1a.mp3"
"marin","in the long run","in the long run","","","","","","27264","1.704","","public/audio/tts/library/marin/in-the-long-run-bb5efe40e519d955.mp3"
"cedar","in the long run","in the long run","","","","","","41856","2.616","","public/audio/tts/library/cedar/in-the-long-run-bb5efe40e519d955.mp3"
"marin","in the meantime","in the meantime","","","","","","40320","2.52","","public/audio/tts/library/marin/in-the-meantime-614daeb38735a224.mp3"
"cedar","in the meantime","in the meantime","","","","","","24960","1.56","","public/audio/tts/library/cedar/in-the-meantime-614daeb38735a224.mp3"
"marin","in the past / future","in the past, or future","","","","","","32256","2.016","","public/audio/tts/library/marin/in-the-past-future-6e09496bf6e3ddc3.mp3"
"cedar","in the past / future","in the past, or future","","","","","","43392","2.712","","public/audio/tts/library/cedar/in-the-past-future-6e09496bf6e3ddc3.mp3"
"marin","in the shape of","in the shape of","","","","","","30720","1.92","","public/audio/tts/library/marin/in-the-shape-of-617697cf11a672b0.mp3"
"cedar","in the shape of","in the shape of","","","","","","43392","2.712","","public/audio/tts/library/cedar/in-the-shape-of-617697cf11a672b0.mp3"
"marin","in time","in time","","","","","","22656","1.416","","public/audio/tts/library/marin/in-time-0fc590b2f48008bc.mp3"
"cedar","in time","in time","","","","","","23424","1.464","","public/audio/tts/library/cedar/in-time-0fc590b2f48008bc.mp3"
"marin","in town","in town","","","","","","22656","1.416","","public/audio/tts/library/marin/in-town-5d07f1fdceb01e12.mp3"
"cedar","in town","in town","","","","","","23424","1.464","","public/audio/tts/library/cedar/in-town-5d07f1fdceb01e12.mp3"
"marin","in turn","in turn","","","","","","22656","1.416","","public/audio/tts/library/marin/in-turn-b470d3e70f731286.mp3"
"cedar","in turn","in turn","","","","","","19200","1.2","","public/audio/tts/library/cedar/in-turn-b470d3e70f731286.mp3"
"marin","inch","inch","","","","","","22656","1.416","96","public/audio/tts/library/marin/inch-851df2be285add91.mp3"
"cedar","inch","inch","","","","","","16896","1.056","96","public/audio/tts/library/cedar/inch-851df2be285add91.mp3"
"marin","include","include","","","","","","21120","1.32","39|115","public/audio/tts/library/marin/include-bc586f3c9d3a4231.mp3"
"cedar","include","include","","","","","","21888","1.368","39|115","public/audio/tts/library/cedar/include-bc586f3c9d3a4231.mp3"
"marin","income","income","","","","","","24192","1.512","8","public/audio/tts/library/marin/income-434fa7b51edc6678.mp3"
"cedar","income","income","","","","","","25728","1.608","8","public/audio/tts/library/cedar/income-434fa7b51edc6678.mp3"
"marin","increase","increase. Increase.","","","","","","46464","2.904","9","public/audio/tts/library/marin/increase-a150fc629834b449.mp3"
"cedar","increase","increase. Increase.","","","","","","41856","2.616","9","public/audio/tts/library/cedar/increase-a150fc629834b449.mp3"
"marin","independent","independent","","","","","","22656","1.416","14","public/audio/tts/library/marin/independent-7cb42e561c843a61.mp3"
"cedar","independent","independent","","","","","","27264","1.704","14","public/audio/tts/library/cedar/independent-7cb42e561c843a61.mp3"
"marin","indicate","indicate","","","","","","16896","1.056","83","public/audio/tts/library/marin/indicate-307feec67e8ef3e8.mp3"
"cedar","indicate","indicate","","","","","","31488","1.968","83","public/audio/tts/library/cedar/indicate-307feec67e8ef3e8.mp3"
"marin","influence","influence","","","","","","19200","1.2","62","public/audio/tts/library/marin/influence-bbe66455f0eabea7.mp3"
"cedar","influence","influence","","","","","","31488","1.968","62","public/audio/tts/library/cedar/influence-bbe66455f0eabea7.mp3"
"marin","information","information","","","","","","23424","1.464","60","public/audio/tts/library/marin/information-83a36ab3779f4bcb.mp3"
"cedar","information","information","","","","","","31488","1.968","60","public/audio/tts/library/cedar/information-83a36ab3779f4bcb.mp3"
"marin","ink","ink","","","","","","19200","1.2","80","public/audio/tts/library/marin/ink-a4d4d6b7e9289195.mp3"
"cedar","ink","ink","","","","","","19200","1.2","80","public/audio/tts/library/cedar/ink-a4d4d6b7e9289195.mp3"
"marin","insect","insect","","","","","","28800","1.8","113","public/audio/tts/library/marin/insect-566f7dfb07d3b8d2.mp3"
"cedar","insect","insect","","","","","","17664","1.104","113","public/audio/tts/library/cedar/insect-566f7dfb07d3b8d2.mp3"
"marin","inside","inside","","","","","","21120","1.32","67","public/audio/tts/library/marin/inside-7b2441693c861bf6.mp3"
"cedar","inside","inside","","","","","","25728","1.608","67","public/audio/tts/library/cedar/inside-7b2441693c861bf6.mp3"
"marin","insist","insist","","","","","","21120","1.32","115","public/audio/tts/library/marin/insist-cfb92bca3d313b20.mp3"
"cedar","insist","insist","","","","","","22656","1.416","115","public/audio/tts/library/cedar/insist-cfb92bca3d313b20.mp3"
"marin","inspire","inspire","","","","","","21120","1.32","18","public/audio/tts/library/marin/inspire-b3d1b117386e7c49.mp3"
"cedar","inspire","inspire","","","","","","41856","2.616","18","public/audio/tts/library/cedar/inspire-b3d1b117386e7c49.mp3"
"marin","instant","instant","","","","","","21120","1.32","35","public/audio/tts/library/marin/instant-7c32f1fd270c68a4.mp3"
"cedar","instant","instant","","","","","","17664","1.104","35","public/audio/tts/library/cedar/instant-7c32f1fd270c68a4.mp3"
"marin","instrument","instrument","","","","","","24192","1.512","56","public/audio/tts/library/marin/instrument-e9eaed5548b3cf7f.mp3"
"cedar","instrument","instrument","","","","","","21888","1.368","56","public/audio/tts/library/cedar/instrument-e9eaed5548b3cf7f.mp3"
"marin","intelligent","intelligent","","","","","","23424","1.464","16","public/audio/tts/library/marin/intelligent-e884502c94aace3f.mp3"
"cedar","intelligent","intelligent","","","","","","30720","1.92","16","public/audio/tts/library/cedar/intelligent-e884502c94aace3f.mp3"
"marin","interest","interest","","","","","","21120","1.32","55","public/audio/tts/library/marin/interest-eb575fe6f9a34c57.mp3"
"cedar","interest","interest","","","","","","32256","2.016","55","public/audio/tts/library/cedar/interest-eb575fe6f9a34c57.mp3"
"marin","interested","interested","","","","","","35328","2.208","17","public/audio/tts/library/marin/interested-c90b994c9313120b.mp3"
"cedar","interested","interested","","","","","","28800","1.8","17","public/audio/tts/library/cedar/interested-c90b994c9313120b.mp3"
"marin","interesting","interesting","","","","","","19200","1.2","54","public/audio/tts/library/marin/interesting-61adb99cfb7451f9.mp3"
"cedar","interesting","interesting","","","","","","19968","1.248","54","public/audio/tts/library/cedar/interesting-61adb99cfb7451f9.mp3"
"marin","international","international","","","","","","37632","2.352","89","public/audio/tts/library/marin/international-da469e4963ade5a4.mp3"
"cedar","international","international","","","","","","17664","1.104","89","public/audio/tts/library/cedar/international-da469e4963ade5a4.mp3"
"marin","Internet","Internet","","","","","","28800","1.8","60","public/audio/tts/library/marin/internet-193caba2173281b7.mp3"
"cedar","Internet","Internet","","","","","","27264","1.704","60","public/audio/tts/library/cedar/internet-193caba2173281b7.mp3"
"marin","interrupt","interrupt","","","","","","21120","1.32","65","public/audio/tts/library/marin/interrupt-15a0d72dc63a6263.mp3"
"cedar","interrupt","interrupt","","","","","","21888","1.368","65","public/audio/tts/library/cedar/interrupt-15a0d72dc63a6263.mp3"
"marin","interview","interview","","","","","","16896","1.056","8","public/audio/tts/library/marin/interview-59a36141804e0d04.mp3"
"cedar","interview","interview","","","","","","22656","1.416","8","public/audio/tts/library/cedar/interview-59a36141804e0d04.mp3"
"marin","into","into","","","","","","24960","1.56","132","public/audio/tts/library/marin/into-f48df2234a2d10dd.mp3"
"cedar","into","into","","","","","","15360","0.96","132","public/audio/tts/library/cedar/into-f48df2234a2d10dd.mp3"
"marin","introduce","introduce","","","","","","23424","1.464","64","public/audio/tts/library/marin/introduce-1ee2d94874f1188c.mp3"
"cedar","introduce","introduce","","","","","","48768","3.048","64","public/audio/tts/library/cedar/introduce-1ee2d94874f1188c.mp3"
"marin","invent","invent","","","","","","19968","1.248","6","public/audio/tts/library/marin/invent-022d77204ac39a00.mp3"
"cedar","invent","invent","","","","","","21888","1.368","6","public/audio/tts/library/cedar/invent-022d77204ac39a00.mp3"
"marin","invitation","invitation","","","","","","19968","1.248","103","public/audio/tts/library/marin/invitation-cc9f7d7938c2dc88.mp3"
"cedar","invitation","invitation","","","","","","19968","1.248","103","public/audio/tts/library/cedar/invitation-cc9f7d7938c2dc88.mp3"
"marin","invite","invite","","","","","","15360","0.96","103","public/audio/tts/library/marin/invite-84788cd8c2cc8ab0.mp3"
"cedar","invite","invite","","","","","","18432","1.152","103","public/audio/tts/library/cedar/invite-84788cd8c2cc8ab0.mp3"
"marin","iron","iron","","","","","","22656","1.416","72","public/audio/tts/library/marin/iron-895d07f6e4cfa752.mp3"
"cedar","iron","iron","","","","","","13056","0.816","72","public/audio/tts/library/cedar/iron-895d07f6e4cfa752.mp3"
"marin","is","is","","","","","","21120","1.32","122","public/audio/tts/library/marin/is-55165eeb5ff20b59.mp3"
"cedar","is","is","","","","","","24192","1.512","122","public/audio/tts/library/cedar/is-55165eeb5ff20b59.mp3"
"marin","island","island","","","","","","27264","1.704","108","public/audio/tts/library/marin/island-598ec1282398a2f5.mp3"
"cedar","island","island","","","","","","16128","1.008","108","public/audio/tts/library/cedar/island-598ec1282398a2f5.mp3"
"marin","it","it","","","","","","24192","1.512","126","public/audio/tts/library/marin/it-d2bc81b3c6edc55e.mp3"
"cedar","it","it","","","","","","17664","1.104","126","public/audio/tts/library/cedar/it-d2bc81b3c6edc55e.mp3"
"marin","it goes without saying","it goes without saying","","","","","","36096","2.256","","public/audio/tts/library/marin/it-goes-without-saying-726fedad5a8b2a01.mp3"
"cedar","it goes without saying","it goes without saying","","","","","","28032","1.752","","public/audio/tts/library/cedar/it-goes-without-saying-726fedad5a8b2a01.mp3"
"marin","It rains cats and dogs.","It rains cats and dogs.","","","","","","41856","2.616","","public/audio/tts/library/marin/it-rains-cats-and-dogs-3ecdd3d10469543d.mp3"
"cedar","It rains cats and dogs.","It rains cats and dogs.","","","","","","37632","2.352","","public/audio/tts/library/cedar/it-rains-cats-and-dogs-3ecdd3d10469543d.mp3"
"marin","item","item","","","","","","18432","1.152","50","public/audio/tts/library/marin/item-879425ea8568550f.mp3"
"cedar","item","item","","","","","","13824","0.864","50","public/audio/tts/library/cedar/item-879425ea8568550f.mp3"
"marin","It's a deal. / Let's make a deal.","It's a deal. Or, let's make a deal.","","","","","","54528","3.408","","public/audio/tts/library/marin/its-a-deal-lets-make-a-deal-4c3c16340ed90c64.mp3"
"cedar","It's a deal. / Let's make a deal.","It's a deal. Or, let's make a deal.","","","","","","44928","2.808","","public/audio/tts/library/cedar/its-a-deal-lets-make-a-deal-4c3c16340ed90c64.mp3"
"marin","its","its","","","","","","16896","1.056","125|126","public/audio/tts/library/marin/its-acaa4cda7e0b12f9.mp3"
"cedar","its","its","","","","","","22656","1.416","125|126","public/audio/tts/library/cedar/its-acaa4cda7e0b12f9.mp3"
"marin","It's never too late to learn.","It's never too late to learn.","","","","","","44928","2.808","","public/audio/tts/library/marin/its-never-too-late-to-learn-bad8cc16fb597af0.mp3"
"cedar","It's never too late to learn.","It's never too late to learn.","","","","","","52224","3.264","","public/audio/tts/library/cedar/its-never-too-late-to-learn-bad8cc16fb597af0.mp3"
"marin","It's not my business.","It's not my business.","","","","","","33024","2.064","","public/audio/tts/library/marin/its-not-my-business-cd337710573fbfe9.mp3"
"cedar","It's not my business.","It's not my business.","","","","","","36096","2.256","","public/audio/tts/library/cedar/its-not-my-business-cd337710573fbfe9.mp3"
"marin","It's OK.","It's OK.","","","","","","24960","1.56","","public/audio/tts/library/marin/its-ok-7d8081e113407893.mp3"
"cedar","It's OK.","It's OK.","","","","","","21888","1.368","","public/audio/tts/library/cedar/its-ok-7d8081e113407893.mp3"
"marin","It's on me.","It's on me.","","","","","","17664","1.104","","public/audio/tts/library/marin/its-on-me-831ba02fe73b2bc7.mp3"
"cedar","It's on me.","It's on me.","","","","","","24960","1.56","","public/audio/tts/library/cedar/its-on-me-831ba02fe73b2bc7.mp3"
"marin","itself","itself","","","","","","22656","1.416","126","public/audio/tts/library/marin/itself-a809acec1255abb9.mp3"
"cedar","itself","itself","","","","","","16128","1.008","126","public/audio/tts/library/cedar/itself-a809acec1255abb9.mp3"
"marin","jacket","jacket","","","","","","18432","1.152","48","public/audio/tts/library/marin/jacket-32331c118dbea22e.mp3"
"cedar","jacket","jacket","","","","","","14592","0.912","48","public/audio/tts/library/cedar/jacket-32331c118dbea22e.mp3"
"marin","jam","jam","","","","","","19200","1.2","44","public/audio/tts/library/marin/jam-113edbc41f664602.mp3"
"cedar","jam","jam","","","","","","15360","0.96","44","public/audio/tts/library/cedar/jam-113edbc41f664602.mp3"
"marin","January","January","","","","","","16896","1.056","33","public/audio/tts/library/marin/january-05077c27c8685cf4.mp3"
"cedar","January","January","","","","","","16896","1.056","33","public/audio/tts/library/cedar/january-05077c27c8685cf4.mp3"
"marin","jazz","jazz","","","","","","17664","1.104","56","public/audio/tts/library/marin/jazz-0040f07215b2cd47.mp3"
"cedar","jazz","jazz","","","","","","16896","1.056","56","public/audio/tts/library/cedar/jazz-0040f07215b2cd47.mp3"
"marin","jealous","jealous","","","","","","23424","1.464","13","public/audio/tts/library/marin/jealous-979c4eff364116ff.mp3"
"cedar","jealous","jealous","","","","","","19968","1.248","13","public/audio/tts/library/cedar/jealous-979c4eff364116ff.mp3"
"marin","jeans","jeans","","","","","","19200","1.2","47","public/audio/tts/library/marin/jeans-0d400a827d2f32ff.mp3"
"cedar","jeans","jeans","","","","","","24192","1.512","47","public/audio/tts/library/cedar/jeans-0d400a827d2f32ff.mp3"
"marin","jeep","jeep","","","","","","12288","0.768","92","public/audio/tts/library/marin/jeep-cb4255326d887959.mp3"
"cedar","jeep","jeep","","","","","","15360","0.96","92","public/audio/tts/library/cedar/jeep-cb4255326d887959.mp3"
"marin","job","job","","","","","","19200","1.2","8","public/audio/tts/library/marin/job-4ba3b5773acea1d2.mp3"
"cedar","job","job","","","","","","19968","1.248","8","public/audio/tts/library/cedar/job-4ba3b5773acea1d2.mp3"
"marin","jog","jog","","","","","","15360","0.96","53","public/audio/tts/library/marin/jog-7af7f7693b98f5aa.mp3"
"cedar","jog","jog","","","","","","36096","2.256","53","public/audio/tts/library/cedar/jog-7af7f7693b98f5aa.mp3"
"marin","join","join","","","","","","22656","1.416","102","public/audio/tts/library/marin/join-cf93e6b3235d7080.mp3"
"cedar","join","join","","","","","","14592","0.912","102","public/audio/tts/library/cedar/join-cf93e6b3235d7080.mp3"
"marin","join hands with sb.","join hands with sb.","","","","","","58368","3.648","","public/audio/tts/library/marin/join-hands-with-sb-041e76e6c0c3e3c5.mp3"
"cedar","join hands with sb.","join hands with sb.","","","","","","31488","1.968","","public/audio/tts/library/cedar/join-hands-with-sb-041e76e6c0c3e3c5.mp3"
"marin","joke","joke","","","","","","28032","1.752","57","public/audio/tts/library/marin/joke-d8785fbb4f27cc43.mp3"
"cedar","joke","joke","","","","","","21120","1.32","57","public/audio/tts/library/cedar/joke-d8785fbb4f27cc43.mp3"
"marin","journalist","journalist","","","","","","29568","1.848","7","public/audio/tts/library/marin/journalist-207dff93a07a19ac.mp3"
"cedar","journalist","journalist","","","","","","31488","1.968","7","public/audio/tts/library/cedar/journalist-207dff93a07a19ac.mp3"
"marin","joy","joy","","","","","","16896","1.056","15","public/audio/tts/library/marin/joy-58ee0be129f57b7a.mp3"
"cedar","joy","joy","","","","","","17664","1.104","15","public/audio/tts/library/cedar/joy-58ee0be129f57b7a.mp3"
"marin","judge","judge","","","","","","17664","1.104","6","public/audio/tts/library/marin/judge-b24ce7fc9a087418.mp3"
"cedar","judge","judge","","","","","","16896","1.056","6","public/audio/tts/library/cedar/judge-b24ce7fc9a087418.mp3"
"marin","juice","juice","","","","","","16128","1.008","42","public/audio/tts/library/marin/juice-1c29560d6acfba62.mp3"
"cedar","juice","juice","","","","","","21120","1.32","42","public/audio/tts/library/cedar/juice-1c29560d6acfba62.mp3"
"marin","July","July","","","","","","27264","1.704","33","public/audio/tts/library/marin/july-8c0122a5c642a2e0.mp3"
"cedar","July","July","","","","","","16128","1.008","33","public/audio/tts/library/cedar/july-8c0122a5c642a2e0.mp3"
"marin","jump","jump","","","","","","15360","0.96","58","public/audio/tts/library/marin/jump-9a6bc19588e058ae.mp3"
"cedar","jump","jump","","","","","","15360","0.96","58","public/audio/tts/library/cedar/jump-9a6bc19588e058ae.mp3"
"marin","June","June","","","","","","19200","1.2","33","public/audio/tts/library/marin/june-1a6b7ceff99c58a1.mp3"
"cedar","June","June","","","","","","24192","1.512","33","public/audio/tts/library/cedar/june-1a6b7ceff99c58a1.mp3"
"marin","junior high school","junior high school","","","","","","31488","1.968","74","public/audio/tts/library/marin/junior-high-school-f940196e8915e092.mp3"
"cedar","junior high school","junior high school","","","","","","35328","2.208","74","public/audio/tts/library/cedar/junior-high-school-f940196e8915e092.mp3"
"marin","just","just","","","","","","19200","1.2","119","public/audio/tts/library/marin/just-0ee8fd0768a0e041.mp3"
"cedar","just","just","","","","","","26496","1.656","119","public/audio/tts/library/cedar/just-0ee8fd0768a0e041.mp3"
"marin","Just a moment.","Just a moment.","","","","","","32256","2.016","","public/audio/tts/library/marin/just-a-moment-997a7054d854be04.mp3"
"cedar","Just a moment.","Just a moment.","","","","","","35328","2.208","","public/audio/tts/library/cedar/just-a-moment-997a7054d854be04.mp3"
"marin","kangaroo","kangaroo","","","","","","40320","2.52","111","public/audio/tts/library/marin/kangaroo-01dd2561496389a4.mp3"
"cedar","kangaroo","kangaroo","","","","","","19968","1.248","111","public/audio/tts/library/cedar/kangaroo-01dd2561496389a4.mp3"
"marin","keep an eye on","keep an eye on","","","","","","24192","1.512","","public/audio/tts/library/marin/keep-an-eye-on-413d5ffef92537f0.mp3"
"cedar","keep an eye on","keep an eye on","","","","","","32256","2.016","","public/audio/tts/library/cedar/keep-an-eye-on-413d5ffef92537f0.mp3"
"marin","keep away","keep away","","","","","","19968","1.248","","public/audio/tts/library/marin/keep-away-61440a27e82d60ce.mp3"
"cedar","keep away","keep away","","","","","","26496","1.656","","public/audio/tts/library/cedar/keep-away-61440a27e82d60ce.mp3"
"marin","keep away from","keep away from","","","","","","33024","2.064","","public/audio/tts/library/marin/keep-away-from-594d521ca6562f64.mp3"
"cedar","keep away from","keep away from","","","","","","27264","1.704","","public/audio/tts/library/cedar/keep-away-from-594d521ca6562f64.mp3"
"marin","keep back","keep back","","","","","","22656","1.416","","public/audio/tts/library/marin/keep-back-c5f8663c8b61c629.mp3"
"cedar","keep back","keep back","","","","","","25728","1.608","","public/audio/tts/library/cedar/keep-back-c5f8663c8b61c629.mp3"
"marin","keep down","keep down","","","","","","23424","1.464","","public/audio/tts/library/marin/keep-down-3671bb92c82bd6ab.mp3"
"cedar","keep down","keep down","","","","","","27264","1.704","","public/audio/tts/library/cedar/keep-down-3671bb92c82bd6ab.mp3"
"marin","keep early hours","keep early hours","","","","","","24192","1.512","","public/audio/tts/library/marin/keep-early-hours-174eaf3dcdae5b7a.mp3"
"cedar","keep early hours","keep early hours","","","","","","29568","1.848","","public/audio/tts/library/cedar/keep-early-hours-174eaf3dcdae5b7a.mp3"
"marin","keep","keep","","","","","","13824","0.864","72","public/audio/tts/library/marin/keep-f660a7996deacfbc.mp3"
"cedar","keep","keep","","","","","","21888","1.368","72","public/audio/tts/library/cedar/keep-f660a7996deacfbc.mp3"
"marin","keep from","keep from","","","","","","28800","1.8","","public/audio/tts/library/marin/keep-from-0e7ee88287fdfe7b.mp3"
"cedar","keep from","keep from","","","","","","22656","1.416","","public/audio/tts/library/cedar/keep-from-0e7ee88287fdfe7b.mp3"
"marin","keep in mind","keep in mind","","","","","","33792","2.112","","public/audio/tts/library/marin/keep-in-mind-38a7127b46b791f3.mp3"
"cedar","keep in mind","keep in mind","","","","","","21888","1.368","","public/audio/tts/library/cedar/keep-in-mind-38a7127b46b791f3.mp3"
"marin","keep... in mind","keep something in mind.","","","","","","50688","3.168","","public/audio/tts/library/marin/keep-in-mind-deab720aebf3337c.mp3"
"cedar","keep... in mind","keep something in mind.","","","","","","33792","2.112","","public/audio/tts/library/cedar/keep-in-mind-deab720aebf3337c.mp3"
"marin","keep in touch with","keep in touch with","","","","","","34560","2.16","","public/audio/tts/library/marin/keep-in-touch-with-f9de706aaba17968.mp3"
"cedar","keep in touch with","keep in touch with","","","","","","37632","2.352","","public/audio/tts/library/cedar/keep-in-touch-with-f9de706aaba17968.mp3"
"marin","keep off","keep off","","","","","","24960","1.56","","public/audio/tts/library/marin/keep-off-0466b9ab42a45ac3.mp3"
"cedar","keep off","keep off","","","","","","25728","1.608","","public/audio/tts/library/cedar/keep-off-0466b9ab42a45ac3.mp3"
"marin","keep on","keep on","","","","","","37632","2.352","","public/audio/tts/library/marin/keep-on-31da66da07d93655.mp3"
"cedar","keep on","keep on","","","","","","28800","1.8","","public/audio/tts/library/cedar/keep-on-31da66da07d93655.mp3"
"marin","keep one's head","keep one's head","","","","","","25728","1.608","","public/audio/tts/library/marin/keep-ones-head-e82c6ec7dba66232.mp3"
"cedar","keep one's head","keep one's head","","","","","","31488","1.968","","public/audio/tts/library/cedar/keep-ones-head-e82c6ec7dba66232.mp3"
"marin","keep one's word","keep one's word","","","","","","32256","2.016","","public/audio/tts/library/marin/keep-ones-word-8280c4eea21d59c0.mp3"
"cedar","keep one's word","keep one's word","","","","","","28800","1.8","","public/audio/tts/library/cedar/keep-ones-word-8280c4eea21d59c0.mp3"
"marin","keep one’s word","keep one’s word","","","","","","23424","1.464","","public/audio/tts/library/marin/keep-ones-word-e19464e92d3d1063.mp3"
"cedar","keep one’s word","keep one’s word","","","","","","30720","1.92","","public/audio/tts/library/cedar/keep-ones-word-e19464e92d3d1063.mp3"
"marin","keep out","keep out","","","","","","18432","1.152","","public/audio/tts/library/marin/keep-out-eb1a5a3cb2de233f.mp3"
"cedar","keep out","keep out","","","","","","21120","1.32","","public/audio/tts/library/cedar/keep-out-eb1a5a3cb2de233f.mp3"
"marin","keep place with","keep place with","","","","","","25728","1.608","","public/audio/tts/library/marin/keep-place-with-5f47ecdd4ed7b048.mp3"
"cedar","keep place with","keep place with","","","","","","24960","1.56","","public/audio/tts/library/cedar/keep-place-with-5f47ecdd4ed7b048.mp3"
"marin","keep silence","keep silence","","","","","","26496","1.656","","public/audio/tts/library/marin/keep-silence-6cafee6bd13b1808.mp3"
"cedar","keep silence","keep silence","","","","","","34560","2.16","","public/audio/tts/library/cedar/keep-silence-6cafee6bd13b1808.mp3"
"marin","keep / stay in touch","keep in touch. Or, stay in touch.","","","","","","62592","3.912","","public/audio/tts/library/marin/keep-stay-in-touch-ed94344eb5c71a64.mp3"
"cedar","keep / stay in touch","keep in touch. Or, stay in touch.","","","","","","49920","3.12","","public/audio/tts/library/cedar/keep-stay-in-touch-ed94344eb5c71a64.mp3"
"marin","keep / stop from...","keep someone from doing something. Or, stop someone from doing something.","","","","","","97920","6.12","","public/audio/tts/library/marin/keep-stop-from-56c7eecb1f36134e.mp3"
"cedar","keep / stop from...","keep someone from doing something. Or, stop someone from doing something.","","","","","","83328","5.208","","public/audio/tts/library/cedar/keep-stop-from-56c7eecb1f36134e.mp3"
"marin","keep to","keep to","","","","","","28032","1.752","","public/audio/tts/library/marin/keep-to-d13287e86bbc8748.mp3"
"cedar","keep to","keep to","","","","","","19968","1.248","","public/audio/tts/library/cedar/keep-to-d13287e86bbc8748.mp3"
"marin","keep track of...","keep track of","","","","","","25728","1.608","","public/audio/tts/library/marin/keep-track-of-da4c4993e59b1e38.mp3"
"cedar","keep track of...","keep track of","","","","","","35328","2.208","","public/audio/tts/library/cedar/keep-track-of-da4c4993e59b1e38.mp3"
"marin","keep up","keep up","","","","","","23424","1.464","","public/audio/tts/library/marin/keep-up-4ccfcdc6ce77949e.mp3"
"cedar","keep up","keep up","","","","","","24960","1.56","","public/audio/tts/library/cedar/keep-up-4ccfcdc6ce77949e.mp3"
"marin","keep up with","keep up with","","","","","","26496","1.656","","public/audio/tts/library/marin/keep-up-with-e1ffcce4b8241374.mp3"
"cedar","keep up with","keep up with","","","","","","33792","2.112","","public/audio/tts/library/cedar/keep-up-with-e1ffcce4b8241374.mp3"
"marin","ketchup","ketchup","","","","","","14592","0.912","43","public/audio/tts/library/marin/ketchup-7a105a0faa2f2524.mp3"
"cedar","ketchup","ketchup","","","","","","19968","1.248","43","public/audio/tts/library/cedar/ketchup-7a105a0faa2f2524.mp3"
"marin","key","key","","","","","","16896","1.056","67","public/audio/tts/library/marin/key-a7998f247bd96569.mp3"
"cedar","key","key","","","","","","19968","1.248","67","public/audio/tts/library/cedar/key-a7998f247bd96569.mp3"
"marin","kick","kick","","","","","","17664","1.104","59","public/audio/tts/library/marin/kick-ac46152a7a3c578b.mp3"
"cedar","kick","kick","","","","","","21888","1.368","59","public/audio/tts/library/cedar/kick-ac46152a7a3c578b.mp3"
"marin","kid","kid","","","","","","13824","0.864","1","public/audio/tts/library/marin/kid-6fc05d29d29c5335.mp3"
"cedar","kid","kid","","","","","","14592","0.912","1","public/audio/tts/library/cedar/kid-6fc05d29d29c5335.mp3"
"marin","kill","kill","","","","","","16896","1.056","62","public/audio/tts/library/marin/kill-910610a58f355e10.mp3"
"cedar","kill","kill","","","","","","30720","1.92","62","public/audio/tts/library/cedar/kill-910610a58f355e10.mp3"
"marin","kilogram","kilogram","","","","","","24192","1.512","96","public/audio/tts/library/marin/kilogram-9967d71ef41c66de.mp3"
"cedar","kilogram","kilogram","","","","","","34560","2.16","96","public/audio/tts/library/cedar/kilogram-9967d71ef41c66de.mp3"
"marin","kilogram (kg)","kilogram. Or, K G.","","","","","","43392","2.712","","public/audio/tts/library/marin/kilogram-kg-78347536eb8c84e6.mp3"
"cedar","kilogram (kg)","kilogram. Or, K G.","","","","","","49920","3.12","","public/audio/tts/library/cedar/kilogram-kg-78347536eb8c84e6.mp3"
"marin","kilometer","kilometer","","","","","","21888","1.368","96","public/audio/tts/library/marin/kilometer-c1a5f372d2d6a2ad.mp3"
"cedar","kilometer","kilometer","","","","","","25728","1.608","96","public/audio/tts/library/cedar/kilometer-c1a5f372d2d6a2ad.mp3"
"marin","kind","kind","","","","","","25728","1.608","12","public/audio/tts/library/marin/kind-e1ae364ec24dc399.mp3"
"cedar","kind","kind","","","","","","18432","1.152","12","public/audio/tts/library/cedar/kind-e1ae364ec24dc399.mp3"
"marin","kindergarten","kindergarten","","","","","","31488","1.968","87","public/audio/tts/library/marin/kindergarten-f95e5ee8447b41d8.mp3"
"cedar","kindergarten","kindergarten","","","","","","15360","0.96","87","public/audio/tts/library/cedar/kindergarten-f95e5ee8447b41d8.mp3"
"marin","king","king","","","","","","12288","0.768","2","public/audio/tts/library/marin/king-2edffc1b6d5c30cc.mp3"
"cedar","king","king","","","","","","14592","0.912","2","public/audio/tts/library/cedar/king-2edffc1b6d5c30cc.mp3"
"marin","kingdom","kingdom","","","","","","16896","1.056","2","public/audio/tts/library/marin/kingdom-85e82c7ed97c9f9a.mp3"
"cedar","kingdom","kingdom","","","","","","33792","2.112","2","public/audio/tts/library/cedar/kingdom-85e82c7ed97c9f9a.mp3"
"marin","kiss","kiss","","","","","","41856","2.616","","public/audio/tts/library/marin/kiss-71488f41aef223f5.mp3"
"cedar","kiss","kiss","","","","","","23424","1.464","","public/audio/tts/library/cedar/kiss-71488f41aef223f5.mp3"
"marin","kitchen","kitchen","","","","","","19200","1.2","70","public/audio/tts/library/marin/kitchen-3eafd00630c6a004.mp3"
"cedar","kitchen","kitchen","","","","","","13824","0.864","70","public/audio/tts/library/cedar/kitchen-3eafd00630c6a004.mp3"
"marin","kite","kite","","","","","","14592","0.912","57","public/audio/tts/library/marin/kite-aa877fb15ca5e9b8.mp3"
"cedar","kite","kite","","","","","","18432","1.152","57","public/audio/tts/library/cedar/kite-aa877fb15ca5e9b8.mp3"
"marin","kitten","kitten","","","","","","11520","0.72","110","public/audio/tts/library/marin/kitten-ecb0d548b8745c9a.mp3"
"cedar","kitten","kitten","","","","","","17664","1.104","110","public/audio/tts/library/cedar/kitten-ecb0d548b8745c9a.mp3"
"marin","knee","knee","","","","","","17664","1.104","20","public/audio/tts/library/marin/knee-bfdc5896568616e9.mp3"
"cedar","knee","knee","","","","","","13824","0.864","20","public/audio/tts/library/cedar/knee-bfdc5896568616e9.mp3"
"marin","knife","knife","","","","","","12288","0.768","46","public/audio/tts/library/marin/knife-4bb38b169e9ffd98.mp3"
"cedar","knife","knife","","","","","","16128","1.008","46","public/audio/tts/library/cedar/knife-4bb38b169e9ffd98.mp3"
"marin","knock","knock","","","","","","19200","1.2","59","public/audio/tts/library/marin/knock-330227982f33a04e.mp3"
"cedar","knock","knock","","","","","","14592","0.912","59","public/audio/tts/library/cedar/knock-330227982f33a04e.mp3"
"marin","knock down","knock down","","","","","","25728","1.608","","public/audio/tts/library/marin/knock-down-74e3932aa8400e48.mp3"
"cedar","knock down","knock down","","","","","","26496","1.656","","public/audio/tts/library/cedar/knock-down-74e3932aa8400e48.mp3"
"marin","knock off","knock off","","","","","","24192","1.512","","public/audio/tts/library/marin/knock-off-c7738fb8e9742a31.mp3"
"cedar","knock off","knock off","","","","","","21888","1.368","","public/audio/tts/library/cedar/knock-off-c7738fb8e9742a31.mp3"
"marin","know","know","","","","","","21120","1.32","18","public/audio/tts/library/marin/know-fe5b1afc202f35c1.mp3"
"cedar","know","know","","","","","","12288","0.768","18","public/audio/tts/library/cedar/know-fe5b1afc202f35c1.mp3"
"marin","knowledge","knowledge","","","","","","14592","0.912","75","public/audio/tts/library/marin/knowledge-f363e042b62c03a3.mp3"
"cedar","knowledge","knowledge","","","","","","19200","1.2","75","public/audio/tts/library/cedar/knowledge-f363e042b62c03a3.mp3"
"marin","koala","koala","","","","","","16128","1.008","111","public/audio/tts/library/marin/koala-78d1d04162cf51ed.mp3"
"cedar","koala","koala","","","","","","16896","1.056","111","public/audio/tts/library/cedar/koala-78d1d04162cf51ed.mp3"
"marin","lack","lack","","","","","","21120","1.32","88","public/audio/tts/library/marin/lack-1c9537a1a0434e5c.mp3"
"cedar","lack","lack","","","","","","19968","1.248","88","public/audio/tts/library/cedar/lack-1c9537a1a0434e5c.mp3"
"marin","lady","lady","","","","","","16128","1.008","3","public/audio/tts/library/marin/lady-4c3631483090bfca.mp3"
"cedar","lady","lady","","","","","","18432","1.152","3","public/audio/tts/library/cedar/lady-4c3631483090bfca.mp3"
"marin","lake","lake","","","","","","10368","0.648","107","public/audio/tts/library/marin/lake-0d0a15d05e959ee5.mp3"
"cedar","lake","lake","","","","","","21888","1.368","107","public/audio/tts/library/cedar/lake-0d0a15d05e959ee5.mp3"
"marin","lamb","lamb","","","","","","25728","1.608","40|110","public/audio/tts/library/marin/lamb-1302e6d56e73c7f0.mp3"
"cedar","lamb","lamb","","","","","","16896","1.056","40|110","public/audio/tts/library/cedar/lamb-1302e6d56e73c7f0.mp3"
"marin","lamp","lamp","","","","","","21888","1.368","68","public/audio/tts/library/marin/lamp-23270be54b22b665.mp3"
"cedar","lamp","lamp","","","","","","18432","1.152","68","public/audio/tts/library/cedar/lamp-23270be54b22b665.mp3"
"marin","land","land","","","","","","13056","0.816","92|108","public/audio/tts/library/marin/land-ad4ca806501b9aa5.mp3"
"cedar","land","land","","","","","","13824","0.864","92|108","public/audio/tts/library/cedar/land-ad4ca806501b9aa5.mp3"
"marin","language","language","","","","","","23424","1.464","76","public/audio/tts/library/marin/language-046a172ac82c2a83.mp3"
"cedar","language","language","","","","","","27264","1.704","76","public/audio/tts/library/cedar/language-046a172ac82c2a83.mp3"
"marin","lantern","lantern","","","","","","17664","1.104","101","public/audio/tts/library/marin/lantern-5e85764f37341114.mp3"
"cedar","lantern","lantern","","","","","","24192","1.512","101","public/audio/tts/library/cedar/lantern-5e85764f37341114.mp3"
"marin","Lantern Festival","Lantern Festival","","","","","","30720","1.92","101","public/audio/tts/library/marin/lantern-festival-40845cefe27073c4.mp3"
"cedar","Lantern Festival","Lantern Festival","","","","","","36096","2.256","101","public/audio/tts/library/cedar/lantern-festival-40845cefe27073c4.mp3"
"marin","large","large","","","","","","25728","1.608","97|98","public/audio/tts/library/marin/large-9bfce334a37bd1bc.mp3"
"cedar","large","large","","","","","","23424","1.464","97|98","public/audio/tts/library/cedar/large-9bfce334a37bd1bc.mp3"
"marin","last","last","","","","","","17664","1.104","30","public/audio/tts/library/marin/last-761d1fb145ca8c71.mp3"
"cedar","last","last","","","","","","18432","1.152","30","public/audio/tts/library/cedar/last-761d1fb145ca8c71.mp3"
"marin","last name / family name","last name, or family name","","","","","","37632","2.352","3","public/audio/tts/library/marin/last-name-family-name-54be618a889ace9c.mp3"
"cedar","last name / family name","last name, or family name","","","","","","39168","2.448","3","public/audio/tts/library/cedar/last-name-family-name-54be618a889ace9c.mp3"
"marin","late","late","","","","","","11520","0.72","31","public/audio/tts/library/marin/late-f152945b358aa26a.mp3"
"cedar","late","late","","","","","","13824","0.864","31","public/audio/tts/library/cedar/late-f152945b358aa26a.mp3"
"marin","later","later","","","","","","14592","0.912","34","public/audio/tts/library/marin/later-0bd7226ea868984d.mp3"
"cedar","later","later","","","","","","19200","1.2","34","public/audio/tts/library/cedar/later-0bd7226ea868984d.mp3"
"marin","latter","latter","","","","","","17664","1.104","34","public/audio/tts/library/marin/latter-0cdc9cd0eedb6bf2.mp3"
"cedar","latter","latter","","","","","","19200","1.2","34","public/audio/tts/library/cedar/latter-0cdc9cd0eedb6bf2.mp3"
"marin","laugh","laugh","","","","","","15360","0.96","87","public/audio/tts/library/marin/laugh-16170ef4bef89ac6.mp3"
"cedar","laugh","laugh","","","","","","21120","1.32","87","public/audio/tts/library/cedar/laugh-16170ef4bef89ac6.mp3"
"marin","laugh at","laugh at","","","","","","30720","1.92","","public/audio/tts/library/marin/laugh-at-a6d4473aa46f6ae0.mp3"
"cedar","laugh at","laugh at","","","","","","22656","1.416","","public/audio/tts/library/cedar/laugh-at-a6d4473aa46f6ae0.mp3"
"marin","law","law","","","","","","24192","1.512","76","public/audio/tts/library/marin/law-2866c35d6e7cf0ca.mp3"
"cedar","law","law","","","","","","19968","1.248","76","public/audio/tts/library/cedar/law-2866c35d6e7cf0ca.mp3"
"marin","lawyer","lawyer","","","","","","13824","0.864","6","public/audio/tts/library/marin/lawyer-7633005ff241bca0.mp3"
"cedar","lawyer","lawyer","","","","","","15360","0.96","6","public/audio/tts/library/cedar/lawyer-7633005ff241bca0.mp3"
"marin","lay","lay","","","","","","13824","0.864","112","public/audio/tts/library/marin/lay-a91191a3ecc0a438.mp3"
"cedar","lay","lay","","","","","","32256","2.016","112","public/audio/tts/library/cedar/lay-a91191a3ecc0a438.mp3"
"marin","lay aside","lay aside","","","","","","33024","2.064","","public/audio/tts/library/marin/lay-aside-e25adb48a0dbd9ce.mp3"
"cedar","lay aside","lay aside","","","","","","24960","1.56","","public/audio/tts/library/cedar/lay-aside-e25adb48a0dbd9ce.mp3"
"marin","lay down","lay down","","","","","","19968","1.248","","public/audio/tts/library/marin/lay-down-85c37b7f19edef04.mp3"
"cedar","lay down","lay down","","","","","","25728","1.608","","public/audio/tts/library/cedar/lay-down-85c37b7f19edef04.mp3"
"marin","lay off","lay off","","","","","","18432","1.152","","public/audio/tts/library/marin/lay-off-11f3a7a85dc4ed6e.mp3"
"cedar","lay off","lay off","","","","","","24960","1.56","","public/audio/tts/library/cedar/lay-off-11f3a7a85dc4ed6e.mp3"
"marin","lay on","lay on","","","","","","18432","1.152","","public/audio/tts/library/marin/lay-on-891f3bce254d4583.mp3"
"cedar","lay on","lay on","","","","","","38400","2.4","","public/audio/tts/library/cedar/lay-on-891f3bce254d4583.mp3"
"marin","lay oneself out for","lay oneself out for","","","","","","25728","1.608","","public/audio/tts/library/marin/lay-oneself-out-for-53177a3fe7f5cca4.mp3"
"cedar","lay oneself out for","lay oneself out for","","","","","","25728","1.608","","public/audio/tts/library/cedar/lay-oneself-out-for-53177a3fe7f5cca4.mp3"
"marin","lay out","lay out","","","","","","18432","1.152","","public/audio/tts/library/marin/lay-out-d2b8621f5a0c21a0.mp3"
"cedar","lay out","lay out","","","","","","24192","1.512","","public/audio/tts/library/cedar/lay-out-d2b8621f5a0c21a0.mp3"
"marin","lay over","lay over","","","","","","17664","1.104","","public/audio/tts/library/marin/lay-over-994275931e898a86.mp3"
"cedar","lay over","lay over","","","","","","21888","1.368","","public/audio/tts/library/cedar/lay-over-994275931e898a86.mp3"
"marin","lay up","lay up","","","","","","21120","1.32","","public/audio/tts/library/marin/lay-up-18096331555fe350.mp3"
"cedar","lay up","lay up","","","","","","19968","1.248","","public/audio/tts/library/cedar/lay-up-18096331555fe350.mp3"
"marin","lazy","lazy","","","","","","13824","0.864","13","public/audio/tts/library/marin/lazy-853ab7e7a4d88a59.mp3"
"cedar","lazy","lazy","","","","","","21888","1.368","13","public/audio/tts/library/cedar/lazy-853ab7e7a4d88a59.mp3"
"marin","lead","lead","","","","","","22656","1.416","7","public/audio/tts/library/marin/lead-90a07ad828f7b901.mp3"
"cedar","lead","lead","","","","","","17664","1.104","7","public/audio/tts/library/cedar/lead-90a07ad828f7b901.mp3"
"marin","lead to","lead to","","","","","","21120","1.32","","public/audio/tts/library/marin/lead-to-5d3830a9b90f96fa.mp3"
"cedar","lead to","lead to","","","","","","25728","1.608","","public/audio/tts/library/cedar/lead-to-5d3830a9b90f96fa.mp3"
"marin","leader","leader","","","","","","13824","0.864","63","public/audio/tts/library/marin/leader-2d6e3ead17e5ee15.mp3"
"cedar","leader","leader","","","","","","27264","1.704","63","public/audio/tts/library/cedar/leader-2d6e3ead17e5ee15.mp3"
"marin","leaf","leaf","","","","","","19200","1.2","113","public/audio/tts/library/marin/leaf-26d0bac9f0c7a35b.mp3"
"cedar","leaf","leaf","","","","","","19200","1.2","113","public/audio/tts/library/cedar/leaf-26d0bac9f0c7a35b.mp3"
"marin","learn","learn","","","","","","17664","1.104","75|82","public/audio/tts/library/marin/learn-8b8280eab7be8c10.mp3"
"cedar","learn","learn","","","","","","21888","1.368","75|82","public/audio/tts/library/cedar/learn-8b8280eab7be8c10.mp3"
"marin","learn from...","learn from","","","","","","28800","1.8","","public/audio/tts/library/marin/learn-from-028abb5b21a92978.mp3"
"cedar","learn from...","learn from","","","","","","28032","1.752","","public/audio/tts/library/cedar/learn-from-028abb5b21a92978.mp3"
"marin","least","least","","","","","","24960","1.56","119","public/audio/tts/library/marin/least-521280507025f264.mp3"
"cedar","least","least","","","","","","16128","1.008","119","public/audio/tts/library/cedar/least-521280507025f264.mp3"
"marin","leave","leave","","","","","","18432","1.152","114","public/audio/tts/library/marin/leave-75491c7fc23cc4d9.mp3"
"cedar","leave","leave","","","","","","19968","1.248","114","public/audio/tts/library/cedar/leave-75491c7fc23cc4d9.mp3"
"marin","leave a message","leave a message","","","","","","33792","2.112","","public/audio/tts/library/marin/leave-a-message-85da5ada9ff153e3.mp3"
"cedar","leave a message","leave a message","","","","","","27264","1.704","","public/audio/tts/library/cedar/leave-a-message-85da5ada9ff153e3.mp3"
"marin","leave ... alone","leave alone","","","","","","24960","1.56","","public/audio/tts/library/marin/leave-alone-91d8442128a9ffc5.mp3"
"cedar","leave ... alone","leave alone","","","","","","29568","1.848","","public/audio/tts/library/cedar/leave-alone-91d8442128a9ffc5.mp3"
"marin","leave aside","leave aside","","","","","","25728","1.608","","public/audio/tts/library/marin/leave-aside-e5bf652f915d502d.mp3"
"cedar","leave aside","leave aside","","","","","","29568","1.848","","public/audio/tts/library/cedar/leave-aside-e5bf652f915d502d.mp3"
"marin","leave behind","leave behind","","","","","","21888","1.368","","public/audio/tts/library/marin/leave-behind-d9187d487e0950ea.mp3"
"cedar","leave behind","leave behind","","","","","","24960","1.56","","public/audio/tts/library/cedar/leave-behind-d9187d487e0950ea.mp3"
"marin","leave for","leave for","","","","","","26496","1.656","","public/audio/tts/library/marin/leave-for-6137bf0900a2b32c.mp3"
"cedar","leave for","leave for","","","","","","22656","1.416","","public/audio/tts/library/cedar/leave-for-6137bf0900a2b32c.mp3"
"marin","leave no stone unturned","leave no stone unturned","","","","","","46464","2.904","","public/audio/tts/library/marin/leave-no-stone-unturned-1f4c288c747804dd.mp3"
"cedar","leave no stone unturned","leave no stone unturned","","","","","","36096","2.256","","public/audio/tts/library/cedar/leave-no-stone-unturned-1f4c288c747804dd.mp3"
"marin","leave off","leave off","","","","","","23424","1.464","","public/audio/tts/library/marin/leave-off-b468f370e1345490.mp3"
"cedar","leave off","leave off","","","","","","24192","1.512","","public/audio/tts/library/cedar/leave-off-b468f370e1345490.mp3"
"marin","leave on","leave on","","","","","","24960","1.56","","public/audio/tts/library/marin/leave-on-f06cdafc5c2e6521.mp3"
"cedar","leave on","leave on","","","","","","28032","1.752","","public/audio/tts/library/cedar/leave-on-f06cdafc5c2e6521.mp3"
"marin","leave out","leave out","","","","","","21888","1.368","","public/audio/tts/library/marin/leave-out-1927a8400eeaef0c.mp3"
"cedar","leave out","leave out","","","","","","23424","1.464","","public/audio/tts/library/cedar/leave-out-1927a8400eeaef0c.mp3"
"marin","leave over","leave over","","","","","","27264","1.704","","public/audio/tts/library/marin/leave-over-6dae3aafa635c1ec.mp3"
"cedar","leave over","leave over","","","","","","26496","1.656","","public/audio/tts/library/cedar/leave-over-6dae3aafa635c1ec.mp3"
"marin","left","left","","","","","","14592","0.912","84","public/audio/tts/library/marin/left-14156f2c20b45bf6.mp3"
"cedar","left","left","","","","","","18432","1.152","84","public/audio/tts/library/cedar/left-14156f2c20b45bf6.mp3"
"marin","leg","leg","","","","","","21888","1.368","20","public/audio/tts/library/marin/leg-17143fdb62930723.mp3"
"cedar","leg","leg","","","","","","23424","1.464","20","public/audio/tts/library/cedar/leg-17143fdb62930723.mp3"
"marin","lemon","lemon","","","","","","14592","0.912","38","public/audio/tts/library/marin/lemon-1ebc4dca8f0d8680.mp3"
"cedar","lemon","lemon","","","","","","16128","1.008","38","public/audio/tts/library/cedar/lemon-1ebc4dca8f0d8680.mp3"
"marin","lend","lend","","","","","","16128","1.008","36","public/audio/tts/library/marin/lend-2038c47ede3220d8.mp3"
"cedar","lend","lend","","","","","","18432","1.152","36","public/audio/tts/library/cedar/lend-2038c47ede3220d8.mp3"
"marin","less","less","","","","","","15360","0.96","25","public/audio/tts/library/marin/less-29b52ea8f895e62b.mp3"
"cedar","less","less","","","","","","25728","1.608","25","public/audio/tts/library/cedar/less-29b52ea8f895e62b.mp3"
"marin","lesson","lesson","","","","","","16896","1.056","75","public/audio/tts/library/marin/lesson-293c5c4cd8b91ac9.mp3"
"cedar","lesson","lesson","","","","","","31488","1.968","75","public/audio/tts/library/cedar/lesson-293c5c4cd8b91ac9.mp3"
"marin","let","let","","","","","","19200","1.2","109","public/audio/tts/library/marin/let-65db3e4b19f75dbd.mp3"
"cedar","let","let","","","","","","19968","1.248","109","public/audio/tts/library/cedar/let-65db3e4b19f75dbd.mp3"
"marin","let alone","let alone","","","","","","28800","1.8","","public/audio/tts/library/marin/let-alone-b417d7fa63e7e2e2.mp3"
"cedar","let alone","let alone","","","","","","30720","1.92","","public/audio/tts/library/cedar/let-alone-b417d7fa63e7e2e2.mp3"
"marin","let down","let down","","","","","","25728","1.608","","public/audio/tts/library/marin/let-down-9a7101a71f0583ed.mp3"
"cedar","let down","let down","","","","","","37632","2.352","","public/audio/tts/library/cedar/let-down-9a7101a71f0583ed.mp3"
"marin","let drop a remark","let drop a remark","","","","","","32256","2.016","","public/audio/tts/library/marin/let-drop-a-remark-0d476127ece94ff7.mp3"
"cedar","let drop a remark","let drop a remark","","","","","","30720","1.92","","public/audio/tts/library/cedar/let-drop-a-remark-0d476127ece94ff7.mp3"
"marin","let fall","let fall","","","","","","23424","1.464","","public/audio/tts/library/marin/let-fall-0b3a91db04dd2c23.mp3"
"cedar","let fall","let fall","","","","","","28800","1.8","","public/audio/tts/library/cedar/let-fall-0b3a91db04dd2c23.mp3"
"marin","let go","let go","","","","","","15360","0.96","","public/audio/tts/library/marin/let-go-3ba2d65c2e930af2.mp3"
"cedar","let go","let go","","","","","","35328","2.208","","public/audio/tts/library/cedar/let-go-3ba2d65c2e930af2.mp3"
"marin","let go of...","let go of","","","","","","37632","2.352","","public/audio/tts/library/marin/let-go-of-6531986774759cd6.mp3"
"cedar","let go of...","let go of","","","","","","28032","1.752","","public/audio/tts/library/cedar/let-go-of-6531986774759cd6.mp3"
"marin","let in","let in","","","","","","27264","1.704","","public/audio/tts/library/marin/let-in-e249975c54616be2.mp3"
"cedar","let in","let in","","","","","","22656","1.416","","public/audio/tts/library/cedar/let-in-e249975c54616be2.mp3"
"marin","let into","let into","","","","","","25728","1.608","","public/audio/tts/library/marin/let-into-4566118c6dd12133.mp3"
"cedar","let into","let into","","","","","","19968","1.248","","public/audio/tts/library/cedar/let-into-4566118c6dd12133.mp3"
"marin","let off","let off","","","","","","21888","1.368","","public/audio/tts/library/marin/let-off-0edc941a4b634a4c.mp3"
"cedar","let off","let off","","","","","","28032","1.752","","public/audio/tts/library/cedar/let-off-0edc941a4b634a4c.mp3"
"marin","let on","let on","","","","","","19200","1.2","","public/audio/tts/library/marin/let-on-fd5e08f5dc4846a9.mp3"
"cedar","let on","let on","","","","","","30720","1.92","","public/audio/tts/library/cedar/let-on-fd5e08f5dc4846a9.mp3"
"marin","let out","let out","","","","","","19200","1.2","","public/audio/tts/library/marin/let-out-f081f77a8fa03799.mp3"
"cedar","let out","let out","","","","","","23424","1.464","","public/audio/tts/library/cedar/let-out-f081f77a8fa03799.mp3"
"marin","let up","let up","","","","","","19968","1.248","","public/audio/tts/library/marin/let-up-59c5be58307db3c1.mp3"
"cedar","let up","let up","","","","","","19968","1.248","","public/audio/tts/library/cedar/let-up-59c5be58307db3c1.mp3"
"marin","let up on","let up on","","","","","","23424","1.464","","public/audio/tts/library/marin/let-up-on-90b117b42082ded4.mp3"
"cedar","let up on","let up on","","","","","","26496","1.656","","public/audio/tts/library/cedar/let-up-on-90b117b42082ded4.mp3"
"marin","Let's go.","Let's go.","","","","","","24960","1.56","","public/audio/tts/library/marin/lets-go-03cfb7bfdd480ef9.mp3"
"cedar","Let's go.","Let's go.","","","","","","14592","0.912","","public/audio/tts/library/cedar/lets-go-03cfb7bfdd480ef9.mp3"
"marin","letter","letter","","","","","","12288","0.768","77","public/audio/tts/library/marin/letter-5f9f00f8c446e4bf.mp3"
"cedar","letter","letter","","","","","","13824","0.864","77","public/audio/tts/library/cedar/letter-5f9f00f8c446e4bf.mp3"
"marin","lettuce","lettuce","","","","","","24960","1.56","39","public/audio/tts/library/marin/lettuce-4e31d5723aafed26.mp3"
"cedar","lettuce","lettuce","","","","","","15360","0.96","39","public/audio/tts/library/cedar/lettuce-4e31d5723aafed26.mp3"
"marin","level","level","","","","","","15360","0.96","97","public/audio/tts/library/marin/level-1ee8d98a8c2f4131.mp3"
"cedar","level","level","","","","","","17664","1.104","97","public/audio/tts/library/cedar/level-1ee8d98a8c2f4131.mp3"
"marin","library","library","","","","","","25728","1.608","74","public/audio/tts/library/marin/library-b5e0dfe3c2b26956.mp3"
"cedar","library","library","","","","","","15360","0.96","74","public/audio/tts/library/cedar/library-b5e0dfe3c2b26956.mp3"
"marin","lick","lick","","","","","","24192","1.512","110","public/audio/tts/library/marin/lick-39a9808d4fb16a26.mp3"
"cedar","lick","lick","","","","","","19968","1.248","110","public/audio/tts/library/cedar/lick-39a9808d4fb16a26.mp3"
"marin","lid","lid","","","","","","12288","0.768","46","public/audio/tts/library/marin/lid-b09381e922e06428.mp3"
"cedar","lid","lid","","","","","","23424","1.464","46","public/audio/tts/library/cedar/lid-b09381e922e06428.mp3"
"marin","lie","lie","","","","","","21120","1.32","87","public/audio/tts/library/marin/lie-24b4d2157737e144.mp3"
"cedar","lie","lie","","","","","","19968","1.248","87","public/audio/tts/library/cedar/lie-24b4d2157737e144.mp3"
"marin","life","life","","","","","","22656","1.416","27","public/audio/tts/library/marin/life-b672b15e6b086a9b.mp3"
"cedar","life","life","","","","","","31488","1.968","27","public/audio/tts/library/cedar/life-b672b15e6b086a9b.mp3"
"marin","lift","lift","","","","","","16896","1.056","59","public/audio/tts/library/marin/lift-aa0dc1e125d9f431.mp3"
"cedar","lift","lift","","","","","","17664","1.104","59","public/audio/tts/library/cedar/lift-aa0dc1e125d9f431.mp3"
"marin","light","light","","","","","","21120","1.32","68","public/audio/tts/library/marin/light-00be490dace2ce95.mp3"
"cedar","light","light","","","","","","22656","1.416","68","public/audio/tts/library/cedar/light-00be490dace2ce95.mp3"
"marin","light up","light up","","","","","","19968","1.248","","public/audio/tts/library/marin/light-up-4041798a7a1b8226.mp3"
"cedar","light up","light up","","","","","","17664","1.104","","public/audio/tts/library/cedar/light-up-4041798a7a1b8226.mp3"
"marin","lightning","lightning","","","","","","23424","1.464","105","public/audio/tts/library/marin/lightning-ff5c62407a7685e6.mp3"
"cedar","lightning","lightning","","","","","","21888","1.368","105","public/audio/tts/library/cedar/lightning-ff5c62407a7685e6.mp3"
"marin","like","like","","","","","","15360","0.96","18|65|132","public/audio/tts/library/marin/like-172b36cab7a022ed.mp3"
"cedar","like","like","","","","","","12288","0.768","18|65|132","public/audio/tts/library/cedar/like-172b36cab7a022ed.mp3"
"marin","likely","likely","","","","","","17664","1.104","118","public/audio/tts/library/marin/likely-98c67b3831b680ec.mp3"
"cedar","likely","likely","","","","","","22656","1.416","118","public/audio/tts/library/cedar/likely-98c67b3831b680ec.mp3"
"marin","limit","limit","","","","","","21120","1.32","95","public/audio/tts/library/marin/limit-26cf4afeefce254d.mp3"
"cedar","limit","limit","","","","","","30720","1.92","95","public/audio/tts/library/cedar/limit-26cf4afeefce254d.mp3"
"marin","line","line","","","","","","23424","1.464","99","public/audio/tts/library/marin/line-c73b73af8851e9e9.mp3"
"cedar","line","line","","","","","","21888","1.368","99","public/audio/tts/library/cedar/line-c73b73af8851e9e9.mp3"
"marin","link","link","","","","","","22656","1.416","61","public/audio/tts/library/marin/link-cad2eabfd8aea39e.mp3"
"cedar","link","link","","","","","","19968","1.248","61","public/audio/tts/library/cedar/link-cad2eabfd8aea39e.mp3"
"marin","lion","lion","","","","","","33024","2.064","111","public/audio/tts/library/marin/lion-4f1c7bcec1b9120e.mp3"
"cedar","lion","lion","","","","","","17664","1.104","111","public/audio/tts/library/cedar/lion-4f1c7bcec1b9120e.mp3"
"marin","lip","lip","","","","","","15360","0.96","19","public/audio/tts/library/marin/lip-e29998d2eb3ea632.mp3"
"cedar","lip","lip","","","","","","13824","0.864","19","public/audio/tts/library/cedar/lip-e29998d2eb3ea632.mp3"
"marin","liquid","liquid","","","","","","19200","1.2","43","public/audio/tts/library/marin/liquid-ee93a250d2d9cce6.mp3"
"cedar","liquid","liquid","","","","","","19200","1.2","43","public/audio/tts/library/cedar/liquid-ee93a250d2d9cce6.mp3"
"marin","list","list","","","","","","16896","1.056","","public/audio/tts/library/marin/list-7fd09355f7901c0d.mp3"
"cedar","list","list","","","","","","16128","1.008","","public/audio/tts/library/cedar/list-7fd09355f7901c0d.mp3"
"marin","listen","listen","","","","","","16128","1.008","61","public/audio/tts/library/marin/listen-37f5c1a64cb7c3f8.mp3"
"cedar","listen","listen","","","","","","12288","0.768","61","public/audio/tts/library/cedar/listen-37f5c1a64cb7c3f8.mp3"
"marin","listen to music","listen to music","","","","","","40320","2.52","","public/audio/tts/library/marin/listen-to-music-88b90320e97dbeb1.mp3"
"cedar","listen to music","listen to music","","","","","","35328","2.208","","public/audio/tts/library/cedar/listen-to-music-88b90320e97dbeb1.mp3"
"marin","liter","liter","","","","","","13824","0.864","96","public/audio/tts/library/marin/liter-1aafe6e3fea58cb1.mp3"
"cedar","liter","liter","","","","","","14592","0.912","96","public/audio/tts/library/cedar/liter-1aafe6e3fea58cb1.mp3"
"marin","little","little","","","","","","17664","1.104","97|98|129","public/audio/tts/library/marin/little-5a50086464e4f7b2.mp3"
"cedar","little","little","","","","","","18432","1.152","97|98|129","public/audio/tts/library/cedar/little-5a50086464e4f7b2.mp3"
"marin","live","live","","","","","","24960","1.56","27","public/audio/tts/library/marin/live-8558cbf99ae5e3fc.mp3"
"cedar","live","live","","","","","","15360","0.96","27","public/audio/tts/library/cedar/live-8558cbf99ae5e3fc.mp3"
"marin","live on","live on","","","","","","25728","1.608","","public/audio/tts/library/marin/live-on-3c920813c7867a10.mp3"
"cedar","live on","live on","","","","","","24192","1.512","","public/audio/tts/library/cedar/live-on-3c920813c7867a10.mp3"
"marin","living room","living room","","","","","","26496","1.656","68","public/audio/tts/library/marin/living-room-6a95b31787bc9257.mp3"
"cedar","living room","living room","","","","","","24960","1.56","68","public/audio/tts/library/cedar/living-room-6a95b31787bc9257.mp3"
"marin","loaf","loaf","","","","","","31488","1.968","100","public/audio/tts/library/marin/loaf-f455832b604d189e.mp3"
"cedar","loaf","loaf","","","","","","23424","1.464","100","public/audio/tts/library/cedar/loaf-f455832b604d189e.mp3"
"marin","local","local","","","","","","12288","0.768","54","public/audio/tts/library/marin/local-efb83f2a277e9f49.mp3"
"cedar","local","local","","","","","","19200","1.2","54","public/audio/tts/library/cedar/local-efb83f2a277e9f49.mp3"
"marin","lock","lock","","","","","","16896","1.056","67","public/audio/tts/library/marin/lock-d8c9f2728aa278eb.mp3"
"cedar","lock","lock","","","","","","19200","1.2","67","public/audio/tts/library/cedar/lock-d8c9f2728aa278eb.mp3"
"marin","Locker","Locker","","","","","","16128","1.008","74","public/audio/tts/library/marin/locker-a71a40d5b854ef81.mp3"
"cedar","Locker","Locker","","","","","","21120","1.32","74","public/audio/tts/library/cedar/locker-a71a40d5b854ef81.mp3"
"marin","lonely","lonely","","","","","","18432","1.152","15","public/audio/tts/library/marin/lonely-a15c9fc4addf266a.mp3"
"cedar","lonely","lonely","","","","","","21120","1.32","15","public/audio/tts/library/cedar/lonely-a15c9fc4addf266a.mp3"
"marin","long","long","","","","","","16128","1.008","96","public/audio/tts/library/marin/long-bbdbb75b415ee9a4.mp3"
"cedar","long","long","","","","","","19968","1.248","96","public/audio/tts/library/cedar/long-bbdbb75b415ee9a4.mp3"
"marin","long face","long face","","","","","","28032","1.752","","public/audio/tts/library/marin/long-face-134bf2c58471ba17.mp3"
"cedar","long face","long face","","","","","","24960","1.56","","public/audio/tts/library/cedar/long-face-134bf2c58471ba17.mp3"
"marin","look","look","","","","","","19968","1.248","19","public/audio/tts/library/marin/look-1be6881a7c5813d7.mp3"
"cedar","look","look","","","","","","23424","1.464","19","public/audio/tts/library/cedar/look-1be6881a7c5813d7.mp3"
"marin","look about","look about","","","","","","27264","1.704","","public/audio/tts/library/marin/look-about-9c56fbd6c9cfe1f8.mp3"
"cedar","look about","look about","","","","","","25728","1.608","","public/audio/tts/library/cedar/look-about-9c56fbd6c9cfe1f8.mp3"
"marin","look after","look after","","","","","","26496","1.656","","public/audio/tts/library/marin/look-after-69aac6dff8229290.mp3"
"cedar","look after","look after","","","","","","26496","1.656","","public/audio/tts/library/cedar/look-after-69aac6dff8229290.mp3"
"marin","look around","look around","","","","","","21120","1.32","","public/audio/tts/library/marin/look-around-75801192b4e2ddd5.mp3"
"cedar","look around","look around","","","","","","22656","1.416","","public/audio/tts/library/cedar/look-around-75801192b4e2ddd5.mp3"
"marin","look as if ..","look as if","","","","","","24960","1.56","","public/audio/tts/library/marin/look-as-if-f28bf5ab544312cc.mp3"
"cedar","look as if ..","look as if","","","","","","36096","2.256","","public/audio/tts/library/cedar/look-as-if-f28bf5ab544312cc.mp3"
"marin","look at","look at","","","","","","16128","1.008","","public/audio/tts/library/marin/look-at-7282876d66d86633.mp3"
"cedar","look at","look at","","","","","","21120","1.32","","public/audio/tts/library/cedar/look-at-7282876d66d86633.mp3"
"marin","look back","look back","","","","","","24192","1.512","","public/audio/tts/library/marin/look-back-f93b8e559861f526.mp3"
"cedar","look back","look back","","","","","","21120","1.32","","public/audio/tts/library/cedar/look-back-f93b8e559861f526.mp3"
"marin","look down","look down","","","","","","22656","1.416","","public/audio/tts/library/marin/look-down-fef88e9c224ec1ec.mp3"
"cedar","look down","look down","","","","","","21120","1.32","","public/audio/tts/library/cedar/look-down-fef88e9c224ec1ec.mp3"
"marin","look down on","look down on","","","","","","27264","1.704","","public/audio/tts/library/marin/look-down-on-79325fba0b08ba6c.mp3"
"cedar","look down on","look down on","","","","","","25728","1.608","","public/audio/tts/library/cedar/look-down-on-79325fba0b08ba6c.mp3"
"marin","look down on / upon","look down on, or upon","","","","","","45696","2.856","","public/audio/tts/library/marin/look-down-on-upon-dc1bed14198528d7.mp3"
"cedar","look down on / upon","look down on, or upon","","","","","","37632","2.352","","public/audio/tts/library/cedar/look-down-on-upon-dc1bed14198528d7.mp3"
"marin","look for","look for","","","","","","21888","1.368","","public/audio/tts/library/marin/look-for-44db535cf30a9f25.mp3"
"cedar","look for","look for","","","","","","31488","1.968","","public/audio/tts/library/cedar/look-for-44db535cf30a9f25.mp3"
"marin","look for a job","look for a job","","","","","","37632","2.352","","public/audio/tts/library/marin/look-for-a-job-4d2fa4ed1ea1f15f.mp3"
"cedar","look for a job","look for a job","","","","","","30720","1.92","","public/audio/tts/library/cedar/look-for-a-job-4d2fa4ed1ea1f15f.mp3"
"marin","look forward to","look forward to","","","","","","24192","1.512","","public/audio/tts/library/marin/look-forward-to-04228d5000075f18.mp3"
"cedar","look forward to","look forward to","","","","","","34560","2.16","","public/audio/tts/library/cedar/look-forward-to-04228d5000075f18.mp3"
"marin","look in on人/at地方","look in on人, or at地方","","","","","","86400","5.4","","public/audio/tts/library/marin/look-in-on-at-f30a74dcc8d4fd3d.mp3"
"cedar","look in on人/at地方","look in on人, or at地方","","","","","","69120","4.32","","public/audio/tts/library/cedar/look-in-on-at-f30a74dcc8d4fd3d.mp3"
"marin","look into","look into","","","","","","21120","1.32","","public/audio/tts/library/marin/look-into-1c1ead347bdab218.mp3"
"cedar","look into","look into","","","","","","24960","1.56","","public/audio/tts/library/cedar/look-into-1c1ead347bdab218.mp3"
"marin","look like","look like","","","","","","22656","1.416","","public/audio/tts/library/marin/look-like-bdc9c71ad3836135.mp3"
"cedar","look like","look like","","","","","","19968","1.248","","public/audio/tts/library/cedar/look-like-bdc9c71ad3836135.mp3"
"marin","look on","look on","","","","","","22656","1.416","","public/audio/tts/library/marin/look-on-81838734aa8d4bff.mp3"
"cedar","look on","look on","","","","","","21888","1.368","","public/audio/tts/library/cedar/look-on-81838734aa8d4bff.mp3"
"marin","look on / upon","look on, or upon","","","","","","41856","2.616","","public/audio/tts/library/marin/look-on-upon-66e2fc97d8f3734a.mp3"
"cedar","look on / upon","look on, or upon","","","","","","39168","2.448","","public/audio/tts/library/cedar/look-on-upon-66e2fc97d8f3734a.mp3"
"marin","look out","look out","","","","","","16896","1.056","","public/audio/tts/library/marin/look-out-ae4054bc5627f517.mp3"
"cedar","look out","look out","","","","","","24192","1.512","","public/audio/tts/library/cedar/look-out-ae4054bc5627f517.mp3"
"marin","look over","look over","","","","","","24960","1.56","","public/audio/tts/library/marin/look-over-da5637aa07536dae.mp3"
"cedar","look over","look over","","","","","","42624","2.664","","public/audio/tts/library/cedar/look-over-da5637aa07536dae.mp3"
"marin","look through","look through","","","","","","41088","2.568","","public/audio/tts/library/marin/look-through-8bb588400ddb2d5c.mp3"
"cedar","look through","look through","","","","","","41856","2.616","","public/audio/tts/library/cedar/look-through-8bb588400ddb2d5c.mp3"
"marin","look to","look to","","","","","","15360","0.96","","public/audio/tts/library/marin/look-to-b0b334edc4749f8d.mp3"
"cedar","look to","look to","","","","","","19968","1.248","","public/audio/tts/library/cedar/look-to-b0b334edc4749f8d.mp3"
"marin","look up","look up","","","","","","34560","2.16","","public/audio/tts/library/marin/look-up-2c61c9ee9b66390f.mp3"
"cedar","look up","look up","","","","","","29568","1.848","","public/audio/tts/library/cedar/look-up-2c61c9ee9b66390f.mp3"
"marin","look up to","look up to","","","","","","24192","1.512","","public/audio/tts/library/marin/look-up-to-3b36aba1f9c2aa54.mp3"
"cedar","look up to","look up to","","","","","","26496","1.656","","public/audio/tts/library/cedar/look-up-to-3b36aba1f9c2aa54.mp3"
"marin","look up to ...","look up to","","","","","","24960","1.56","","public/audio/tts/library/marin/look-up-to-b26535d4fca9ee55.mp3"
"cedar","look up to ...","look up to","","","","","","33792","2.112","","public/audio/tts/library/cedar/look-up-to-b26535d4fca9ee55.mp3"
"marin","lose","lose","","","","","","17664","1.104","57","public/audio/tts/library/marin/lose-fff59642a998c9f9.mp3"
"cedar","lose","lose","","","","","","31488","1.968","57","public/audio/tts/library/cedar/lose-fff59642a998c9f9.mp3"
"marin","lose heart","lose heart","","","","","","28032","1.752","","public/audio/tts/library/marin/lose-heart-9f2b8e69c3fe9c42.mp3"
"cedar","lose heart","lose heart","","","","","","30720","1.92","","public/audio/tts/library/cedar/lose-heart-9f2b8e69c3fe9c42.mp3"
"marin","lose hold of...","lose hold of","","","","","","33024","2.064","","public/audio/tts/library/marin/lose-hold-of-7e0cba13df2ffc46.mp3"
"cedar","lose hold of...","lose hold of","","","","","","27264","1.704","","public/audio/tts/library/cedar/lose-hold-of-7e0cba13df2ffc46.mp3"
"marin","lose no time in + Ving","lose no time in Ving","","","","","","50688","3.168","","public/audio/tts/library/marin/lose-no-time-in-ving-b4b000a06e06d96d.mp3"
"cedar","lose no time in + Ving","lose no time in Ving","","","","","","49920","3.12","","public/audio/tts/library/cedar/lose-no-time-in-ving-b4b000a06e06d96d.mp3"
"marin","lose one's head","lose one's head","","","","","","37632","2.352","","public/audio/tts/library/marin/lose-ones-head-c77a40be6c3f44ec.mp3"
"cedar","lose one's head","lose one's head","","","","","","30720","1.92","","public/audio/tts/library/cedar/lose-ones-head-c77a40be6c3f44ec.mp3"
"marin","lose one's heart to ...","lose one's heart to","","","","","","37632","2.352","","public/audio/tts/library/marin/lose-ones-heart-to-3ceba5698e1f54cf.mp3"
"cedar","lose one's heart to ...","lose one's heart to","","","","","","40320","2.52","","public/audio/tts/library/cedar/lose-ones-heart-to-3ceba5698e1f54cf.mp3"
"marin","lose one's job","lose one's job","","","","","","28032","1.752","","public/audio/tts/library/marin/lose-ones-job-4355b2d0a65dd9e6.mp3"
"cedar","lose one's job","lose one's job","","","","","","25728","1.608","","public/audio/tts/library/cedar/lose-ones-job-4355b2d0a65dd9e6.mp3"
"marin","lose one's temper","lose one's temper","","","","","","38400","2.4","","public/audio/tts/library/marin/lose-ones-temper-7de218cd825e920a.mp3"
"cedar","lose one's temper","lose one's temper","","","","","","47232","2.952","","public/audio/tts/library/cedar/lose-ones-temper-7de218cd825e920a.mp3"
"marin","lose one's way","lose one's way","","","","","","28032","1.752","","public/audio/tts/library/marin/lose-ones-way-3f36c68a102746fb.mp3"
"cedar","lose one's way","lose one's way","","","","","","32256","2.016","","public/audio/tts/library/cedar/lose-ones-way-3f36c68a102746fb.mp3"
"marin","lose oneself in","lose oneself in","","","","","","30720","1.92","","public/audio/tts/library/marin/lose-oneself-in-9828234f87887cd5.mp3"
"cedar","lose oneself in","lose oneself in","","","","","","31488","1.968","","public/audio/tts/library/cedar/lose-oneself-in-9828234f87887cd5.mp3"
"marin","lose sight of ...","lose sight of","","","","","","37632","2.352","","public/audio/tts/library/marin/lose-sight-of-e98c39d27dadff3c.mp3"
"cedar","lose sight of ...","lose sight of","","","","","","28032","1.752","","public/audio/tts/library/cedar/lose-sight-of-e98c39d27dadff3c.mp3"
"marin","lose weight","lose weight","","","","","","24192","1.512","","public/audio/tts/library/marin/lose-weight-f179bb963bbf255f.mp3"
"cedar","lose weight","lose weight","","","","","","28800","1.8","","public/audio/tts/library/cedar/lose-weight-f179bb963bbf255f.mp3"
"marin","loser","loser","","","","","","19968","1.248","57","public/audio/tts/library/marin/loser-bea00ee556e18f5e.mp3"
"cedar","loser","loser","","","","","","24192","1.512","57","public/audio/tts/library/cedar/loser-bea00ee556e18f5e.mp3"
"marin","loud","loud","","","","","","35328","2.208","117","public/audio/tts/library/marin/loud-06f474afd773d690.mp3"
"cedar","loud","loud","","","","","","16896","1.056","117","public/audio/tts/library/cedar/loud-06f474afd773d690.mp3"
"marin","love","love","","","","","","24960","1.56","22","public/audio/tts/library/marin/love-6e6ed938298daf79.mp3"
"cedar","love","love","","","","","","17664","1.104","22","public/audio/tts/library/cedar/love-6e6ed938298daf79.mp3"
"marin","lovely","lovely","","","","","","14592","0.912","28","public/audio/tts/library/marin/lovely-ba22bae4d286f37a.mp3"
"cedar","lovely","lovely","","","","","","17664","1.104","28","public/audio/tts/library/cedar/lovely-ba22bae4d286f37a.mp3"
"marin","low","low","","","","","","18432","1.152","97","public/audio/tts/library/marin/low-5b22adcd5be685dd.mp3"
"cedar","low","low","","","","","","19200","1.2","97","public/audio/tts/library/cedar/low-5b22adcd5be685dd.mp3"
"marin","lucky","lucky","","","","","","16896","1.056","24","public/audio/tts/library/marin/lucky-a82e0153014898dc.mp3"
"cedar","lucky","lucky","","","","","","27264","1.704","24","public/audio/tts/library/cedar/lucky-a82e0153014898dc.mp3"
"marin","Lucky you.","Lucky you.","","","","","","28032","1.752","","public/audio/tts/library/marin/lucky-you-ed4458391a545fa7.mp3"
"cedar","Lucky you.","Lucky you.","","","","","","19200","1.2","","public/audio/tts/library/cedar/lucky-you-ed4458391a545fa7.mp3"
"marin","lunch","lunch","","","","","","23424","1.464","41","public/audio/tts/library/marin/lunch-75b3d1dbb52111e0.mp3"
"cedar","lunch","lunch","","","","","","19200","1.2","41","public/audio/tts/library/cedar/lunch-75b3d1dbb52111e0.mp3"
"marin","ma'am","ma'am","","","","","","13056","0.816","3","public/audio/tts/library/marin/maam-d5e1ec95b17a27c5.mp3"
"cedar","ma'am","ma'am","","","","","","16896","1.056","3","public/audio/tts/library/cedar/maam-d5e1ec95b17a27c5.mp3"
"marin","machine","machine","","","","","","19200","1.2","61","public/audio/tts/library/marin/machine-8a12478d3f3301f0.mp3"
"cedar","machine","machine","","","","","","18432","1.152","61","public/audio/tts/library/cedar/machine-8a12478d3f3301f0.mp3"
"marin","mad","mad","","","","","","18432","1.152","15","public/audio/tts/library/marin/mad-581cee5cba070b75.mp3"
"cedar","mad","mad","","","","","","16896","1.056","15","public/audio/tts/library/cedar/mad-581cee5cba070b75.mp3"
"marin","magazine","magazine","","","","","","19200","1.2","55","public/audio/tts/library/marin/magazine-6cb6ca4d4921b0bf.mp3"
"cedar","magazine","magazine","","","","","","25728","1.608","55","public/audio/tts/library/cedar/magazine-6cb6ca4d4921b0bf.mp3"
"marin","magic","magic","","","","","","18432","1.152","4","public/audio/tts/library/marin/magic-3030ce6423e63c18.mp3"
"cedar","magic","magic","","","","","","16128","1.008","4","public/audio/tts/library/cedar/magic-3030ce6423e63c18.mp3"
"marin","magician","magician","","","","","","19200","1.2","4","public/audio/tts/library/marin/magician-ee2e3259379a5933.mp3"
"cedar","magician","magician","","","","","","15360","0.96","4","public/audio/tts/library/cedar/magician-ee2e3259379a5933.mp3"
"marin","mail","mail","","","","","","13056","0.816","7","public/audio/tts/library/marin/mail-1fa29985befabc26.mp3"
"cedar","mail","mail","","","","","","26496","1.656","7","public/audio/tts/library/cedar/mail-1fa29985befabc26.mp3"
"marin","mailman","mailman","","","","","","19200","1.2","7","public/audio/tts/library/marin/mailman-706586481a6ed1e3.mp3"
"cedar","mailman","mailman","","","","","","28032","1.752","7","public/audio/tts/library/cedar/mailman-706586481a6ed1e3.mp3"
"marin","mailman (mail carrier)","mailman. Or, mail carrier.","","","","","","43392","2.712","","public/audio/tts/library/marin/mailman-mail-carrier-f593210c32fcb8f7.mp3"
"cedar","mailman (mail carrier)","mailman. Or, mail carrier.","","","","","","48000","3","","public/audio/tts/library/cedar/mailman-mail-carrier-f593210c32fcb8f7.mp3"
"marin","main","main","","","","","","28032","1.752","42","public/audio/tts/library/marin/main-6403203dd5a0867e.mp3"
"cedar","main","main","","","","","","18432","1.152","42","public/audio/tts/library/cedar/main-6403203dd5a0867e.mp3"
"marin","major","major","","","","","","23424","1.464","5|74","public/audio/tts/library/marin/major-9a538b453014bbd8.mp3"
"cedar","major","major","","","","","","16896","1.056","5|74","public/audio/tts/library/cedar/major-9a538b453014bbd8.mp3"
"marin","make a difference","make a difference","","","","","","29568","1.848","","public/audio/tts/library/marin/make-a-difference-075cbffb8d4104e7.mp3"
"cedar","make a difference","make a difference","","","","","","21120","1.32","","public/audio/tts/library/cedar/make-a-difference-075cbffb8d4104e7.mp3"
"marin","make a fire","make a fire","","","","","","22656","1.416","","public/audio/tts/library/marin/make-a-fire-6c92ac5937725516.mp3"
"cedar","make a fire","make a fire","","","","","","37632","2.352","","public/audio/tts/library/cedar/make-a-fire-6c92ac5937725516.mp3"
"marin","make a fool of..","make a fool of","","","","","","33024","2.064","","public/audio/tts/library/marin/make-a-fool-of-129e60b01743bb9e.mp3"
"cedar","make a fool of..","make a fool of","","","","","","29568","1.848","","public/audio/tts/library/cedar/make-a-fool-of-129e60b01743bb9e.mp3"
"marin","make a habit","make a habit","","","","","","22656","1.416","","public/audio/tts/library/marin/make-a-habit-b59465fb5db94a48.mp3"
"cedar","make a habit","make a habit","","","","","","26496","1.656","","public/audio/tts/library/cedar/make-a-habit-b59465fb5db94a48.mp3"
"marin","make a living","make a living","","","","","","26496","1.656","","public/audio/tts/library/marin/make-a-living-0d2d037192654459.mp3"
"cedar","make a living","make a living","","","","","","21120","1.32","","public/audio/tts/library/cedar/make-a-living-0d2d037192654459.mp3"
"marin","make a mistake","make a mistake","","","","","","24960","1.56","","public/audio/tts/library/marin/make-a-mistake-03ab4959e4bee6c4.mp3"
"cedar","make a mistake","make a mistake","","","","","","22656","1.416","","public/audio/tts/library/cedar/make-a-mistake-03ab4959e4bee6c4.mp3"
"marin","make a phone call","make a phone call","","","","","","29568","1.848","","public/audio/tts/library/marin/make-a-phone-call-a3270b34eefc819d.mp3"
"cedar","make a phone call","make a phone call","","","","","","21120","1.32","","public/audio/tts/library/cedar/make-a-phone-call-a3270b34eefc819d.mp3"
"marin","make a point of ..","make a point of","","","","","","33024","2.064","","public/audio/tts/library/marin/make-a-point-of-b2d3ebac4ca10564.mp3"
"cedar","make a point of ..","make a point of","","","","","","24192","1.512","","public/audio/tts/library/cedar/make-a-point-of-b2d3ebac4ca10564.mp3"
"marin","make away with","make away with","","","","","","41856","2.616","","public/audio/tts/library/marin/make-away-with-dab218298213f2d2.mp3"
"cedar","make away with","make away with","","","","","","24192","1.512","","public/audio/tts/library/cedar/make-away-with-dab218298213f2d2.mp3"
"marin","make believe","make believe","","","","","","26496","1.656","","public/audio/tts/library/marin/make-believe-c57e518f68dc49d4.mp3"
"cedar","make believe","make believe","","","","","","24960","1.56","","public/audio/tts/library/cedar/make-believe-c57e518f68dc49d4.mp3"
"marin","make breakfast","make breakfast","","","","","","24960","1.56","","public/audio/tts/library/marin/make-breakfast-c1baed1b8c24dc95.mp3"
"cedar","make breakfast","make breakfast","","","","","","22656","1.416","","public/audio/tts/library/cedar/make-breakfast-c1baed1b8c24dc95.mp3"
"marin","make","make","","","","","","12288","0.768","61","public/audio/tts/library/marin/make-c117ade9ea8a00ab.mp3"
"cedar","make","make","","","","","","18432","1.152","61","public/audio/tts/library/cedar/make-c117ade9ea8a00ab.mp3"
"marin","make ends meet","make ends meet","","","","","","27264","1.704","","public/audio/tts/library/marin/make-ends-meet-00844cb6180c5442.mp3"
"cedar","make ends meet","make ends meet","","","","","","29568","1.848","","public/audio/tts/library/cedar/make-ends-meet-00844cb6180c5442.mp3"
"marin","make for","make for","","","","","","28800","1.8","","public/audio/tts/library/marin/make-for-79d98d1045bd16e4.mp3"
"cedar","make for","make for","","","","","","34560","2.16","","public/audio/tts/library/cedar/make-for-79d98d1045bd16e4.mp3"
"marin","make friends","make friends","","","","","","27264","1.704","","public/audio/tts/library/marin/make-friends-3bc61400246682a6.mp3"
"cedar","make friends","make friends","","","","","","24960","1.56","","public/audio/tts/library/cedar/make-friends-3bc61400246682a6.mp3"
"marin","make fun of","make fun of","","","","","","28800","1.8","","public/audio/tts/library/marin/make-fun-of-52df28175aa14fab.mp3"
"cedar","make fun of","make fun of","","","","","","22656","1.416","","public/audio/tts/library/cedar/make-fun-of-52df28175aa14fab.mp3"
"marin","make fun of ...","make fun of","","","","","","29568","1.848","","public/audio/tts/library/marin/make-fun-of-68711066e62ba806.mp3"
"cedar","make fun of ...","make fun of","","","","","","21888","1.368","","public/audio/tts/library/cedar/make-fun-of-68711066e62ba806.mp3"
"marin","make good","make good","","","","","","24960","1.56","","public/audio/tts/library/marin/make-good-2a374d16a69505bc.mp3"
"cedar","make good","make good","","","","","","21120","1.32","","public/audio/tts/library/cedar/make-good-2a374d16a69505bc.mp3"
"marin","make it","make it","","","","","","15360","0.96","","public/audio/tts/library/marin/make-it-1002bd13a11814f1.mp3"
"cedar","make it","make it","","","","","","16896","1.056","","public/audio/tts/library/cedar/make-it-1002bd13a11814f1.mp3"
"marin","make money","make money","","","","","","21888","1.368","","public/audio/tts/library/marin/make-money-b4c3c977e7e99b8c.mp3"
"cedar","make money","make money","","","","","","25728","1.608","","public/audio/tts/library/cedar/make-money-b4c3c977e7e99b8c.mp3"
"marin","make noise","make noise","","","","","","29568","1.848","","public/audio/tts/library/marin/make-noise-ddc7a5f762a38034.mp3"
"cedar","make noise","make noise","","","","","","24192","1.512","","public/audio/tts/library/cedar/make-noise-ddc7a5f762a38034.mp3"
"marin","make out","make out","","","","","","23424","1.464","","public/audio/tts/library/marin/make-out-17c83da5bb156254.mp3"
"cedar","make out","make out","","","","","","23424","1.464","","public/audio/tts/library/cedar/make-out-17c83da5bb156254.mp3"
"marin","make over","make over","","","","","","28032","1.752","","public/audio/tts/library/marin/make-over-bbb5f64b6de02356.mp3"
"cedar","make over","make over","","","","","","26496","1.656","","public/audio/tts/library/cedar/make-over-bbb5f64b6de02356.mp3"
"marin","make progress","make progress","","","","","","30720","1.92","","public/audio/tts/library/marin/make-progress-1821b93deb1cbf30.mp3"
"cedar","make progress","make progress","","","","","","34560","2.16","","public/audio/tts/library/cedar/make-progress-1821b93deb1cbf30.mp3"
"marin","make room for ...","make room for","","","","","","34560","2.16","","public/audio/tts/library/marin/make-room-for-cdb67da2a7911f9b.mp3"
"cedar","make room for ...","make room for","","","","","","26496","1.656","","public/audio/tts/library/cedar/make-room-for-cdb67da2a7911f9b.mp3"
"marin","make sure","make sure","","","","","","19968","1.248","","public/audio/tts/library/marin/make-sure-9c599dfa5a948c4e.mp3"
"cedar","make sure","make sure","","","","","","23424","1.464","","public/audio/tts/library/cedar/make-sure-9c599dfa5a948c4e.mp3"
"marin","make the bed","make the bed","","","","","","19200","1.2","","public/audio/tts/library/marin/make-the-bed-543931ab72da8ccf.mp3"
"cedar","make the bed","make the bed","","","","","","24192","1.512","","public/audio/tts/library/cedar/make-the-bed-543931ab72da8ccf.mp3"
"marin","make the best of","make the best of","","","","","","28800","1.8","","public/audio/tts/library/marin/make-the-best-of-64b6a326027901fa.mp3"
"cedar","make the best of","make the best of","","","","","","24192","1.512","","public/audio/tts/library/cedar/make-the-best-of-64b6a326027901fa.mp3"
"marin","make trouble","make trouble","","","","","","19968","1.248","","public/audio/tts/library/marin/make-trouble-59dc81a1de110781.mp3"
"cedar","make trouble","make trouble","","","","","","25728","1.608","","public/audio/tts/library/cedar/make-trouble-59dc81a1de110781.mp3"
"marin","make up","make up","","","","","","22656","1.416","","public/audio/tts/library/marin/make-up-d10de674c2ce3e5a.mp3"
"cedar","make up","make up","","","","","","21888","1.368","","public/audio/tts/library/cedar/make-up-d10de674c2ce3e5a.mp3"
"marin","make up for","make up for","","","","","","24960","1.56","","public/audio/tts/library/marin/make-up-for-ad6cf9cacc409130.mp3"
"cedar","make up for","make up for","","","","","","32256","2.016","","public/audio/tts/library/cedar/make-up-for-ad6cf9cacc409130.mp3"
"marin","make up one's mind","make up one's mind","","","","","","26496","1.656","","public/audio/tts/library/marin/make-up-ones-mind-feb873a65960334c.mp3"
"cedar","make up one's mind","make up one's mind","","","","","","32256","2.016","","public/audio/tts/library/cedar/make-up-ones-mind-feb873a65960334c.mp3"
"marin","make up with ...","make up with","","","","","","28800","1.8","","public/audio/tts/library/marin/make-up-with-6293fdb939886e46.mp3"
"cedar","make up with ...","make up with","","","","","","25728","1.608","","public/audio/tts/library/cedar/make-up-with-6293fdb939886e46.mp3"
"marin","make use of ...","make use of","","","","","","24192","1.512","","public/audio/tts/library/marin/make-use-of-8e2e5a17ff493bf8.mp3"
"cedar","make use of ...","make use of","","","","","","24960","1.56","","public/audio/tts/library/cedar/make-use-of-8e2e5a17ff493bf8.mp3"
"marin","make use of","make use of","","","","","","29568","1.848","","public/audio/tts/library/marin/make-use-of-b991b407bb602393.mp3"
"cedar","make use of","make use of","","","","","","30720","1.92","","public/audio/tts/library/cedar/make-use-of-b991b407bb602393.mp3"
"marin","male","male","","","","","","15360","0.96","1","public/audio/tts/library/marin/male-762a7b05125b1b75.mp3"
"cedar","male","male","","","","","","18432","1.152","1","public/audio/tts/library/cedar/male-762a7b05125b1b75.mp3"
"marin","mall","mall","","","","","","17664","1.104","85","public/audio/tts/library/marin/mall-81b72a25c39046ed.mp3"
"cedar","mall","mall","","","","","","23424","1.464","85","public/audio/tts/library/cedar/mall-81b72a25c39046ed.mp3"
"marin","man","man","","","","","","12288","0.768","1","public/audio/tts/library/marin/man-83304d1598e1d186.mp3"
"cedar","man","man","","","","","","18432","1.152","1","public/audio/tts/library/cedar/man-83304d1598e1d186.mp3"
"marin","manager","manager","","","","","","16128","1.008","5","public/audio/tts/library/marin/manager-56379ff47fa29051.mp3"
"cedar","manager","manager","","","","","","19200","1.2","5","public/audio/tts/library/cedar/manager-56379ff47fa29051.mp3"
"marin","Mango","Mango","","","","","","15360","0.96","38","public/audio/tts/library/marin/mango-34b7e8138586fcd0.mp3"
"cedar","Mango","Mango","","","","","","18432","1.152","38","public/audio/tts/library/cedar/mango-34b7e8138586fcd0.mp3"
"marin","manner","manner","","","","","","16896","1.056","66","public/audio/tts/library/marin/manner-7271ce7bfad23bd3.mp3"
"cedar","manner","manner","","","","","","18432","1.152","66","public/audio/tts/library/cedar/manner-7271ce7bfad23bd3.mp3"
"marin","many","many","","","","","","16128","1.008","129","public/audio/tts/library/marin/many-6d0554a9ca79cccc.mp3"
"cedar","many","many","","","","","","18432","1.152","129","public/audio/tts/library/cedar/many-6d0554a9ca79cccc.mp3"
"marin","map","map","","","","","","15360","0.96","84","public/audio/tts/library/marin/map-9817b74faa734cd7.mp3"
"cedar","map","map","","","","","","13824","0.864","84","public/audio/tts/library/cedar/map-9817b74faa734cd7.mp3"
"marin","March","March","","","","","","14592","0.912","33","public/audio/tts/library/marin/march-69a612ebba6f5d56.mp3"
"cedar","March","March","","","","","","16128","1.008","33","public/audio/tts/library/cedar/march-69a612ebba6f5d56.mp3"
"marin","mark","mark","","","","","","14592","0.912","79","public/audio/tts/library/marin/mark-a69ec6b9225dccc2.mp3"
"cedar","mark","mark","","","","","","12288","0.768","79","public/audio/tts/library/cedar/mark-a69ec6b9225dccc2.mp3"
"marin","marker","marker","","","","","","16128","1.008","80","public/audio/tts/library/marin/marker-d4169ac586761c1e.mp3"
"cedar","marker","marker","","","","","","21120","1.32","80","public/audio/tts/library/cedar/marker-d4169ac586761c1e.mp3"
"marin","market","market","","","","","","13824","0.864","85","public/audio/tts/library/marin/market-24df5894769dc8df.mp3"
"cedar","market","market","","","","","","19968","1.248","85","public/audio/tts/library/cedar/market-24df5894769dc8df.mp3"
"marin","married","married","","","","","","21120","1.32","3|27","public/audio/tts/library/marin/married-c879e7bef473197a.mp3"
"cedar","married","married","","","","","","13824","0.864","3|27","public/audio/tts/library/cedar/married-c879e7bef473197a.mp3"
"marin","marry","marry","","","","","","17664","1.104","27","public/audio/tts/library/marin/marry-56e8ba68de8fb701.mp3"
"cedar","marry","marry","","","","","","19968","1.248","27","public/audio/tts/library/cedar/marry-56e8ba68de8fb701.mp3"
"marin","marvelous","marvelous","","","","","","21888","1.368","54","public/audio/tts/library/marin/marvelous-78adeabf1f17f13a.mp3"
"cedar","marvelous","marvelous","","","","","","22656","1.416","54","public/audio/tts/library/cedar/marvelous-78adeabf1f17f13a.mp3"
"marin","mask","mask","","","","","","24960","1.56","23|102","public/audio/tts/library/marin/mask-8d43afff4355a59d.mp3"
"cedar","mask","mask","","","","","","14592","0.912","23|102","public/audio/tts/library/cedar/mask-8d43afff4355a59d.mp3"
"marin","mass","mass","","","","","","24960","1.56","100","public/audio/tts/library/marin/mass-6dd32c34c9edcda6.mp3"
"cedar","mass","mass","","","","","","48000","3","100","public/audio/tts/library/cedar/mass-6dd32c34c9edcda6.mp3"
"marin","master","master","","","","","","19200","1.2","2","public/audio/tts/library/marin/master-9b3162498c21d7f9.mp3"
"cedar","master","master","","","","","","19968","1.248","2","public/audio/tts/library/cedar/master-9b3162498c21d7f9.mp3"
"marin","mat","mat","","","","","","13824","0.864","71","public/audio/tts/library/marin/mat-89075f24aacd15ed.mp3"
"cedar","mat","mat","","","","","","12288","0.768","71","public/audio/tts/library/cedar/mat-89075f24aacd15ed.mp3"
"marin","match","match","","","","","","16128","1.008","50","public/audio/tts/library/marin/match-40d3f08df962ecc6.mp3"
"cedar","match","match","","","","","","24960","1.56","50","public/audio/tts/library/cedar/match-40d3f08df962ecc6.mp3"
"marin","math","math","","","","","","25728","1.608","76","public/audio/tts/library/marin/math-b29a69399359a136.mp3"
"cedar","math","math","","","","","","19200","1.2","76","public/audio/tts/library/cedar/math-b29a69399359a136.mp3"
"marin","matter","matter","","","","","","13824","0.864","90","public/audio/tts/library/marin/matter-acbc154cdaa2d015.mp3"
"cedar","matter","matter","","","","","","14592","0.912","90","public/audio/tts/library/cedar/matter-acbc154cdaa2d015.mp3"
"marin","maximum","maximum","","","","","","18432","1.152","97","public/audio/tts/library/marin/maximum-5e0d0550fc60f069.mp3"
"cedar","maximum","maximum","","","","","","27264","1.704","97","public/audio/tts/library/cedar/maximum-5e0d0550fc60f069.mp3"
"marin","May","May","","","","","","16128","1.008","33|123","public/audio/tts/library/marin/may-537b2d12e10fb919.mp3"
"cedar","May","May","","","","","","25728","1.608","33|123","public/audio/tts/library/cedar/may-537b2d12e10fb919.mp3"
"marin","May I help you?","May I help you?","","","","","","21120","1.32","","public/audio/tts/library/marin/may-i-help-you-acbb35d41ff2d2c8.mp3"
"cedar","May I help you?","May I help you?","","","","","","21888","1.368","","public/audio/tts/library/cedar/may-i-help-you-acbb35d41ff2d2c8.mp3"
"marin","maybe","maybe","","","","","","19200","1.2","118","public/audio/tts/library/marin/maybe-ed243e40b833c834.mp3"
"cedar","maybe","maybe","","","","","","17664","1.104","118","public/audio/tts/library/cedar/maybe-ed243e40b833c834.mp3"
"marin","me","me","","","","","","16128","1.008","126","public/audio/tts/library/marin/me-355f5c09a49a179a.mp3"
"cedar","me","me","","","","","","21120","1.32","126","public/audio/tts/library/cedar/me-355f5c09a49a179a.mp3"
"marin","meal","meal","","","","","","22656","1.416","41","public/audio/tts/library/marin/meal-107f32ae4c1980cd.mp3"
"cedar","meal","meal","","","","","","18432","1.152","41","public/audio/tts/library/cedar/meal-107f32ae4c1980cd.mp3"
"marin","mean","mean","","","","","","15360","0.96","77","public/audio/tts/library/marin/mean-b3a816bd5cc470db.mp3"
"cedar","mean","mean","","","","","","15360","0.96","77","public/audio/tts/library/cedar/mean-b3a816bd5cc470db.mp3"
"marin","meaning","meaning","","","","","","14592","0.912","77","public/audio/tts/library/marin/meaning-537d7a0576620cac.mp3"
"cedar","meaning","meaning","","","","","","19968","1.248","77","public/audio/tts/library/cedar/meaning-537d7a0576620cac.mp3"
"marin","measure","measure","","","","","","15360","0.96","96","public/audio/tts/library/marin/measure-7f379cf3f69d0876.mp3"
"cedar","measure","measure","","","","","","22656","1.416","96","public/audio/tts/library/cedar/measure-7f379cf3f69d0876.mp3"
"marin","meat","meat","","","","","","15360","0.96","","public/audio/tts/library/marin/meat-9a0a5cad8b8992ed.mp3"
"cedar","meat","meat","","","","","","16128","1.008","","public/audio/tts/library/cedar/meat-9a0a5cad8b8992ed.mp3"
"marin","mechanic","mechanic","","","","","","27264","1.704","6","public/audio/tts/library/marin/mechanic-da32e82c29905e43.mp3"
"cedar","mechanic","mechanic","","","","","","17664","1.104","6","public/audio/tts/library/cedar/mechanic-da32e82c29905e43.mp3"
"marin","medicine","medicine","","","","","","17664","1.104","23","public/audio/tts/library/marin/medicine-5ecc1a9217be08cd.mp3"
"cedar","medicine","medicine","","","","","","18432","1.152","23","public/audio/tts/library/cedar/medicine-5ecc1a9217be08cd.mp3"
"marin","medium","medium","","","","","","19968","1.248","98","public/audio/tts/library/marin/medium-98330f6ff24a545a.mp3"
"cedar","medium","medium","","","","","","13056","0.816","98","public/audio/tts/library/cedar/medium-98330f6ff24a545a.mp3"
"marin","meet","meet","","","","","","13824","0.864","64","public/audio/tts/library/marin/meet-8ffb40d44ce5a8ba.mp3"
"cedar","meet","meet","","","","","","14592","0.912","64","public/audio/tts/library/cedar/meet-8ffb40d44ce5a8ba.mp3"
"marin","meet with","meet with","","","","","","22656","1.416","","public/audio/tts/library/marin/meet-with-f28c5e62ccb33fd9.mp3"
"cedar","meet with","meet with","","","","","","19968","1.248","","public/audio/tts/library/cedar/meet-with-f28c5e62ccb33fd9.mp3"
"marin","meeting","meeting","","","","","","17664","1.104","8","public/audio/tts/library/marin/meeting-0e797b06369432dd.mp3"
"cedar","meeting","meeting","","","","","","23424","1.464","8","public/audio/tts/library/cedar/meeting-0e797b06369432dd.mp3"
"marin","member","member","","","","","","13056","0.816","26","public/audio/tts/library/marin/member-9a630df58958568e.mp3"
"cedar","member","member","","","","","","15360","0.96","26","public/audio/tts/library/cedar/member-9a630df58958568e.mp3"
"marin","memory","memory","","","","","","15360","0.96","103","public/audio/tts/library/marin/memory-a6552a4630f9ba4a.mp3"
"cedar","memory","memory","","","","","","19200","1.2","103","public/audio/tts/library/cedar/memory-a6552a4630f9ba4a.mp3"
"marin","men's room","men's room","","","","","","26496","1.656","86","public/audio/tts/library/marin/mens-room-371a4497d2df0399.mp3"
"cedar","men's room","men's room","","","","","","24192","1.512","86","public/audio/tts/library/cedar/mens-room-371a4497d2df0399.mp3"
"marin","menu","menu","","","","","","16128","1.008","42","public/audio/tts/library/marin/menu-7e8a051c48ddd859.mp3"
"cedar","menu","menu","","","","","","19968","1.248","42","public/audio/tts/library/cedar/menu-7e8a051c48ddd859.mp3"
"marin","message","message","","","","","","22656","1.416","60","public/audio/tts/library/marin/message-00cf20e07aa9699f.mp3"
"cedar","message","message","","","","","","19200","1.2","60","public/audio/tts/library/cedar/message-00cf20e07aa9699f.mp3"
"marin","metal","metal","","","","","","28800","1.8","50","public/audio/tts/library/marin/metal-380844fc31d32213.mp3"
"cedar","metal","metal","","","","","","13824","0.864","50","public/audio/tts/library/cedar/metal-380844fc31d32213.mp3"
"marin","meter","meter","","","","","","19200","1.2","73|96","public/audio/tts/library/marin/meter-6711fdfb4920604f.mp3"
"cedar","meter","meter","","","","","","15360","0.96","73|96","public/audio/tts/library/cedar/meter-6711fdfb4920604f.mp3"
"marin","method","method","","","","","","21888","1.368","77","public/audio/tts/library/marin/method-9267048380ff1914.mp3"
"cedar","method","method","","","","","","16896","1.056","77","public/audio/tts/library/cedar/method-9267048380ff1914.mp3"
"marin","metro","metro","","","","","","16128","1.008","","public/audio/tts/library/marin/metro-354f312f47fda55b.mp3"
"cedar","metro","metro","","","","","","27264","1.704","","public/audio/tts/library/cedar/metro-354f312f47fda55b.mp3"
"marin","microwave","microwave","","","","","","32256","2.016","45|70","public/audio/tts/library/marin/microwave-d0af4d19be6c4949.mp3"
"cedar","microwave","microwave","","","","","","23424","1.464","45|70","public/audio/tts/library/cedar/microwave-d0af4d19be6c4949.mp3"
"marin","middle","middle","","","","","","18432","1.152","83","public/audio/tts/library/marin/middle-ae66b56de7f24640.mp3"
"cedar","middle","middle","","","","","","31488","1.968","83","public/audio/tts/library/cedar/middle-ae66b56de7f24640.mp3"
"marin","midnight","midnight","","","","","","23424","1.464","31","public/audio/tts/library/marin/midnight-efd5a0abdb096d02.mp3"
"cedar","midnight","midnight","","","","","","13056","0.816","31","public/audio/tts/library/cedar/midnight-efd5a0abdb096d02.mp3"
"marin","might","might","","","","","","21120","1.32","123","public/audio/tts/library/marin/might-e3f39a07e152f8d4.mp3"
"cedar","might","might","","","","","","18432","1.152","123","public/audio/tts/library/cedar/might-e3f39a07e152f8d4.mp3"
"marin","mile","mile","","","","","","19968","1.248","96","public/audio/tts/library/marin/mile-322ac9ce7b15d6d8.mp3"
"cedar","mile","mile","","","","","","21888","1.368","96","public/audio/tts/library/cedar/mile-322ac9ce7b15d6d8.mp3"
"marin","milk","milk","","","","","","16128","1.008","42","public/audio/tts/library/marin/milk-28b3e2baaf822711.mp3"
"cedar","milk","milk","","","","","","16896","1.056","42","public/audio/tts/library/cedar/milk-28b3e2baaf822711.mp3"
"marin","million","million","","","","","","16896","1.056","30","public/audio/tts/library/marin/million-5b89cca82773e637.mp3"
"cedar","million","million","","","","","","26496","1.656","30","public/audio/tts/library/cedar/million-5b89cca82773e637.mp3"
"marin","mind","mind","","","","","","16128","1.008","19","public/audio/tts/library/marin/mind-374e6716fc8bcf8d.mp3"
"cedar","mind","mind","","","","","","16896","1.056","19","public/audio/tts/library/cedar/mind-374e6716fc8bcf8d.mp3"
"marin","mine","mine","","","","","","15360","0.96","126","public/audio/tts/library/marin/mine-fcbc800db3f18670.mp3"
"cedar","mine","mine","","","","","","22656","1.416","126","public/audio/tts/library/cedar/mine-fcbc800db3f18670.mp3"
"marin","Minor","Minor","","","","","","19968","1.248","74","public/audio/tts/library/marin/minor-87eed31aa3e996ed.mp3"
"cedar","Minor","Minor","","","","","","21888","1.368","74","public/audio/tts/library/cedar/minor-87eed31aa3e996ed.mp3"
"marin","minus","minus","","","","","","25728","1.608","78","public/audio/tts/library/marin/minus-49abd56bed371ce0.mp3"
"cedar","minus","minus","","","","","","21888","1.368","78","public/audio/tts/library/cedar/minus-49abd56bed371ce0.mp3"
"marin","minute","minute","","","","","","14592","0.912","35","public/audio/tts/library/marin/minute-dc8dd25f22c934b0.mp3"
"cedar","minute","minute","","","","","","17664","1.104","35","public/audio/tts/library/cedar/minute-dc8dd25f22c934b0.mp3"
"marin","mirror","mirror","","","","","","22656","1.416","69","public/audio/tts/library/marin/mirror-4c4fc90b2605c6c4.mp3"
"cedar","mirror","mirror","","","","","","19200","1.2","69","public/audio/tts/library/cedar/mirror-4c4fc90b2605c6c4.mp3"
"marin","miss","miss","","","","","","13824","0.864","3|75","public/audio/tts/library/marin/miss-4285a18bdfa3bf80.mp3"
"cedar","miss","miss","","","","","","15360","0.96","3|75","public/audio/tts/library/cedar/miss-4285a18bdfa3bf80.mp3"
"marin","mistake","mistake","","","","","","15360","0.96","78","public/audio/tts/library/marin/mistake-ee938644f484525e.mp3"
"cedar","mistake","mistake","","","","","","30720","1.92","78","public/audio/tts/library/cedar/mistake-ee938644f484525e.mp3"
"marin","mix","mix","","","","","","16128","1.008","45","public/audio/tts/library/marin/mix-d25cf0977371d9f8.mp3"
"cedar","mix","mix","","","","","","19200","1.2","45","public/audio/tts/library/cedar/mix-d25cf0977371d9f8.mp3"
"marin","model","model","","","","","","23424","1.464","4","public/audio/tts/library/marin/model-98ad61a25e3683b6.mp3"
"cedar","model","model","","","","","","28800","1.8","4","public/audio/tts/library/cedar/model-98ad61a25e3683b6.mp3"
"marin","modern","modern","","","","","","23424","1.464","88","public/audio/tts/library/marin/modern-59932af361bcd10a.mp3"
"cedar","modern","modern","","","","","","16128","1.008","88","public/audio/tts/library/cedar/modern-59932af361bcd10a.mp3"
"marin","moment","moment","","","","","","19968","1.248","34","public/audio/tts/library/marin/moment-34383886f48a69a0.mp3"
"cedar","moment","moment","","","","","","17664","1.104","34","public/audio/tts/library/cedar/moment-34383886f48a69a0.mp3"
"marin","Monday","Monday","","","","","","15360","0.96","32","public/audio/tts/library/marin/monday-6021f1144fbb998c.mp3"
"cedar","Monday","Monday","","","","","","19968","1.248","32","public/audio/tts/library/cedar/monday-6021f1144fbb998c.mp3"
"marin","money","money","","","","","","19200","1.2","36","public/audio/tts/library/marin/money-bdd070e53aed91f9.mp3"
"cedar","money","money","","","","","","15360","0.96","36","public/audio/tts/library/cedar/money-bdd070e53aed91f9.mp3"
"marin","monkey","monkey","","","","","","11520","0.72","111","public/audio/tts/library/marin/monkey-5a6e48105fea75cc.mp3"
"cedar","monkey","monkey","","","","","","21120","1.32","111","public/audio/tts/library/cedar/monkey-5a6e48105fea75cc.mp3"
"marin","monster","monster","","","","","","24192","1.512","112","public/audio/tts/library/marin/monster-5830ec935d34d237.mp3"
"cedar","monster","monster","","","","","","15360","0.96","112","public/audio/tts/library/cedar/monster-5830ec935d34d237.mp3"
"marin","month","month","","","","","","19968","1.248","33","public/audio/tts/library/marin/month-b4a666ef7afa5db2.mp3"
"cedar","month","month","","","","","","21888","1.368","33","public/audio/tts/library/cedar/month-b4a666ef7afa5db2.mp3"
"marin","moon","moon","","","","","","12288","0.768","106","public/audio/tts/library/marin/moon-c82a40c8ec36e855.mp3"
"cedar","moon","moon","","","","","","15360","0.96","106","public/audio/tts/library/cedar/moon-c82a40c8ec36e855.mp3"
"marin","Moon Festival","Moon Festival","","","","","","22656","1.416","101","public/audio/tts/library/marin/moon-festival-b6a751fff85dda6b.mp3"
"cedar","Moon Festival","Moon Festival","","","","","","21888","1.368","101","public/audio/tts/library/cedar/moon-festival-b6a751fff85dda6b.mp3"
"marin","mop","mop","","","","","","21120","1.32","72","public/audio/tts/library/marin/mop-e32d33ff0d5b43da.mp3"
"cedar","mop","mop","","","","","","13824","0.864","72","public/audio/tts/library/cedar/mop-e32d33ff0d5b43da.mp3"
"marin","mop the floor","mop the floor","","","","","","21888","1.368","","public/audio/tts/library/marin/mop-the-floor-c98336bbd88fc1bd.mp3"
"cedar","mop the floor","mop the floor","","","","","","22656","1.416","","public/audio/tts/library/cedar/mop-the-floor-c98336bbd88fc1bd.mp3"
"marin","more","more","","","","","","21120","1.32","25","public/audio/tts/library/marin/more-2396099c6c084fa4.mp3"
"cedar","more","more","","","","","","13056","0.816","25","public/audio/tts/library/cedar/more-2396099c6c084fa4.mp3"
"marin","morning","morning","","","","","","16128","1.008","31","public/audio/tts/library/marin/morning-cf2dc6eca2f024d9.mp3"
"cedar","morning","morning","","","","","","23424","1.464","31","public/audio/tts/library/cedar/morning-cf2dc6eca2f024d9.mp3"
"marin","mosquito","mosquito","","","","","","18432","1.152","113","public/audio/tts/library/marin/mosquito-e0752179d310546e.mp3"
"cedar","mosquito","mosquito","","","","","","17664","1.104","113","public/audio/tts/library/cedar/mosquito-e0752179d310546e.mp3"
"marin","most","most","","","","","","19200","1.2","128","public/audio/tts/library/marin/most-da0e5f934d8b2a43.mp3"
"cedar","most","most","","","","","","18432","1.152","128","public/audio/tts/library/cedar/most-da0e5f934d8b2a43.mp3"
"marin","mother","mother","","","","","","17664","1.104","26","public/audio/tts/library/marin/mother-cd9fa2a62882db4c.mp3"
"cedar","mother","mother","","","","","","18432","1.152","26","public/audio/tts/library/cedar/mother-cd9fa2a62882db4c.mp3"
"marin","Mother's Day","Mother's Day","","","","","","23424","1.464","101","public/audio/tts/library/marin/mothers-day-73cf42fc3d907c0d.mp3"
"cedar","Mother's Day","Mother's Day","","","","","","36864","2.304","101","public/audio/tts/library/cedar/mothers-day-73cf42fc3d907c0d.mp3"
"marin","motion","motion","","","","","","23424","1.464","84","public/audio/tts/library/marin/motion-13d453bdb82f0488.mp3"
"cedar","motion","motion","","","","","","13824","0.864","84","public/audio/tts/library/cedar/motion-13d453bdb82f0488.mp3"
"marin","motorcycle","motorcycle","","","","","","21120","1.32","92","public/audio/tts/library/marin/motorcycle-d642ecfa965e38f1.mp3"
"cedar","motorcycle","motorcycle","","","","","","27264","1.704","92","public/audio/tts/library/cedar/motorcycle-d642ecfa965e38f1.mp3"
"marin","mountain","mountain","","","","","","16128","1.008","108","public/audio/tts/library/marin/mountain-ab23caa8402326b3.mp3"
"cedar","mountain","mountain","","","","","","24192","1.512","108","public/audio/tts/library/cedar/mountain-ab23caa8402326b3.mp3"
"marin","mouse","mouse","","","","","","16896","1.056","110","public/audio/tts/library/marin/mouse-16203db1746df7f0.mp3"
"cedar","mouse","mouse","","","","","","16128","1.008","110","public/audio/tts/library/cedar/mouse-16203db1746df7f0.mp3"
"marin","mouth","mouth","","","","","","19200","1.2","19","public/audio/tts/library/marin/mouth-b75346f82b7a4e39.mp3"
"cedar","mouth","mouth","","","","","","16896","1.056","19","public/audio/tts/library/cedar/mouth-b75346f82b7a4e39.mp3"
"marin","move away / to...","move away. Or, move to somewhere.","","","","","","49920","3.12","","public/audio/tts/library/marin/move-away-to-0bb5037cb8cd5f3b.mp3"
"cedar","move away / to...","move away. Or, move to somewhere.","","","","","","56832","3.552","","public/audio/tts/library/cedar/move-away-to-0bb5037cb8cd5f3b.mp3"
"marin","move","move","","","","","","48000","3","114","public/audio/tts/library/marin/move-c366d780a7cee327.mp3"
"cedar","move","move","","","","","","22656","1.416","114","public/audio/tts/library/cedar/move-c366d780a7cee327.mp3"
"marin","movement","movement","","","","","","17664","1.104","84|114","public/audio/tts/library/marin/movement-673b3bfcf0f71427.mp3"
"cedar","movement","movement","","","","","","16896","1.056","84|114","public/audio/tts/library/cedar/movement-673b3bfcf0f71427.mp3"
"marin","movie","movie","","","","","","15360","0.96","55","public/audio/tts/library/marin/movie-7811fa646c1db721.mp3"
"cedar","movie","movie","","","","","","17664","1.104","55","public/audio/tts/library/cedar/movie-7811fa646c1db721.mp3"
"marin","Mr.","Mr.","","","","","","17664","1.104","3","public/audio/tts/library/marin/mr-01fbcddf419b79a8.mp3"
"cedar","Mr.","Mr.","","","","","","18432","1.152","3","public/audio/tts/library/cedar/mr-01fbcddf419b79a8.mp3"
"marin","Mrs.","Mrs.","","","","","","15360","0.96","3","public/audio/tts/library/marin/mrs-a2cc9201a5b5e9d1.mp3"
"cedar","Mrs.","Mrs.","","","","","","22656","1.416","3","public/audio/tts/library/cedar/mrs-a2cc9201a5b5e9d1.mp3"
"marin","MRT","MRT","","","","","","25728","1.608","91","public/audio/tts/library/marin/mrt-4b573d609151219f.mp3"
"cedar","MRT","MRT","","","","","","24960","1.56","91","public/audio/tts/library/cedar/mrt-4b573d609151219f.mp3"
"marin","Ms.","Ms.","","","","","","19200","1.2","3","public/audio/tts/library/marin/ms-56aa9a7ba9eb01b1.mp3"
"cedar","Ms.","Ms.","","","","","","28032","1.752","3","public/audio/tts/library/cedar/ms-56aa9a7ba9eb01b1.mp3"
"marin","much","much","","","","","","24960","1.56","129","public/audio/tts/library/marin/much-81ca1a468fb5575b.mp3"
"cedar","much","much","","","","","","16128","1.008","129","public/audio/tts/library/cedar/much-81ca1a468fb5575b.mp3"
"marin","mud","mud","","","","","","13824","0.864","106","public/audio/tts/library/marin/mud-164d563e669b2088.mp3"
"cedar","mud","mud","","","","","","19200","1.2","106","public/audio/tts/library/cedar/mud-164d563e669b2088.mp3"
"marin","museum","museum","","","","","","24960","1.56","86","public/audio/tts/library/marin/museum-4b0caca29097c1b7.mp3"
"cedar","museum","museum","","","","","","17664","1.104","86","public/audio/tts/library/cedar/museum-4b0caca29097c1b7.mp3"
"marin","music","music","","","","","","16128","1.008","56","public/audio/tts/library/marin/music-d543a2f9ecb11611.mp3"
"cedar","music","music","","","","","","23424","1.464","56","public/audio/tts/library/cedar/music-d543a2f9ecb11611.mp3"
"marin","musician","musician","","","","","","33792","2.112","4","public/audio/tts/library/marin/musician-e90a9633dd9cb260.mp3"
"cedar","musician","musician","","","","","","16896","1.056","4","public/audio/tts/library/cedar/musician-e90a9633dd9cb260.mp3"
"marin","must","must","","","","","","22656","1.416","123","public/audio/tts/library/marin/must-542764f962e4ca7e.mp3"
"cedar","must","must","","","","","","13824","0.864","123","public/audio/tts/library/cedar/must-542764f962e4ca7e.mp3"
"marin","my","my","","","","","","18432","1.152","125","public/audio/tts/library/marin/my-25711c0cb6cec3e4.mp3"
"cedar","my","my","","","","","","32256","2.016","125","public/audio/tts/library/cedar/my-25711c0cb6cec3e4.mp3"
"marin","myself","myself","","","","","","16896","1.056","126","public/audio/tts/library/marin/myself-6164740d74c99169.mp3"
"cedar","myself","myself","","","","","","25728","1.608","126","public/audio/tts/library/cedar/myself-6164740d74c99169.mp3"
"marin","nail","nail","","","","","","19200","1.2","20","public/audio/tts/library/marin/nail-f739f0eac94eadf7.mp3"
"cedar","nail","nail","","","","","","13824","0.864","20","public/audio/tts/library/cedar/nail-f739f0eac94eadf7.mp3"
"marin","name","name","","","","","","12288","0.768","3","public/audio/tts/library/marin/name-f80b1fa820d95a87.mp3"
"cedar","name","name","","","","","","19200","1.2","3","public/audio/tts/library/cedar/name-f80b1fa820d95a87.mp3"
"marin","napkin","napkin","","","","","","15360","0.96","46","public/audio/tts/library/marin/napkin-4288cfcf2a226d88.mp3"
"cedar","napkin","napkin","","","","","","21888","1.368","46","public/audio/tts/library/cedar/napkin-4288cfcf2a226d88.mp3"
"marin","narrow","narrow","","","","","","17664","1.104","97","public/audio/tts/library/marin/narrow-42607e58fdc09b32.mp3"
"cedar","narrow","narrow","","","","","","22656","1.416","97","public/audio/tts/library/cedar/narrow-42607e58fdc09b32.mp3"
"marin","nation","nation","","","","","","19968","1.248","89","public/audio/tts/library/marin/nation-1bd8ebe7cd46d9fc.mp3"
"cedar","nation","nation","","","","","","19200","1.2","89","public/audio/tts/library/cedar/nation-1bd8ebe7cd46d9fc.mp3"
"marin","national","national","","","","","","19968","1.248","89","public/audio/tts/library/marin/national-d061531fe303b8e5.mp3"
"cedar","national","national","","","","","","14592","0.912","89","public/audio/tts/library/cedar/national-d061531fe303b8e5.mp3"
"marin","natural","natural","","","","","","22656","1.416","107","public/audio/tts/library/marin/natural-6e0a01ad9c35d722.mp3"
"cedar","natural","natural","","","","","","21888","1.368","107","public/audio/tts/library/cedar/natural-6e0a01ad9c35d722.mp3"
"marin","nature","nature","","","","","","16896","1.056","107","public/audio/tts/library/marin/nature-8b6d54df725db2e4.mp3"
"cedar","nature","nature","","","","","","21120","1.32","107","public/audio/tts/library/cedar/nature-8b6d54df725db2e4.mp3"
"marin","naughty","naughty","","","","","","18432","1.152","28","public/audio/tts/library/marin/naughty-0c613adbef61ece5.mp3"
"cedar","naughty","naughty","","","","","","24192","1.512","28","public/audio/tts/library/cedar/naughty-0c613adbef61ece5.mp3"
"marin","near/by","near, or by","","","","","","44928","2.808","130","public/audio/tts/library/marin/near-by-bd2822929a697bff.mp3"
"cedar","near/by","near, or by","","","","","","47232","2.952","130","public/audio/tts/library/cedar/near-by-bd2822929a697bff.mp3"
"marin","near","near","","","","","","16896","1.056","96","public/audio/tts/library/marin/near-f62df300790349eb.mp3"
"cedar","near","near","","","","","","13824","0.864","96","public/audio/tts/library/cedar/near-f62df300790349eb.mp3"
"marin","nearly","nearly","","","","","","13824","0.864","119","public/audio/tts/library/marin/nearly-3b974b73ef78d875.mp3"
"cedar","nearly","nearly","","","","","","19968","1.248","119","public/audio/tts/library/cedar/nearly-3b974b73ef78d875.mp3"
"marin","necessary","necessary","","","","","","27264","1.704","39","public/audio/tts/library/marin/necessary-22644cbe7b9616c8.mp3"
"cedar","necessary","necessary","","","","","","16896","1.056","39","public/audio/tts/library/cedar/necessary-22644cbe7b9616c8.mp3"
"marin","neck","neck","","","","","","13824","0.864","20","public/audio/tts/library/marin/neck-4009d24bc023c943.mp3"
"cedar","neck","neck","","","","","","18432","1.152","20","public/audio/tts/library/cedar/neck-4009d24bc023c943.mp3"
"marin","necklace","necklace","","","","","","16896","1.056","49","public/audio/tts/library/marin/necklace-04cf8b18796e92e7.mp3"
"cedar","necklace","necklace","","","","","","36864","2.304","49","public/audio/tts/library/cedar/necklace-04cf8b18796e92e7.mp3"
"marin","need","need","","","","","","18432","1.152","28","public/audio/tts/library/marin/need-8c39eda988887387.mp3"
"cedar","need","need","","","","","","13056","0.816","28","public/audio/tts/library/cedar/need-8c39eda988887387.mp3"
"marin","needle","needle","","","","","","16896","1.056","71","public/audio/tts/library/marin/needle-d29210777777dac0.mp3"
"cedar","needle","needle","","","","","","19968","1.248","71","public/audio/tts/library/cedar/needle-d29210777777dac0.mp3"
"marin","negative","negative","","","","","","23424","1.464","65","public/audio/tts/library/marin/negative-02412e3090f7e0d9.mp3"
"cedar","negative","negative","","","","","","37632","2.352","65","public/audio/tts/library/cedar/negative-02412e3090f7e0d9.mp3"
"marin","neighbor","neighbor","","","","","","17664","1.104","102","public/audio/tts/library/marin/neighbor-efada34372b0f05d.mp3"
"cedar","neighbor","neighbor","","","","","","24192","1.512","102","public/audio/tts/library/cedar/neighbor-efada34372b0f05d.mp3"
"marin","neither","neither","","","","","","13056","0.816","121","public/audio/tts/library/marin/neither-e0214f6cb60de64f.mp3"
"cedar","neither","neither","","","","","","22656","1.416","121","public/audio/tts/library/cedar/neither-e0214f6cb60de64f.mp3"
"marin","neither nor","neither nor","","","","","","26496","1.656","133","public/audio/tts/library/marin/neither-nor-ac0c8155871876a9.mp3"
"cedar","neither nor","neither nor","","","","","","24192","1.512","133","public/audio/tts/library/cedar/neither-nor-ac0c8155871876a9.mp3"
"marin","nephew","nephew","","","","","","13824","0.864","26","public/audio/tts/library/marin/nephew-06f1d4fc52155788.mp3"
"cedar","nephew","nephew","","","","","","21120","1.32","26","public/audio/tts/library/cedar/nephew-06f1d4fc52155788.mp3"
"marin","nervous","nervous","","","","","","18432","1.152","14","public/audio/tts/library/marin/nervous-44f8e80521fdc434.mp3"
"cedar","nervous","nervous","","","","","","36864","2.304","14","public/audio/tts/library/cedar/nervous-44f8e80521fdc434.mp3"
"marin","nest","nest","","","","","","15360","0.96","111","public/audio/tts/library/marin/nest-acb8eb4439749a54.mp3"
"cedar","nest","nest","","","","","","13824","0.864","111","public/audio/tts/library/cedar/nest-acb8eb4439749a54.mp3"
"marin","never","never","","","","","","37632","2.352","118","public/audio/tts/library/marin/never-5373c0498ffa7946.mp3"
"cedar","never","never","","","","","","16896","1.056","118","public/audio/tts/library/cedar/never-5373c0498ffa7946.mp3"
"marin","Never mind.","Never mind.","","","","","","21120","1.32","","public/audio/tts/library/marin/never-mind-2e636e7145067572.mp3"
"cedar","Never mind.","Never mind.","","","","","","21888","1.368","","public/audio/tts/library/cedar/never-mind-2e636e7145067572.mp3"
"marin","new","new","","","","","","13824","0.864","61","public/audio/tts/library/marin/new-7aa7a5359173d05b.mp3"
"cedar","new","new","","","","","","16128","1.008","61","public/audio/tts/library/cedar/new-7aa7a5359173d05b.mp3"
"marin","New Year's Day","New Year's Day","","","","","","35328","2.208","101","public/audio/tts/library/marin/new-years-day-7d411385fde05f57.mp3"
"cedar","New Year's Day","New Year's Day","","","","","","21888","1.368","101","public/audio/tts/library/cedar/new-years-day-7d411385fde05f57.mp3"
"marin","New Year's Eve","New Year's Eve","","","","","","41856","2.616","101","public/audio/tts/library/marin/new-years-eve-e1e5b4d130133c5c.mp3"
"cedar","New Year's Eve","New Year's Eve","","","","","","22656","1.416","101","public/audio/tts/library/cedar/new-years-eve-e1e5b4d130133c5c.mp3"
"marin","news","news","","","","","","27264","1.704","60","public/audio/tts/library/marin/news-76e57fdc52f3aea2.mp3"
"cedar","news","news","","","","","","24960","1.56","60","public/audio/tts/library/cedar/news-76e57fdc52f3aea2.mp3"
"marin","newspaper","newspaper","","","","","","18432","1.152","60","public/audio/tts/library/marin/newspaper-db6e57bf1c48415a.mp3"
"cedar","newspaper","newspaper","","","","","","24960","1.56","60","public/audio/tts/library/cedar/newspaper-db6e57bf1c48415a.mp3"
"marin","next","next","","","","","","16896","1.056","34","public/audio/tts/library/marin/next-8a0956311647187d.mp3"
"cedar","next","next","","","","","","19968","1.248","34","public/audio/tts/library/cedar/next-8a0956311647187d.mp3"
"marin","next door","next door","","","","","","25728","1.608","","public/audio/tts/library/marin/next-door-d01dcff0577e89e3.mp3"
"cedar","next door","next door","","","","","","19968","1.248","","public/audio/tts/library/cedar/next-door-d01dcff0577e89e3.mp3"
"marin","nice","nice","","","","","","30720","1.92","12","public/audio/tts/library/marin/nice-f63e68ac0bf052ae.mp3"
"cedar","nice","nice","","","","","","23424","1.464","12","public/audio/tts/library/cedar/nice-f63e68ac0bf052ae.mp3"
"marin","nice-looking","nice-looking","","","","","","25728","1.608","11","public/audio/tts/library/marin/nice-looking-4415c2b7a609f5b3.mp3"
"cedar","nice-looking","nice-looking","","","","","","47232","2.952","11","public/audio/tts/library/cedar/nice-looking-4415c2b7a609f5b3.mp3"
"marin","Nice to meet you.","Nice to meet you.","","","","","","27264","1.704","","public/audio/tts/library/marin/nice-to-meet-you-1ff6a645764a102a.mp3"
"cedar","Nice to meet you.","Nice to meet you.","","","","","","25728","1.608","","public/audio/tts/library/cedar/nice-to-meet-you-1ff6a645764a102a.mp3"
"marin","niece","niece","","","","","","24192","1.512","26","public/audio/tts/library/marin/niece-d152cd0a9250a434.mp3"
"cedar","niece","niece","","","","","","15360","0.96","26","public/audio/tts/library/cedar/niece-d152cd0a9250a434.mp3"
"marin","night","night","","","","","","22656","1.416","31","public/audio/tts/library/marin/night-2dcfeed8362a3553.mp3"
"cedar","night","night","","","","","","21888","1.368","31","public/audio/tts/library/cedar/night-2dcfeed8362a3553.mp3"
"marin","nine","nine","","","","","","49920","3.12","29","public/audio/tts/library/marin/nine-9257872a1fba9781.mp3"
"cedar","nine","nine","","","","","","17664","1.104","29","public/audio/tts/library/cedar/nine-9257872a1fba9781.mp3"
"marin","nineteen","nineteen","","","","","","18432","1.152","29","public/audio/tts/library/marin/nineteen-bf523ba755394ce7.mp3"
"cedar","nineteen","nineteen","","","","","","21120","1.32","29","public/audio/tts/library/cedar/nineteen-bf523ba755394ce7.mp3"
"marin","ninety","ninety","","","","","","15360","0.96","30","public/audio/tts/library/marin/ninety-9f03e8d3c2a46121.mp3"
"cedar","ninety","ninety","","","","","","12288","0.768","30","public/audio/tts/library/cedar/ninety-9f03e8d3c2a46121.mp3"
"marin","no","no","","","","","","25728","1.608","121","public/audio/tts/library/marin/no-564739ea8fa5926d.mp3"
"cedar","no","no","","","","","","18432","1.152","121","public/audio/tts/library/cedar/no-564739ea8fa5926d.mp3"
"marin","No big deal.","No big deal.","","","","","","21120","1.32","","public/audio/tts/library/marin/no-big-deal-bb814610fa903507.mp3"
"cedar","No big deal.","No big deal.","","","","","","23424","1.464","","public/audio/tts/library/cedar/no-big-deal-bb814610fa903507.mp3"
"marin","no longer","no longer","","","","","","21888","1.368","","public/audio/tts/library/marin/no-longer-36e56f4ce96a6c16.mp3"
"cedar","no longer","no longer","","","","","","19968","1.248","","public/audio/tts/library/cedar/no-longer-36e56f4ce96a6c16.mp3"
"marin","No news is good news.","No news is good news.","","","","","","52992","3.312","","public/audio/tts/library/marin/no-news-is-good-news-815770ea78274821.mp3"
"cedar","No news is good news.","No news is good news.","","","","","","40320","2.52","","public/audio/tts/library/cedar/no-news-is-good-news-815770ea78274821.mp3"
"marin","No problem.","No problem.","","","","","","27264","1.704","","public/audio/tts/library/marin/no-problem-012b17d8dfef6846.mp3"
"cedar","No problem.","No problem.","","","","","","17664","1.104","","public/audio/tts/library/cedar/no-problem-012b17d8dfef6846.mp3"
"marin","No way.","No way.","","","","","","30720","1.92","","public/audio/tts/library/marin/no-way-bac4aa84f5f20086.mp3"
"cedar","No way.","No way.","","","","","","21120","1.32","","public/audio/tts/library/cedar/no-way-bac4aa84f5f20086.mp3"
"marin","No wonder.","No wonder.","","","","","","29568","1.848","","public/audio/tts/library/marin/no-wonder-2e3835b99103cf33.mp3"
"cedar","No wonder.","No wonder.","","","","","","24960","1.56","","public/audio/tts/library/cedar/no-wonder-2e3835b99103cf33.mp3"
"marin","No worries.","No worries.","","","","","","18432","1.152","","public/audio/tts/library/marin/no-worries-64999f8265e0484e.mp3"
"cedar","No worries.","No worries.","","","","","","18432","1.152","","public/audio/tts/library/cedar/no-worries-64999f8265e0484e.mp3"
"marin","nobody","nobody","","","","","","19968","1.248","127","public/audio/tts/library/marin/nobody-4161b287516ae471.mp3"
"cedar","nobody","nobody","","","","","","21888","1.368","127","public/audio/tts/library/cedar/nobody-4161b287516ae471.mp3"
"marin","nod","nod","","","","","","13824","0.864","64","public/audio/tts/library/marin/nod-f943aea56ad7ffdd.mp3"
"cedar","nod","nod","","","","","","15360","0.96","64","public/audio/tts/library/cedar/nod-f943aea56ad7ffdd.mp3"
"marin","noise","noise","","","","","","28032","1.752","109","public/audio/tts/library/marin/noise-567b37fe7e3b26e1.mp3"
"cedar","noise","noise","","","","","","24192","1.512","109","public/audio/tts/library/cedar/noise-567b37fe7e3b26e1.mp3"
"marin","noisy","noisy","","","","","","23424","1.464","109","public/audio/tts/library/marin/noisy-a3661aeb2849373c.mp3"
"cedar","noisy","noisy","","","","","","28032","1.752","109","public/audio/tts/library/cedar/noisy-a3661aeb2849373c.mp3"
"marin","none","none","","","","","","24192","1.512","127","public/audio/tts/library/marin/none-fcf33dfbe13c2354.mp3"
"cedar","none","none","","","","","","17664","1.104","127","public/audio/tts/library/cedar/none-fcf33dfbe13c2354.mp3"
"marin","noodle","noodle","","","","","","14592","0.912","41","public/audio/tts/library/marin/noodle-6f04327d2ebeb9ca.mp3"
"cedar","noodle","noodle","","","","","","16128","1.008","41","public/audio/tts/library/cedar/noodle-6f04327d2ebeb9ca.mp3"
"marin","noon","noon","","","","","","25728","1.608","31","public/audio/tts/library/marin/noon-73f1443671fb7097.mp3"
"cedar","noon","noon","","","","","","37632","2.352","31","public/audio/tts/library/cedar/noon-73f1443671fb7097.mp3"
"marin","north","north","","","","","","15360","0.96","84","public/audio/tts/library/marin/north-0de53ab3c043ea1f.mp3"
"cedar","north","north","","","","","","19200","1.2","84","public/audio/tts/library/cedar/north-0de53ab3c043ea1f.mp3"
"marin","nose","nose","","","","","","21120","1.32","19","public/audio/tts/library/marin/nose-97eef64326687737.mp3"
"cedar","nose","nose","","","","","","19968","1.248","19","public/audio/tts/library/cedar/nose-97eef64326687737.mp3"
"marin","not at all","not at all","","","","","","43392","2.712","","public/audio/tts/library/marin/not-at-all-902cf4d96b517362.mp3"
"cedar","not at all","not at all","","","","","","24960","1.56","","public/audio/tts/library/cedar/not-at-all-902cf4d96b517362.mp3"
"marin","not","not","","","","","","15360","0.96","121","public/audio/tts/library/marin/not-dfb2a6b3ee002a7a.mp3"
"cedar","not","not","","","","","","13056","0.816","121","public/audio/tts/library/cedar/not-dfb2a6b3ee002a7a.mp3"
"marin","not yet","not yet","","","","","","22656","1.416","","public/audio/tts/library/marin/not-yet-936a86a654320aa5.mp3"
"cedar","not yet","not yet","","","","","","25728","1.608","","public/audio/tts/library/cedar/not-yet-936a86a654320aa5.mp3"
"marin","note","note","","","","","","13056","0.816","36|79","public/audio/tts/library/marin/note-389ed6887e49a315.mp3"
"cedar","note","note","","","","","","27264","1.704","36|79","public/audio/tts/library/cedar/note-389ed6887e49a315.mp3"
"marin","notebook","notebook","","","","","","16128","1.008","80","public/audio/tts/library/marin/notebook-d86d16645cd9862c.mp3"
"cedar","notebook","notebook","","","","","","16128","1.008","80","public/audio/tts/library/cedar/notebook-d86d16645cd9862c.mp3"
"marin","nothing","nothing","","","","","","19200","1.2","127","public/audio/tts/library/marin/nothing-72bc30bd85d75d05.mp3"
"cedar","nothing","nothing","","","","","","17664","1.104","127","public/audio/tts/library/cedar/nothing-72bc30bd85d75d05.mp3"
"marin","notice","notice","","","","","","18432","1.152","93","public/audio/tts/library/marin/notice-5de37b4c620461f2.mp3"
"cedar","notice","notice","","","","","","28032","1.752","93","public/audio/tts/library/cedar/notice-5de37b4c620461f2.mp3"
"marin","novel","novel","","","","","","18432","1.152","55","public/audio/tts/library/marin/novel-8f99a3defa32e181.mp3"
"cedar","novel","novel","","","","","","23424","1.464","55","public/audio/tts/library/cedar/novel-8f99a3defa32e181.mp3"
"marin","November","November","","","","","","21120","1.32","33","public/audio/tts/library/marin/november-a5bbea534a55d199.mp3"
"cedar","November","November","","","","","","28032","1.752","33","public/audio/tts/library/cedar/november-a5bbea534a55d199.mp3"
"marin","now","now","","","","","","16128","1.008","34","public/audio/tts/library/marin/now-4ebabbd77cf9141d.mp3"
"cedar","now","now","","","","","","36864","2.304","34","public/audio/tts/library/cedar/now-4ebabbd77cf9141d.mp3"
"marin","number","number","","","","","","41088","2.568","29","public/audio/tts/library/marin/number-6d6f1adcd1e1ef89.mp3"
"cedar","number","number","","","","","","16128","1.008","29","public/audio/tts/library/cedar/number-6d6f1adcd1e1ef89.mp3"
"marin","nurse","nurse","","","","","","22656","1.416","6","public/audio/tts/library/marin/nurse-7aca34120c884c87.mp3"
"cedar","nurse","nurse","","","","","","15360","0.96","6","public/audio/tts/library/cedar/nurse-7aca34120c884c87.mp3"
"marin","Nut","Nut","","","","","","13824","0.864","38","public/audio/tts/library/marin/nut-5a9977bb0b8653f1.mp3"
"cedar","Nut","Nut","","","","","","16128","1.008","38","public/audio/tts/library/cedar/nut-5a9977bb0b8653f1.mp3"
"marin","obey","obey","","","","","","19968","1.248","63","public/audio/tts/library/marin/obey-5dd10de1d988cf8f.mp3"
"cedar","obey","obey","","","","","","21120","1.32","63","public/audio/tts/library/cedar/obey-5dd10de1d988cf8f.mp3"
"marin","object","object. Object.","","","","","","32256","2.016","58","public/audio/tts/library/marin/object-e31cc977db5e4f1d.mp3"
"cedar","object","object. Object.","","","","","","31488","1.968","58","public/audio/tts/library/cedar/object-e31cc977db5e4f1d.mp3"
"marin","ocean","ocean","","","","","","16128","1.008","107","public/audio/tts/library/marin/ocean-f6372428d984206e.mp3"
"cedar","ocean","ocean","","","","","","17664","1.104","107","public/audio/tts/library/cedar/ocean-f6372428d984206e.mp3"
"marin","o'clock","o'clock","","","","","","32256","2.016","","public/audio/tts/library/marin/oclock-6c02ffff856f14a1.mp3"
"cedar","o'clock","o'clock","","","","","","13824","0.864","","public/audio/tts/library/cedar/oclock-6c02ffff856f14a1.mp3"
"marin","October","October","","","","","","19968","1.248","33","public/audio/tts/library/marin/october-719cecbf765f1523.mp3"
"cedar","October","October","","","","","","18432","1.152","33","public/audio/tts/library/cedar/october-719cecbf765f1523.mp3"
"marin","of","of","","","","","","12288","0.768","132","public/audio/tts/library/marin/of-8e648b887b7cea5e.mp3"
"cedar","of","of","","","","","","37632","2.352","132","public/audio/tts/library/cedar/of-8e648b887b7cea5e.mp3"
"marin","of all time","of all time","","","","","","34560","2.16","","public/audio/tts/library/marin/of-all-time-65cb9f20dc11456c.mp3"
"cedar","of all time","of all time","","","","","","24192","1.512","","public/audio/tts/library/cedar/of-all-time-65cb9f20dc11456c.mp3"
"marin","of course","of course","","","","","","25728","1.608","","public/audio/tts/library/marin/of-course-016be2a0e2d9e3a5.mp3"
"cedar","of course","of course","","","","","","31488","1.968","","public/audio/tts/library/cedar/of-course-016be2a0e2d9e3a5.mp3"
"marin","Of course / Of course not.","Of course. Or, of course not.","","","","","","47232","2.952","","public/audio/tts/library/marin/of-course-of-course-not-6ed2cddd2f1b9002.mp3"
"cedar","Of course / Of course not.","Of course. Or, of course not.","","","","","","44928","2.808","","public/audio/tts/library/cedar/of-course-of-course-not-6ed2cddd2f1b9002.mp3"
"marin","of importance","of importance","","","","","","27264","1.704","","public/audio/tts/library/marin/of-importance-bb68bb9c8df2e13d.mp3"
"cedar","of importance","of importance","","","","","","24960","1.56","","public/audio/tts/library/cedar/of-importance-bb68bb9c8df2e13d.mp3"
"marin","of use","of use","","","","","","25728","1.608","","public/audio/tts/library/marin/of-use-81336a5f05eb223d.mp3"
"cedar","of use","of use","","","","","","27264","1.704","","public/audio/tts/library/cedar/of-use-81336a5f05eb223d.mp3"
"marin","of value","of value","","","","","","28800","1.8","","public/audio/tts/library/marin/of-value-85c3977b95b0e26c.mp3"
"cedar","of value","of value","","","","","","26496","1.656","","public/audio/tts/library/cedar/of-value-85c3977b95b0e26c.mp3"
"marin","off","off","","","","","","15360","0.96","132","public/audio/tts/library/marin/off-b470b84cf0cd3189.mp3"
"cedar","off","off","","","","","","22656","1.416","132","public/audio/tts/library/cedar/off-b470b84cf0cd3189.mp3"
"marin","offer","offer","","","","","","10368","0.648","66","public/audio/tts/library/marin/offer-01ebe741943728ca.mp3"
"cedar","offer","offer","","","","","","23424","1.464","66","public/audio/tts/library/cedar/offer-01ebe741943728ca.mp3"
"marin","office","office","","","","","","21888","1.368","86","public/audio/tts/library/marin/office-9d36b4e7dafb80a1.mp3"
"cedar","office","office","","","","","","19200","1.2","86","public/audio/tts/library/cedar/office-9d36b4e7dafb80a1.mp3"
"marin","officer","officer","","","","","","21120","1.32","5","public/audio/tts/library/marin/officer-5e878eb48fa92b37.mp3"
"cedar","officer","officer","","","","","","16896","1.056","5","public/audio/tts/library/cedar/officer-5e878eb48fa92b37.mp3"
"marin","often","often","","","","","","16896","1.056","118","public/audio/tts/library/marin/often-8bf3beda50f522dd.mp3"
"cedar","often","often","","","","","","16896","1.056","118","public/audio/tts/library/cedar/often-8bf3beda50f522dd.mp3"
"marin","oil","oil","","","","","","15360","0.96","44","public/audio/tts/library/marin/oil-5c6c2446fe434e2f.mp3"
"cedar","oil","oil","","","","","","16896","1.056","44","public/audio/tts/library/cedar/oil-5c6c2446fe434e2f.mp3"
"marin","OK","OK","","","","","","14592","0.912","124","public/audio/tts/library/marin/ok-dc51b8c96c2d745d.mp3"
"cedar","OK","OK","","","","","","15360","0.96","124","public/audio/tts/library/cedar/ok-dc51b8c96c2d745d.mp3"
"marin","old","old","","","","","","17664","1.104","17","public/audio/tts/library/marin/old-01d09d19c2139a46.mp3"
"cedar","old","old","","","","","","21888","1.368","17","public/audio/tts/library/cedar/old-01d09d19c2139a46.mp3"
"marin","omit","omit","","","","","","16128","1.008","115","public/audio/tts/library/marin/omit-bd4eb6279df8ed37.mp3"
"cedar","omit","omit","","","","","","16896","1.056","115","public/audio/tts/library/cedar/omit-bd4eb6279df8ed37.mp3"
"marin","on a business trip","on a business trip","","","","","","45696","2.856","","public/audio/tts/library/marin/on-a-business-trip-226310fd8b688a9a.mp3"
"cedar","on a business trip","on a business trip","","","","","","30720","1.92","","public/audio/tts/library/cedar/on-a-business-trip-226310fd8b688a9a.mp3"
"marin","on a diet","on a diet","","","","","","23424","1.464","","public/audio/tts/library/marin/on-a-diet-bd976a99ff81c28b.mp3"
"cedar","on a diet","on a diet","","","","","","24192","1.512","","public/audio/tts/library/cedar/on-a-diet-bd976a99ff81c28b.mp3"
"marin","on account of","on account of","","","","","","44160","2.76","","public/audio/tts/library/marin/on-account-of-750f7fe43b37faea.mp3"
"cedar","on account of","on account of","","","","","","36096","2.256","","public/audio/tts/library/cedar/on-account-of-750f7fe43b37faea.mp3"
"marin","on average","on average","","","","","","28800","1.8","","public/audio/tts/library/marin/on-average-57594b406ac6a4a9.mp3"
"cedar","on average","on average","","","","","","26496","1.656","","public/audio/tts/library/cedar/on-average-57594b406ac6a4a9.mp3"
"marin","on","on","","","","","","19968","1.248","130|131","public/audio/tts/library/marin/on-b6ac5bc39377e44e.mp3"
"cedar","on","on","","","","","","15360","0.96","130|131","public/audio/tts/library/cedar/on-b6ac5bc39377e44e.mp3"
"marin","on behalf of","on behalf of","","","","","","29568","1.848","","public/audio/tts/library/marin/on-behalf-of-457dd94de3160be7.mp3"
"cedar","on behalf of","on behalf of","","","","","","35328","2.208","","public/audio/tts/library/cedar/on-behalf-of-457dd94de3160be7.mp3"
"marin","on condition that","on condition that","","","","","","28032","1.752","","public/audio/tts/library/marin/on-condition-that-6585815fa03ff256.mp3"
"cedar","on condition that","on condition that","","","","","","33792","2.112","","public/audio/tts/library/cedar/on-condition-that-6585815fa03ff256.mp3"
"marin","on duty","on duty","","","","","","21888","1.368","","public/audio/tts/library/marin/on-duty-706e6dad2815ba6e.mp3"
"cedar","on duty","on duty","","","","","","21120","1.32","","public/audio/tts/library/cedar/on-duty-706e6dad2815ba6e.mp3"
"marin","on fire","on fire","","","","","","24192","1.512","","public/audio/tts/library/marin/on-fire-ef318bd153bf3ace.mp3"
"cedar","on fire","on fire","","","","","","30720","1.92","","public/audio/tts/library/cedar/on-fire-ef318bd153bf3ace.mp3"
"marin","on foot","on foot","","","","","","24960","1.56","","public/audio/tts/library/marin/on-foot-e54360102724074c.mp3"
"cedar","on foot","on foot","","","","","","23424","1.464","","public/audio/tts/library/cedar/on-foot-e54360102724074c.mp3"
"marin","on one's own","on one's own","","","","","","34560","2.16","","public/audio/tts/library/marin/on-ones-own-6476ee0efd076f03.mp3"
"cedar","on one's own","on one's own","","","","","","40320","2.52","","public/audio/tts/library/cedar/on-ones-own-6476ee0efd076f03.mp3"
"marin","on purpose","on purpose","","","","","","25728","1.608","","public/audio/tts/library/marin/on-purpose-1de693f0aa31be81.mp3"
"cedar","on purpose","on purpose","","","","","","21888","1.368","","public/audio/tts/library/cedar/on-purpose-1de693f0aa31be81.mp3"
"marin","on sale","on sale","","","","","","21120","1.32","","public/audio/tts/library/marin/on-sale-623c2b6cabe3e1c0.mp3"
"cedar","on sale","on sale","","","","","","21120","1.32","","public/audio/tts/library/cedar/on-sale-623c2b6cabe3e1c0.mp3"
"marin","on... team","on a team.","","","","","","23424","1.464","","public/audio/tts/library/marin/on-team-9533dce18c6f9365.mp3"
"cedar","on... team","on a team.","","","","","","24192","1.512","","public/audio/tts/library/cedar/on-team-9533dce18c6f9365.mp3"
"marin","on the hour","on the hour","","","","","","32256","2.016","","public/audio/tts/library/marin/on-the-hour-e80a4a1d159cb274.mp3"
"cedar","on the hour","on the hour","","","","","","26496","1.656","","public/audio/tts/library/cedar/on-the-hour-e80a4a1d159cb274.mp3"
"marin","on the other hand","on the other hand","","","","","","34560","2.16","","public/audio/tts/library/marin/on-the-other-hand-30d4f3f2a8fa1477.mp3"
"cedar","on the other hand","on the other hand","","","","","","27264","1.704","","public/audio/tts/library/cedar/on-the-other-hand-30d4f3f2a8fa1477.mp3"
"marin","on the way to...","on the way to","","","","","","25728","1.608","","public/audio/tts/library/marin/on-the-way-to-6a367082ad6da255.mp3"
"cedar","on the way to...","on the way to","","","","","","34560","2.16","","public/audio/tts/library/cedar/on-the-way-to-6a367082ad6da255.mp3"
"marin","on time","on time","","","","","","28800","1.8","","public/audio/tts/library/marin/on-time-bc2ea4c97b1adce2.mp3"
"cedar","on time","on time","","","","","","22656","1.416","","public/audio/tts/library/cedar/on-time-bc2ea4c97b1adce2.mp3"
"marin","on vacation","on vacation","","","","","","24192","1.512","","public/audio/tts/library/marin/on-vacation-a4d88e1affa7e8a1.mp3"
"cedar","on vacation","on vacation","","","","","","25728","1.608","","public/audio/tts/library/cedar/on-vacation-a4d88e1affa7e8a1.mp3"
"marin","on weekdays","on weekdays","","","","","","25728","1.608","","public/audio/tts/library/marin/on-weekdays-d970d2729f2c33c6.mp3"
"cedar","on weekdays","on weekdays","","","","","","33024","2.064","","public/audio/tts/library/cedar/on-weekdays-d970d2729f2c33c6.mp3"
"marin","on weekends","on weekends","","","","","","31488","1.968","","public/audio/tts/library/marin/on-weekends-0144818f7e432720.mp3"
"cedar","on weekends","on weekends","","","","","","28800","1.8","","public/audio/tts/library/cedar/on-weekends-0144818f7e432720.mp3"
"marin","once","once","","","","","","21888","1.368","118","public/audio/tts/library/marin/once-ad06e72726f6d8ff.mp3"
"cedar","once","once","","","","","","16896","1.056","118","public/audio/tts/library/cedar/once-ad06e72726f6d8ff.mp3"
"marin","Once in a blue moon.","Once in a blue moon.","","","","","","41856","2.616","","public/audio/tts/library/marin/once-in-a-blue-moon-2fac0a0428982729.mp3"
"cedar","Once in a blue moon.","Once in a blue moon.","","","","","","33024","2.064","","public/audio/tts/library/cedar/once-in-a-blue-moon-2fac0a0428982729.mp3"
"marin","once / twice a year","once a year. Or, twice a year.","","","","","","43392","2.712","","public/audio/tts/library/marin/once-twice-a-year-f88736dd2dd5c5bd.mp3"
"cedar","once / twice a year","once a year. Or, twice a year.","","","","","","59520","3.72","","public/audio/tts/library/cedar/once-twice-a-year-f88736dd2dd5c5bd.mp3"
"marin","one","one","","","","","","26496","1.656","29","public/audio/tts/library/marin/one-2c8b08da5ce60398.mp3"
"cedar","one","one","","","","","","23424","1.464","29","public/audio/tts/library/cedar/one-2c8b08da5ce60398.mp3"
"marin","oneself","oneself","","","","","","27264","1.704","126","public/audio/tts/library/marin/oneself-6de7317e0b0b647f.mp3"
"cedar","oneself","oneself","","","","","","21888","1.368","126","public/audio/tts/library/cedar/oneself-6de7317e0b0b647f.mp3"
"marin","onion","onion","","","","","","14592","0.912","39","public/audio/tts/library/marin/onion-a7ecb1e63098b438.mp3"
"cedar","onion","onion","","","","","","19968","1.248","39","public/audio/tts/library/cedar/onion-a7ecb1e63098b438.mp3"
"marin","only","only","","","","","","31488","1.968","25","public/audio/tts/library/marin/only-321b4285d2fec34a.mp3"
"cedar","only","only","","","","","","16896","1.056","25","public/audio/tts/library/cedar/only-321b4285d2fec34a.mp3"
"marin","open","open","","","","","","21888","1.368","114","public/audio/tts/library/marin/open-30da2826a39aee42.mp3"
"cedar","open","open","","","","","","21120","1.32","114","public/audio/tts/library/cedar/open-30da2826a39aee42.mp3"
"marin","open up","open up","","","","","","25728","1.608","","public/audio/tts/library/marin/open-up-4c91f8ea697771ca.mp3"
"cedar","open up","open up","","","","","","32256","2.016","","public/audio/tts/library/cedar/open-up-4c91f8ea697771ca.mp3"
"marin","operation","operation","","","","","","16128","1.008","6","public/audio/tts/library/marin/operation-9cc82df73ee18c7a.mp3"
"cedar","operation","operation","","","","","","28032","1.752","6","public/audio/tts/library/cedar/operation-9cc82df73ee18c7a.mp3"
"marin","opinion","opinion","","","","","","13824","0.864","60","public/audio/tts/library/marin/opinion-181cff9898f8f04f.mp3"
"cedar","opinion","opinion","","","","","","21888","1.368","60","public/audio/tts/library/cedar/opinion-181cff9898f8f04f.mp3"
"marin","or","or","","","","","","15360","0.96","133","public/audio/tts/library/marin/or-a1c74ae37f82d3ee.mp3"
"cedar","or","or","","","","","","16896","1.056","133","public/audio/tts/library/cedar/or-a1c74ae37f82d3ee.mp3"
"marin","orange","orange","","","","","","21120","1.32","38|51","public/audio/tts/library/marin/orange-be6fe11876282442.mp3"
"cedar","orange","orange","","","","","","19968","1.248","38|51","public/audio/tts/library/cedar/orange-be6fe11876282442.mp3"
"marin","order","order","","","","","","16896","1.056","42|75","public/audio/tts/library/marin/order-5ae404a21059a2ef.mp3"
"cedar","order","order","","","","","","13824","0.864","42|75","public/audio/tts/library/cedar/order-5ae404a21059a2ef.mp3"
"marin","ordinary","ordinary","","","","","","14592","0.912","116","public/audio/tts/library/marin/ordinary-5851c12c0f866692.mp3"
"cedar","ordinary","ordinary","","","","","","28032","1.752","116","public/audio/tts/library/cedar/ordinary-5851c12c0f866692.mp3"
"marin","other","other","","","","","","18432","1.152","128","public/audio/tts/library/marin/other-7e4fa2eb8c7ac089.mp3"
"cedar","other","other","","","","","","14592","0.912","128","public/audio/tts/library/cedar/other-7e4fa2eb8c7ac089.mp3"
"marin","our","our","","","","","","23424","1.464","125","public/audio/tts/library/marin/our-c15fb898b741101e.mp3"
"cedar","our","our","","","","","","16896","1.056","125","public/audio/tts/library/cedar/our-c15fb898b741101e.mp3"
"marin","ours","ours","","","","","","15360","0.96","126","public/audio/tts/library/marin/ours-13102ad5e68a577a.mp3"
"cedar","ours","ours","","","","","","15360","0.96","126","public/audio/tts/library/cedar/ours-13102ad5e68a577a.mp3"
"marin","ourselves","ourselves","","","","","","24192","1.512","126","public/audio/tts/library/marin/ourselves-fb09940bb4e45838.mp3"
"cedar","ourselves","ourselves","","","","","","40320","2.52","126","public/audio/tts/library/cedar/ourselves-fb09940bb4e45838.mp3"
"marin","out","out","","","","","","11520","0.72","132","public/audio/tts/library/marin/out-54034ac5c6e9ea95.mp3"
"cedar","out","out","","","","","","16896","1.056","132","public/audio/tts/library/cedar/out-54034ac5c6e9ea95.mp3"
"marin","out of breath","out of breath","","","","","","37632","2.352","","public/audio/tts/library/marin/out-of-breath-f824588bf5be54be.mp3"
"cedar","out of breath","out of breath","","","","","","23424","1.464","","public/audio/tts/library/cedar/out-of-breath-f824588bf5be54be.mp3"
"marin","out of control","out of control","","","","","","42624","2.664","","public/audio/tts/library/marin/out-of-control-29b1ad77aaa4bfb6.mp3"
"cedar","out of control","out of control","","","","","","31488","1.968","","public/audio/tts/library/cedar/out-of-control-29b1ad77aaa4bfb6.mp3"
"marin","out of date","out of date","","","","","","28032","1.752","","public/audio/tts/library/marin/out-of-date-9aec714f032d8d03.mp3"
"cedar","out of date","out of date","","","","","","24192","1.512","","public/audio/tts/library/cedar/out-of-date-9aec714f032d8d03.mp3"
"marin","out of hand","out of hand","","","","","","28032","1.752","","public/audio/tts/library/marin/out-of-hand-9b5e928771195c69.mp3"
"cedar","out of hand","out of hand","","","","","","24192","1.512","","public/audio/tts/library/cedar/out-of-hand-9b5e928771195c69.mp3"
"marin","out of luck","out of luck","","","","","","29568","1.848","","public/audio/tts/library/marin/out-of-luck-fa7610db9a9851b4.mp3"
"cedar","out of luck","out of luck","","","","","","22656","1.416","","public/audio/tts/library/cedar/out-of-luck-fa7610db9a9851b4.mp3"
"marin","out of order","out of order","","","","","","19968","1.248","","public/audio/tts/library/marin/out-of-order-602c5503220788cf.mp3"
"cedar","out of order","out of order","","","","","","21888","1.368","","public/audio/tts/library/cedar/out-of-order-602c5503220788cf.mp3"
"marin","out of question","out of question","","","","","","28032","1.752","","public/audio/tts/library/marin/out-of-question-7cbb3f3779f15b72.mp3"
"cedar","out of question","out of question","","","","","","43392","2.712","","public/audio/tts/library/cedar/out-of-question-7cbb3f3779f15b72.mp3"
"marin","out of reach","out of reach","","","","","","35328","2.208","","public/audio/tts/library/marin/out-of-reach-27a14dabc190ffc1.mp3"
"cedar","out of reach","out of reach","","","","","","26496","1.656","","public/audio/tts/library/cedar/out-of-reach-27a14dabc190ffc1.mp3"
"marin","out of sight","out of sight","","","","","","33792","2.112","","public/audio/tts/library/marin/out-of-sight-eb32257ef609a4ca.mp3"
"cedar","out of sight","out of sight","","","","","","22656","1.416","","public/audio/tts/library/cedar/out-of-sight-eb32257ef609a4ca.mp3"
"marin","out of the blue","out of the blue","","","","","","39168","2.448","","public/audio/tts/library/marin/out-of-the-blue-08762c104bd3bc3c.mp3"
"cedar","out of the blue","out of the blue","","","","","","23424","1.464","","public/audio/tts/library/cedar/out-of-the-blue-08762c104bd3bc3c.mp3"
"marin","outside","outside","","","","","","25728","1.608","67","public/audio/tts/library/marin/outside-92a214fa61579091.mp3"
"cedar","outside","outside","","","","","","18432","1.152","67","public/audio/tts/library/cedar/outside-92a214fa61579091.mp3"
"marin","oven","oven","","","","","","26496","1.656","70","public/audio/tts/library/marin/oven-1c181ea30dd6ed7b.mp3"
"cedar","oven","oven","","","","","","12288","0.768","70","public/audio/tts/library/cedar/oven-1c181ea30dd6ed7b.mp3"
"marin","over","over","","","","","","13056","0.816","130","public/audio/tts/library/marin/over-0f33216cfb115088.mp3"
"cedar","over","over","","","","","","24960","1.56","130","public/audio/tts/library/cedar/over-0f33216cfb115088.mp3"
"marin","over here","over here","","","","","","32256","2.016","","public/audio/tts/library/marin/over-here-4673c5b0308855d1.mp3"
"cedar","over here","over here","","","","","","24960","1.56","","public/audio/tts/library/cedar/over-here-4673c5b0308855d1.mp3"
"marin","over there","over there","","","","","","16896","1.056","","public/audio/tts/library/marin/over-there-d1f51d20b2b0427d.mp3"
"cedar","over there","over there","","","","","","26496","1.656","","public/audio/tts/library/cedar/over-there-d1f51d20b2b0427d.mp3"
"marin","over-weight","over-weight","","","","","","19968","1.248","11","public/audio/tts/library/marin/over-weight-466cb0d1702d5d63.mp3"
"cedar","over-weight","over-weight","","","","","","29568","1.848","11","public/audio/tts/library/cedar/over-weight-466cb0d1702d5d63.mp3"
"marin","overpass","overpass","","","","","","21120","1.32","93","public/audio/tts/library/marin/overpass-83244ab3362dea64.mp3"
"cedar","overpass","overpass","","","","","","21120","1.32","93","public/audio/tts/library/cedar/overpass-83244ab3362dea64.mp3"
"marin","own","own","","","","","","21120","1.32","8","public/audio/tts/library/marin/own-7e6518373b1a8cf5.mp3"
"cedar","own","own","","","","","","22656","1.416","8","public/audio/tts/library/cedar/own-7e6518373b1a8cf5.mp3"
"marin","owner","owner","","","","","","13056","0.816","8","public/audio/tts/library/marin/owner-f371121a2eaf1530.mp3"
"cedar","owner","owner","","","","","","13824","0.864","8","public/audio/tts/library/cedar/owner-f371121a2eaf1530.mp3"
"marin","ox","ox","","","","","","14592","0.912","110","public/audio/tts/library/marin/ox-c6a6de7241939b8c.mp3"
"cedar","ox","ox","","","","","","17664","1.104","110","public/audio/tts/library/cedar/ox-c6a6de7241939b8c.mp3"
"marin","p.m.","p.m.","","","","","","24960","1.56","31","public/audio/tts/library/marin/p-m-a208afb25e54e873.mp3"
"cedar","p.m.","p.m.","","","","","","19200","1.2","31","public/audio/tts/library/cedar/p-m-a208afb25e54e873.mp3"
"marin","pack","pack","","","","","","13056","0.816","54|100","public/audio/tts/library/marin/pack-306d7f81d41d6083.mp3"
"cedar","pack","pack","","","","","","15360","0.96","54|100","public/audio/tts/library/cedar/pack-306d7f81d41d6083.mp3"
"marin","pack up","pack up","","","","","","19968","1.248","","public/audio/tts/library/marin/pack-up-6114231b7b6e9c99.mp3"
"cedar","pack up","pack up","","","","","","24960","1.56","","public/audio/tts/library/cedar/pack-up-6114231b7b6e9c99.mp3"
"marin","package","package","","","","","","22656","1.416","100","public/audio/tts/library/marin/package-4e9416efcf77b840.mp3"
"cedar","package","package","","","","","","22656","1.416","100","public/audio/tts/library/cedar/package-4e9416efcf77b840.mp3"
"marin","page","page","","","","","","21120","1.32","80","public/audio/tts/library/marin/page-362a07bbb5c74b98.mp3"
"cedar","page","page","","","","","","21888","1.368","80","public/audio/tts/library/cedar/page-362a07bbb5c74b98.mp3"
"marin","pain","pain","","","","","","15360","0.96","24","public/audio/tts/library/marin/pain-33c517159baadcba.mp3"
"cedar","pain","pain","","","","","","18432","1.152","24","public/audio/tts/library/cedar/pain-33c517159baadcba.mp3"
"marin","painful","painful","","","","","","19968","1.248","24","public/audio/tts/library/marin/painful-1a96841df3855654.mp3"
"cedar","painful","painful","","","","","","15360","0.96","24","public/audio/tts/library/cedar/painful-1a96841df3855654.mp3"
"marin","paint","paint","","","","","","19968","1.248","4|73","public/audio/tts/library/marin/paint-1f403509f4ced4b6.mp3"
"cedar","paint","paint","","","","","","24960","1.56","4|73","public/audio/tts/library/cedar/paint-1f403509f4ced4b6.mp3"
"marin","painter","painter","","","","","","18432","1.152","4","public/audio/tts/library/marin/painter-8d18e60037906abe.mp3"
"cedar","painter","painter","","","","","","27264","1.704","4","public/audio/tts/library/cedar/painter-8d18e60037906abe.mp3"
"marin","pair","pair","","","","","","21120","1.32","100","public/audio/tts/library/marin/pair-677370b173692bf8.mp3"
"cedar","pair","pair","","","","","","34560","2.16","100","public/audio/tts/library/cedar/pair-677370b173692bf8.mp3"
"marin","pajamas","pajamas","","","","","","19200","1.2","48","public/audio/tts/library/marin/pajamas-459e35929dfeaa3b.mp3"
"cedar","pajamas","pajamas","","","","","","22656","1.416","48","public/audio/tts/library/cedar/pajamas-459e35929dfeaa3b.mp3"
"marin","pale","pale","","","","","","27264","1.704","23","public/audio/tts/library/marin/pale-7d97e5aad341143b.mp3"
"cedar","pale","pale","","","","","","16128","1.008","23","public/audio/tts/library/cedar/pale-7d97e5aad341143b.mp3"
"marin","pan","pan","","","","","","14592","0.912","70","public/audio/tts/library/marin/pan-a9d483efa16a3f09.mp3"
"cedar","pan","pan","","","","","","28032","1.752","70","public/audio/tts/library/cedar/pan-a9d483efa16a3f09.mp3"
"marin","panda","panda","","","","","","18432","1.152","111","public/audio/tts/library/marin/panda-6cf199ba39b955b4.mp3"
"cedar","panda","panda","","","","","","18432","1.152","111","public/audio/tts/library/cedar/panda-6cf199ba39b955b4.mp3"
"marin","pants","pants","","","","","","18432","1.152","47","public/audio/tts/library/marin/pants-d90f29b2ebb6849b.mp3"
"cedar","pants","pants","","","","","","21120","1.32","47","public/audio/tts/library/cedar/pants-d90f29b2ebb6849b.mp3"
"marin","papaya","papaya","","","","","","35328","2.208","38","public/audio/tts/library/marin/papaya-7b830f8ec5460145.mp3"
"cedar","papaya","papaya","","","","","","16896","1.056","38","public/audio/tts/library/cedar/papaya-7b830f8ec5460145.mp3"
"marin","paper","paper","","","","","","31488","1.968","80|81","public/audio/tts/library/marin/paper-e0d48ae69883c754.mp3"
"cedar","paper","paper","","","","","","18432","1.152","80|81","public/audio/tts/library/cedar/paper-e0d48ae69883c754.mp3"
"marin","pardon","pardon","","","","","","33024","2.064","124","public/audio/tts/library/marin/pardon-f5ceb654c11c256b.mp3"
"cedar","pardon","pardon","","","","","","26496","1.656","124","public/audio/tts/library/cedar/pardon-f5ceb654c11c256b.mp3"
"marin","parent","parent","","","","","","18432","1.152","27","public/audio/tts/library/marin/parent-b4fa1e6855993e3f.mp3"
"cedar","parent","parent","","","","","","28032","1.752","27","public/audio/tts/library/cedar/parent-b4fa1e6855993e3f.mp3"
"marin","parents","parents","","","","","","18432","1.152","","public/audio/tts/library/marin/parents-619dc0333e99bf5f.mp3"
"cedar","parents","parents","","","","","","17664","1.104","","public/audio/tts/library/cedar/parents-619dc0333e99bf5f.mp3"
"marin","park","park","","","","","","18432","1.152","87|93","public/audio/tts/library/marin/park-f43866ee62f093e2.mp3"
"cedar","park","park","","","","","","16896","1.056","87|93","public/audio/tts/library/cedar/park-f43866ee62f093e2.mp3"
"marin","parking lot","parking lot","","","","","","21120","1.32","93","public/audio/tts/library/marin/parking-lot-e7fc6aa9bef1f67e.mp3"
"cedar","parking lot","parking lot","","","","","","22656","1.416","93","public/audio/tts/library/cedar/parking-lot-e7fc6aa9bef1f67e.mp3"
"marin","parrot","parrot","","","","","","34560","2.16","111","public/audio/tts/library/marin/parrot-b1d3443fb7605bfa.mp3"
"cedar","parrot","parrot","","","","","","31488","1.968","111","public/audio/tts/library/cedar/parrot-b1d3443fb7605bfa.mp3"
"marin","part","part","","","","","","13824","0.864","47","public/audio/tts/library/marin/part-ce9cb3e5cfe98d66.mp3"
"cedar","part","part","","","","","","17664","1.104","47","public/audio/tts/library/cedar/part-ce9cb3e5cfe98d66.mp3"
"marin","partner","partner","","","","","","18432","1.152","27","public/audio/tts/library/marin/partner-405fee41207f6e11.mp3"
"cedar","partner","partner","","","","","","28032","1.752","27","public/audio/tts/library/cedar/partner-405fee41207f6e11.mp3"
"marin","party","party","","","","","","30720","1.92","103","public/audio/tts/library/marin/party-587929b404f758d8.mp3"
"cedar","party","party","","","","","","18432","1.152","103","public/audio/tts/library/cedar/party-587929b404f758d8.mp3"
"marin","pass","pass","","","","","","19200","1.2","79","public/audio/tts/library/marin/pass-9f56e761d79bfdb3.mp3"
"cedar","pass","pass","","","","","","21120","1.32","79","public/audio/tts/library/cedar/pass-9f56e761d79bfdb3.mp3"
"marin","pass away","pass away","","","","","","22656","1.416","","public/audio/tts/library/marin/pass-away-3905e49dc4d4d6f5.mp3"
"cedar","pass away","pass away","","","","","","29568","1.848","","public/audio/tts/library/cedar/pass-away-3905e49dc4d4d6f5.mp3"
"marin","pass by","pass by","","","","","","33024","2.064","","public/audio/tts/library/marin/pass-by-69a7235da5ad163a.mp3"
"cedar","pass by","pass by","","","","","","28800","1.8","","public/audio/tts/library/cedar/pass-by-69a7235da5ad163a.mp3"
"marin","pass down","pass down","","","","","","31488","1.968","","public/audio/tts/library/marin/pass-down-fad5a14e52294850.mp3"
"cedar","pass down","pass down","","","","","","28800","1.8","","public/audio/tts/library/cedar/pass-down-fad5a14e52294850.mp3"
"marin","pass off","pass off","","","","","","26496","1.656","","public/audio/tts/library/marin/pass-off-0686d3f242b1bc3d.mp3"
"cedar","pass off","pass off","","","","","","44928","2.808","","public/audio/tts/library/cedar/pass-off-0686d3f242b1bc3d.mp3"
"marin","pass on","pass on","","","","","","22656","1.416","","public/audio/tts/library/marin/pass-on-0c96d754221d343d.mp3"
"cedar","pass on","pass on","","","","","","28032","1.752","","public/audio/tts/library/cedar/pass-on-0c96d754221d343d.mp3"
"marin","pass out","pass out","","","","","","21888","1.368","","public/audio/tts/library/marin/pass-out-b5e5370b143c40fe.mp3"
"cedar","pass out","pass out","","","","","","24192","1.512","","public/audio/tts/library/cedar/pass-out-b5e5370b143c40fe.mp3"
"marin","pass over","pass over","","","","","","25728","1.608","","public/audio/tts/library/marin/pass-over-59e4088e2726814a.mp3"
"cedar","pass over","pass over","","","","","","28800","1.8","","public/audio/tts/library/cedar/pass-over-59e4088e2726814a.mp3"
"marin","pass through","pass through","","","","","","24192","1.512","","public/audio/tts/library/marin/pass-through-a30a8bc2831aceba.mp3"
"cedar","pass through","pass through","","","","","","33024","2.064","","public/audio/tts/library/cedar/pass-through-a30a8bc2831aceba.mp3"
"marin","pass up","pass up","","","","","","23424","1.464","","public/audio/tts/library/marin/pass-up-ed191105f1d63e70.mp3"
"cedar","pass up","pass up","","","","","","25728","1.608","","public/audio/tts/library/cedar/pass-up-ed191105f1d63e70.mp3"
"marin","passenger","passenger","","","","","","34560","2.16","94","public/audio/tts/library/marin/passenger-26356fef0edfbc85.mp3"
"cedar","passenger","passenger","","","","","","41856","2.616","94","public/audio/tts/library/cedar/passenger-26356fef0edfbc85.mp3"
"marin","past","past","","","","","","16896","1.056","34|35","public/audio/tts/library/marin/past-5ac5e87d18d11cb2.mp3"
"cedar","past","past","","","","","","35328","2.208","34|35","public/audio/tts/library/cedar/past-5ac5e87d18d11cb2.mp3"
"marin","paste","paste","","","","","","43392","2.712","80","public/audio/tts/library/marin/paste-feef167525be1976.mp3"
"cedar","paste","paste","","","","","","16896","1.056","80","public/audio/tts/library/cedar/paste-feef167525be1976.mp3"
"marin","path","path","","","","","","16896","1.056","93","public/audio/tts/library/marin/path-d8a68357f4070585.mp3"
"cedar","path","path","","","","","","23424","1.464","93","public/audio/tts/library/cedar/path-d8a68357f4070585.mp3"
"marin","patient","patient","","","","","","18432","1.152","12","public/audio/tts/library/marin/patient-62a851ee421818b4.mp3"
"cedar","patient","patient","","","","","","15360","0.96","12","public/audio/tts/library/cedar/patient-62a851ee421818b4.mp3"
"marin","pattern","pattern","","","","","","16128","1.008","76","public/audio/tts/library/marin/pattern-29cfafcd1de27164.mp3"
"cedar","pattern","pattern","","","","","","34560","2.16","76","public/audio/tts/library/cedar/pattern-29cfafcd1de27164.mp3"
"marin","pause","pause","","","","","","16896","1.056","56","public/audio/tts/library/marin/pause-b5b1f36592ddb8b7.mp3"
"cedar","pause","pause","","","","","","18432","1.152","56","public/audio/tts/library/cedar/pause-b5b1f36592ddb8b7.mp3"
"marin","pay","pay","","","","","","23424","1.464","37","public/audio/tts/library/marin/pay-4f675fed8fd4763a.mp3"
"cedar","pay","pay","","","","","","24960","1.56","37","public/audio/tts/library/cedar/pay-4f675fed8fd4763a.mp3"
"marin","pay attention to ...","pay attention to","","","","","","27264","1.704","","public/audio/tts/library/marin/pay-attention-to-6ff3fd9d98c4e5b4.mp3"
"cedar","pay attention to ...","pay attention to","","","","","","24960","1.56","","public/audio/tts/library/cedar/pay-attention-to-6ff3fd9d98c4e5b4.mp3"
"marin","pay back","pay back","","","","","","27264","1.704","","public/audio/tts/library/marin/pay-back-dc904a2f838569aa.mp3"
"cedar","pay back","pay back","","","","","","47232","2.952","","public/audio/tts/library/cedar/pay-back-dc904a2f838569aa.mp3"
"marin","pay down","pay down","","","","","","25728","1.608","","public/audio/tts/library/marin/pay-down-c3ed649a5f4fa0ff.mp3"
"cedar","pay down","pay down","","","","","","21120","1.32","","public/audio/tts/library/cedar/pay-down-c3ed649a5f4fa0ff.mp3"
"marin","pay for","pay for","","","","","","27264","1.704","","public/audio/tts/library/marin/pay-for-22d93bf6354e2ea0.mp3"
"cedar","pay for","pay for","","","","","","19968","1.248","","public/audio/tts/library/cedar/pay-for-22d93bf6354e2ea0.mp3"
"marin","pay for sth.","pay for sth.","","","","","","40320","2.52","","public/audio/tts/library/marin/pay-for-sth-0e57534eaa8cfa08.mp3"
"cedar","pay for sth.","pay for sth.","","","","","","54528","3.408","","public/audio/tts/library/cedar/pay-for-sth-0e57534eaa8cfa08.mp3"
"marin","pay off","pay off","","","","","","25728","1.608","","public/audio/tts/library/marin/pay-off-6516593ec90963dc.mp3"
"cedar","pay off","pay off","","","","","","33792","2.112","","public/audio/tts/library/cedar/pay-off-6516593ec90963dc.mp3"
"marin","pay out","pay out","","","","","","21120","1.32","","public/audio/tts/library/marin/pay-out-16978291ad5d119b.mp3"
"cedar","pay out","pay out","","","","","","29568","1.848","","public/audio/tts/library/cedar/pay-out-16978291ad5d119b.mp3"
"marin","PE","PE","","","","","","19200","1.2","","public/audio/tts/library/marin/pe-21136ad841da2856.mp3"
"cedar","PE","PE","","","","","","21120","1.32","","public/audio/tts/library/cedar/pe-21136ad841da2856.mp3"
"marin","PE/physical education","P E. Or, physical education.","","","","","","57600","3.6","76","public/audio/tts/library/marin/pe-physical-education-d8788d9617808f95.mp3"
"cedar","PE/physical education","P E. Or, physical education.","","","","","","58368","3.648","76","public/audio/tts/library/cedar/pe-physical-education-d8788d9617808f95.mp3"
"marin","peace","peace","","","","","","26496","1.656","63","public/audio/tts/library/marin/peace-981e716f18f52a48.mp3"
"cedar","peace","peace","","","","","","21888","1.368","63","public/audio/tts/library/cedar/peace-981e716f18f52a48.mp3"
"marin","peaceful","peaceful","","","","","","17664","1.104","15","public/audio/tts/library/marin/peaceful-dacd7d41be879f6e.mp3"
"cedar","peaceful","peaceful","","","","","","15360","0.96","15","public/audio/tts/library/cedar/peaceful-dacd7d41be879f6e.mp3"
"marin","peach","peach","","","","","","36096","2.256","38","public/audio/tts/library/marin/peach-9bad19bf29f0b4e8.mp3"
"cedar","peach","peach","","","","","","16128","1.008","38","public/audio/tts/library/cedar/peach-9bad19bf29f0b4e8.mp3"
"marin","pear","pear","","","","","","13824","0.864","38","public/audio/tts/library/marin/pear-10fb1ecd6208098c.mp3"
"cedar","pear","pear","","","","","","39168","2.448","38","public/audio/tts/library/cedar/pear-10fb1ecd6208098c.mp3"
"marin","pen","pen","","","","","","19968","1.248","80","public/audio/tts/library/marin/pen-fb3bac563bfd5d28.mp3"
"cedar","pen","pen","","","","","","14592","0.912","80","public/audio/tts/library/cedar/pen-fb3bac563bfd5d28.mp3"
"marin","pencil","pencil","","","","","","21120","1.32","80","public/audio/tts/library/marin/pencil-b67a1e26b3c60d50.mp3"
"cedar","pencil","pencil","","","","","","24960","1.56","80","public/audio/tts/library/cedar/pencil-b67a1e26b3c60d50.mp3"
"marin","pencil box/pencil case","pencil box, or pencil case","","","","","","48000","3","80","public/audio/tts/library/marin/pencil-box-pencil-case-b75c89eb0192b76e.mp3"
"cedar","pencil box/pencil case","pencil box, or pencil case","","","","","","48000","3","80","public/audio/tts/library/cedar/pencil-box-pencil-case-b75c89eb0192b76e.mp3"
"marin","people","people","","","","","","17664","1.104","2","public/audio/tts/library/marin/people-c5189a6b17a91648.mp3"
"cedar","people","people","","","","","","30720","1.92","2","public/audio/tts/library/cedar/people-c5189a6b17a91648.mp3"
"marin","pepper","pepper","","","","","","19200","1.2","44","public/audio/tts/library/marin/pepper-f44eb291149cb8bd.mp3"
"cedar","pepper","pepper","","","","","","21120","1.32","44","public/audio/tts/library/cedar/pepper-f44eb291149cb8bd.mp3"
"marin","perfect","perfect","","","","","","22656","1.416","82","public/audio/tts/library/marin/perfect-77a62ad6e72fd55e.mp3"
"cedar","perfect","perfect","","","","","","25728","1.608","82","public/audio/tts/library/cedar/perfect-77a62ad6e72fd55e.mp3"
"marin","perhaps","perhaps","","","","","","24960","1.56","118","public/audio/tts/library/marin/perhaps-3291d9b3bfaadbe9.mp3"
"cedar","perhaps","perhaps","","","","","","16896","1.056","118","public/audio/tts/library/cedar/perhaps-3291d9b3bfaadbe9.mp3"
"marin","period","period","","","","","","14592","0.912","34","public/audio/tts/library/marin/period-a56a25fc887108bc.mp3"
"cedar","period","period","","","","","","22656","1.416","34","public/audio/tts/library/cedar/period-a56a25fc887108bc.mp3"
"marin","person","person","","","","","","18432","1.152","2","public/audio/tts/library/marin/person-51d7a35f479052ab.mp3"
"cedar","person","person","","","","","","24192","1.512","2","public/audio/tts/library/cedar/person-51d7a35f479052ab.mp3"
"marin","personal","personal","","","","","","25728","1.608","117","public/audio/tts/library/marin/personal-53d5fe75b5d743fd.mp3"
"cedar","personal","personal","","","","","","19968","1.248","117","public/audio/tts/library/cedar/personal-53d5fe75b5d743fd.mp3"
"marin","pet","pet","","","","","","17664","1.104","110","public/audio/tts/library/marin/pet-c860acbd28c59c25.mp3"
"cedar","pet","pet","","","","","","11520","0.72","110","public/audio/tts/library/cedar/pet-c860acbd28c59c25.mp3"
"marin","photo","photo","","","","","","12288","0.768","55","public/audio/tts/library/marin/photo-9fe36faa6e710cbb.mp3"
"cedar","photo","photo","","","","","","16896","1.056","55","public/audio/tts/library/cedar/photo-9fe36faa6e710cbb.mp3"
"marin","physics","physics","","","","","","16128","1.008","76","public/audio/tts/library/marin/physics-6b0b34eb4673fb58.mp3"
"cedar","physics","physics","","","","","","19200","1.2","76","public/audio/tts/library/cedar/physics-6b0b34eb4673fb58.mp3"
"marin","piano","piano","","","","","","13824","0.864","56","public/audio/tts/library/marin/piano-502696edb2216211.mp3"
"cedar","piano","piano","","","","","","19200","1.2","56","public/audio/tts/library/cedar/piano-502696edb2216211.mp3"
"marin","pick","pick","","","","","","19200","1.2","102","public/audio/tts/library/marin/pick-d25bcf2a8ab064e0.mp3"
"cedar","pick","pick","","","","","","22656","1.416","102","public/audio/tts/library/cedar/pick-d25bcf2a8ab064e0.mp3"
"marin","pick holes in","pick holes in","","","","","","39168","2.448","","public/audio/tts/library/marin/pick-holes-in-67b4707bd9638f2b.mp3"
"cedar","pick holes in","pick holes in","","","","","","28032","1.752","","public/audio/tts/library/cedar/pick-holes-in-67b4707bd9638f2b.mp3"
"marin","pick off","pick off","","","","","","29568","1.848","","public/audio/tts/library/marin/pick-off-818bbfba614b60c9.mp3"
"cedar","pick off","pick off","","","","","","28800","1.8","","public/audio/tts/library/cedar/pick-off-818bbfba614b60c9.mp3"
"marin","pick on","pick on","","","","","","29568","1.848","","public/audio/tts/library/marin/pick-on-63b28a1cb3982e7f.mp3"
"cedar","pick on","pick on","","","","","","30720","1.92","","public/audio/tts/library/cedar/pick-on-63b28a1cb3982e7f.mp3"
"marin","pick one's way","pick one's way","","","","","","27264","1.704","","public/audio/tts/library/marin/pick-ones-way-10f9da5f1aa9a123.mp3"
"cedar","pick one's way","pick one's way","","","","","","29568","1.848","","public/audio/tts/library/cedar/pick-ones-way-10f9da5f1aa9a123.mp3"
"marin","pick out","pick out","","","","","","22656","1.416","","public/audio/tts/library/marin/pick-out-a204c8d3e318b350.mp3"
"cedar","pick out","pick out","","","","","","32256","2.016","","public/audio/tts/library/cedar/pick-out-a204c8d3e318b350.mp3"
"marin","pick up","pick up","","","","","","31488","1.968","","public/audio/tts/library/marin/pick-up-de327f977d0750b0.mp3"
"cedar","pick up","pick up","","","","","","24192","1.512","","public/audio/tts/library/cedar/pick-up-de327f977d0750b0.mp3"
"marin","pick up with sb.","pick up with sb.","","","","","","49920","3.12","","public/audio/tts/library/marin/pick-up-with-sb-38376dcb1a25f1e5.mp3"
"cedar","pick up with sb.","pick up with sb.","","","","","","28800","1.8","","public/audio/tts/library/cedar/pick-up-with-sb-38376dcb1a25f1e5.mp3"
"marin","picnic","picnic","","","","","","22656","1.416","53","public/audio/tts/library/marin/picnic-60293af4e1beb744.mp3"
"cedar","picnic","picnic","","","","","","16128","1.008","53","public/audio/tts/library/cedar/picnic-60293af4e1beb744.mp3"
"marin","picture","picture","","","","","","15360","0.96","76","public/audio/tts/library/marin/picture-cf2a6b9dc684296c.mp3"
"cedar","picture","picture","","","","","","30720","1.92","76","public/audio/tts/library/cedar/picture-cf2a6b9dc684296c.mp3"
"marin","pie","pie","","","","","","13824","0.864","43","public/audio/tts/library/marin/pie-30188fcd6f354013.mp3"
"cedar","pie","pie","","","","","","22656","1.416","43","public/audio/tts/library/cedar/pie-30188fcd6f354013.mp3"
"marin","piece","piece","","","","","","26496","1.656","100","public/audio/tts/library/marin/piece-d0313cb044f7b69d.mp3"
"cedar","piece","piece","","","","","","29568","1.848","100","public/audio/tts/library/cedar/piece-d0313cb044f7b69d.mp3"
"marin","pig","pig","","","","","","25728","1.608","110","public/audio/tts/library/marin/pig-a08e8d78171be217.mp3"
"cedar","pig","pig","","","","","","15360","0.96","110","public/audio/tts/library/cedar/pig-a08e8d78171be217.mp3"
"marin","pigeon","pigeon","","","","","","19200","1.2","111","public/audio/tts/library/marin/pigeon-307ca971f0784a47.mp3"
"cedar","pigeon","pigeon","","","","","","19200","1.2","111","public/audio/tts/library/cedar/pigeon-307ca971f0784a47.mp3"
"marin","pile","pile","","","","","","19968","1.248","100","public/audio/tts/library/marin/pile-f25691fb8e79ec6a.mp3"
"cedar","pile","pile","","","","","","17664","1.104","100","public/audio/tts/library/cedar/pile-f25691fb8e79ec6a.mp3"
"marin","pillow","pillow","","","","","","30720","1.92","69","public/audio/tts/library/marin/pillow-196c00e6ee58e203.mp3"
"cedar","pillow","pillow","","","","","","22656","1.416","69","public/audio/tts/library/cedar/pillow-196c00e6ee58e203.mp3"
"marin","pin","pin","","","","","","19968","1.248","49","public/audio/tts/library/marin/pin-96ca82a298776567.mp3"
"cedar","pin","pin","","","","","","16128","1.008","49","public/audio/tts/library/cedar/pin-96ca82a298776567.mp3"
"marin","pin down","pin down","","","","","","23424","1.464","","public/audio/tts/library/marin/pin-down-c5fa41d8e880a9dd.mp3"
"cedar","pin down","pin down","","","","","","27264","1.704","","public/audio/tts/library/cedar/pin-down-c5fa41d8e880a9dd.mp3"
"marin","pineapple","pineapple","","","","","","19200","1.2","38","public/audio/tts/library/marin/pineapple-3ff19a957130df29.mp3"
"cedar","pineapple","pineapple","","","","","","24960","1.56","38","public/audio/tts/library/cedar/pineapple-3ff19a957130df29.mp3"
"marin","pink","pink","","","","","","39168","2.448","51","public/audio/tts/library/marin/pink-2747b90acedfbf6e.mp3"
"cedar","pink","pink","","","","","","17664","1.104","51","public/audio/tts/library/cedar/pink-2747b90acedfbf6e.mp3"
"marin","pipe","pipe","","","","","","16128","1.008","73","public/audio/tts/library/marin/pipe-6b795180fbb3d024.mp3"
"cedar","pipe","pipe","","","","","","15360","0.96","73","public/audio/tts/library/cedar/pipe-6b795180fbb3d024.mp3"
"marin","pizza","pizza","","","","","","16896","1.056","41","public/audio/tts/library/marin/pizza-fff8acd78f7528c1.mp3"
"cedar","pizza","pizza","","","","","","23424","1.464","41","public/audio/tts/library/cedar/pizza-fff8acd78f7528c1.mp3"
"marin","place","place","","","","","","18432","1.152","86","public/audio/tts/library/marin/place-e58cf1daccb91c3a.mp3"
"cedar","place","place","","","","","","27264","1.704","86","public/audio/tts/library/cedar/place-e58cf1daccb91c3a.mp3"
"marin","plain","plain","","","","","","21120","1.32","51|108","public/audio/tts/library/marin/plain-dacf36547c7774a0.mp3"
"cedar","plain","plain","","","","","","24192","1.512","51|108","public/audio/tts/library/cedar/plain-dacf36547c7774a0.mp3"
"marin","plan","plan","","","","","","15360","0.96","54","public/audio/tts/library/marin/plan-1b4025dc7b8d27cf.mp3"
"cedar","plan","plan","","","","","","17664","1.104","54","public/audio/tts/library/cedar/plan-1b4025dc7b8d27cf.mp3"
"marin","planet","planet","","","","","","14592","0.912","106","public/audio/tts/library/marin/planet-0352d53bff31f516.mp3"
"cedar","planet","planet","","","","","","13824","0.864","106","public/audio/tts/library/cedar/planet-0352d53bff31f516.mp3"
"marin","plant","plant","","","","","","16896","1.056","109|113","public/audio/tts/library/marin/plant-7e5d2666ea505d36.mp3"
"cedar","plant","plant","","","","","","16896","1.056","109|113","public/audio/tts/library/cedar/plant-7e5d2666ea505d36.mp3"
"marin","plate","plate","","","","","","19968","1.248","46","public/audio/tts/library/marin/plate-b31a5def9e2045b3.mp3"
"cedar","plate","plate","","","","","","18432","1.152","46","public/audio/tts/library/cedar/plate-b31a5def9e2045b3.mp3"
"marin","platform","platform","","","","","","19968","1.248","93","public/audio/tts/library/marin/platform-5087250a6ab1d339.mp3"
"cedar","platform","platform","","","","","","24192","1.512","93","public/audio/tts/library/cedar/platform-5087250a6ab1d339.mp3"
"marin","play","play","","","","","","12288","0.768","57","public/audio/tts/library/marin/play-045e3639f49d5d7a.mp3"
"cedar","play","play","","","","","","25728","1.608","57","public/audio/tts/library/cedar/play-045e3639f49d5d7a.mp3"
"marin","play at","play at","","","","","","22656","1.416","","public/audio/tts/library/marin/play-at-2bfe0cdcd9e69d69.mp3"
"cedar","play at","play at","","","","","","23424","1.464","","public/audio/tts/library/cedar/play-at-2bfe0cdcd9e69d69.mp3"
"marin","play badminton","play badminton","","","","","","31488","1.968","","public/audio/tts/library/marin/play-badminton-7268103e6a3db97a.mp3"
"cedar","play badminton","play badminton","","","","","","33792","2.112","","public/audio/tts/library/cedar/play-badminton-7268103e6a3db97a.mp3"
"marin","play basketball","play basketball","","","","","","26496","1.656","","public/audio/tts/library/marin/play-basketball-10d0b46549555f11.mp3"
"cedar","play basketball","play basketball","","","","","","31488","1.968","","public/audio/tts/library/cedar/play-basketball-10d0b46549555f11.mp3"
"marin","play cards","play cards","","","","","","33792","2.112","","public/audio/tts/library/marin/play-cards-23eb4225e7a9d14a.mp3"
"cedar","play cards","play cards","","","","","","33024","2.064","","public/audio/tts/library/cedar/play-cards-23eb4225e7a9d14a.mp3"
"marin","play it by ear","play it by ear","","","","","","36096","2.256","","public/audio/tts/library/marin/play-it-by-ear-1d96c10059aa26e5.mp3"
"cedar","play it by ear","play it by ear","","","","","","26496","1.656","","public/audio/tts/library/cedar/play-it-by-ear-1d96c10059aa26e5.mp3"
"marin","play ... off against...","play off against","","","","","","38400","2.4","","public/audio/tts/library/marin/play-off-against-3f1fad16ec7be38c.mp3"
"cedar","play ... off against...","play off against","","","","","","45696","2.856","","public/audio/tts/library/cedar/play-off-against-3f1fad16ec7be38c.mp3"
"marin","play on the seesaw","play on the seesaw","","","","","","27264","1.704","","public/audio/tts/library/marin/play-on-the-seesaw-738186438d1a424a.mp3"
"cedar","play on the seesaw","play on the seesaw","","","","","","31488","1.968","","public/audio/tts/library/cedar/play-on-the-seesaw-738186438d1a424a.mp3"
"marin","play on the slide","play on the slide","","","","","","24192","1.512","","public/audio/tts/library/marin/play-on-the-slide-96faa3480912fc73.mp3"
"cedar","play on the slide","play on the slide","","","","","","30720","1.92","","public/audio/tts/library/cedar/play-on-the-slide-96faa3480912fc73.mp3"
"marin","play on the swing","play on the swing","","","","","","30720","1.92","","public/audio/tts/library/marin/play-on-the-swing-66fd5436d7d4c4b8.mp3"
"cedar","play on the swing","play on the swing","","","","","","33024","2.064","","public/audio/tts/library/cedar/play-on-the-swing-66fd5436d7d4c4b8.mp3"
"marin","play on / upon","play on, or upon","","","","","","41088","2.568","","public/audio/tts/library/marin/play-on-upon-f10a050ed898ec5c.mp3"
"cedar","play on / upon","play on, or upon","","","","","","43392","2.712","","public/audio/tts/library/cedar/play-on-upon-f10a050ed898ec5c.mp3"
"marin","play sports","play sports","","","","","","48768","3.048","","public/audio/tts/library/marin/play-sports-4eafb48fc4ac878d.mp3"
"cedar","play sports","play sports","","","","","","29568","1.848","","public/audio/tts/library/cedar/play-sports-4eafb48fc4ac878d.mp3"
"marin","play the devil with","play the devil with","","","","","","26496","1.656","","public/audio/tts/library/marin/play-the-devil-with-7822c09f92da9e1e.mp3"
"cedar","play the devil with","play the devil with","","","","","","25728","1.608","","public/audio/tts/library/cedar/play-the-devil-with-7822c09f92da9e1e.mp3"
"marin","play the guitar","play the guitar","","","","","","22656","1.416","","public/audio/tts/library/marin/play-the-guitar-fee886d866590f0a.mp3"
"cedar","play the guitar","play the guitar","","","","","","35328","2.208","","public/audio/tts/library/cedar/play-the-guitar-fee886d866590f0a.mp3"
"marin","play the piano","play the piano","","","","","","24960","1.56","","public/audio/tts/library/marin/play-the-piano-c93ac33a0d0c8324.mp3"
"cedar","play the piano","play the piano","","","","","","45696","2.856","","public/audio/tts/library/cedar/play-the-piano-c93ac33a0d0c8324.mp3"
"marin","play the violin","play the violin","","","","","","33024","2.064","","public/audio/tts/library/marin/play-the-violin-5ac3232b2e6fba72.mp3"
"cedar","play the violin","play the violin","","","","","","31488","1.968","","public/audio/tts/library/cedar/play-the-violin-5ac3232b2e6fba72.mp3"
"marin","play tricks on sb.","play tricks on sb.","","","","","","42624","2.664","","public/audio/tts/library/marin/play-tricks-on-sb-58063ad938ade801.mp3"
"cedar","play tricks on sb.","play tricks on sb.","","","","","","32256","2.016","","public/audio/tts/library/cedar/play-tricks-on-sb-58063ad938ade801.mp3"
"marin","play with","play with","","","","","","24960","1.56","","public/audio/tts/library/marin/play-with-19cc97abc5a4b1d5.mp3"
"cedar","play with","play with","","","","","","23424","1.464","","public/audio/tts/library/cedar/play-with-19cc97abc5a4b1d5.mp3"
"marin","player","player","","","","","","13056","0.816","4","public/audio/tts/library/marin/player-fe68576d2bc20605.mp3"
"cedar","player","player","","","","","","28032","1.752","4","public/audio/tts/library/cedar/player-fe68576d2bc20605.mp3"
"marin","playground","playground","","","","","","24192","1.512","87","public/audio/tts/library/marin/playground-9dba7f116b73c5db.mp3"
"cedar","playground","playground","","","","","","21120","1.32","87","public/audio/tts/library/cedar/playground-9dba7f116b73c5db.mp3"
"marin","pleasant","pleasant","","","","","","28032","1.752","15","public/audio/tts/library/marin/pleasant-54ae8aa0ad77d315.mp3"
"cedar","pleasant","pleasant","","","","","","21120","1.32","15","public/audio/tts/library/cedar/pleasant-54ae8aa0ad77d315.mp3"
"marin","please","please","","","","","","16128","1.008","65|124","public/audio/tts/library/marin/please-d2af944fe8b3af5c.mp3"
"cedar","please","please","","","","","","16896","1.056","65|124","public/audio/tts/library/cedar/please-d2af944fe8b3af5c.mp3"
"marin","pleased","pleased","","","","","","30720","1.92","15","public/audio/tts/library/marin/pleased-ad362a0734ae27fe.mp3"
"cedar","pleased","pleased","","","","","","24960","1.56","15","public/audio/tts/library/cedar/pleased-ad362a0734ae27fe.mp3"
"marin","pleasure","pleasure","","","","","","41088","2.568","15","public/audio/tts/library/marin/pleasure-e223c1b83590119f.mp3"
"cedar","pleasure","pleasure","","","","","","18432","1.152","15","public/audio/tts/library/cedar/pleasure-e223c1b83590119f.mp3"
"marin","plus","plus","","","","","","22656","1.416","78","public/audio/tts/library/marin/plus-7daffe54cdb8ad79.mp3"
"cedar","plus","plus","","","","","","33792","2.112","78","public/audio/tts/library/cedar/plus-7daffe54cdb8ad79.mp3"
"marin","pocket","pocket","","","","","","16896","1.056","47","public/audio/tts/library/marin/pocket-a7e281c62d61a3cf.mp3"
"cedar","pocket","pocket","","","","","","16896","1.056","47","public/audio/tts/library/cedar/pocket-a7e281c62d61a3cf.mp3"
"marin","poem","poem","","","","","","18432","1.152","76","public/audio/tts/library/marin/poem-094096e1f6996195.mp3"
"cedar","poem","poem","","","","","","23424","1.464","76","public/audio/tts/library/cedar/poem-094096e1f6996195.mp3"
"marin","point","point","","","","","","18432","1.152","99","public/audio/tts/library/marin/point-aa0b91ceb0e26ba2.mp3"
"cedar","point","point","","","","","","32256","2.016","99","public/audio/tts/library/cedar/point-aa0b91ceb0e26ba2.mp3"
"marin","point out","point out","","","","","","32256","2.016","","public/audio/tts/library/marin/point-out-c9fde87da72de07e.mp3"
"cedar","point out","point out","","","","","","32256","2.016","","public/audio/tts/library/cedar/point-out-c9fde87da72de07e.mp3"
"marin","poison","poison","","","","","","16896","1.056","63","public/audio/tts/library/marin/poison-e1bd750c5735ddf4.mp3"
"cedar","poison","poison","","","","","","21120","1.32","63","public/audio/tts/library/cedar/poison-e1bd750c5735ddf4.mp3"
"marin","police","police","","","","","","31488","1.968","5","public/audio/tts/library/marin/police-60647281a999043e.mp3"
"cedar","police","police","","","","","","18432","1.152","5","public/audio/tts/library/cedar/police-60647281a999043e.mp3"
"marin","police officer","police officer","","","","","","24960","1.56","","public/audio/tts/library/marin/police-officer-0e95157c1d4b7098.mp3"
"cedar","police officer","police officer","","","","","","33024","2.064","","public/audio/tts/library/cedar/police-officer-0e95157c1d4b7098.mp3"
"marin","police station","police station","","","","","","27264","1.704","86","public/audio/tts/library/marin/police-station-65390b1b6d0b6e6d.mp3"
"cedar","police station","police station","","","","","","38400","2.4","86","public/audio/tts/library/cedar/police-station-65390b1b6d0b6e6d.mp3"
"marin","polite","polite","","","","","","17664","1.104","12","public/audio/tts/library/marin/polite-547ad572c06f16b8.mp3"
"cedar","polite","polite","","","","","","31488","1.968","12","public/audio/tts/library/cedar/polite-547ad572c06f16b8.mp3"
"marin","pollute","pollute","","","","","","17664","1.104","109","public/audio/tts/library/marin/pollute-202d63edbe95eb18.mp3"
"cedar","pollute","pollute","","","","","","18432","1.152","109","public/audio/tts/library/cedar/pollute-202d63edbe95eb18.mp3"
"marin","pollution","pollution","","","","","","33024","2.064","109","public/audio/tts/library/marin/pollution-df4cfdef44e31eac.mp3"
"cedar","pollution","pollution","","","","","","15360","0.96","109","public/audio/tts/library/cedar/pollution-df4cfdef44e31eac.mp3"
"marin","pond","pond","","","","","","19968","1.248","107","public/audio/tts/library/marin/pond-b517f3ddf7c1b4cd.mp3"
"cedar","pond","pond","","","","","","17664","1.104","107","public/audio/tts/library/cedar/pond-b517f3ddf7c1b4cd.mp3"
"marin","pool","pool","","","","","","17664","1.104","","public/audio/tts/library/marin/pool-a13a7147c137af0d.mp3"
"cedar","pool","pool","","","","","","29568","1.848","","public/audio/tts/library/cedar/pool-a13a7147c137af0d.mp3"
"marin","poor","poor","","","","","","17664","1.104","117","public/audio/tts/library/marin/poor-5c4abfbcdc60aff5.mp3"
"cedar","poor","poor","","","","","","24192","1.512","117","public/audio/tts/library/cedar/poor-5c4abfbcdc60aff5.mp3"
"marin","Poor you.","Poor you.","","","","","","28800","1.8","","public/audio/tts/library/marin/poor-you-a818067d0854bf67.mp3"
"cedar","Poor you.","Poor you.","","","","","","22656","1.416","","public/audio/tts/library/cedar/poor-you-a818067d0854bf67.mp3"
"marin","pop","pop","","","","","","28032","1.752","","public/audio/tts/library/marin/pop-4c708c790274578a.mp3"
"cedar","pop","pop","","","","","","12288","0.768","","public/audio/tts/library/cedar/pop-4c708c790274578a.mp3"
"marin","pop music","pop music","","","","","","32256","2.016","56","public/audio/tts/library/marin/pop-music-fd2662109adf2dc5.mp3"
"cedar","pop music","pop music","","","","","","36864","2.304","56","public/audio/tts/library/cedar/pop-music-fd2662109adf2dc5.mp3"
"marin","popcorn","popcorn","","","","","","37632","2.352","43","public/audio/tts/library/marin/popcorn-4131b9b8f9abb907.mp3"
"cedar","popcorn","popcorn","","","","","","31488","1.968","43","public/audio/tts/library/cedar/popcorn-4131b9b8f9abb907.mp3"
"marin","popular","popular","","","","","","26496","1.656","90","public/audio/tts/library/marin/popular-24251a70b25fb5c4.mp3"
"cedar","popular","popular","","","","","","17664","1.104","90","public/audio/tts/library/cedar/popular-24251a70b25fb5c4.mp3"
"marin","population","population","","","","","","19968","1.248","88","public/audio/tts/library/marin/population-652250f017668050.mp3"
"cedar","population","population","","","","","","24960","1.56","88","public/audio/tts/library/cedar/population-652250f017668050.mp3"
"marin","pork","pork","","","","","","16896","1.056","40","public/audio/tts/library/marin/pork-b4d6db730b2c0b6a.mp3"
"cedar","pork","pork","","","","","","14592","0.912","40","public/audio/tts/library/cedar/pork-b4d6db730b2c0b6a.mp3"
"marin","position","position","","","","","","22656","1.416","83","public/audio/tts/library/marin/position-7d9f3cb85a59deca.mp3"
"cedar","position","position","","","","","","26496","1.656","83","public/audio/tts/library/cedar/position-7d9f3cb85a59deca.mp3"
"marin","positive","positive","","","","","","13056","0.816","10","public/audio/tts/library/marin/positive-fd5ef3399cc11279.mp3"
"cedar","positive","positive","","","","","","24192","1.512","10","public/audio/tts/library/cedar/positive-fd5ef3399cc11279.mp3"
"marin","possible","possible","","","","","","13824","0.864","116","public/audio/tts/library/marin/possible-f25e13c49ec8b3fa.mp3"
"cedar","possible","possible","","","","","","16896","1.056","116","public/audio/tts/library/cedar/possible-f25e13c49ec8b3fa.mp3"
"marin","post office","post office","","","","","","35328","2.208","86","public/audio/tts/library/marin/post-office-01721800f5000a94.mp3"
"cedar","post office","post office","","","","","","39168","2.448","86","public/audio/tts/library/cedar/post-office-01721800f5000a94.mp3"
"marin","postcard","postcard","","","","","","22656","1.416","80","public/audio/tts/library/marin/postcard-6574da6c56b9223b.mp3"
"cedar","postcard","postcard","","","","","","19200","1.2","80","public/audio/tts/library/cedar/postcard-6574da6c56b9223b.mp3"
"marin","pot","pot","","","","","","13824","0.864","70","public/audio/tts/library/marin/pot-ca633ea0fbcbe446.mp3"
"cedar","pot","pot","","","","","","15360","0.96","70","public/audio/tts/library/cedar/pot-ca633ea0fbcbe446.mp3"
"marin","potato","potato","","","","","","29568","1.848","39","public/audio/tts/library/marin/potato-c7a37153dfd36007.mp3"
"cedar","potato","potato","","","","","","18432","1.152","39","public/audio/tts/library/cedar/potato-c7a37153dfd36007.mp3"
"marin","pound","pound","","","","","","16896","1.056","36|96","public/audio/tts/library/marin/pound-e2006b7897b99f3e.mp3"
"cedar","pound","pound","","","","","","15360","0.96","36|96","public/audio/tts/library/cedar/pound-e2006b7897b99f3e.mp3"
"marin","powder","powder","","","","","","17664","1.104","72","public/audio/tts/library/marin/powder-ff82841d32746b64.mp3"
"cedar","powder","powder","","","","","","17664","1.104","72","public/audio/tts/library/cedar/powder-ff82841d32746b64.mp3"
"marin","power","power","","","","","","22656","1.416","68","public/audio/tts/library/marin/power-035233ebe4533bc5.mp3"
"cedar","power","power","","","","","","16896","1.056","68","public/audio/tts/library/cedar/power-035233ebe4533bc5.mp3"
"marin","practice","practice","","","","","","19200","1.2","77","public/audio/tts/library/marin/practice-6b3a5b5ea4d70142.mp3"
"cedar","practice","practice","","","","","","21120","1.32","77","public/audio/tts/library/cedar/practice-6b3a5b5ea4d70142.mp3"
"marin","praise","praise","","","","","","31488","1.968","66","public/audio/tts/library/marin/praise-4387012fede9d84d.mp3"
"cedar","praise","praise","","","","","","21120","1.32","66","public/audio/tts/library/cedar/praise-4387012fede9d84d.mp3"
"marin","pray","pray","","","","","","16128","1.008","25","public/audio/tts/library/marin/pray-498d948581bda732.mp3"
"cedar","pray","pray","","","","","","21888","1.368","25","public/audio/tts/library/cedar/pray-498d948581bda732.mp3"
"marin","pray for","pray for","","","","","","29568","1.848","","public/audio/tts/library/marin/pray-for-056e63fc507ed1e7.mp3"
"cedar","pray for","pray for","","","","","","27264","1.704","","public/audio/tts/library/cedar/pray-for-056e63fc507ed1e7.mp3"
"marin","precious","precious","","","","","","24960","1.56","116","public/audio/tts/library/marin/precious-a37214679d4cdc0b.mp3"
"cedar","precious","precious","","","","","","18432","1.152","116","public/audio/tts/library/cedar/precious-a37214679d4cdc0b.mp3"
"marin","prepare","prepare","","","","","","18432","1.152","54|82","public/audio/tts/library/marin/prepare-8687c50d465e1cd1.mp3"
"cedar","prepare","prepare","","","","","","35328","2.208","54|82","public/audio/tts/library/cedar/prepare-8687c50d465e1cd1.mp3"
"marin","prepare for","prepare for","","","","","","28800","1.8","","public/audio/tts/library/marin/prepare-for-55a3041217db14a1.mp3"
"cedar","prepare for","prepare for","","","","","","24192","1.512","","public/audio/tts/library/cedar/prepare-for-55a3041217db14a1.mp3"
"marin","present","present","","","","","","17664","1.104","34","public/audio/tts/library/marin/present-53710904096c2290.mp3"
"cedar","present","present","","","","","","18432","1.152","34","public/audio/tts/library/cedar/present-53710904096c2290.mp3"
"marin","present","present. Present.","","","","","","37632","2.352","","public/audio/tts/library/marin/present-5aeab2aa5da0052a.mp3"
"cedar","present","present. Present.","","","","","","37632","2.352","","public/audio/tts/library/cedar/present-5aeab2aa5da0052a.mp3"
"marin","president","president","","","","","","16896","1.056","5","public/audio/tts/library/marin/president-93cdf3c3d4d195dc.mp3"
"cedar","president","president","","","","","","19200","1.2","5","public/audio/tts/library/cedar/president-93cdf3c3d4d195dc.mp3"
"marin","pressure","pressure","","","","","","18432","1.152","25","public/audio/tts/library/marin/pressure-f1c2b235d0d2c3b7.mp3"
"cedar","pressure","pressure","","","","","","24192","1.512","25","public/audio/tts/library/cedar/pressure-f1c2b235d0d2c3b7.mp3"
"marin","pretty","pretty","","","","","","16128","1.008","11","public/audio/tts/library/marin/pretty-699555ad25de68cd.mp3"
"cedar","pretty","pretty","","","","","","19968","1.248","11","public/audio/tts/library/cedar/pretty-699555ad25de68cd.mp3"
"marin","price","price","","","","","","21888","1.368","37","public/audio/tts/library/marin/price-e546b9fd00fbf39a.mp3"
"cedar","price","price","","","","","","33792","2.112","37","public/audio/tts/library/cedar/price-e546b9fd00fbf39a.mp3"
"marin","priest","priest","","","","","","25728","1.608","54","public/audio/tts/library/marin/priest-24cc2e6ff8c5f4f7.mp3"
"cedar","priest","priest","","","","","","27264","1.704","54","public/audio/tts/library/cedar/priest-24cc2e6ff8c5f4f7.mp3"
"marin","Primary","Primary","","","","","","25728","1.608","74","public/audio/tts/library/marin/primary-a06ac4d8f2c389dc.mp3"
"cedar","Primary","Primary","","","","","","19200","1.2","74","public/audio/tts/library/cedar/primary-a06ac4d8f2c389dc.mp3"
"marin","prince","prince","","","","","","16896","1.056","2","public/audio/tts/library/marin/prince-74598b9c00824ca4.mp3"
"cedar","prince","prince","","","","","","21888","1.368","2","public/audio/tts/library/cedar/prince-74598b9c00824ca4.mp3"
"marin","princess","princess","","","","","","28800","1.8","2","public/audio/tts/library/marin/princess-3c89b3c33fcb821a.mp3"
"cedar","princess","princess","","","","","","16896","1.056","2","public/audio/tts/library/cedar/princess-3c89b3c33fcb821a.mp3"
"marin","Principal","Principal","","","","","","28032","1.752","74","public/audio/tts/library/marin/principal-7cf0f167cd0ba9c1.mp3"
"cedar","Principal","Principal","","","","","","28032","1.752","74","public/audio/tts/library/cedar/principal-7cf0f167cd0ba9c1.mp3"
"marin","principle","principle","","","","","","25728","1.608","78","public/audio/tts/library/marin/principle-30d079fad770a3d6.mp3"
"cedar","principle","principle","","","","","","26496","1.656","78","public/audio/tts/library/cedar/principle-30d079fad770a3d6.mp3"
"marin","printer","printer","","","","","","21120","1.32","69","public/audio/tts/library/marin/printer-7f94366882b1fcf5.mp3"
"cedar","printer","printer","","","","","","24960","1.56","69","public/audio/tts/library/cedar/printer-7f94366882b1fcf5.mp3"
"marin","private","private","","","","","","18432","1.152","117","public/audio/tts/library/marin/private-25bc6f78b121a072.mp3"
"cedar","private","private","","","","","","16896","1.056","117","public/audio/tts/library/cedar/private-25bc6f78b121a072.mp3"
"marin","prize","prize","","","","","","16128","1.008","82","public/audio/tts/library/marin/prize-4001fa3008ef382a.mp3"
"cedar","prize","prize","","","","","","36096","2.256","82","public/audio/tts/library/cedar/prize-4001fa3008ef382a.mp3"
"marin","probably","probably","","","","","","33792","2.112","118","public/audio/tts/library/marin/probably-4f51e19e4f0c9efb.mp3"
"cedar","probably","probably","","","","","","17664","1.104","118","public/audio/tts/library/cedar/probably-4f51e19e4f0c9efb.mp3"
"marin","problem","problem","","","","","","23424","1.464","78","public/audio/tts/library/marin/problem-822684d04b526c32.mp3"
"cedar","problem","problem","","","","","","17664","1.104","78","public/audio/tts/library/cedar/problem-822684d04b526c32.mp3"
"marin","produce","produce. Produce.","","","","","","52224","3.264","9","public/audio/tts/library/marin/produce-f9f597bbdcf3a801.mp3"
"cedar","produce","produce. Produce.","","","","","","40320","2.52","9","public/audio/tts/library/cedar/produce-f9f597bbdcf3a801.mp3"
"marin","production","production","","","","","","16896","1.056","8","public/audio/tts/library/marin/production-abbcad3f278f4fcf.mp3"
"cedar","production","production","","","","","","28800","1.8","8","public/audio/tts/library/cedar/production-abbcad3f278f4fcf.mp3"
"marin","Professor","Professor","","","","","","15360","0.96","74","public/audio/tts/library/marin/professor-6ef688e383f6a980.mp3"
"cedar","Professor","Professor","","","","","","16128","1.008","74","public/audio/tts/library/cedar/professor-6ef688e383f6a980.mp3"
"marin","program","program","","","","","","16896","1.056","60","public/audio/tts/library/marin/program-fba13a37a73d657d.mp3"
"cedar","program","program","","","","","","24960","1.56","60","public/audio/tts/library/cedar/program-fba13a37a73d657d.mp3"
"marin","progress","progress. Progress.","","","","","","36864","2.304","78","public/audio/tts/library/marin/progress-8237de014e4bc09b.mp3"
"cedar","progress","progress. Progress.","","","","","","33024","2.064","78","public/audio/tts/library/cedar/progress-8237de014e4bc09b.mp3"
"marin","promise","promise","","","","","","25728","1.608","58","public/audio/tts/library/marin/promise-012ff72aa4e6f67d.mp3"
"cedar","promise","promise","","","","","","18432","1.152","58","public/audio/tts/library/cedar/promise-012ff72aa4e6f67d.mp3"
"marin","pronounce","pronounce","","","","","","17664","1.104","77","public/audio/tts/library/marin/pronounce-b88f80731a03485d.mp3"
"cedar","pronounce","pronounce","","","","","","21888","1.368","77","public/audio/tts/library/cedar/pronounce-b88f80731a03485d.mp3"
"marin","protect","protect","","","","","","17664","1.104","28","public/audio/tts/library/marin/protect-45142c4f18261694.mp3"
"cedar","protect","protect","","","","","","21120","1.32","28","public/audio/tts/library/cedar/protect-45142c4f18261694.mp3"
"marin","proud","proud","","","","","","25728","1.608","17","public/audio/tts/library/marin/proud-67a4205af09df972.mp3"
"cedar","proud","proud","","","","","","28032","1.752","17","public/audio/tts/library/cedar/proud-67a4205af09df972.mp3"
"marin","provide","provide","","","","","","29568","1.848","28","public/audio/tts/library/marin/provide-cf0cafda0ac3e34d.mp3"
"cedar","provide","provide","","","","","","17664","1.104","28","public/audio/tts/library/cedar/provide-cf0cafda0ac3e34d.mp3"
"marin","public","public","","","","","","25728","1.608","91","public/audio/tts/library/marin/public-cde1925e8f892f5d.mp3"
"cedar","public","public","","","","","","28032","1.752","91","public/audio/tts/library/cedar/public-cde1925e8f892f5d.mp3"
"marin","pull","pull","","","","","","30720","1.92","114","public/audio/tts/library/marin/pull-3a3fcbcd07a8b97d.mp3"
"cedar","pull","pull","","","","","","16896","1.056","114","public/audio/tts/library/cedar/pull-3a3fcbcd07a8b97d.mp3"
"marin","pull in","pull in","","","","","","25728","1.608","","public/audio/tts/library/marin/pull-in-c5c83b116c48cad4.mp3"
"cedar","pull in","pull in","","","","","","24960","1.56","","public/audio/tts/library/cedar/pull-in-c5c83b116c48cad4.mp3"
"marin","pull over","pull over","","","","","","22656","1.416","","public/audio/tts/library/marin/pull-over-3a184867121814c5.mp3"
"cedar","pull over","pull over","","","","","","21120","1.32","","public/audio/tts/library/cedar/pull-over-3a184867121814c5.mp3"
"marin","pull someone’s leg","pull someone’s leg","","","","","","41088","2.568","","public/audio/tts/library/marin/pull-someones-leg-c9b0b2dc5d67086d.mp3"
"cedar","pull someone’s leg","pull someone’s leg","","","","","","51456","3.216","","public/audio/tts/library/cedar/pull-someones-leg-c9b0b2dc5d67086d.mp3"
"marin","pump","pump","","","","","","18432","1.152","73","public/audio/tts/library/marin/pump-1a74de6c68a8ae2b.mp3"
"cedar","pump","pump","","","","","","17664","1.104","73","public/audio/tts/library/cedar/pump-1a74de6c68a8ae2b.mp3"
"marin","pumpkin","pumpkin","","","","","","17664","1.104","39","public/audio/tts/library/marin/pumpkin-176d7decad778425.mp3"
"cedar","pumpkin","pumpkin","","","","","","19968","1.248","39","public/audio/tts/library/cedar/pumpkin-176d7decad778425.mp3"
"marin","punish","punish","","","","","","19200","1.2","75","public/audio/tts/library/marin/punish-d59a429a52a275cd.mp3"
"cedar","punish","punish","","","","","","21888","1.368","75","public/audio/tts/library/cedar/punish-d59a429a52a275cd.mp3"
"marin","puppy","puppy","","","","","","13824","0.864","110","public/audio/tts/library/marin/puppy-5bf0b5e81e9fb60e.mp3"
"cedar","puppy","puppy","","","","","","23424","1.464","110","public/audio/tts/library/cedar/puppy-5bf0b5e81e9fb60e.mp3"
"marin","purple","purple","","","","","","22656","1.416","51","public/audio/tts/library/marin/purple-596157e5858a0c64.mp3"
"cedar","purple","purple","","","","","","22656","1.416","51","public/audio/tts/library/cedar/purple-596157e5858a0c64.mp3"
"marin","purpose","purpose","","","","","","15360","0.96","82","public/audio/tts/library/marin/purpose-42298313b391356b.mp3"
"cedar","purpose","purpose","","","","","","31488","1.968","82","public/audio/tts/library/cedar/purpose-42298313b391356b.mp3"
"marin","purse","purse","","","","","","42624","2.664","49","public/audio/tts/library/marin/purse-1d129e6f3a73efe8.mp3"
"cedar","purse","purse","","","","","","21888","1.368","49","public/audio/tts/library/cedar/purse-1d129e6f3a73efe8.mp3"
"marin","push around","push around","","","","","","31488","1.968","","public/audio/tts/library/marin/push-around-58002c371ff16068.mp3"
"cedar","push around","push around","","","","","","30720","1.92","","public/audio/tts/library/cedar/push-around-58002c371ff16068.mp3"
"marin","push","push","","","","","","16128","1.008","114","public/audio/tts/library/marin/push-bf61b40cbe244d02.mp3"
"cedar","push","push","","","","","","18432","1.152","114","public/audio/tts/library/cedar/push-bf61b40cbe244d02.mp3"
"marin","put about","put about","","","","","","28800","1.8","","public/audio/tts/library/marin/put-about-ec1dcdd78a557522.mp3"
"cedar","put about","put about","","","","","","25728","1.608","","public/audio/tts/library/cedar/put-about-ec1dcdd78a557522.mp3"
"marin","put aside","put aside","","","","","","25728","1.608","","public/audio/tts/library/marin/put-aside-6b47a69add55742f.mp3"
"cedar","put aside","put aside","","","","","","33024","2.064","","public/audio/tts/library/cedar/put-aside-6b47a69add55742f.mp3"
"marin","put away","put away","","","","","","25728","1.608","72","public/audio/tts/library/marin/put-away-8db7c4dc658047ef.mp3"
"cedar","put away","put away","","","","","","36096","2.256","72","public/audio/tts/library/cedar/put-away-8db7c4dc658047ef.mp3"
"marin","put","put","","","","","","14592","0.912","73","public/audio/tts/library/marin/put-b28f8edbb7b6641f.mp3"
"cedar","put","put","","","","","","18432","1.152","73","public/audio/tts/library/cedar/put-b28f8edbb7b6641f.mp3"
"marin","put back","put back","","","","","","22656","1.416","","public/audio/tts/library/marin/put-back-05d9194690b1102b.mp3"
"cedar","put back","put back","","","","","","24192","1.512","","public/audio/tts/library/cedar/put-back-05d9194690b1102b.mp3"
"marin","put down","put down","","","","","","28800","1.8","","public/audio/tts/library/marin/put-down-4de2ee4f017a9b85.mp3"
"cedar","put down","put down","","","","","","24192","1.512","","public/audio/tts/library/cedar/put-down-4de2ee4f017a9b85.mp3"
"marin","put forth","put forth","","","","","","21888","1.368","","public/audio/tts/library/marin/put-forth-0e5b141e6d088c13.mp3"
"cedar","put forth","put forth","","","","","","27264","1.704","","public/audio/tts/library/cedar/put-forth-0e5b141e6d088c13.mp3"
"marin","put forward","put forward","","","","","","25728","1.608","","public/audio/tts/library/marin/put-forward-199610d5dc470e25.mp3"
"cedar","put forward","put forward","","","","","","18432","1.152","","public/audio/tts/library/cedar/put-forward-199610d5dc470e25.mp3"
"marin","put in","put in","","","","","","25728","1.608","","public/audio/tts/library/marin/put-in-c33ed9c96cdd1b21.mp3"
"cedar","put in","put in","","","","","","30720","1.92","","public/audio/tts/library/cedar/put-in-c33ed9c96cdd1b21.mp3"
"marin","put in for","put in for","","","","","","23424","1.464","","public/audio/tts/library/marin/put-in-for-c348c6aad66e7139.mp3"
"cedar","put in for","put in for","","","","","","36864","2.304","","public/audio/tts/library/cedar/put-in-for-c348c6aad66e7139.mp3"
"marin","put in forth","put in forth","","","","","","31488","1.968","","public/audio/tts/library/marin/put-in-forth-bb542e641258ad0d.mp3"
"cedar","put in forth","put in forth","","","","","","30720","1.92","","public/audio/tts/library/cedar/put-in-forth-bb542e641258ad0d.mp3"
"marin","put into practice","put into practice","","","","","","25728","1.608","","public/audio/tts/library/marin/put-into-practice-49fe4b63fef95832.mp3"
"cedar","put into practice","put into practice","","","","","","39168","2.448","","public/audio/tts/library/cedar/put-into-practice-49fe4b63fef95832.mp3"
"marin","put into words","put into words","","","","","","25728","1.608","","public/audio/tts/library/marin/put-into-words-8805b658cb3a12f7.mp3"
"cedar","put into words","put into words","","","","","","30720","1.92","","public/audio/tts/library/cedar/put-into-words-8805b658cb3a12f7.mp3"
"marin","put it on","put it on","","","","","","32256","2.016","","public/audio/tts/library/marin/put-it-on-cefae1e42160e6ea.mp3"
"cedar","put it on","put it on","","","","","","36864","2.304","","public/audio/tts/library/cedar/put-it-on-cefae1e42160e6ea.mp3"
"marin","put off","put off","","","","","","24192","1.512","","public/audio/tts/library/marin/put-off-8b7ad684f463cff0.mp3"
"cedar","put off","put off","","","","","","26496","1.656","","public/audio/tts/library/cedar/put-off-8b7ad684f463cff0.mp3"
"marin","put on","put on","","","","","","19968","1.248","50","public/audio/tts/library/marin/put-on-dda892b1586abd32.mp3"
"cedar","put on","put on","","","","","","28800","1.8","50","public/audio/tts/library/cedar/put-on-dda892b1586abd32.mp3"
"marin","put on / take off","put on, or take off","","","","","","57600","3.6","","public/audio/tts/library/marin/put-on-take-off-a0527786e3f90b00.mp3"
"cedar","put on / take off","put on, or take off","","","","","","51456","3.216","","public/audio/tts/library/cedar/put-on-take-off-a0527786e3f90b00.mp3"
"marin","put one’s foot down","put one’s foot down","","","","","","31488","1.968","","public/audio/tts/library/marin/put-ones-foot-down-903dae6acf72422c.mp3"
"cedar","put one’s foot down","put one’s foot down","","","","","","28800","1.8","","public/audio/tts/library/cedar/put-ones-foot-down-903dae6acf72422c.mp3"
"marin","put out","put out","","","","","","22656","1.416","","public/audio/tts/library/marin/put-out-7f1ccecdb1cb7105.mp3"
"cedar","put out","put out","","","","","","24192","1.512","","public/audio/tts/library/cedar/put-out-7f1ccecdb1cb7105.mp3"
"marin","put through","put through","","","","","","26496","1.656","","public/audio/tts/library/marin/put-through-b88ec480422d147c.mp3"
"cedar","put through","put through","","","","","","25728","1.608","","public/audio/tts/library/cedar/put-through-b88ec480422d147c.mp3"
"marin","put together","put together","","","","","","22656","1.416","","public/audio/tts/library/marin/put-together-63a8866fd02cdb54.mp3"
"cedar","put together","put together","","","","","","18432","1.152","","public/audio/tts/library/cedar/put-together-63a8866fd02cdb54.mp3"
"marin","put up","put up","","","","","","21888","1.368","","public/audio/tts/library/marin/put-up-afd5a8f96c0dce26.mp3"
"cedar","put up","put up","","","","","","37632","2.352","","public/audio/tts/library/cedar/put-up-afd5a8f96c0dce26.mp3"
"marin","put up with","put up with","","","","","","30720","1.92","","public/audio/tts/library/marin/put-up-with-570aafb1372c12e9.mp3"
"cedar","put up with","put up with","","","","","","27264","1.704","","public/audio/tts/library/cedar/put-up-with-570aafb1372c12e9.mp3"
"marin","put yourself in one's shoes","put yourself in one's shoes","","","","","","52992","3.312","","public/audio/tts/library/marin/put-yourself-in-ones-shoes-0f7593cce509c08b.mp3"
"cedar","put yourself in one's shoes","put yourself in one's shoes","","","","","","50688","3.168","","public/audio/tts/library/cedar/put-yourself-in-ones-shoes-0f7593cce509c08b.mp3"
"marin","puzzle","puzzle","","","","","","23424","1.464","57","public/audio/tts/library/marin/puzzle-fe43abba6eb3ad04.mp3"
"cedar","puzzle","puzzle","","","","","","16128","1.008","57","public/audio/tts/library/cedar/puzzle-fe43abba6eb3ad04.mp3"
"marin","quarter","quarter","","","","","","24960","1.56","35|98","public/audio/tts/library/marin/quarter-cd65db8741c61e64.mp3"
"cedar","quarter","quarter","","","","","","22656","1.416","35|98","public/audio/tts/library/cedar/quarter-cd65db8741c61e64.mp3"
"marin","queen","queen","","","","","","15360","0.96","2","public/audio/tts/library/marin/queen-bc0acd6c5086680e.mp3"
"cedar","queen","queen","","","","","","21888","1.368","2","public/audio/tts/library/cedar/queen-bc0acd6c5086680e.mp3"
"marin","question","question","","","","","","24192","1.512","79","public/audio/tts/library/marin/question-feee2e29ecd09e79.mp3"
"cedar","question","question","","","","","","15360","0.96","79","public/audio/tts/library/cedar/question-feee2e29ecd09e79.mp3"
"marin","quick","quick","","","","","","29568","1.848","92","public/audio/tts/library/marin/quick-30b9e7a5353ecac2.mp3"
"cedar","quick","quick","","","","","","18432","1.152","92","public/audio/tts/library/cedar/quick-30b9e7a5353ecac2.mp3"
"marin","quiet","quiet","","","","","","21120","1.32","117","public/audio/tts/library/marin/quiet-00f8eb641f0060dc.mp3"
"cedar","quiet","quiet","","","","","","23424","1.464","117","public/audio/tts/library/cedar/quiet-00f8eb641f0060dc.mp3"
"marin","quit","quit","","","","","","11520","0.72","115","public/audio/tts/library/marin/quit-0a7b6a054f4637f0.mp3"
"cedar","quit","quit","","","","","","19968","1.248","115","public/audio/tts/library/cedar/quit-0a7b6a054f4637f0.mp3"
"marin","quite","quite","","","","","","15360","0.96","119","public/audio/tts/library/marin/quite-4191d5f7fd51a48d.mp3"
"cedar","quite","quite","","","","","","18432","1.152","119","public/audio/tts/library/cedar/quite-4191d5f7fd51a48d.mp3"
"marin","quiz","quiz","","","","","","21888","1.368","79","public/audio/tts/library/marin/quiz-6d1a1fd248fae338.mp3"
"cedar","quiz","quiz","","","","","","19968","1.248","79","public/audio/tts/library/cedar/quiz-6d1a1fd248fae338.mp3"
"marin","R.O.C.","R.O.C.","","","","","","24960","1.56","","public/audio/tts/library/marin/r-o-c-d9b8eeb12ec74fe3.mp3"
"cedar","R.O.C.","R.O.C.","","","","","","30720","1.92","","public/audio/tts/library/cedar/r-o-c-d9b8eeb12ec74fe3.mp3"
"marin","rabbit","rabbit","","","","","","21120","1.32","111","public/audio/tts/library/marin/rabbit-3bbd445d59c3cb8d.mp3"
"cedar","rabbit","rabbit","","","","","","18432","1.152","111","public/audio/tts/library/cedar/rabbit-3bbd445d59c3cb8d.mp3"
"marin","race","race","","","","","","21888","1.368","53","public/audio/tts/library/marin/race-5da03b04c5e502c8.mp3"
"cedar","race","race","","","","","","17664","1.104","53","public/audio/tts/library/cedar/race-5da03b04c5e502c8.mp3"
"marin","radio","radio","","","","","","24960","1.56","60","public/audio/tts/library/marin/radio-7ec426103d0c9d8e.mp3"
"cedar","radio","radio","","","","","","19968","1.248","60","public/audio/tts/library/cedar/radio-7ec426103d0c9d8e.mp3"
"marin","railroad","railroad","","","","","","21120","1.32","93","public/audio/tts/library/marin/railroad-710ed70183a49ef3.mp3"
"cedar","railroad","railroad","","","","","","32256","2.016","93","public/audio/tts/library/cedar/railroad-710ed70183a49ef3.mp3"
"marin","railway","railway","","","","","","21120","1.32","93","public/audio/tts/library/marin/railway-c476298d89a8a679.mp3"
"cedar","railway","railway","","","","","","24960","1.56","93","public/audio/tts/library/cedar/railway-c476298d89a8a679.mp3"
"marin","rain","rain","","","","","","21888","1.368","104","public/audio/tts/library/marin/rain-f202e87cab496ad7.mp3"
"cedar","rain","rain","","","","","","18432","1.152","104","public/audio/tts/library/cedar/rain-f202e87cab496ad7.mp3"
"marin","rainbow","rainbow","","","","","","15360","0.96","105","public/audio/tts/library/marin/rainbow-b0578f4319d0d3b8.mp3"
"cedar","rainbow","rainbow","","","","","","17664","1.104","105","public/audio/tts/library/cedar/rainbow-b0578f4319d0d3b8.mp3"
"marin","raincoat","raincoat","","","","","","15360","0.96","48","public/audio/tts/library/marin/raincoat-2ad1a53e5e17690e.mp3"
"cedar","raincoat","raincoat","","","","","","19200","1.2","48","public/audio/tts/library/cedar/raincoat-2ad1a53e5e17690e.mp3"
"marin","rainy","rainy","","","","","","13824","0.864","104","public/audio/tts/library/marin/rainy-ca3185f2f9e01abc.mp3"
"cedar","rainy","rainy","","","","","","21888","1.368","104","public/audio/tts/library/cedar/rainy-ca3185f2f9e01abc.mp3"
"marin","raise","raise","","","","","","24192","1.512","58","public/audio/tts/library/marin/raise-a688097da437c3bb.mp3"
"cedar","raise","raise","","","","","","16896","1.056","58","public/audio/tts/library/cedar/raise-a688097da437c3bb.mp3"
"marin","rare","rare","","","","","","14592","0.912","116","public/audio/tts/library/marin/rare-ab418d18d2a7942e.mp3"
"cedar","rare","rare","","","","","","16128","1.008","116","public/audio/tts/library/cedar/rare-ab418d18d2a7942e.mp3"
"marin","rat","rat","","","","","","13824","0.864","110","public/audio/tts/library/marin/rat-fd439a2284b3e6aa.mp3"
"cedar","rat","rat","","","","","","24960","1.56","110","public/audio/tts/library/cedar/rat-fd439a2284b3e6aa.mp3"
"marin","rather","rather","","","","","","14592","0.912","119","public/audio/tts/library/marin/rather-6fd90481da2e735d.mp3"
"cedar","rather","rather","","","","","","18432","1.152","119","public/audio/tts/library/cedar/rather-6fd90481da2e735d.mp3"
"marin","reach","reach","","","","","","13824","0.864","94","public/audio/tts/library/marin/reach-1afd7c89146cfab4.mp3"
"cedar","reach","reach","","","","","","14592","0.912","94","public/audio/tts/library/cedar/reach-1afd7c89146cfab4.mp3"
"marin","read","read","","","","","","15360","0.96","77","public/audio/tts/library/marin/read-1417c0e84af41b77.mp3"
"cedar","read","read","","","","","","16128","1.008","77","public/audio/tts/library/cedar/read-1417c0e84af41b77.mp3"
"marin","read a book","read a book","","","","","","40320","2.52","","public/audio/tts/library/marin/read-a-book-367ff7de8666a7e7.mp3"
"cedar","read a book","read a book","","","","","","19968","1.248","","public/audio/tts/library/cedar/read-a-book-367ff7de8666a7e7.mp3"
"marin","ready","ready","","","","","","28032","1.752","10","public/audio/tts/library/marin/ready-ed1a545bb85e5581.mp3"
"cedar","ready","ready","","","","","","13056","0.816","10","public/audio/tts/library/cedar/ready-ed1a545bb85e5581.mp3"
"marin","real","real","","","","","","14592","0.912","49","public/audio/tts/library/marin/real-9e1fe97c167ed2ce.mp3"
"cedar","real","real","","","","","","15360","0.96","49","public/audio/tts/library/cedar/real-9e1fe97c167ed2ce.mp3"
"marin","realize","realize","","","","","","28032","1.752","18","public/audio/tts/library/marin/realize-be125973b76bb5aa.mp3"
"cedar","realize","realize","","","","","","18432","1.152","18","public/audio/tts/library/cedar/realize-be125973b76bb5aa.mp3"
"marin","Really?","Really?","","","","","","16128","1.008","","public/audio/tts/library/marin/really-bfe36143b5800fa5.mp3"
"cedar","Really?","Really?","","","","","","21120","1.32","","public/audio/tts/library/cedar/really-bfe36143b5800fa5.mp3"
"marin","really","really","","","","","","25728","1.608","119","public/audio/tts/library/marin/really-f688a950278d3147.mp3"
"cedar","really","really","","","","","","21120","1.32","119","public/audio/tts/library/cedar/really-f688a950278d3147.mp3"
"marin","reason","reason","","","","","","24960","1.56","95","public/audio/tts/library/marin/reason-cab416b259342944.mp3"
"cedar","reason","reason","","","","","","35328","2.208","95","public/audio/tts/library/cedar/reason-cab416b259342944.mp3"
"marin","receive","receive","","","","","","21888","1.368","61","public/audio/tts/library/marin/receive-8170566976698047.mp3"
"cedar","receive","receive","","","","","","18432","1.152","61","public/audio/tts/library/cedar/receive-8170566976698047.mp3"
"marin","record","record. Record.","","","","","","33792","2.112","73","public/audio/tts/library/marin/record-7466336cf22df4c2.mp3"
"cedar","record","record. Record.","","","","","","28032","1.752","73","public/audio/tts/library/cedar/record-7466336cf22df4c2.mp3"
"marin","recorder","recorder","","","","","","13824","0.864","56","public/audio/tts/library/marin/recorder-fc51e2444bf9a004.mp3"
"cedar","recorder","recorder","","","","","","17664","1.104","56","public/audio/tts/library/cedar/recorder-fc51e2444bf9a004.mp3"
"marin","recover","recover","","","","","","16128","1.008","24","public/audio/tts/library/marin/recover-67add730ea63f585.mp3"
"cedar","recover","recover","","","","","","27264","1.704","24","public/audio/tts/library/cedar/recover-67add730ea63f585.mp3"
"marin","recover from","recover from","","","","","","32256","2.016","","public/audio/tts/library/marin/recover-from-322bcc37fdcd2cba.mp3"
"cedar","recover from","recover from","","","","","","27264","1.704","","public/audio/tts/library/cedar/recover-from-322bcc37fdcd2cba.mp3"
"marin","rectangle","rectangle","","","","","","22656","1.416","99","public/audio/tts/library/marin/rectangle-4083b9bad6d4f8a5.mp3"
"cedar","rectangle","rectangle","","","","","","19968","1.248","99","public/audio/tts/library/cedar/rectangle-4083b9bad6d4f8a5.mp3"
"marin","recycle","recycle","","","","","","16896","1.056","109","public/audio/tts/library/marin/recycle-8012c8103d1deca9.mp3"
"cedar","recycle","recycle","","","","","","23424","1.464","109","public/audio/tts/library/cedar/recycle-8012c8103d1deca9.mp3"
"marin","red","red","","","","","","16896","1.056","51","public/audio/tts/library/marin/red-6ace33171ce0acb6.mp3"
"cedar","red","red","","","","","","16896","1.056","51","public/audio/tts/library/cedar/red-6ace33171ce0acb6.mp3"
"marin","refrigerator (fridge)","refrigerator. Or, fridge.","","","","","","52992","3.312","70","public/audio/tts/library/marin/refrigerator-fridge-4b6f25f4b995da14.mp3"
"cedar","refrigerator (fridge)","refrigerator. Or, fridge.","","","","","","44160","2.76","70","public/audio/tts/library/cedar/refrigerator-fridge-4b6f25f4b995da14.mp3"
"marin","refuse","refuse. Refuse.","","","","","","39168","2.448","115","public/audio/tts/library/marin/refuse-5bc8b6bdfe21a1b3.mp3"
"cedar","refuse","refuse. Refuse.","","","","","","47232","2.952","115","public/audio/tts/library/cedar/refuse-5bc8b6bdfe21a1b3.mp3"
"marin","regret","regret","","","","","","17664","1.104","18","public/audio/tts/library/marin/regret-53ace5c3da1dc11a.mp3"
"cedar","regret","regret","","","","","","21888","1.368","18","public/audio/tts/library/cedar/regret-53ace5c3da1dc11a.mp3"
"marin","regular","regular","","","","","","29568","1.848","25","public/audio/tts/library/marin/regular-7f44ae7d5074b592.mp3"
"cedar","regular","regular","","","","","","18432","1.152","25","public/audio/tts/library/cedar/regular-7f44ae7d5074b592.mp3"
"marin","reject","reject","","","","","","15360","0.96","115","public/audio/tts/library/marin/reject-5df5a48732681d7e.mp3"
"cedar","reject","reject","","","","","","19200","1.2","115","public/audio/tts/library/cedar/reject-5df5a48732681d7e.mp3"
"marin","relative","relative","","","","","","22656","1.416","26","public/audio/tts/library/marin/relative-9ac9d2fa6f7f0c19.mp3"
"cedar","relative","relative","","","","","","27264","1.704","26","public/audio/tts/library/cedar/relative-9ac9d2fa6f7f0c19.mp3"
"marin","remember","remember","","","","","","15360","0.96","82","public/audio/tts/library/marin/remember-ecc30902d6ea1057.mp3"
"cedar","remember","remember","","","","","","16896","1.056","82","public/audio/tts/library/cedar/remember-ecc30902d6ea1057.mp3"
"marin","remind","remind","","","","","","16896","1.056","87","public/audio/tts/library/marin/remind-30b515c90429848b.mp3"
"cedar","remind","remind","","","","","","44928","2.808","87","public/audio/tts/library/cedar/remind-30b515c90429848b.mp3"
"marin","rent","rent","","","","","","12288","0.768","94","public/audio/tts/library/marin/rent-d08b181565c85845.mp3"
"cedar","rent","rent","","","","","","26496","1.656","94","public/audio/tts/library/cedar/rent-d08b181565c85845.mp3"
"marin","repair","repair","","","","","","13824","0.864","73","public/audio/tts/library/marin/repair-0f15edc88ae50f41.mp3"
"cedar","repair","repair","","","","","","15360","0.96","73","public/audio/tts/library/cedar/repair-0f15edc88ae50f41.mp3"
"marin","repeat","repeat","","","","","","17664","1.104","77","public/audio/tts/library/marin/repeat-d852129671c7c053.mp3"
"cedar","repeat","repeat","","","","","","13824","0.864","77","public/audio/tts/library/cedar/repeat-d852129671c7c053.mp3"
"marin","report","report","","","","","","17664","1.104","","public/audio/tts/library/marin/report-331d26d6d8f862e4.mp3"
"cedar","report","report","","","","","","16128","1.008","","public/audio/tts/library/cedar/report-331d26d6d8f862e4.mp3"
"marin","reporter","reporter","","","","","","22656","1.416","7","public/audio/tts/library/marin/reporter-536d896a3ba2f612.mp3"
"cedar","reporter","reporter","","","","","","19200","1.2","7","public/audio/tts/library/cedar/reporter-536d896a3ba2f612.mp3"
"marin","resign from","resign from","","","","","","26496","1.656","","public/audio/tts/library/marin/resign-from-b691689572a1fcd5.mp3"
"cedar","resign from","resign from","","","","","","22656","1.416","","public/audio/tts/library/cedar/resign-from-b691689572a1fcd5.mp3"
"marin","respect","respect","","","","","","18432","1.152","65","public/audio/tts/library/marin/respect-ce86af263ce6977c.mp3"
"cedar","respect","respect","","","","","","16128","1.008","65","public/audio/tts/library/cedar/respect-ce86af263ce6977c.mp3"
"marin","responsible","responsible","","","","","","29568","1.848","13","public/audio/tts/library/marin/responsible-be86db1c17f37d4f.mp3"
"cedar","responsible","responsible","","","","","","24192","1.512","13","public/audio/tts/library/cedar/responsible-be86db1c17f37d4f.mp3"
"marin","rest","rest","","","","","","15360","0.96","23","public/audio/tts/library/marin/rest-d105d8c66fc049a9.mp3"
"cedar","rest","rest","","","","","","28032","1.752","23","public/audio/tts/library/cedar/rest-d105d8c66fc049a9.mp3"
"marin","restaurant","restaurant","","","","","","21888","1.368","85","public/audio/tts/library/marin/restaurant-6ac9dd613eeb69ab.mp3"
"cedar","restaurant","restaurant","","","","","","19200","1.2","85","public/audio/tts/library/cedar/restaurant-6ac9dd613eeb69ab.mp3"
"marin","restroom","restroom","","","","","","15360","0.96","86","public/audio/tts/library/marin/restroom-17b69fd89bd99a40.mp3"
"cedar","restroom","restroom","","","","","","19200","1.2","86","public/audio/tts/library/cedar/restroom-17b69fd89bd99a40.mp3"
"marin","result","result","","","","","","16896","1.056","79","public/audio/tts/library/marin/result-5656fafa00d4f294.mp3"
"cedar","result","result","","","","","","16128","1.008","79","public/audio/tts/library/cedar/result-5656fafa00d4f294.mp3"
"marin","Return","Return","","","","","","13824","0.864","36","public/audio/tts/library/marin/return-9e34e5324d74f5d7.mp3"
"cedar","Return","Return","","","","","","19200","1.2","36","public/audio/tts/library/cedar/return-9e34e5324d74f5d7.mp3"
"marin","review","review","","","","","","33792","2.112","79","public/audio/tts/library/marin/review-452b7b642e325cb2.mp3"
"cedar","review","review","","","","","","32256","2.016","79","public/audio/tts/library/cedar/review-452b7b642e325cb2.mp3"
"marin","revise","revise","","","","","","23424","1.464","81","public/audio/tts/library/marin/revise-a86a5fd9b4306185.mp3"
"cedar","revise","revise","","","","","","32256","2.016","81","public/audio/tts/library/cedar/revise-a86a5fd9b4306185.mp3"
"marin","rice","rice","","","","","","21888","1.368","41","public/audio/tts/library/marin/rice-258815a62d026117.mp3"
"cedar","rice","rice","","","","","","11520","0.72","41","public/audio/tts/library/cedar/rice-258815a62d026117.mp3"
"marin","rich","rich","","","","","","16128","1.008","117","public/audio/tts/library/marin/rich-002bdffaaad1af8e.mp3"
"cedar","rich","rich","","","","","","15360","0.96","117","public/audio/tts/library/cedar/rich-002bdffaaad1af8e.mp3"
"marin","ride","ride","","","","","","28800","1.8","92|94","public/audio/tts/library/marin/ride-728b3620f90c4a3f.mp3"
"cedar","ride","ride","","","","","","16896","1.056","92|94","public/audio/tts/library/cedar/ride-728b3620f90c4a3f.mp3"
"marin","right","right","","","","","","22656","1.416","84","public/audio/tts/library/marin/right-55c97802b397ef4d.mp3"
"cedar","right","right","","","","","","14592","0.912","84","public/audio/tts/library/cedar/right-55c97802b397ef4d.mp3"
"marin","right away","right away","","","","","","22656","1.416","","public/audio/tts/library/marin/right-away-81dbf9eada0c16b4.mp3"
"cedar","right away","right away","","","","","","34560","2.16","","public/audio/tts/library/cedar/right-away-81dbf9eada0c16b4.mp3"
"marin","right now","right now","","","","","","33024","2.064","","public/audio/tts/library/marin/right-now-62cd75dd492cb5c8.mp3"
"cedar","right now","right now","","","","","","29568","1.848","","public/audio/tts/library/cedar/right-now-62cd75dd492cb5c8.mp3"
"marin","ring","ring","","","","","","24960","1.56","49","public/audio/tts/library/marin/ring-1224fbf74fa50328.mp3"
"cedar","ring","ring","","","","","","19200","1.2","49","public/audio/tts/library/cedar/ring-1224fbf74fa50328.mp3"
"marin","rise","rise","","","","","","18432","1.152","106","public/audio/tts/library/marin/rise-c9ff30ac18ffedfd.mp3"
"cedar","rise","rise","","","","","","17664","1.104","106","public/audio/tts/library/cedar/rise-c9ff30ac18ffedfd.mp3"
"marin","river","river","","","","","","21888","1.368","107","public/audio/tts/library/marin/river-0b6c95d8ffeffada.mp3"
"cedar","river","river","","","","","","17664","1.104","107","public/audio/tts/library/cedar/river-0b6c95d8ffeffada.mp3"
"marin","road","road","","","","","","13824","0.864","83","public/audio/tts/library/marin/road-3f38be5b31377786.mp3"
"cedar","road","road","","","","","","19968","1.248","83","public/audio/tts/library/cedar/road-3f38be5b31377786.mp3"
"marin","rob","rob","","","","","","19200","1.2","62","public/audio/tts/library/marin/rob-30d71981944699f2.mp3"
"cedar","rob","rob","","","","","","21120","1.32","62","public/audio/tts/library/cedar/rob-30d71981944699f2.mp3"
"marin","robot","robot","","","","","","16896","1.056","57","public/audio/tts/library/marin/robot-b4c242e2e614a40b.mp3"
"cedar","robot","robot","","","","","","21120","1.32","57","public/audio/tts/library/cedar/robot-b4c242e2e614a40b.mp3"
"marin","ROC","ROC","","","","","","30720","1.92","89","public/audio/tts/library/marin/roc-d01a2ac7f54fa200.mp3"
"cedar","ROC","ROC","","","","","","36096","2.256","89","public/audio/tts/library/cedar/roc-d01a2ac7f54fa200.mp3"
"marin","rock","rock","","","","","","17664","1.104","56|106","public/audio/tts/library/marin/rock-780b0bf11a2133d4.mp3"
"cedar","rock","rock","","","","","","12288","0.768","56|106","public/audio/tts/library/cedar/rock-780b0bf11a2133d4.mp3"
"marin","role","role","","","","","","19968","1.248","82","public/audio/tts/library/marin/role-23579228112c7997.mp3"
"cedar","role","role","","","","","","16128","1.008","82","public/audio/tts/library/cedar/role-23579228112c7997.mp3"
"marin","roll","roll","","","","","","11520","0.72","52","public/audio/tts/library/marin/roll-09f5e537c5aa25f3.mp3"
"cedar","roll","roll","","","","","","24960","1.56","52","public/audio/tts/library/cedar/roll-09f5e537c5aa25f3.mp3"
"marin","roller skate","roller skate","","","","","","24960","1.56","53","public/audio/tts/library/marin/roller-skate-0450a474ceb659df.mp3"
"cedar","roller skate","roller skate","","","","","","16896","1.056","53","public/audio/tts/library/cedar/roller-skate-0450a474ceb659df.mp3"
"marin","Rome wasn't built in a day.","Rome wasn't built in a day.","","","","","","41088","2.568","","public/audio/tts/library/marin/rome-wasnt-built-in-a-day-03f8006c45bd91ff.mp3"
"cedar","Rome wasn't built in a day.","Rome wasn't built in a day.","","","","","","33792","2.112","","public/audio/tts/library/cedar/rome-wasnt-built-in-a-day-03f8006c45bd91ff.mp3"
"marin","roof","roof","","","","","","16128","1.008","67","public/audio/tts/library/marin/roof-c75a2f71db3d84bb.mp3"
"cedar","roof","roof","","","","","","16128","1.008","67","public/audio/tts/library/cedar/roof-c75a2f71db3d84bb.mp3"
"marin","room","room","","","","","","16896","1.056","67","public/audio/tts/library/marin/room-2618e68da9ffe245.mp3"
"cedar","room","room","","","","","","19200","1.2","67","public/audio/tts/library/cedar/room-2618e68da9ffe245.mp3"
"marin","root","root","","","","","","19968","1.248","113","public/audio/tts/library/marin/root-53175bcc0524f37b.mp3"
"cedar","root","root","","","","","","17664","1.104","113","public/audio/tts/library/cedar/root-53175bcc0524f37b.mp3"
"marin","rope","rope","","","","","","17664","1.104","71","public/audio/tts/library/marin/rope-f49dbd4c4c75a26c.mp3"
"cedar","rope","rope","","","","","","28800","1.8","71","public/audio/tts/library/cedar/rope-f49dbd4c4c75a26c.mp3"
"marin","rose","rose","","","","","","21888","1.368","113","public/audio/tts/library/marin/rose-2c251395c425c880.mp3"
"cedar","rose","rose","","","","","","24192","1.512","113","public/audio/tts/library/cedar/rose-2c251395c425c880.mp3"
"marin","round","round","","","","","","21120","1.32","99","public/audio/tts/library/marin/round-a2b845fe7f8a5548.mp3"
"cedar","round","round","","","","","","25728","1.608","99","public/audio/tts/library/cedar/round-a2b845fe7f8a5548.mp3"
"marin","row","row","","","","","","19200","1.2","100","public/audio/tts/library/marin/row-9dff3619c6a30e7c.mp3"
"cedar","row","row","","","","","","19200","1.2","100","public/audio/tts/library/cedar/row-9dff3619c6a30e7c.mp3"
"marin","rub","rub","","","","","","16896","1.056","59","public/audio/tts/library/marin/rub-f30f6cf225728fd6.mp3"
"cedar","rub","rub","","","","","","29568","1.848","59","public/audio/tts/library/cedar/rub-f30f6cf225728fd6.mp3"
"marin","rubber","rubber","","","","","","15360","0.96","50","public/audio/tts/library/marin/rubber-6cbb73a6820197c9.mp3"
"cedar","rubber","rubber","","","","","","16896","1.056","50","public/audio/tts/library/cedar/rubber-6cbb73a6820197c9.mp3"
"marin","rude","rude","","","","","","21888","1.368","12","public/audio/tts/library/marin/rude-83d669d87935db4f.mp3"
"cedar","rude","rude","","","","","","25728","1.608","12","public/audio/tts/library/cedar/rude-83d669d87935db4f.mp3"
"marin","ruin","ruin","","","","","","24960","1.56","43","public/audio/tts/library/marin/ruin-c3987ca31fee6a3a.mp3"
"cedar","ruin","ruin","","","","","","23424","1.464","43","public/audio/tts/library/cedar/ruin-c3987ca31fee6a3a.mp3"
"marin","rule","rule","","","","","","16128","1.008","75","public/audio/tts/library/marin/rule-6b79867175a1f016.mp3"
"cedar","rule","rule","","","","","","22656","1.416","75","public/audio/tts/library/cedar/rule-6b79867175a1f016.mp3"
"marin","ruler","ruler","","","","","","39168","2.448","76","public/audio/tts/library/marin/ruler-ae1036685434c934.mp3"
"cedar","ruler","ruler","","","","","","35328","2.208","76","public/audio/tts/library/cedar/ruler-ae1036685434c934.mp3"
"marin","run across","run across","","","","","","25728","1.608","","public/audio/tts/library/marin/run-across-46c439be2637d8b4.mp3"
"cedar","run across","run across","","","","","","28800","1.8","","public/audio/tts/library/cedar/run-across-46c439be2637d8b4.mp3"
"marin","run after","run after","","","","","","29568","1.848","","public/audio/tts/library/marin/run-after-8b5d4b4d9a7066df.mp3"
"cedar","run after","run after","","","","","","23424","1.464","","public/audio/tts/library/cedar/run-after-8b5d4b4d9a7066df.mp3"
"marin","run around","run around","","","","","","24960","1.56","","public/audio/tts/library/marin/run-around-b12b99071f62fcf6.mp3"
"cedar","run around","run around","","","","","","24960","1.56","","public/audio/tts/library/cedar/run-around-b12b99071f62fcf6.mp3"
"marin","run away","run away","","","","","","21120","1.32","","public/audio/tts/library/marin/run-away-458616154f17fbca.mp3"
"cedar","run away","run away","","","","","","22656","1.416","","public/audio/tts/library/cedar/run-away-458616154f17fbca.mp3"
"marin","run","run","","","","","","28032","1.752","53","public/audio/tts/library/marin/run-b5004f26a852b0d6.mp3"
"cedar","run","run","","","","","","17664","1.104","53","public/audio/tts/library/cedar/run-b5004f26a852b0d6.mp3"
"marin","run down","run down","","","","","","24192","1.512","","public/audio/tts/library/marin/run-down-70535fbfaa6e79fa.mp3"
"cedar","run down","run down","","","","","","18432","1.152","","public/audio/tts/library/cedar/run-down-70535fbfaa6e79fa.mp3"
"marin","run errands","run errands","","","","","","29568","1.848","","public/audio/tts/library/marin/run-errands-a0a9921997cf9189.mp3"
"cedar","run errands","run errands","","","","","","25728","1.608","","public/audio/tts/library/cedar/run-errands-a0a9921997cf9189.mp3"
"marin","run into","run into","","","","","","26496","1.656","","public/audio/tts/library/marin/run-into-f8bebb548aeea0a5.mp3"
"cedar","run into","run into","","","","","","16128","1.008","","public/audio/tts/library/cedar/run-into-f8bebb548aeea0a5.mp3"
"marin","run off","run off","","","","","","22656","1.416","","public/audio/tts/library/marin/run-off-89a4e07894f56417.mp3"
"cedar","run off","run off","","","","","","38400","2.4","","public/audio/tts/library/cedar/run-off-89a4e07894f56417.mp3"
"marin","run on","run on","","","","","","21888","1.368","","public/audio/tts/library/marin/run-on-4525a5d24224a9c8.mp3"
"cedar","run on","run on","","","","","","32256","2.016","","public/audio/tts/library/cedar/run-on-4525a5d24224a9c8.mp3"
"marin","run out","run out","","","","","","23424","1.464","","public/audio/tts/library/marin/run-out-35c9e7d0ab38a895.mp3"
"cedar","run out","run out","","","","","","26496","1.656","","public/audio/tts/library/cedar/run-out-35c9e7d0ab38a895.mp3"
"marin","run over","run over","","","","","","15360","0.96","","public/audio/tts/library/marin/run-over-c8a4362d85dfca37.mp3"
"cedar","run over","run over","","","","","","22656","1.416","","public/audio/tts/library/cedar/run-over-c8a4362d85dfca37.mp3"
"marin","run over to","run over to","","","","","","26496","1.656","","public/audio/tts/library/marin/run-over-to-a52a2804ceddd116.mp3"
"cedar","run over to","run over to","","","","","","33024","2.064","","public/audio/tts/library/cedar/run-over-to-a52a2804ceddd116.mp3"
"marin","run through","run through","","","","","","19200","1.2","","public/audio/tts/library/marin/run-through-926979eebfa333cc.mp3"
"cedar","run through","run through","","","","","","23424","1.464","","public/audio/tts/library/cedar/run-through-926979eebfa333cc.mp3"
"marin","run up","run up","","","","","","17664","1.104","","public/audio/tts/library/marin/run-up-471a4d48227eb272.mp3"
"cedar","run up","run up","","","","","","17664","1.104","","public/audio/tts/library/cedar/run-up-471a4d48227eb272.mp3"
"marin","run up against","run up against","","","","","","25728","1.608","","public/audio/tts/library/marin/run-up-against-47a48e2c32359169.mp3"
"cedar","run up against","run up against","","","","","","32256","2.016","","public/audio/tts/library/cedar/run-up-against-47a48e2c32359169.mp3"
"marin","rush","rush","","","","","","21888","1.368","94","public/audio/tts/library/marin/rush-70fe15666bff7f65.mp3"
"cedar","rush","rush","","","","","","31488","1.968","94","public/audio/tts/library/cedar/rush-70fe15666bff7f65.mp3"
"marin","sad","sad","","","","","","23424","1.464","15","public/audio/tts/library/marin/sad-b43a224533ef751a.mp3"
"cedar","sad","sad","","","","","","16896","1.056","15","public/audio/tts/library/cedar/sad-b43a224533ef751a.mp3"
"marin","safe","safe","","","","","","19200","1.2","116","public/audio/tts/library/marin/safe-93d868f3b59590f6.mp3"
"cedar","safe","safe","","","","","","23424","1.464","116","public/audio/tts/library/cedar/safe-93d868f3b59590f6.mp3"
"marin","safety","safety","","","","","","21120","1.32","28","public/audio/tts/library/marin/safety-2ca04aac41be9e53.mp3"
"cedar","safety","safety","","","","","","17664","1.104","28","public/audio/tts/library/cedar/safety-2ca04aac41be9e53.mp3"
"marin","sail","sail","","","","","","19200","1.2","53|91","public/audio/tts/library/marin/sail-b855f63cc2912e6d.mp3"
"cedar","sail","sail","","","","","","19968","1.248","53|91","public/audio/tts/library/cedar/sail-b855f63cc2912e6d.mp3"
"marin","sailor","sailor","","","","","","23424","1.464","5","public/audio/tts/library/marin/sailor-881c7155b9a071a3.mp3"
"cedar","sailor","sailor","","","","","","25728","1.608","5","public/audio/tts/library/cedar/sailor-881c7155b9a071a3.mp3"
"marin","salad","salad","","","","","","16896","1.056","42","public/audio/tts/library/marin/salad-1b2f7ad4b9c4750e.mp3"
"cedar","salad","salad","","","","","","24960","1.56","42","public/audio/tts/library/cedar/salad-1b2f7ad4b9c4750e.mp3"
"marin","sale","sale","","","","","","15360","0.96","9","public/audio/tts/library/marin/sale-4316da6dd7b6bae6.mp3"
"cedar","sale","sale","","","","","","18432","1.152","9","public/audio/tts/library/cedar/sale-4316da6dd7b6bae6.mp3"
"marin","salesman","salesman","","","","","","33024","2.064","9","public/audio/tts/library/marin/salesman-2958844ed717e1b2.mp3"
"cedar","salesman","salesman","","","","","","21888","1.368","9","public/audio/tts/library/cedar/salesman-2958844ed717e1b2.mp3"
"marin","salt","salt","","","","","","28800","1.8","44","public/audio/tts/library/marin/salt-06a4b397fc7045ea.mp3"
"cedar","salt","salt","","","","","","26496","1.656","44","public/audio/tts/library/cedar/salt-06a4b397fc7045ea.mp3"
"marin","same","same","","","","","","24192","1.512","117","public/audio/tts/library/marin/same-a6328afc76e9db71.mp3"
"cedar","same","same","","","","","","26496","1.656","117","public/audio/tts/library/cedar/same-a6328afc76e9db71.mp3"
"marin","sample","sample","","","","","","19968","1.248","78","public/audio/tts/library/marin/sample-aaf9ff488e0767da.mp3"
"cedar","sample","sample","","","","","","19200","1.2","78","public/audio/tts/library/cedar/sample-aaf9ff488e0767da.mp3"
"marin","sand","sand","","","","","","22656","1.416","106","public/audio/tts/library/marin/sand-5aae6ed1de1306c3.mp3"
"cedar","sand","sand","","","","","","21120","1.32","106","public/audio/tts/library/cedar/sand-5aae6ed1de1306c3.mp3"
"marin","sandwich","sandwich","","","","","","27264","1.704","41","public/audio/tts/library/marin/sandwich-63f8e13325dd6ea8.mp3"
"cedar","sandwich","sandwich","","","","","","26496","1.656","41","public/audio/tts/library/cedar/sandwich-63f8e13325dd6ea8.mp3"
"marin","satisfy","satisfy","","","","","","21120","1.32","9","public/audio/tts/library/marin/satisfy-f4d5d96f6d837e49.mp3"
"cedar","satisfy","satisfy","","","","","","23424","1.464","9","public/audio/tts/library/cedar/satisfy-f4d5d96f6d837e49.mp3"
"marin","Saturday","Saturday","","","","","","21888","1.368","32","public/audio/tts/library/marin/saturday-35c0f8110a8102f8.mp3"
"cedar","Saturday","Saturday","","","","","","14592","0.912","32","public/audio/tts/library/cedar/saturday-35c0f8110a8102f8.mp3"
"marin","saucer","saucer","","","","","","23424","1.464","46","public/audio/tts/library/marin/saucer-365a3418da1720fb.mp3"
"cedar","saucer","saucer","","","","","","21888","1.368","46","public/audio/tts/library/cedar/saucer-365a3418da1720fb.mp3"
"marin","save","save","","","","","","19200","1.2","109","public/audio/tts/library/marin/save-20caea9f0fa9f97e.mp3"
"cedar","save","save","","","","","","17664","1.104","109","public/audio/tts/library/cedar/save-20caea9f0fa9f97e.mp3"
"marin","say","say","","","","","","24192","1.512","64","public/audio/tts/library/marin/say-c7ee67a1b3d515f1.mp3"
"cedar","say","say","","","","","","16896","1.056","64","public/audio/tts/library/cedar/say-c7ee67a1b3d515f1.mp3"
"marin","scare away","scare away","","","","","","32256","2.016","","public/audio/tts/library/marin/scare-away-bc2ea594132dd456.mp3"
"cedar","scare away","scare away","","","","","","22656","1.416","","public/audio/tts/library/cedar/scare-away-bc2ea594132dd456.mp3"
"marin","scared","scared","","","","","","33792","2.112","14","public/audio/tts/library/marin/scared-5bfa9b1b7f4be1f2.mp3"
"cedar","scared","scared","","","","","","17664","1.104","14","public/audio/tts/library/cedar/scared-5bfa9b1b7f4be1f2.mp3"
"marin","scarf","scarf","","","","","","15360","0.96","49","public/audio/tts/library/marin/scarf-90018aa4ad7fa45c.mp3"
"cedar","scarf","scarf","","","","","","21888","1.368","49","public/audio/tts/library/cedar/scarf-90018aa4ad7fa45c.mp3"
"marin","scene","scene","","","","","","17664","1.104","88","public/audio/tts/library/marin/scene-30c682061df384a7.mp3"
"cedar","scene","scene","","","","","","21120","1.32","88","public/audio/tts/library/cedar/scene-30c682061df384a7.mp3"
"marin","scenery","scenery","","","","","","37632","2.352","54","public/audio/tts/library/marin/scenery-a1f2628d763593db.mp3"
"cedar","scenery","scenery","","","","","","13824","0.864","54","public/audio/tts/library/cedar/scenery-a1f2628d763593db.mp3"
"marin","science","science","","","","","","24960","1.56","76","public/audio/tts/library/marin/science-af2aa53be2d1daa6.mp3"
"cedar","science","science","","","","","","30720","1.92","76","public/audio/tts/library/cedar/science-af2aa53be2d1daa6.mp3"
"marin","scientist","scientist","","","","","","24192","1.512","6","public/audio/tts/library/marin/scientist-c18935b4150c1874.mp3"
"cedar","scientist","scientist","","","","","","22656","1.416","6","public/audio/tts/library/cedar/scientist-c18935b4150c1874.mp3"
"marin","scooter","scooter","","","","","","26496","1.656","92","public/audio/tts/library/marin/scooter-412d02bb2f62a76e.mp3"
"cedar","scooter","scooter","","","","","","19968","1.248","92","public/audio/tts/library/cedar/scooter-412d02bb2f62a76e.mp3"
"marin","score","score","","","","","","24192","1.512","79","public/audio/tts/library/marin/score-a266d741cc71a075.mp3"
"cedar","score","score","","","","","","21120","1.32","79","public/audio/tts/library/cedar/score-a266d741cc71a075.mp3"
"marin","scrape off","scrape off","","","","","","25728","1.608","","public/audio/tts/library/marin/scrape-off-3310b71eb3742c08.mp3"
"cedar","scrape off","scrape off","","","","","","24192","1.512","","public/audio/tts/library/cedar/scrape-off-3310b71eb3742c08.mp3"
"marin","scratch the surface","scratch the surface","","","","","","33792","2.112","","public/audio/tts/library/marin/scratch-the-surface-2dd3099591e2af42.mp3"
"cedar","scratch the surface","scratch the surface","","","","","","31488","1.968","","public/audio/tts/library/cedar/scratch-the-surface-2dd3099591e2af42.mp3"
"marin","screen","screen","","","","","","17664","1.104","69","public/audio/tts/library/marin/screen-be763d0072be3c5e.mp3"
"cedar","screen","screen","","","","","","21120","1.32","69","public/audio/tts/library/cedar/screen-be763d0072be3c5e.mp3"
"marin","sea","sea","","","","","","13824","0.864","107","public/audio/tts/library/marin/sea-6c03d4362fb7ac87.mp3"
"cedar","sea","sea","","","","","","32256","2.016","107","public/audio/tts/library/cedar/sea-6c03d4362fb7ac87.mp3"
"marin","seafood","seafood","","","","","","22656","1.416","40","public/audio/tts/library/marin/seafood-7ac9820a490c78b8.mp3"
"cedar","seafood","seafood","","","","","","19200","1.2","40","public/audio/tts/library/cedar/seafood-7ac9820a490c78b8.mp3"
"marin","search","search","","","","","","16896","1.056","61","public/audio/tts/library/marin/search-f1f3528bad895d7e.mp3"
"cedar","search","search","","","","","","17664","1.104","61","public/audio/tts/library/cedar/search-f1f3528bad895d7e.mp3"
"marin","season","season","","","","","","16128","1.008","33","public/audio/tts/library/marin/season-4bf2f3b286effbc7.mp3"
"cedar","season","season","","","","","","23424","1.464","33","public/audio/tts/library/cedar/season-4bf2f3b286effbc7.mp3"
"marin","seat","seat","","","","","","19968","1.248","85","public/audio/tts/library/marin/seat-7ec853e7fa19c36e.mp3"
"cedar","seat","seat","","","","","","39168","2.448","85","public/audio/tts/library/cedar/seat-7ec853e7fa19c36e.mp3"
"marin","second","second","","","","","","27264","1.704","30|35","public/audio/tts/library/marin/second-480c2336b410f1ad.mp3"
"cedar","second","second","","","","","","19968","1.248","30|35","public/audio/tts/library/cedar/second-480c2336b410f1ad.mp3"
"marin","Secondary","Secondary","","","","","","27264","1.704","74","public/audio/tts/library/marin/secondary-d72c992a2cf3bea1.mp3"
"cedar","Secondary","Secondary","","","","","","19200","1.2","74","public/audio/tts/library/cedar/secondary-d72c992a2cf3bea1.mp3"
"marin","secret","secret","","","","","","17664","1.104","65","public/audio/tts/library/marin/secret-b37e50cedcd3e3f1.mp3"
"cedar","secret","secret","","","","","","21888","1.368","65","public/audio/tts/library/cedar/secret-b37e50cedcd3e3f1.mp3"
"marin","secretary","secretary","","","","","","17664","1.104","5","public/audio/tts/library/marin/secretary-5276fc01d43815ef.mp3"
"cedar","secretary","secretary","","","","","","28032","1.752","5","public/audio/tts/library/cedar/secretary-5276fc01d43815ef.mp3"
"marin","section","section","","","","","","18432","1.152","83","public/audio/tts/library/marin/section-af69dff86e43e797.mp3"
"cedar","section","section","","","","","","17664","1.104","83","public/audio/tts/library/cedar/section-af69dff86e43e797.mp3"
"marin","see","see","","","","","","39168","2.448","19","public/audio/tts/library/marin/see-5088d203d9286698.mp3"
"cedar","see","see","","","","","","19200","1.2","19","public/audio/tts/library/cedar/see-5088d203d9286698.mp3"
"marin","see about","see about","","","","","","21120","1.32","","public/audio/tts/library/marin/see-about-e86bafc162e90121.mp3"
"cedar","see about","see about","","","","","","27264","1.704","","public/audio/tts/library/cedar/see-about-e86bafc162e90121.mp3"
"marin","see after","see after","","","","","","23424","1.464","","public/audio/tts/library/marin/see-after-348f9f9f0c1648c1.mp3"
"cedar","see after","see after","","","","","","27264","1.704","","public/audio/tts/library/cedar/see-after-348f9f9f0c1648c1.mp3"
"marin","see eye to eye","see eye to eye","","","","","","28800","1.8","","public/audio/tts/library/marin/see-eye-to-eye-1406f7071f18fbd7.mp3"
"cedar","see eye to eye","see eye to eye","","","","","","38400","2.4","","public/audio/tts/library/cedar/see-eye-to-eye-1406f7071f18fbd7.mp3"
"marin","see into","see into","","","","","","24192","1.512","","public/audio/tts/library/marin/see-into-a7c9362d03d49b05.mp3"
"cedar","see into","see into","","","","","","28032","1.752","","public/audio/tts/library/cedar/see-into-a7c9362d03d49b05.mp3"
"marin","see ... off","see off","","","","","","21888","1.368","","public/audio/tts/library/marin/see-off-0cd984d99213b5c3.mp3"
"cedar","see ... off","see off","","","","","","25728","1.608","","public/audio/tts/library/cedar/see-off-0cd984d99213b5c3.mp3"
"marin","see off","see off","","","","","","28800","1.8","","public/audio/tts/library/marin/see-off-8fbb62ee50dc01ec.mp3"
"cedar","see off","see off","","","","","","28800","1.8","","public/audio/tts/library/cedar/see-off-8fbb62ee50dc01ec.mp3"
"marin","see out","see out","","","","","","21120","1.32","","public/audio/tts/library/marin/see-out-3013b8f633f08a5f.mp3"
"cedar","see out","see out","","","","","","25728","1.608","","public/audio/tts/library/cedar/see-out-3013b8f633f08a5f.mp3"
"marin","see through","see through","","","","","","36864","2.304","","public/audio/tts/library/marin/see-through-f46bbde97f2fcd35.mp3"
"cedar","see through","see through","","","","","","32256","2.016","","public/audio/tts/library/cedar/see-through-f46bbde97f2fcd35.mp3"
"marin","see to","see to","","","","","","28032","1.752","","public/audio/tts/library/marin/see-to-3ef8062d1139bd94.mp3"
"cedar","see to","see to","","","","","","22656","1.416","","public/audio/tts/library/cedar/see-to-3ef8062d1139bd94.mp3"
"marin","See you.","See you.","","","","","","14592","0.912","","public/audio/tts/library/marin/see-you-eb181ce78a15b446.mp3"
"cedar","See you.","See you.","","","","","","26496","1.656","","public/audio/tts/library/cedar/see-you-eb181ce78a15b446.mp3"
"marin","seed","seed","","","","","","16128","1.008","113","public/audio/tts/library/marin/seed-4a6689419b00b117.mp3"
"cedar","seed","seed","","","","","","27264","1.704","113","public/audio/tts/library/cedar/seed-4a6689419b00b117.mp3"
"marin","seek","seek","","","","","","18432","1.152","95","public/audio/tts/library/marin/seek-c925dd0916da19ae.mp3"
"cedar","seek","seek","","","","","","17664","1.104","95","public/audio/tts/library/cedar/seek-c925dd0916da19ae.mp3"
"marin","seem","seem","","","","","","22656","1.416","108","public/audio/tts/library/marin/seem-005f5dcdb4ddff9f.mp3"
"cedar","seem","seem","","","","","","19200","1.2","108","public/audio/tts/library/cedar/seem-005f5dcdb4ddff9f.mp3"
"marin","seesaw","seesaw","","","","","","21888","1.368","87","public/audio/tts/library/marin/seesaw-44615672cebfa9f4.mp3"
"cedar","seesaw","seesaw","","","","","","19968","1.248","87","public/audio/tts/library/cedar/seesaw-44615672cebfa9f4.mp3"
"marin","seldom","seldom","","","","","","21120","1.32","118","public/audio/tts/library/marin/seldom-a8515b0754a853ae.mp3"
"cedar","seldom","seldom","","","","","","22656","1.416","118","public/audio/tts/library/cedar/seldom-a8515b0754a853ae.mp3"
"marin","select","select","","","","","","22656","1.416","82","public/audio/tts/library/marin/select-3be326473610e616.mp3"
"cedar","select","select","","","","","","25728","1.608","82","public/audio/tts/library/cedar/select-3be326473610e616.mp3"
"marin","selfish","selfish","","","","","","27264","1.704","12","public/audio/tts/library/marin/selfish-72cf524325a863b3.mp3"
"cedar","selfish","selfish","","","","","","26496","1.656","12","public/audio/tts/library/cedar/selfish-72cf524325a863b3.mp3"
"marin","sell","sell","","","","","","40320","2.52","9","public/audio/tts/library/marin/sell-964ff488bd9fddb2.mp3"
"cedar","sell","sell","","","","","","24960","1.56","9","public/audio/tts/library/cedar/sell-964ff488bd9fddb2.mp3"
"marin","sell out","sell out","","","","","","21888","1.368","","public/audio/tts/library/marin/sell-out-99298e49da81abd9.mp3"
"cedar","sell out","sell out","","","","","","33792","2.112","","public/audio/tts/library/cedar/sell-out-99298e49da81abd9.mp3"
"marin","Semester","Semester","","","","","","24192","1.512","74","public/audio/tts/library/marin/semester-16deefcca6199499.mp3"
"cedar","Semester","Semester","","","","","","19200","1.2","74","public/audio/tts/library/cedar/semester-16deefcca6199499.mp3"
"marin","send","send","","","","","","41088","2.568","61","public/audio/tts/library/marin/send-26f9d14262592ac3.mp3"
"cedar","send","send","","","","","","16896","1.056","61","public/audio/tts/library/cedar/send-26f9d14262592ac3.mp3"
"marin","send in","send in","","","","","","30720","1.92","","public/audio/tts/library/marin/send-in-d8e439f7b7b6ea5c.mp3"
"cedar","send in","send in","","","","","","26496","1.656","","public/audio/tts/library/cedar/send-in-d8e439f7b7b6ea5c.mp3"
"marin","send off","send off","","","","","","48000","3","","public/audio/tts/library/marin/send-off-5133441bc9355c6c.mp3"
"cedar","send off","send off","","","","","","23424","1.464","","public/audio/tts/library/cedar/send-off-5133441bc9355c6c.mp3"
"marin","send on","send on","","","","","","29568","1.848","","public/audio/tts/library/marin/send-on-5918a5d946877e92.mp3"
"cedar","send on","send on","","","","","","28800","1.8","","public/audio/tts/library/cedar/send-on-5918a5d946877e92.mp3"
"marin","senior high school","senior high school","","","","","","32256","2.016","74","public/audio/tts/library/marin/senior-high-school-a08f7fe77c2d1cf8.mp3"
"cedar","senior high school","senior high school","","","","","","33024","2.064","74","public/audio/tts/library/cedar/senior-high-school-a08f7fe77c2d1cf8.mp3"
"marin","sense","sense","","","","","","36864","2.304","22","public/audio/tts/library/marin/sense-5171543f805114ea.mp3"
"cedar","sense","sense","","","","","","21120","1.32","22","public/audio/tts/library/cedar/sense-5171543f805114ea.mp3"
"marin","sentence","sentence","","","","","","30720","1.92","77","public/audio/tts/library/marin/sentence-cc82666ecaa4383a.mp3"
"cedar","sentence","sentence","","","","","","33024","2.064","77","public/audio/tts/library/cedar/sentence-cc82666ecaa4383a.mp3"
"marin","September","September","","","","","","24960","1.56","33","public/audio/tts/library/marin/september-dea6269abee31eb8.mp3"
"cedar","September","September","","","","","","33792","2.112","33","public/audio/tts/library/cedar/september-dea6269abee31eb8.mp3"
"marin","serious","serious","","","","","","22656","1.416","17","public/audio/tts/library/marin/serious-77f5f980be080802.mp3"
"cedar","serious","serious","","","","","","32256","2.016","17","public/audio/tts/library/cedar/serious-77f5f980be080802.mp3"
"marin","servant","servant","","","","","","39168","2.448","2","public/audio/tts/library/marin/servant-50f82e476b4b7a14.mp3"
"cedar","servant","servant","","","","","","24192","1.512","2","public/audio/tts/library/cedar/servant-50f82e476b4b7a14.mp3"
"marin","serve","serve","","","","","","23424","1.464","7","public/audio/tts/library/marin/serve-f05c3c511a90328f.mp3"
"cedar","serve","serve","","","","","","38400","2.4","7","public/audio/tts/library/cedar/serve-f05c3c511a90328f.mp3"
"marin","service","service","","","","","","28032","1.752","7","public/audio/tts/library/marin/service-50330f81bafd6ca3.mp3"
"cedar","service","service","","","","","","30720","1.92","7","public/audio/tts/library/cedar/service-50330f81bafd6ca3.mp3"
"marin","set","set","","","","","","14592","0.912","35|68","public/audio/tts/library/marin/set-07305c91fd87e993.mp3"
"cedar","set","set","","","","","","16896","1.056","35|68","public/audio/tts/library/cedar/set-07305c91fd87e993.mp3"
"marin","set a good example","set a good example","","","","","","44160","2.76","","public/audio/tts/library/marin/set-a-good-example-3d41972165db104a.mp3"
"cedar","set a good example","set a good example","","","","","","32256","2.016","","public/audio/tts/library/cedar/set-a-good-example-3d41972165db104a.mp3"
"marin","set about","set about","","","","","","26496","1.656","","public/audio/tts/library/marin/set-about-53c5a6f750376ab9.mp3"
"cedar","set about","set about","","","","","","24192","1.512","","public/audio/tts/library/cedar/set-about-53c5a6f750376ab9.mp3"
"marin","set an example","set an example","","","","","","29568","1.848","","public/audio/tts/library/marin/set-an-example-7c6064bee4a69f4b.mp3"
"cedar","set an example","set an example","","","","","","28032","1.752","","public/audio/tts/library/cedar/set-an-example-7c6064bee4a69f4b.mp3"
"marin","set aside","set aside","","","","","","30720","1.92","","public/audio/tts/library/marin/set-aside-0331321eba0dee51.mp3"
"cedar","set aside","set aside","","","","","","24960","1.56","","public/audio/tts/library/cedar/set-aside-0331321eba0dee51.mp3"
"marin","set in","set in","","","","","","21120","1.32","","public/audio/tts/library/marin/set-in-29220b37f28f10b4.mp3"
"cedar","set in","set in","","","","","","30720","1.92","","public/audio/tts/library/cedar/set-in-29220b37f28f10b4.mp3"
"marin","set off","set off","","","","","","22656","1.416","","public/audio/tts/library/marin/set-off-d70d85c41471ec08.mp3"
"cedar","set off","set off","","","","","","26496","1.656","","public/audio/tts/library/cedar/set-off-d70d85c41471ec08.mp3"
"marin","set out","set out","","","","","","29568","1.848","","public/audio/tts/library/marin/set-out-716fa042fbaa8591.mp3"
"cedar","set out","set out","","","","","","19968","1.248","","public/audio/tts/library/cedar/set-out-716fa042fbaa8591.mp3"
"marin","set to","set to","","","","","","21888","1.368","","public/audio/tts/library/marin/set-to-b99f6537dc8361a7.mp3"
"cedar","set to","set to","","","","","","33024","2.064","","public/audio/tts/library/cedar/set-to-b99f6537dc8361a7.mp3"
"marin","set up","set up","","","","","","24960","1.56","","public/audio/tts/library/marin/set-up-88049f5cedcb0855.mp3"
"cedar","set up","set up","","","","","","19968","1.248","","public/audio/tts/library/cedar/set-up-88049f5cedcb0855.mp3"
"marin","settle down","settle down","","","","","","21888","1.368","","public/audio/tts/library/marin/settle-down-f0c15e2bfb4de441.mp3"
"cedar","settle down","settle down","","","","","","21888","1.368","","public/audio/tts/library/cedar/settle-down-f0c15e2bfb4de441.mp3"
"marin","seven","seven","","","","","","16896","1.056","29","public/audio/tts/library/marin/seven-92107d54bb00a88f.mp3"
"cedar","seven","seven","","","","","","22656","1.416","29","public/audio/tts/library/cedar/seven-92107d54bb00a88f.mp3"
"marin","seventeen","seventeen","","","","","","17664","1.104","29","public/audio/tts/library/marin/seventeen-bab6edfa1a830c6c.mp3"
"cedar","seventeen","seventeen","","","","","","22656","1.416","29","public/audio/tts/library/cedar/seventeen-bab6edfa1a830c6c.mp3"
"marin","seventy","seventy","","","","","","22656","1.416","30","public/audio/tts/library/marin/seventy-060122cf4798aee1.mp3"
"cedar","seventy","seventy","","","","","","19200","1.2","30","public/audio/tts/library/cedar/seventy-060122cf4798aee1.mp3"
"marin","several","several","","","","","","14592","0.912","129","public/audio/tts/library/marin/several-04eaf34ac74fe2a7.mp3"
"cedar","several","several","","","","","","17664","1.104","129","public/audio/tts/library/cedar/several-04eaf34ac74fe2a7.mp3"
"marin","shake","shake","","","","","","21120","1.32","64","public/audio/tts/library/marin/shake-4dbbe18bffcdab43.mp3"
"cedar","shake","shake","","","","","","27264","1.704","64","public/audio/tts/library/cedar/shake-4dbbe18bffcdab43.mp3"
"marin","shall","shall","","","","","","21120","1.32","123","public/audio/tts/library/marin/shall-14cbe9e497e2de70.mp3"
"cedar","shall","shall","","","","","","30720","1.92","123","public/audio/tts/library/cedar/shall-14cbe9e497e2de70.mp3"
"marin","shape","shape","","","","","","19968","1.248","99","public/audio/tts/library/marin/shape-24699596310d2d73.mp3"
"cedar","shape","shape","","","","","","16128","1.008","99","public/audio/tts/library/cedar/shape-24699596310d2d73.mp3"
"marin","share","share","","","","","","33024","2.064","61","public/audio/tts/library/marin/share-34fca86452283a20.mp3"
"cedar","share","share","","","","","","19968","1.248","61","public/audio/tts/library/cedar/share-34fca86452283a20.mp3"
"marin","share + 物 + with + 人","share something with someone.","","","","","","42624","2.664","","public/audio/tts/library/marin/share-with-c699a7f57aa8014d.mp3"
"cedar","share + 物 + with + 人","share something with someone.","","","","","","38400","2.4","","public/audio/tts/library/cedar/share-with-c699a7f57aa8014d.mp3"
"marin","shark","shark","","","","","","17664","1.104","112","public/audio/tts/library/marin/shark-672d6895d8ae6159.mp3"
"cedar","shark","shark","","","","","","11520","0.72","112","public/audio/tts/library/cedar/shark-672d6895d8ae6159.mp3"
"marin","sharp","sharp","","","","","","27264","1.704","46","public/audio/tts/library/marin/sharp-23f68c095508dd39.mp3"
"cedar","sharp","sharp","","","","","","16896","1.056","46","public/audio/tts/library/cedar/sharp-23f68c095508dd39.mp3"
"marin","she","she","","","","","","15360","0.96","126","public/audio/tts/library/marin/she-e1223bf19d4ffb55.mp3"
"cedar","she","she","","","","","","23424","1.464","126","public/audio/tts/library/cedar/she-e1223bf19d4ffb55.mp3"
"marin","sheep","sheep","","","","","","13824","0.864","110","public/audio/tts/library/marin/sheep-11559cbbf747b252.mp3"
"cedar","sheep","sheep","","","","","","23424","1.464","110","public/audio/tts/library/cedar/sheep-11559cbbf747b252.mp3"
"marin","sheet","sheet","","","","","","16896","1.056","69|100","public/audio/tts/library/marin/sheet-44cee62f9f1a2f15.mp3"
"cedar","sheet","sheet","","","","","","13056","0.816","69|100","public/audio/tts/library/cedar/sheet-44cee62f9f1a2f15.mp3"
"marin","shelf","shelf","","","","","","40320","2.52","69","public/audio/tts/library/marin/shelf-d2c57c181f994f27.mp3"
"cedar","shelf","shelf","","","","","","13056","0.816","69","public/audio/tts/library/cedar/shelf-d2c57c181f994f27.mp3"
"marin","She's on the line now.","She's on the line now.","","","","","","37632","2.352","","public/audio/tts/library/marin/shes-on-the-line-now-1f1cf0a386c48e82.mp3"
"cedar","She's on the line now.","She's on the line now.","","","","","","26496","1.656","","public/audio/tts/library/cedar/shes-on-the-line-now-1f1cf0a386c48e82.mp3"
"marin","shine","shine","","","","","","16896","1.056","104","public/audio/tts/library/marin/shine-c7b6d89101c2db91.mp3"
"cedar","shine","shine","","","","","","19200","1.2","104","public/audio/tts/library/cedar/shine-c7b6d89101c2db91.mp3"
"marin","ship","ship","","","","","","24192","1.512","91","public/audio/tts/library/marin/ship-783d8e2899475ada.mp3"
"cedar","ship","ship","","","","","","24960","1.56","91","public/audio/tts/library/cedar/ship-783d8e2899475ada.mp3"
"marin","shirt","shirt","","","","","","19200","1.2","47","public/audio/tts/library/marin/shirt-41b3c1ab330e337c.mp3"
"cedar","shirt","shirt","","","","","","15360","0.96","47","public/audio/tts/library/cedar/shirt-41b3c1ab330e337c.mp3"
"marin","shoe(s)","shoes.","","","","","","40320","2.52","47","public/audio/tts/library/marin/shoe-s-5500cbbdd5906302.mp3"
"cedar","shoe(s)","shoes.","","","","","","27264","1.704","47","public/audio/tts/library/cedar/shoe-s-5500cbbdd5906302.mp3"
"marin","shoot","shoot","","","","","","27264","1.704","63","public/audio/tts/library/marin/shoot-5932693cc281353b.mp3"
"cedar","shoot","shoot","","","","","","13824","0.864","63","public/audio/tts/library/cedar/shoot-5932693cc281353b.mp3"
"marin","shop","shop","","","","","","23424","1.464","85","public/audio/tts/library/marin/shop-0f94d09be3a83267.mp3"
"cedar","shop","shop","","","","","","16896","1.056","85","public/audio/tts/library/cedar/shop-0f94d09be3a83267.mp3"
"marin","shopkeeper","shopkeeper","","","","","","24960","1.56","85","public/audio/tts/library/marin/shopkeeper-6a0056fe4e3606a9.mp3"
"cedar","shopkeeper","shopkeeper","","","","","","24960","1.56","85","public/audio/tts/library/cedar/shopkeeper-6a0056fe4e3606a9.mp3"
"marin","shore","shore","","","","","","13824","0.864","108","public/audio/tts/library/marin/shore-4f7e9aa45b38a55e.mp3"
"cedar","shore","shore","","","","","","19968","1.248","108","public/audio/tts/library/cedar/shore-4f7e9aa45b38a55e.mp3"
"marin","short","short","","","","","","13056","0.816","11|96","public/audio/tts/library/marin/short-c962fa1be311981f.mp3"
"cedar","short","short","","","","","","24192","1.512","11|96","public/audio/tts/library/cedar/short-c962fa1be311981f.mp3"
"marin","shorts","shorts","","","","","","24192","1.512","47","public/audio/tts/library/marin/shorts-02ba9db305174b5d.mp3"
"cedar","shorts","shorts","","","","","","27264","1.704","47","public/audio/tts/library/cedar/shorts-02ba9db305174b5d.mp3"
"marin","should","should","","","","","","27264","1.704","123","public/audio/tts/library/marin/should-fbd2cf71ab0bf714.mp3"
"cedar","should","should","","","","","","19200","1.2","123","public/audio/tts/library/cedar/should-fbd2cf71ab0bf714.mp3"
"marin","shoulder","shoulder","","","","","","24960","1.56","20","public/audio/tts/library/marin/shoulder-437628a5b52e05d6.mp3"
"cedar","shoulder","shoulder","","","","","","19200","1.2","20","public/audio/tts/library/cedar/shoulder-437628a5b52e05d6.mp3"
"marin","shout","shout","","","","","","14592","0.912","65","public/audio/tts/library/marin/shout-65a1bfc681037f56.mp3"
"cedar","shout","shout","","","","","","15360","0.96","65","public/audio/tts/library/cedar/shout-65a1bfc681037f56.mp3"
"marin","shout at","shout at","","","","","","24192","1.512","","public/audio/tts/library/marin/shout-at-d5139186e2904d84.mp3"
"cedar","shout at","shout at","","","","","","23424","1.464","","public/audio/tts/library/cedar/shout-at-d5139186e2904d84.mp3"
"marin","show","show","","","","","","17664","1.104","83","public/audio/tts/library/marin/show-014589aeac0c2073.mp3"
"cedar","show","show","","","","","","19968","1.248","83","public/audio/tts/library/cedar/show-014589aeac0c2073.mp3"
"marin","show off","show off","","","","","","30720","1.92","","public/audio/tts/library/marin/show-off-fdb2bf3181b1cc5a.mp3"
"cedar","show off","show off","","","","","","22656","1.416","","public/audio/tts/library/cedar/show-off-fdb2bf3181b1cc5a.mp3"
"marin","show someone around","show someone around","","","","","","34560","2.16","","public/audio/tts/library/marin/show-someone-around-af41c5fab93b2651.mp3"
"cedar","show someone around","show someone around","","","","","","41856","2.616","","public/audio/tts/library/cedar/show-someone-around-af41c5fab93b2651.mp3"
"marin","show someone the way","show someone the way","","","","","","27264","1.704","","public/audio/tts/library/marin/show-someone-the-way-c3e69bc5041c83f7.mp3"
"cedar","show someone the way","show someone the way","","","","","","30720","1.92","","public/audio/tts/library/cedar/show-someone-the-way-c3e69bc5041c83f7.mp3"
"marin","show up","show up","","","","","","32256","2.016","","public/audio/tts/library/marin/show-up-592f5977bd0912d2.mp3"
"cedar","show up","show up","","","","","","21888","1.368","","public/audio/tts/library/cedar/show-up-592f5977bd0912d2.mp3"
"marin","shower","shower","","","","","","24960","1.56","104","public/audio/tts/library/marin/shower-326fce0ac7e4637b.mp3"
"cedar","shower","shower","","","","","","16128","1.008","104","public/audio/tts/library/cedar/shower-326fce0ac7e4637b.mp3"
"marin","shrimp","shrimp","","","","","","17664","1.104","40|112","public/audio/tts/library/marin/shrimp-c72466c2f2dac6cf.mp3"
"cedar","shrimp","shrimp","","","","","","16128","1.008","40|112","public/audio/tts/library/cedar/shrimp-c72466c2f2dac6cf.mp3"
"marin","shut","shut","","","","","","28032","1.752","114","public/audio/tts/library/marin/shut-75eddc2b1799837f.mp3"
"cedar","shut","shut","","","","","","16128","1.008","114","public/audio/tts/library/cedar/shut-75eddc2b1799837f.mp3"
"marin","shy","shy","","","","","","13056","0.816","14","public/audio/tts/library/marin/shy-d70b4d799be64422.mp3"
"cedar","shy","shy","","","","","","21120","1.32","14","public/audio/tts/library/cedar/shy-d70b4d799be64422.mp3"
"marin","sick","sick","","","","","","19200","1.2","21","public/audio/tts/library/marin/sick-2c054a48d807daf2.mp3"
"cedar","sick","sick","","","","","","19968","1.248","21","public/audio/tts/library/cedar/sick-2c054a48d807daf2.mp3"
"marin","side","side","","","","","","19200","1.2","","public/audio/tts/library/marin/side-10a098c572c8e4b3.mp3"
"cedar","side","side","","","","","","19968","1.248","","public/audio/tts/library/cedar/side-10a098c572c8e4b3.mp3"
"marin","sidewalk","sidewalk","","","","","","18432","1.152","93","public/audio/tts/library/marin/sidewalk-ccf84b3b7728bb6b.mp3"
"cedar","sidewalk","sidewalk","","","","","","30720","1.92","93","public/audio/tts/library/cedar/sidewalk-ccf84b3b7728bb6b.mp3"
"marin","sight","sight","","","","","","19200","1.2","22","public/audio/tts/library/marin/sight-e39addb56db13f73.mp3"
"cedar","sight","sight","","","","","","19200","1.2","22","public/audio/tts/library/cedar/sight-e39addb56db13f73.mp3"
"marin","sign","sign","","","","","","34560","2.16","93","public/audio/tts/library/marin/sign-6a013b81bdff42e7.mp3"
"cedar","sign","sign","","","","","","21120","1.32","93","public/audio/tts/library/cedar/sign-6a013b81bdff42e7.mp3"
"marin","silence","silence","","","","","","23424","1.464","22","public/audio/tts/library/marin/silence-5ecdc51c9361ff78.mp3"
"cedar","silence","silence","","","","","","28032","1.752","22","public/audio/tts/library/cedar/silence-5ecdc51c9361ff78.mp3"
"marin","silent","silent","","","","","","17664","1.104","117","public/audio/tts/library/marin/silent-cb58aac1c4c9f9f3.mp3"
"cedar","silent","silent","","","","","","17664","1.104","117","public/audio/tts/library/cedar/silent-cb58aac1c4c9f9f3.mp3"
"marin","silly","silly","","","","","","22656","1.416","16","public/audio/tts/library/marin/silly-d393dd4368c1a466.mp3"
"cedar","silly","silly","","","","","","18432","1.152","16","public/audio/tts/library/cedar/silly-d393dd4368c1a466.mp3"
"marin","silver","silver","","","","","","16896","1.056","50","public/audio/tts/library/marin/silver-801a6c54e43db127.mp3"
"cedar","silver","silver","","","","","","22656","1.416","50","public/audio/tts/library/cedar/silver-801a6c54e43db127.mp3"
"marin","similar","similar","","","","","","25728","1.608","117","public/audio/tts/library/marin/similar-69ea7f2d3e47a9d5.mp3"
"cedar","similar","similar","","","","","","21888","1.368","117","public/audio/tts/library/cedar/similar-69ea7f2d3e47a9d5.mp3"
"marin","simple","simple","","","","","","28800","1.8","116","public/audio/tts/library/marin/simple-6c17f2007cbe934a.mp3"
"cedar","simple","simple","","","","","","15360","0.96","116","public/audio/tts/library/cedar/simple-6c17f2007cbe934a.mp3"
"marin","since","since","","","","","","19200","1.2","131|133","public/audio/tts/library/marin/since-f0d901816c1926a3.mp3"
"cedar","since","since","","","","","","25728","1.608","131|133","public/audio/tts/library/cedar/since-f0d901816c1926a3.mp3"
"marin","sincere","sincere","","","","","","19968","1.248","12","public/audio/tts/library/marin/sincere-d80fb08ab0d804f3.mp3"
"cedar","sincere","sincere","","","","","","21888","1.368","12","public/audio/tts/library/cedar/sincere-d80fb08ab0d804f3.mp3"
"marin","sing","sing","","","","","","19200","1.2","4|55","public/audio/tts/library/marin/sing-aa2aea254981cca5.mp3"
"cedar","sing","sing","","","","","","19968","1.248","4|55","public/audio/tts/library/cedar/sing-aa2aea254981cca5.mp3"
"marin","singer","singer","","","","","","18432","1.152","4","public/audio/tts/library/marin/singer-2063915a83144328.mp3"
"cedar","singer","singer","","","","","","19968","1.248","4","public/audio/tts/library/cedar/singer-2063915a83144328.mp3"
"marin","single","single","","","","","","23424","1.464","27","public/audio/tts/library/marin/single-f9ea4b8413f7b843.mp3"
"cedar","single","single","","","","","","21888","1.368","27","public/audio/tts/library/cedar/single-f9ea4b8413f7b843.mp3"
"marin","sink","sink","","","","","","16896","1.056","71","public/audio/tts/library/marin/sink-bcbd20729da3f6e6.mp3"
"cedar","sink","sink","","","","","","27264","1.704","71","public/audio/tts/library/cedar/sink-bcbd20729da3f6e6.mp3"
"marin","sir","sir","","","","","","13824","0.864","3","public/audio/tts/library/marin/sir-ec3e19afeb1ecfaf.mp3"
"cedar","sir","sir","","","","","","35328","2.208","3","public/audio/tts/library/cedar/sir-ec3e19afeb1ecfaf.mp3"
"marin","sister","sister","","","","","","23424","1.464","26","public/audio/tts/library/marin/sister-b1bf07b90dc30d8c.mp3"
"cedar","sister","sister","","","","","","15360","0.96","26","public/audio/tts/library/cedar/sister-b1bf07b90dc30d8c.mp3"
"marin","sit about / around","sit about, or around","","","","","","42624","2.664","","public/audio/tts/library/marin/sit-about-around-10bd7a40fb96f486.mp3"
"cedar","sit about / around","sit about, or around","","","","","","43392","2.712","","public/audio/tts/library/cedar/sit-about-around-10bd7a40fb96f486.mp3"
"marin","sit back","sit back","","","","","","29568","1.848","","public/audio/tts/library/marin/sit-back-934d976bbdf14072.mp3"
"cedar","sit back","sit back","","","","","","27264","1.704","","public/audio/tts/library/cedar/sit-back-934d976bbdf14072.mp3"
"marin","sit","sit","","","","","","11520","0.72","114","public/audio/tts/library/marin/sit-c0d7c04b1d5ee301.mp3"
"cedar","sit","sit","","","","","","16896","1.056","114","public/audio/tts/library/cedar/sit-c0d7c04b1d5ee301.mp3"
"marin","sit down","sit down","","","","","","36864","2.304","","public/audio/tts/library/marin/sit-down-6528edbac1aa7d67.mp3"
"cedar","sit down","sit down","","","","","","21120","1.32","","public/audio/tts/library/cedar/sit-down-6528edbac1aa7d67.mp3"
"marin","sit down to","sit down to","","","","","","30720","1.92","","public/audio/tts/library/marin/sit-down-to-8c26e3bb0049278e.mp3"
"cedar","sit down to","sit down to","","","","","","30720","1.92","","public/audio/tts/library/cedar/sit-down-to-8c26e3bb0049278e.mp3"
"marin","sit in","sit in","","","","","","21888","1.368","","public/audio/tts/library/marin/sit-in-27c9da3341baadb7.mp3"
"cedar","sit in","sit in","","","","","","21888","1.368","","public/audio/tts/library/cedar/sit-in-27c9da3341baadb7.mp3"
"marin","sit up","sit up","","","","","","30720","1.92","","public/audio/tts/library/marin/sit-up-5944cc591bbd8bb4.mp3"
"cedar","sit up","sit up","","","","","","21120","1.32","","public/audio/tts/library/cedar/sit-up-5944cc591bbd8bb4.mp3"
"marin","six","six","","","","","","13824","0.864","29","public/audio/tts/library/marin/six-fe2547fe2604b445.mp3"
"cedar","six","six","","","","","","24192","1.512","29","public/audio/tts/library/cedar/six-fe2547fe2604b445.mp3"
"marin","sixteen","sixteen","","","","","","30720","1.92","29","public/audio/tts/library/marin/sixteen-079ba9118bd1aa67.mp3"
"cedar","sixteen","sixteen","","","","","","16128","1.008","29","public/audio/tts/library/cedar/sixteen-079ba9118bd1aa67.mp3"
"marin","sixty","sixty","","","","","","13824","0.864","30","public/audio/tts/library/marin/sixty-5a742b904e2407b7.mp3"
"cedar","sixty","sixty","","","","","","24192","1.512","30","public/audio/tts/library/cedar/sixty-5a742b904e2407b7.mp3"
"marin","size","size","","","","","","22656","1.416","97","public/audio/tts/library/marin/size-485fc1c16ae44345.mp3"
"cedar","size","size","","","","","","22656","1.416","97","public/audio/tts/library/cedar/size-485fc1c16ae44345.mp3"
"marin","skate","skate","","","","","","24960","1.56","53","public/audio/tts/library/marin/skate-79685f0f961c981f.mp3"
"cedar","skate","skate","","","","","","15360","0.96","53","public/audio/tts/library/cedar/skate-79685f0f961c981f.mp3"
"marin","ski","ski","","","","","","23424","1.464","53","public/audio/tts/library/marin/ski-06ab21c4de209c13.mp3"
"cedar","ski","ski","","","","","","21120","1.32","53","public/audio/tts/library/cedar/ski-06ab21c4de209c13.mp3"
"marin","skill","skill","","","","","","24960","1.56","77","public/audio/tts/library/marin/skill-3088e5b60779a953.mp3"
"cedar","skill","skill","","","","","","26496","1.656","77","public/audio/tts/library/cedar/skill-3088e5b60779a953.mp3"
"marin","skillful","skillful","","","","","","24192","1.512","16","public/audio/tts/library/marin/skillful-ab702def79f64ef5.mp3"
"cedar","skillful","skillful","","","","","","21888","1.368","16","public/audio/tts/library/cedar/skillful-ab702def79f64ef5.mp3"
"marin","skin","skin","","","","","","13056","0.816","19","public/audio/tts/library/marin/skin-68abfb54e37f5ed9.mp3"
"cedar","skin","skin","","","","","","24192","1.512","19","public/audio/tts/library/cedar/skin-68abfb54e37f5ed9.mp3"
"marin","skinny","skinny","","","","","","25728","1.608","11","public/audio/tts/library/marin/skinny-76e020166b9360ef.mp3"
"cedar","skinny","skinny","","","","","","25728","1.608","11","public/audio/tts/library/cedar/skinny-76e020166b9360ef.mp3"
"marin","skirt","skirt","","","","","","16896","1.056","48","public/audio/tts/library/marin/skirt-ccc51062cbfd0c37.mp3"
"cedar","skirt","skirt","","","","","","21120","1.32","48","public/audio/tts/library/cedar/skirt-ccc51062cbfd0c37.mp3"
"marin","sky","sky","","","","","","24960","1.56","104","public/audio/tts/library/marin/sky-a80f10ba234d6fa6.mp3"
"cedar","sky","sky","","","","","","16128","1.008","104","public/audio/tts/library/cedar/sky-a80f10ba234d6fa6.mp3"
"marin","sleep","sleep","","","","","","16896","1.056","25","public/audio/tts/library/marin/sleep-9fee736a97a043c3.mp3"
"cedar","sleep","sleep","","","","","","18432","1.152","25","public/audio/tts/library/cedar/sleep-9fee736a97a043c3.mp3"
"marin","sleepy","sleepy","","","","","","19968","1.248","21","public/audio/tts/library/marin/sleepy-859b4933f5cab94d.mp3"
"cedar","sleepy","sleepy","","","","","","24960","1.56","21","public/audio/tts/library/cedar/sleepy-859b4933f5cab94d.mp3"
"marin","slender","slender","","","","","","14592","0.912","11","public/audio/tts/library/marin/slender-3e70f13ea8c80d14.mp3"
"cedar","slender","slender","","","","","","28800","1.8","11","public/audio/tts/library/cedar/slender-3e70f13ea8c80d14.mp3"
"marin","slice","slice","","","","","","21888","1.368","45","public/audio/tts/library/marin/slice-971c9401e58679c2.mp3"
"cedar","slice","slice","","","","","","21888","1.368","45","public/audio/tts/library/cedar/slice-971c9401e58679c2.mp3"
"marin","slide","slide","","","","","","21888","1.368","87","public/audio/tts/library/marin/slide-d8bfbf38633d792a.mp3"
"cedar","slide","slide","","","","","","21888","1.368","87","public/audio/tts/library/cedar/slide-d8bfbf38633d792a.mp3"
"marin","slim","slim","","","","","","16896","1.056","11","public/audio/tts/library/marin/slim-32d7c4cba73bf5d4.mp3"
"cedar","slim","slim","","","","","","17664","1.104","11","public/audio/tts/library/cedar/slim-32d7c4cba73bf5d4.mp3"
"marin","slip into","slip into","","","","","","26496","1.656","","public/audio/tts/library/marin/slip-into-35835485c1e9b3b9.mp3"
"cedar","slip into","slip into","","","","","","29568","1.848","","public/audio/tts/library/cedar/slip-into-35835485c1e9b3b9.mp3"
"marin","slippers","slippers","","","","","","21888","1.368","47","public/audio/tts/library/marin/slippers-7a4353310c785277.mp3"
"cedar","slippers","slippers","","","","","","19968","1.248","47","public/audio/tts/library/cedar/slippers-7a4353310c785277.mp3"
"marin","slow","slow","","","","","","32256","2.016","92","public/audio/tts/library/marin/slow-4c4a4a89dddfad0c.mp3"
"cedar","slow","slow","","","","","","21120","1.32","92","public/audio/tts/library/cedar/slow-4c4a4a89dddfad0c.mp3"
"marin","slow down","slow down","","","","","","23424","1.464","","public/audio/tts/library/marin/slow-down-19c4e4420a6c1b56.mp3"
"cedar","slow down","slow down","","","","","","19968","1.248","","public/audio/tts/library/cedar/slow-down-19c4e4420a6c1b56.mp3"
"marin","small","small","","","","","","24960","1.56","97|98","public/audio/tts/library/marin/small-4c47b3e816fbe7d4.mp3"
"cedar","small","small","","","","","","28800","1.8","97|98","public/audio/tts/library/cedar/small-4c47b3e816fbe7d4.mp3"
"marin","smart","smart","","","","","","26496","1.656","16","public/audio/tts/library/marin/smart-53171cc11d47d162.mp3"
"cedar","smart","smart","","","","","","21888","1.368","16","public/audio/tts/library/cedar/smart-53171cc11d47d162.mp3"
"marin","smartphone","smartphone","","","","","","23424","1.464","","public/audio/tts/library/marin/smartphone-61c5bb9d7d514734.mp3"
"cedar","smartphone","smartphone","","","","","","27264","1.704","","public/audio/tts/library/cedar/smartphone-61c5bb9d7d514734.mp3"
"marin","smell","smell","","","","","","42624","2.664","19","public/audio/tts/library/marin/smell-5a76a5b03735a810.mp3"
"cedar","smell","smell","","","","","","16896","1.056","19","public/audio/tts/library/cedar/smell-5a76a5b03735a810.mp3"
"marin","smile","smile","","","","","","15360","0.96","64","public/audio/tts/library/marin/smile-afdbe5c62eaa85fb.mp3"
"cedar","smile","smile","","","","","","24960","1.56","64","public/audio/tts/library/cedar/smile-afdbe5c62eaa85fb.mp3"
"marin","smoke","smoke","","","","","","28800","1.8","109","public/audio/tts/library/marin/smoke-8d76ef077804e6a4.mp3"
"cedar","smoke","smoke","","","","","","19200","1.2","109","public/audio/tts/library/cedar/smoke-8d76ef077804e6a4.mp3"
"marin","snack","snack","","","","","","28032","1.752","43","public/audio/tts/library/marin/snack-8170df380a859c49.mp3"
"cedar","snack","snack","","","","","","18432","1.152","43","public/audio/tts/library/cedar/snack-8170df380a859c49.mp3"
"marin","snail","snail","","","","","","32256","2.016","111","public/audio/tts/library/marin/snail-090652f6a345027b.mp3"
"cedar","snail","snail","","","","","","21888","1.368","111","public/audio/tts/library/cedar/snail-090652f6a345027b.mp3"
"marin","snake","snake","","","","","","31488","1.968","112","public/audio/tts/library/marin/snake-6c53c810fa1db4a0.mp3"
"cedar","snake","snake","","","","","","27264","1.704","112","public/audio/tts/library/cedar/snake-6c53c810fa1db4a0.mp3"
"marin","sneakers","sneakers","","","","","","46464","2.904","47","public/audio/tts/library/marin/sneakers-aa938affdf9b6e6a.mp3"
"cedar","sneakers","sneakers","","","","","","16128","1.008","47","public/audio/tts/library/cedar/sneakers-aa938affdf9b6e6a.mp3"
"marin","sneaky","sneaky","","","","","","16896","1.056","62","public/audio/tts/library/marin/sneaky-273ab956513c6410.mp3"
"cedar","sneaky","sneaky","","","","","","21120","1.32","62","public/audio/tts/library/cedar/sneaky-273ab956513c6410.mp3"
"marin","snow","snow","","","","","","17664","1.104","104","public/audio/tts/library/marin/snow-bf61e5602ae0226b.mp3"
"cedar","snow","snow","","","","","","21120","1.32","104","public/audio/tts/library/cedar/snow-bf61e5602ae0226b.mp3"
"marin","snowman","snowman","","","","","","21120","1.32","33","public/audio/tts/library/marin/snowman-2415cc8c251c2542.mp3"
"cedar","snowman","snowman","","","","","","28800","1.8","33","public/audio/tts/library/cedar/snowman-2415cc8c251c2542.mp3"
"marin","snowy","snowy","","","","","","21120","1.32","104","public/audio/tts/library/marin/snowy-54d4abc44dbef97f.mp3"
"cedar","snowy","snowy","","","","","","25728","1.608","104","public/audio/tts/library/cedar/snowy-54d4abc44dbef97f.mp3"
"marin","so","so","","","","","","13056","0.816","119|133","public/audio/tts/library/marin/so-853a1e163a57fd40.mp3"
"cedar","so","so","","","","","","16896","1.056","119|133","public/audio/tts/library/cedar/so-853a1e163a57fd40.mp3"
"marin","so far","so far","","","","","","31488","1.968","","public/audio/tts/library/marin/so-far-fdd5528d4bb4c46a.mp3"
"cedar","so far","so far","","","","","","25728","1.608","","public/audio/tts/library/cedar/so-far-fdd5528d4bb4c46a.mp3"
"marin","so long as","so long as","","","","","","55296","3.456","","public/audio/tts/library/marin/so-long-as-f822bb9abfe0a24e.mp3"
"cedar","so long as","so long as","","","","","","25728","1.608","","public/audio/tts/library/cedar/so-long-as-f822bb9abfe0a24e.mp3"
"marin","so... that","so. That.","","","","","","33792","2.112","133","public/audio/tts/library/marin/so-that-d898e22aee690a27.mp3"
"cedar","so... that","so. That.","","","","","","24960","1.56","133","public/audio/tts/library/cedar/so-that-d898e22aee690a27.mp3"
"marin","so to speak","so to speak","","","","","","25728","1.608","","public/audio/tts/library/marin/so-to-speak-b3ba5b5b6c2a3610.mp3"
"cedar","so to speak","so to speak","","","","","","25728","1.608","","public/audio/tts/library/cedar/so-to-speak-b3ba5b5b6c2a3610.mp3"
"marin","soap","soap","","","","","","21120","1.32","71","public/audio/tts/library/marin/soap-08fa175de1a8a5c7.mp3"
"cedar","soap","soap","","","","","","12288","0.768","71","public/audio/tts/library/cedar/soap-08fa175de1a8a5c7.mp3"
"marin","soccer","soccer","","","","","","16128","1.008","52","public/audio/tts/library/marin/soccer-83343b8be14e67ea.mp3"
"cedar","soccer","soccer","","","","","","21120","1.32","52","public/audio/tts/library/cedar/soccer-83343b8be14e67ea.mp3"
"marin","social","social","","","","","","16896","1.056","14","public/audio/tts/library/marin/social-5021d7f6fe23ffa5.mp3"
"cedar","social","social","","","","","","19968","1.248","14","public/audio/tts/library/cedar/social-5021d7f6fe23ffa5.mp3"
"marin","social science","social science","","","","","","31488","1.968","76","public/audio/tts/library/marin/social-science-ca10c8a1f1283300.mp3"
"cedar","social science","social science","","","","","","27264","1.704","76","public/audio/tts/library/cedar/social-science-ca10c8a1f1283300.mp3"
"marin","society","society","","","","","","24960","1.56","89","public/audio/tts/library/marin/society-aee5e5a872eae434.mp3"
"cedar","society","society","","","","","","25728","1.608","89","public/audio/tts/library/cedar/society-aee5e5a872eae434.mp3"
"marin","sock(s)","socks.","","","","","","25728","1.608","","public/audio/tts/library/marin/sock-s-cf91f45801b1f0de.mp3"
"cedar","sock(s)","socks.","","","","","","19200","1.2","","public/audio/tts/library/cedar/sock-s-cf91f45801b1f0de.mp3"
"marin","socks","socks","","","","","","18432","1.152","47","public/audio/tts/library/marin/socks-988534f8a01fef03.mp3"
"cedar","socks","socks","","","","","","18432","1.152","47","public/audio/tts/library/cedar/socks-988534f8a01fef03.mp3"
"marin","soda","soda","","","","","","19968","1.248","43","public/audio/tts/library/marin/soda-9e1f6498cf5958eb.mp3"
"cedar","soda","soda","","","","","","16128","1.008","43","public/audio/tts/library/cedar/soda-9e1f6498cf5958eb.mp3"
"marin","sofa","sofa","","","","","","26496","1.656","68","public/audio/tts/library/marin/sofa-45982a4f16f40b69.mp3"
"cedar","sofa","sofa","","","","","","19200","1.2","68","public/audio/tts/library/cedar/sofa-45982a4f16f40b69.mp3"
"marin","softball","softball","","","","","","26496","1.656","52","public/audio/tts/library/marin/softball-5189e2526a675b1c.mp3"
"cedar","softball","softball","","","","","","28800","1.8","52","public/audio/tts/library/cedar/softball-5189e2526a675b1c.mp3"
"marin","soldier","soldier","","","","","","24960","1.56","5","public/audio/tts/library/marin/soldier-58f9c4a4db224b68.mp3"
"cedar","soldier","soldier","","","","","","41088","2.568","5","public/audio/tts/library/cedar/soldier-58f9c4a4db224b68.mp3"
"marin","solve","solve","","","","","","18432","1.152","57|78","public/audio/tts/library/marin/solve-999471d9cd22d310.mp3"
"cedar","solve","solve","","","","","","19968","1.248","57|78","public/audio/tts/library/cedar/solve-999471d9cd22d310.mp3"
"marin","some","some","","","","","","25728","1.608","128","public/audio/tts/library/marin/some-2922bee697337091.mp3"
"cedar","some","some","","","","","","19968","1.248","128","public/audio/tts/library/cedar/some-2922bee697337091.mp3"
"marin","some day","some day","","","","","","21888","1.368","","public/audio/tts/library/marin/some-day-84fa34158a4f6079.mp3"
"cedar","some day","some day","","","","","","22656","1.416","","public/audio/tts/library/cedar/some-day-84fa34158a4f6079.mp3"
"marin","somebody","somebody","","","","","","17664","1.104","127","public/audio/tts/library/marin/somebody-c93425e6839b3e33.mp3"
"cedar","somebody","somebody","","","","","","31488","1.968","127","public/audio/tts/library/cedar/somebody-c93425e6839b3e33.mp3"
"marin","someone","someone","","","","","","28032","1.752","127","public/audio/tts/library/marin/someone-45fbec0a59a54a0d.mp3"
"cedar","someone","someone","","","","","","22656","1.416","127","public/audio/tts/library/cedar/someone-45fbec0a59a54a0d.mp3"
"marin","someone (somebody)","someone. Or, somebody.","","","","","","58368","3.648","","public/audio/tts/library/marin/someone-somebody-f7507f6082d90a29.mp3"
"cedar","someone (somebody)","someone. Or, somebody.","","","","","","44928","2.808","","public/audio/tts/library/cedar/someone-somebody-f7507f6082d90a29.mp3"
"marin","something","something","","","","","","23424","1.464","127","public/audio/tts/library/marin/something-4bc453b53cb3d914.mp3"
"cedar","something","something","","","","","","19200","1.2","127","public/audio/tts/library/cedar/something-4bc453b53cb3d914.mp3"
"marin","sometimes","sometimes","","","","","","17664","1.104","118","public/audio/tts/library/marin/sometimes-661b965462adb001.mp3"
"cedar","sometimes","sometimes","","","","","","24192","1.512","118","public/audio/tts/library/cedar/sometimes-661b965462adb001.mp3"
"marin","somewhere","somewhere","","","","","","39168","2.448","120","public/audio/tts/library/marin/somewhere-2f18c48aaf9d9ba5.mp3"
"cedar","somewhere","somewhere","","","","","","27264","1.704","120","public/audio/tts/library/cedar/somewhere-2f18c48aaf9d9ba5.mp3"
"marin","son","son","","","","","","17664","1.104","27","public/audio/tts/library/marin/son-d7b7117f2d3de632.mp3"
"cedar","son","son","","","","","","19200","1.2","27","public/audio/tts/library/cedar/son-d7b7117f2d3de632.mp3"
"marin","song","song","","","","","","18432","1.152","55","public/audio/tts/library/marin/song-1e5e5041d325ed54.mp3"
"cedar","song","song","","","","","","19968","1.248","55","public/audio/tts/library/cedar/song-1e5e5041d325ed54.mp3"
"marin","soon","soon","","","","","","21888","1.368","34","public/audio/tts/library/marin/soon-a0d4572501f2ca19.mp3"
"cedar","soon","soon","","","","","","16896","1.056","34","public/audio/tts/library/cedar/soon-a0d4572501f2ca19.mp3"
"marin","sore","sore","","","","","","15360","0.96","23","public/audio/tts/library/marin/sore-49cea49742c5395e.mp3"
"cedar","sore","sore","","","","","","18432","1.152","23","public/audio/tts/library/cedar/sore-49cea49742c5395e.mp3"
"marin","sore throat","sore throat","","","","","","24960","1.56","","public/audio/tts/library/marin/sore-throat-d2e8cf82df3f5154.mp3"
"cedar","sore throat","sore throat","","","","","","33024","2.064","","public/audio/tts/library/cedar/sore-throat-d2e8cf82df3f5154.mp3"
"marin","sorry","sorry","","","","","","23424","1.464","64","public/audio/tts/library/marin/sorry-a450b889aa11a385.mp3"
"cedar","sorry","sorry","","","","","","19968","1.248","64","public/audio/tts/library/cedar/sorry-a450b889aa11a385.mp3"
"marin","soul","soul","","","","","","21120","1.32","102","public/audio/tts/library/marin/soul-4f99d0f74248c30d.mp3"
"cedar","soul","soul","","","","","","21120","1.32","102","public/audio/tts/library/cedar/soul-4f99d0f74248c30d.mp3"
"marin","sound","sound","","","","","","21888","1.368","22","public/audio/tts/library/marin/sound-7980bac79a483ade.mp3"
"cedar","sound","sound","","","","","","19968","1.248","22","public/audio/tts/library/cedar/sound-7980bac79a483ade.mp3"
"marin","soup","soup","","","","","","47232","2.952","42","public/audio/tts/library/marin/soup-f78e98c990bdf53d.mp3"
"cedar","soup","soup","","","","","","21120","1.32","42","public/audio/tts/library/cedar/soup-f78e98c990bdf53d.mp3"
"marin","sour","sour","","","","","","27264","1.704","44","public/audio/tts/library/marin/sour-f4dba664046673e5.mp3"
"cedar","sour","sour","","","","","","25728","1.608","44","public/audio/tts/library/cedar/sour-f4dba664046673e5.mp3"
"marin","south","south","","","","","","17664","1.104","84","public/audio/tts/library/marin/south-dae52a06e6ed952d.mp3"
"cedar","south","south","","","","","","16896","1.056","84","public/audio/tts/library/cedar/south-dae52a06e6ed952d.mp3"
"marin","soy-sauce","soy-sauce","","","","","","32256","2.016","44","public/audio/tts/library/marin/soy-sauce-5a8c2ba54f6139f7.mp3"
"cedar","soy-sauce","soy-sauce","","","","","","32256","2.016","44","public/audio/tts/library/cedar/soy-sauce-5a8c2ba54f6139f7.mp3"
"marin","space","space","","","","","","25728","1.608","106","public/audio/tts/library/marin/space-9d39745403e5faf6.mp3"
"cedar","space","space","","","","","","24960","1.56","106","public/audio/tts/library/cedar/space-9d39745403e5faf6.mp3"
"marin","spaghetti","spaghetti","","","","","","16128","1.008","41","public/audio/tts/library/marin/spaghetti-b283c039592e7857.mp3"
"cedar","spaghetti","spaghetti","","","","","","19968","1.248","41","public/audio/tts/library/cedar/spaghetti-b283c039592e7857.mp3"
"marin","speak","speak","","","","","","16896","1.056","77","public/audio/tts/library/marin/speak-ec01e763f9b0caac.mp3"
"cedar","speak","speak","","","","","","16128","1.008","77","public/audio/tts/library/cedar/speak-ec01e763f9b0caac.mp3"
"marin","Speak for yourself!","Speak for yourself!","","","","","","24960","1.56","","public/audio/tts/library/marin/speak-for-yourself-c7f5fbc3ba0d2892.mp3"
"cedar","Speak for yourself!","Speak for yourself!","","","","","","29568","1.848","","public/audio/tts/library/cedar/speak-for-yourself-c7f5fbc3ba0d2892.mp3"
"marin","speak of the devil","speak of the devil","","","","","","45696","2.856","","public/audio/tts/library/marin/speak-of-the-devil-39c10aa6794b7772.mp3"
"cedar","speak of the devil","speak of the devil","","","","","","36096","2.256","","public/audio/tts/library/cedar/speak-of-the-devil-39c10aa6794b7772.mp3"
"marin","Speak of the devil.","Speak of the devil.","","","","","","32256","2.016","","public/audio/tts/library/marin/speak-of-the-devil-f0cf26936f0a412f.mp3"
"cedar","Speak of the devil.","Speak of the devil.","","","","","","19200","1.2","","public/audio/tts/library/cedar/speak-of-the-devil-f0cf26936f0a412f.mp3"
"marin","speaker","speaker","","","","","","22656","1.416","68","public/audio/tts/library/marin/speaker-d12ac53332ddad63.mp3"
"cedar","speaker","speaker","","","","","","16896","1.056","68","public/audio/tts/library/cedar/speaker-d12ac53332ddad63.mp3"
"marin","special","special","","","","","","21120","1.32","103","public/audio/tts/library/marin/special-ebb1785812e28a7e.mp3"
"cedar","special","special","","","","","","18432","1.152","103","public/audio/tts/library/cedar/special-ebb1785812e28a7e.mp3"
"marin","speech","speech","","","","","","19200","1.2","82","public/audio/tts/library/marin/speech-28ad8806f48c1a6d.mp3"
"cedar","speech","speech","","","","","","27264","1.704","82","public/audio/tts/library/cedar/speech-28ad8806f48c1a6d.mp3"
"marin","speed","speed","","","","","","13824","0.864","92","public/audio/tts/library/marin/speed-74cc9608f2497e64.mp3"
"cedar","speed","speed","","","","","","22656","1.416","92","public/audio/tts/library/cedar/speed-74cc9608f2497e64.mp3"
"marin","spell","spell","","","","","","41088","2.568","77","public/audio/tts/library/marin/spell-d98d6b5e60349dbc.mp3"
"cedar","spell","spell","","","","","","23424","1.464","77","public/audio/tts/library/cedar/spell-d98d6b5e60349dbc.mp3"
"marin","spend","spend","","","","","","19968","1.248","37","public/audio/tts/library/marin/spend-9c8493e0225a2bb3.mp3"
"cedar","spend","spend","","","","","","28032","1.752","37","public/audio/tts/library/cedar/spend-9c8493e0225a2bb3.mp3"
"marin","spider","spider","","","","","","22656","1.416","113","public/audio/tts/library/marin/spider-fa89a028dffc66ff.mp3"
"cedar","spider","spider","","","","","","24960","1.56","113","public/audio/tts/library/cedar/spider-fa89a028dffc66ff.mp3"
"marin","spirit","spirit","","","","","","24960","1.56","102","public/audio/tts/library/marin/spirit-8c55d769057790c1.mp3"
"cedar","spirit","spirit","","","","","","16128","1.008","102","public/audio/tts/library/cedar/spirit-8c55d769057790c1.mp3"
"marin","spoon","spoon","","","","","","24960","1.56","46","public/audio/tts/library/marin/spoon-c4ca0b25386cc217.mp3"
"cedar","spoon","spoon","","","","","","17664","1.104","46","public/audio/tts/library/cedar/spoon-c4ca0b25386cc217.mp3"
"marin","sport","sport","","","","","","13056","0.816","","public/audio/tts/library/marin/sport-d314f337a9a11a54.mp3"
"cedar","sport","sport","","","","","","17664","1.104","","public/audio/tts/library/cedar/sport-d314f337a9a11a54.mp3"
"marin","sports","sports","","","","","","19968","1.248","52","public/audio/tts/library/marin/sports-cc35fe6fd317b399.mp3"
"cedar","sports","sports","","","","","","19200","1.2","52","public/audio/tts/library/cedar/sports-cc35fe6fd317b399.mp3"
"marin","spot","spot","","","","","","36096","2.256","99","public/audio/tts/library/marin/spot-b9c562401cf4105d.mp3"
"cedar","spot","spot","","","","","","19200","1.2","99","public/audio/tts/library/cedar/spot-b9c562401cf4105d.mp3"
"marin","spread","spread","","","","","","30720","1.92","45","public/audio/tts/library/marin/spread-80bcfe3432354843.mp3"
"cedar","spread","spread","","","","","","23424","1.464","45","public/audio/tts/library/cedar/spread-80bcfe3432354843.mp3"
"marin","spread out","spread out","","","","","","33792","2.112","","public/audio/tts/library/marin/spread-out-c61f03149a1d12e6.mp3"
"cedar","spread out","spread out","","","","","","38400","2.4","","public/audio/tts/library/cedar/spread-out-c61f03149a1d12e6.mp3"
"marin","spring","spring","","","","","","18432","1.152","33|107","public/audio/tts/library/marin/spring-c7e54601e77f2b13.mp3"
"cedar","spring","spring","","","","","","36096","2.256","33|107","public/audio/tts/library/cedar/spring-c7e54601e77f2b13.mp3"
"marin","square","square","","","","","","17664","1.104","99","public/audio/tts/library/marin/square-1b8a0a34fb84c0c9.mp3"
"cedar","square","square","","","","","","24192","1.512","99","public/audio/tts/library/cedar/square-1b8a0a34fb84c0c9.mp3"
"marin","stair","stair","","","","","","16896","1.056","","public/audio/tts/library/marin/stair-70272180994b7349.mp3"
"cedar","stair","stair","","","","","","30720","1.92","","public/audio/tts/library/cedar/stair-70272180994b7349.mp3"
"marin","stairs","stairs","","","","","","21120","1.32","71","public/audio/tts/library/marin/stairs-0ee3904762df80b7.mp3"
"cedar","stairs","stairs","","","","","","27264","1.704","71","public/audio/tts/library/cedar/stairs-0ee3904762df80b7.mp3"
"marin","stamp","stamp","","","","","","16128","1.008","55","public/audio/tts/library/marin/stamp-1c385d91019268c2.mp3"
"cedar","stamp","stamp","","","","","","19200","1.2","55","public/audio/tts/library/cedar/stamp-1c385d91019268c2.mp3"
"marin","stand","stand","","","","","","24960","1.56","114","public/audio/tts/library/marin/stand-9161857194af2beb.mp3"
"cedar","stand","stand","","","","","","18432","1.152","114","public/audio/tts/library/cedar/stand-9161857194af2beb.mp3"
"marin","stand against","stand against","","","","","","29568","1.848","","public/audio/tts/library/marin/stand-against-3680d4105feae39e.mp3"
"cedar","stand against","stand against","","","","","","28800","1.8","","public/audio/tts/library/cedar/stand-against-3680d4105feae39e.mp3"
"marin","stand alone","stand alone","","","","","","25728","1.608","","public/audio/tts/library/marin/stand-alone-64cada859ea0996b.mp3"
"cedar","stand alone","stand alone","","","","","","28032","1.752","","public/audio/tts/library/cedar/stand-alone-64cada859ea0996b.mp3"
"marin","stand aside","stand aside","","","","","","27264","1.704","","public/audio/tts/library/marin/stand-aside-6919c99b97e8d2b6.mp3"
"cedar","stand aside","stand aside","","","","","","30720","1.92","","public/audio/tts/library/cedar/stand-aside-6919c99b97e8d2b6.mp3"
"marin","stand away","stand away","","","","","","21120","1.32","","public/audio/tts/library/marin/stand-away-d6acadb0d3eac4fa.mp3"
"cedar","stand away","stand away","","","","","","24192","1.512","","public/audio/tts/library/cedar/stand-away-d6acadb0d3eac4fa.mp3"
"marin","stand behind","stand behind","","","","","","32256","2.016","","public/audio/tts/library/marin/stand-behind-8a29d95f17a35112.mp3"
"cedar","stand behind","stand behind","","","","","","26496","1.656","","public/audio/tts/library/cedar/stand-behind-8a29d95f17a35112.mp3"
"marin","stand by","stand by","","","","","","34560","2.16","","public/audio/tts/library/marin/stand-by-2d358f4fd7f1121e.mp3"
"cedar","stand by","stand by","","","","","","24192","1.512","","public/audio/tts/library/cedar/stand-by-2d358f4fd7f1121e.mp3"
"marin","stand firm","stand firm","","","","","","27264","1.704","","public/audio/tts/library/marin/stand-firm-7ab278702f9ec831.mp3"
"cedar","stand firm","stand firm","","","","","","28032","1.752","","public/audio/tts/library/cedar/stand-firm-7ab278702f9ec831.mp3"
"marin","stand for","stand for","","","","","","26496","1.656","","public/audio/tts/library/marin/stand-for-db6b502a64bc01cd.mp3"
"cedar","stand for","stand for","","","","","","36096","2.256","","public/audio/tts/library/cedar/stand-for-db6b502a64bc01cd.mp3"
"marin","stand in","stand in","","","","","","25728","1.608","","public/audio/tts/library/marin/stand-in-d6c4fcad14a09c3f.mp3"
"cedar","stand in","stand in","","","","","","41088","2.568","","public/audio/tts/library/cedar/stand-in-d6c4fcad14a09c3f.mp3"
"marin","stand in line","stand in line","","","","","","41088","2.568","","public/audio/tts/library/marin/stand-in-line-86fbb2f62f922482.mp3"
"cedar","stand in line","stand in line","","","","","","32256","2.016","","public/audio/tts/library/cedar/stand-in-line-86fbb2f62f922482.mp3"
"marin","stand off","stand off","","","","","","27264","1.704","","public/audio/tts/library/marin/stand-off-435e182e12c0c71c.mp3"
"cedar","stand off","stand off","","","","","","31488","1.968","","public/audio/tts/library/cedar/stand-off-435e182e12c0c71c.mp3"
"marin","stand out","stand out","","","","","","27264","1.704","","public/audio/tts/library/marin/stand-out-22968342207f9f78.mp3"
"cedar","stand out","stand out","","","","","","32256","2.016","","public/audio/tts/library/cedar/stand-out-22968342207f9f78.mp3"
"marin","stand to","stand to","","","","","","26496","1.656","","public/audio/tts/library/marin/stand-to-5e647a091113b659.mp3"
"cedar","stand to","stand to","","","","","","28800","1.8","","public/audio/tts/library/cedar/stand-to-5e647a091113b659.mp3"
"marin","stand to reason","stand to reason","","","","","","33792","2.112","","public/audio/tts/library/marin/stand-to-reason-d1b482e7d66e3930.mp3"
"cedar","stand to reason","stand to reason","","","","","","33792","2.112","","public/audio/tts/library/cedar/stand-to-reason-d1b482e7d66e3930.mp3"
"marin","stand up","stand up","","","","","","35328","2.208","","public/audio/tts/library/marin/stand-up-8516a870230bd4a5.mp3"
"cedar","stand up","stand up","","","","","","30720","1.92","","public/audio/tts/library/cedar/stand-up-8516a870230bd4a5.mp3"
"marin","stand up against","stand up against","","","","","","35328","2.208","","public/audio/tts/library/marin/stand-up-against-4e6c75a2b7a4b3fe.mp3"
"cedar","stand up against","stand up against","","","","","","26496","1.656","","public/audio/tts/library/cedar/stand-up-against-4e6c75a2b7a4b3fe.mp3"
"marin","stand up for","stand up for","","","","","","23424","1.464","","public/audio/tts/library/marin/stand-up-for-d450b3c48697ba5a.mp3"
"cedar","stand up for","stand up for","","","","","","27264","1.704","","public/audio/tts/library/cedar/stand-up-for-d450b3c48697ba5a.mp3"
"marin","star","star","","","","","","27264","1.704","106","public/audio/tts/library/marin/star-685b39f996eaa6f3.mp3"
"cedar","star","star","","","","","","24192","1.512","106","public/audio/tts/library/cedar/star-685b39f996eaa6f3.mp3"
"marin","start","start","","","","","","18432","1.152","115","public/audio/tts/library/marin/start-46210dddc66714c3.mp3"
"cedar","start","start","","","","","","16128","1.008","115","public/audio/tts/library/cedar/start-46210dddc66714c3.mp3"
"marin","start back","start back","","","","","","31488","1.968","","public/audio/tts/library/marin/start-back-2f6da00e7798040f.mp3"
"cedar","start back","start back","","","","","","30720","1.92","","public/audio/tts/library/cedar/start-back-2f6da00e7798040f.mp3"
"marin","start for","start for","","","","","","27264","1.704","","public/audio/tts/library/marin/start-for-cbfec0988436fa43.mp3"
"cedar","start for","start for","","","","","","26496","1.656","","public/audio/tts/library/cedar/start-for-cbfec0988436fa43.mp3"
"marin","start in on ...","start in on","","","","","","29568","1.848","","public/audio/tts/library/marin/start-in-on-b476dc4988f885e4.mp3"
"cedar","start in on ...","start in on","","","","","","21120","1.32","","public/audio/tts/library/cedar/start-in-on-b476dc4988f885e4.mp3"
"marin","start off","start off","","","","","","19200","1.2","","public/audio/tts/library/marin/start-off-afc546f4fe13944f.mp3"
"cedar","start off","start off","","","","","","19968","1.248","","public/audio/tts/library/cedar/start-off-afc546f4fe13944f.mp3"
"marin","start out","start out","","","","","","36096","2.256","","public/audio/tts/library/marin/start-out-a30e22cc6389200c.mp3"
"cedar","start out","start out","","","","","","19200","1.2","","public/audio/tts/library/cedar/start-out-a30e22cc6389200c.mp3"
"marin","start over","start over","","","","","","35328","2.208","","public/audio/tts/library/marin/start-over-235c08d87d4b77a4.mp3"
"cedar","start over","start over","","","","","","22656","1.416","","public/audio/tts/library/cedar/start-over-235c08d87d4b77a4.mp3"
"marin","start up","start up","","","","","","15360","0.96","","public/audio/tts/library/marin/start-up-9fe569da36fb7a59.mp3"
"cedar","start up","start up","","","","","","33792","2.112","","public/audio/tts/library/cedar/start-up-9fe569da36fb7a59.mp3"
"marin","start with","start with","","","","","","28032","1.752","","public/audio/tts/library/marin/start-with-9edafc261ba077f3.mp3"
"cedar","start with","start with","","","","","","18432","1.152","","public/audio/tts/library/cedar/start-with-9edafc261ba077f3.mp3"
"marin","state","state","","","","","","16128","1.008","21|89","public/audio/tts/library/marin/state-927489cb2fcdb32e.mp3"
"cedar","state","state","","","","","","19200","1.2","21|89","public/audio/tts/library/cedar/state-927489cb2fcdb32e.mp3"
"marin","station","station","","","","","","22656","1.416","","public/audio/tts/library/marin/station-47721ddbed082596.mp3"
"cedar","station","station","","","","","","16128","1.008","","public/audio/tts/library/cedar/station-47721ddbed082596.mp3"
"marin","stationery","stationery","","","","","","28032","1.752","80","public/audio/tts/library/marin/stationery-4826a4cd7f3e1f69.mp3"
"cedar","stationery","stationery","","","","","","29568","1.848","80","public/audio/tts/library/cedar/stationery-4826a4cd7f3e1f69.mp3"
"marin","stay","stay","","","","","","16896","1.056","10","public/audio/tts/library/marin/stay-45f689bf33fce119.mp3"
"cedar","stay","stay","","","","","","24960","1.56","10","public/audio/tts/library/cedar/stay-45f689bf33fce119.mp3"
"marin","stay away from","stay away from","","","","","","28800","1.8","","public/audio/tts/library/marin/stay-away-from-74b15132ad6d188b.mp3"
"cedar","stay away from","stay away from","","","","","","27264","1.704","","public/audio/tts/library/cedar/stay-away-from-74b15132ad6d188b.mp3"
"marin","stay home","stay home","","","","","","27264","1.704","","public/audio/tts/library/marin/stay-home-34a5f00454fea977.mp3"
"cedar","stay home","stay home","","","","","","30720","1.92","","public/audio/tts/library/cedar/stay-home-34a5f00454fea977.mp3"
"marin","stay in","stay in","","","","","","32256","2.016","","public/audio/tts/library/marin/stay-in-e1140292ec1f671f.mp3"
"cedar","stay in","stay in","","","","","","22656","1.416","","public/audio/tts/library/cedar/stay-in-e1140292ec1f671f.mp3"
"marin","stay in touch with","stay in touch with","","","","","","30720","1.92","","public/audio/tts/library/marin/stay-in-touch-with-4103ca757f4c47db.mp3"
"cedar","stay in touch with","stay in touch with","","","","","","53760","3.36","","public/audio/tts/library/cedar/stay-in-touch-with-4103ca757f4c47db.mp3"
"marin","stay online","stay online","","","","","","23424","1.464","","public/audio/tts/library/marin/stay-online-0d4603d9d94f7fcc.mp3"
"cedar","stay online","stay online","","","","","","26496","1.656","","public/audio/tts/library/cedar/stay-online-0d4603d9d94f7fcc.mp3"
"marin","stay out","stay out","","","","","","27264","1.704","","public/audio/tts/library/marin/stay-out-e98311c856f2aaa6.mp3"
"cedar","stay out","stay out","","","","","","19968","1.248","","public/audio/tts/library/cedar/stay-out-e98311c856f2aaa6.mp3"
"marin","stay up","stay up","","","","","","19968","1.248","","public/audio/tts/library/marin/stay-up-575476e13bfb4bcd.mp3"
"cedar","stay up","stay up","","","","","","19968","1.248","","public/audio/tts/library/cedar/stay-up-575476e13bfb4bcd.mp3"
"marin","steak","steak","","","","","","14592","0.912","40","public/audio/tts/library/marin/steak-b5a46b72c15d4b83.mp3"
"cedar","steak","steak","","","","","","17664","1.104","40","public/audio/tts/library/cedar/steak-b5a46b72c15d4b83.mp3"
"marin","steal","steal","","","","","","16128","1.008","62","public/audio/tts/library/marin/steal-f8c75a071e980610.mp3"
"cedar","steal","steal","","","","","","28032","1.752","62","public/audio/tts/library/cedar/steal-f8c75a071e980610.mp3"
"marin","steam","steam","","","","","","18432","1.152","45|107","public/audio/tts/library/marin/steam-5d45c439f153eef6.mp3"
"cedar","steam","steam","","","","","","24192","1.512","45|107","public/audio/tts/library/cedar/steam-5d45c439f153eef6.mp3"
"marin","step","step","","","","","","25728","1.608","82","public/audio/tts/library/marin/step-2b7e2e900326717f.mp3"
"cedar","step","step","","","","","","19200","1.2","82","public/audio/tts/library/cedar/step-2b7e2e900326717f.mp3"
"marin","stick to","stick to","","","","","","5760","0.36","","public/audio/tts/library/marin/stick-to-399af448ceba231f.mp3"
"cedar","stick to","stick to","","","","","","32256","2.016","","public/audio/tts/library/cedar/stick-to-399af448ceba231f.mp3"
"marin","still","still","","","","","","19968","1.248","119","public/audio/tts/library/marin/still-d9117b435a4d8c1d.mp3"
"cedar","still","still","","","","","","24960","1.56","119","public/audio/tts/library/cedar/still-d9117b435a4d8c1d.mp3"
"marin","stingy","stingy","","","","","","28800","1.8","13","public/audio/tts/library/marin/stingy-1febc3e770860eef.mp3"
"cedar","stingy","stingy","","","","","","25728","1.608","13","public/audio/tts/library/cedar/stingy-1febc3e770860eef.mp3"
"marin","stomach","stomach","","","","","","32256","2.016","20","public/audio/tts/library/marin/stomach-cd935ba89588b02f.mp3"
"cedar","stomach","stomach","","","","","","17664","1.104","20","public/audio/tts/library/cedar/stomach-cd935ba89588b02f.mp3"
"marin","stomachache","stomachache","","","","","","18432","1.152","23","public/audio/tts/library/marin/stomachache-3cc0fcfd5891ecb6.mp3"
"cedar","stomachache","stomachache","","","","","","28800","1.8","23","public/audio/tts/library/cedar/stomachache-3cc0fcfd5891ecb6.mp3"
"marin","stone","stone","","","","","","21120","1.32","106","public/audio/tts/library/marin/stone-54a4d40356da08e2.mp3"
"cedar","stone","stone","","","","","","25728","1.608","106","public/audio/tts/library/cedar/stone-54a4d40356da08e2.mp3"
"marin","stop","stop","","","","","","14592","0.912","35","public/audio/tts/library/marin/stop-a11c3d917a2149a4.mp3"
"cedar","stop","stop","","","","","","40320","2.52","35","public/audio/tts/library/cedar/stop-a11c3d917a2149a4.mp3"
"marin","stop by","stop by","","","","","","31488","1.968","","public/audio/tts/library/marin/stop-by-408279ab83454a48.mp3"
"cedar","stop by","stop by","","","","","","36864","2.304","","public/audio/tts/library/cedar/stop-by-408279ab83454a48.mp3"
"marin","stop watch","stop watch","","","","","","36864","2.304","35","public/audio/tts/library/marin/stop-watch-34678e4e97c62763.mp3"
"cedar","stop watch","stop watch","","","","","","26496","1.656","35","public/audio/tts/library/cedar/stop-watch-34678e4e97c62763.mp3"
"marin","store","store","","","","","","15360","0.96","85","public/audio/tts/library/marin/store-8075824e58fde435.mp3"
"cedar","store","store","","","","","","16896","1.056","85","public/audio/tts/library/cedar/store-8075824e58fde435.mp3"
"marin","storm","storm","","","","","","18432","1.152","105","public/audio/tts/library/marin/storm-855541b77b41974a.mp3"
"cedar","storm","storm","","","","","","24960","1.56","105","public/audio/tts/library/cedar/storm-855541b77b41974a.mp3"
"marin","stormy","stormy","","","","","","22656","1.416","105","public/audio/tts/library/marin/stormy-c4d9bb68c3df00a4.mp3"
"cedar","stormy","stormy","","","","","","24192","1.512","105","public/audio/tts/library/cedar/stormy-c4d9bb68c3df00a4.mp3"
"marin","story","story","","","","","","16896","1.056","77","public/audio/tts/library/marin/story-5490e354463a75eb.mp3"
"cedar","story","story","","","","","","19200","1.2","77","public/audio/tts/library/cedar/story-5490e354463a75eb.mp3"
"marin","stove","stove","","","","","","26496","1.656","70","public/audio/tts/library/marin/stove-4ac297b4d93d490d.mp3"
"cedar","stove","stove","","","","","","28800","1.8","70","public/audio/tts/library/cedar/stove-4ac297b4d93d490d.mp3"
"marin","straight","straight","","","","","","24960","1.56","99","public/audio/tts/library/marin/straight-95cb9daf282904f2.mp3"
"cedar","straight","straight","","","","","","22656","1.416","99","public/audio/tts/library/cedar/straight-95cb9daf282904f2.mp3"
"marin","strange","strange","","","","","","24960","1.56","28","public/audio/tts/library/marin/strange-eb99579e0243b8fd.mp3"
"cedar","strange","strange","","","","","","24960","1.56","28","public/audio/tts/library/cedar/strange-eb99579e0243b8fd.mp3"
"marin","stranger","stranger","","","","","","19968","1.248","28","public/audio/tts/library/marin/stranger-c14537841d59b8c1.mp3"
"cedar","stranger","stranger","","","","","","21888","1.368","28","public/audio/tts/library/cedar/stranger-c14537841d59b8c1.mp3"
"marin","straw","straw","","","","","","28032","1.752","46","public/audio/tts/library/marin/straw-5bce16f2722faf7c.mp3"
"cedar","straw","straw","","","","","","21888","1.368","46","public/audio/tts/library/cedar/straw-5bce16f2722faf7c.mp3"
"marin","strawberry","strawberry","","","","","","22656","1.416","38","public/audio/tts/library/marin/strawberry-de5475c1d65ffd95.mp3"
"cedar","strawberry","strawberry","","","","","","44928","2.808","38","public/audio/tts/library/cedar/strawberry-de5475c1d65ffd95.mp3"
"marin","stream","stream","","","","","","22656","1.416","107","public/audio/tts/library/marin/stream-d9204af6f27e3852.mp3"
"cedar","stream","stream","","","","","","24192","1.512","107","public/audio/tts/library/cedar/stream-d9204af6f27e3852.mp3"
"marin","street","street","","","","","","27264","1.704","83","public/audio/tts/library/marin/street-8d95cb9871c06c25.mp3"
"cedar","street","street","","","","","","16896","1.056","83","public/audio/tts/library/cedar/street-8d95cb9871c06c25.mp3"
"marin","strike","strike","","","","","","19200","1.2","59","public/audio/tts/library/marin/strike-060a9cbceab8e51b.mp3"
"cedar","strike","strike","","","","","","16896","1.056","59","public/audio/tts/library/cedar/strike-060a9cbceab8e51b.mp3"
"marin","string","string","","","","","","15360","0.96","50","public/audio/tts/library/marin/string-0c68feae3aa59d3d.mp3"
"cedar","string","string","","","","","","21888","1.368","50","public/audio/tts/library/cedar/string-0c68feae3aa59d3d.mp3"
"marin","strong","strong","","","","","","26496","1.656","21","public/audio/tts/library/marin/strong-82a5c1ff1111e7bf.mp3"
"cedar","strong","strong","","","","","","36096","2.256","21","public/audio/tts/library/cedar/strong-82a5c1ff1111e7bf.mp3"
"marin","student","student","","","","","","27264","1.704","75","public/audio/tts/library/marin/student-8827bc20c501a8b2.mp3"
"cedar","student","student","","","","","","22656","1.416","75","public/audio/tts/library/cedar/student-8827bc20c501a8b2.mp3"
"marin","study","study","","","","","","23424","1.464","69|79","public/audio/tts/library/marin/study-9eb0b1297f9d9604.mp3"
"cedar","study","study","","","","","","25728","1.608","69|79","public/audio/tts/library/cedar/study-9eb0b1297f9d9604.mp3"
"marin","stupid","stupid","","","","","","31488","1.968","16","public/audio/tts/library/marin/stupid-058f03391b3d1b8e.mp3"
"cedar","stupid","stupid","","","","","","22656","1.416","16","public/audio/tts/library/cedar/stupid-058f03391b3d1b8e.mp3"
"marin","style","style","","","","","","21888","1.368","48","public/audio/tts/library/marin/style-f96bfcdd0bc36134.mp3"
"cedar","style","style","","","","","","31488","1.968","48","public/audio/tts/library/cedar/style-f96bfcdd0bc36134.mp3"
"marin","subject","subject","","","","","","22656","1.416","76","public/audio/tts/library/marin/subject-be72eb74fbddacc3.mp3"
"cedar","subject","subject","","","","","","19200","1.2","76","public/audio/tts/library/cedar/subject-be72eb74fbddacc3.mp3"
"marin","substitute for","substitute for","","","","","","28032","1.752","","public/audio/tts/library/marin/substitute-for-5b20c03a7258f586.mp3"
"cedar","substitute for","substitute for","","","","","","38400","2.4","","public/audio/tts/library/cedar/substitute-for-5b20c03a7258f586.mp3"
"marin","subway","subway","","","","","","18432","1.152","91","public/audio/tts/library/marin/subway-5cafc46567645373.mp3"
"cedar","subway","subway","","","","","","24192","1.512","91","public/audio/tts/library/cedar/subway-5cafc46567645373.mp3"
"marin","succeed","succeed","","","","","","28800","1.8","10","public/audio/tts/library/marin/succeed-e2ab8b1cb8bd087f.mp3"
"cedar","succeed","succeed","","","","","","21120","1.32","10","public/audio/tts/library/cedar/succeed-e2ab8b1cb8bd087f.mp3"
"marin","success","success","","","","","","25728","1.608","10","public/audio/tts/library/marin/success-81b2bd4ea98c8db6.mp3"
"cedar","success","success","","","","","","24960","1.56","10","public/audio/tts/library/cedar/success-81b2bd4ea98c8db6.mp3"
"marin","successful","successful","","","","","","24960","1.56","16","public/audio/tts/library/marin/successful-664b6bd0dc8ae5d2.mp3"
"cedar","successful","successful","","","","","","28032","1.752","16","public/audio/tts/library/cedar/successful-664b6bd0dc8ae5d2.mp3"
"marin","such as","such as","","","","","","28032","1.752","","public/audio/tts/library/marin/such-as-48990cb8e03fa0b8.mp3"
"cedar","such as","such as","","","","","","24192","1.512","","public/audio/tts/library/cedar/such-as-48990cb8e03fa0b8.mp3"
"marin","sudden","sudden","","","","","","23424","1.464","117","public/audio/tts/library/marin/sudden-2e97806d8ef10be0.mp3"
"cedar","sudden","sudden","","","","","","16128","1.008","117","public/audio/tts/library/cedar/sudden-2e97806d8ef10be0.mp3"
"marin","suffer from","suffer from","","","","","","25728","1.608","","public/audio/tts/library/marin/suffer-from-46ac5d2f3af5ec17.mp3"
"cedar","suffer from","suffer from","","","","","","27264","1.704","","public/audio/tts/library/cedar/suffer-from-46ac5d2f3af5ec17.mp3"
"marin","sugar","sugar","","","","","","22656","1.416","44","public/audio/tts/library/marin/sugar-7db448798d636996.mp3"
"cedar","sugar","sugar","","","","","","24192","1.512","44","public/audio/tts/library/cedar/sugar-7db448798d636996.mp3"
"marin","suggest","suggest","","","","","","19968","1.248","66","public/audio/tts/library/marin/suggest-8db8b3a1b8f5bc87.mp3"
"cedar","suggest","suggest","","","","","","22656","1.416","66","public/audio/tts/library/cedar/suggest-8db8b3a1b8f5bc87.mp3"
"marin","suit","suit","","","","","","32256","2.016","48","public/audio/tts/library/marin/suit-7fe043fba61a9bf8.mp3"
"cedar","suit","suit","","","","","","14592","0.912","48","public/audio/tts/library/cedar/suit-7fe043fba61a9bf8.mp3"
"marin","summer","summer","","","","","","21120","1.32","33","public/audio/tts/library/marin/summer-47a20475b2605939.mp3"
"cedar","summer","summer","","","","","","19968","1.248","33","public/audio/tts/library/cedar/summer-47a20475b2605939.mp3"
"marin","sun","sun","","","","","","24960","1.56","106","public/audio/tts/library/marin/sun-b297a1ef69477ea8.mp3"
"cedar","sun","sun","","","","","","18432","1.152","106","public/audio/tts/library/cedar/sun-b297a1ef69477ea8.mp3"
"marin","Sunday","Sunday","","","","","","22656","1.416","32","public/audio/tts/library/marin/sunday-fb87dfd121d42da6.mp3"
"cedar","Sunday","Sunday","","","","","","23424","1.464","32","public/audio/tts/library/cedar/sunday-fb87dfd121d42da6.mp3"
"marin","sunny","sunny","","","","","","16128","1.008","104","public/audio/tts/library/marin/sunny-e80f15a5965af266.mp3"
"cedar","sunny","sunny","","","","","","16896","1.056","104","public/audio/tts/library/cedar/sunny-e80f15a5965af266.mp3"
"marin","super","super","","","","","","21888","1.368","90","public/audio/tts/library/marin/super-a1913eaf2cefe6e3.mp3"
"cedar","super","super","","","","","","21888","1.368","90","public/audio/tts/library/cedar/super-a1913eaf2cefe6e3.mp3"
"marin","supermarket","supermarket","","","","","","24960","1.56","85","public/audio/tts/library/marin/supermarket-53a7b53d3093b0d5.mp3"
"cedar","supermarket","supermarket","","","","","","31488","1.968","85","public/audio/tts/library/cedar/supermarket-53a7b53d3093b0d5.mp3"
"marin","supper","supper","","","","","","15360","0.96","41","public/audio/tts/library/marin/supper-2929512390017308.mp3"
"cedar","supper","supper","","","","","","19200","1.2","41","public/audio/tts/library/cedar/supper-2929512390017308.mp3"
"marin","support","support","","","","","","21888","1.368","28","public/audio/tts/library/marin/support-c05b56ab6d3d07cc.mp3"
"cedar","support","support","","","","","","21888","1.368","28","public/audio/tts/library/cedar/support-c05b56ab6d3d07cc.mp3"
"marin","sure","sure","","","","","","13056","0.816","117","public/audio/tts/library/marin/sure-fcca8d50ebb2067a.mp3"
"cedar","sure","sure","","","","","","18432","1.152","117","public/audio/tts/library/cedar/sure-fcca8d50ebb2067a.mp3"
"marin","surf","surf","","","","","","16896","1.056","53|81","public/audio/tts/library/marin/surf-f7c68b0d3d6316fc.mp3"
"cedar","surf","surf","","","","","","24192","1.512","53|81","public/audio/tts/library/cedar/surf-f7c68b0d3d6316fc.mp3"
"marin","surprise","surprise","","","","","","23424","1.464","102","public/audio/tts/library/marin/surprise-601fcf7d67abfb0b.mp3"
"cedar","surprise","surprise","","","","","","28800","1.8","102","public/audio/tts/library/cedar/surprise-601fcf7d67abfb0b.mp3"
"marin","surprised","surprised","","","","","","24960","1.56","17","public/audio/tts/library/marin/surprised-fda3ba8947b3f0c7.mp3"
"cedar","surprised","surprised","","","","","","21120","1.32","17","public/audio/tts/library/cedar/surprised-fda3ba8947b3f0c7.mp3"
"marin","survive","survive","","","","","","24192","1.512","24","public/audio/tts/library/marin/survive-597d3d4c8dc16352.mp3"
"cedar","survive","survive","","","","","","26496","1.656","24","public/audio/tts/library/cedar/survive-597d3d4c8dc16352.mp3"
"marin","swallow","swallow","","","","","","19200","1.2","111","public/audio/tts/library/marin/swallow-0c82e7de4e779d61.mp3"
"cedar","swallow","swallow","","","","","","16128","1.008","111","public/audio/tts/library/cedar/swallow-0c82e7de4e779d61.mp3"
"marin","swan","swan","","","","","","28800","1.8","111","public/audio/tts/library/marin/swan-cc80c2de471d60c5.mp3"
"cedar","swan","swan","","","","","","34560","2.16","111","public/audio/tts/library/cedar/swan-cc80c2de471d60c5.mp3"
"marin","sweater","sweater","","","","","","18432","1.152","47","public/audio/tts/library/marin/sweater-d7b1dab721a6d656.mp3"
"cedar","sweater","sweater","","","","","","18432","1.152","47","public/audio/tts/library/cedar/sweater-d7b1dab721a6d656.mp3"
"marin","sweep","sweep","","","","","","19200","1.2","72","public/audio/tts/library/marin/sweep-7b18b4e149d2c09f.mp3"
"cedar","sweep","sweep","","","","","","31488","1.968","72","public/audio/tts/library/cedar/sweep-7b18b4e149d2c09f.mp3"
"marin","sweet","sweet","","","","","","16128","1.008","44","public/audio/tts/library/marin/sweet-59339f51a1405bee.mp3"
"cedar","sweet","sweet","","","","","","21120","1.32","44","public/audio/tts/library/cedar/sweet-59339f51a1405bee.mp3"
"marin","swim","swim","","","","","","32256","2.016","53","public/audio/tts/library/marin/swim-037e026dacca79d6.mp3"
"cedar","swim","swim","","","","","","17664","1.104","53","public/audio/tts/library/cedar/swim-037e026dacca79d6.mp3"
"marin","swimsuit","swimsuit","","","","","","22656","1.416","48","public/audio/tts/library/marin/swimsuit-e989c68fd326e618.mp3"
"cedar","swimsuit","swimsuit","","","","","","19200","1.2","48","public/audio/tts/library/cedar/swimsuit-e989c68fd326e618.mp3"
"marin","swing","swing","","","","","","24960","1.56","87","public/audio/tts/library/marin/swing-27aeebcc9a5515ff.mp3"
"cedar","swing","swing","","","","","","32256","2.016","87","public/audio/tts/library/cedar/swing-27aeebcc9a5515ff.mp3"
"marin","switch off","switch off","","","","","","29568","1.848","","public/audio/tts/library/marin/switch-off-65c42359e97084aa.mp3"
"cedar","switch off","switch off","","","","","","28800","1.8","","public/audio/tts/library/cedar/switch-off-65c42359e97084aa.mp3"
"marin","switch on","switch on","","","","","","24192","1.512","","public/audio/tts/library/marin/switch-on-0112ea08460c678f.mp3"
"cedar","switch on","switch on","","","","","","33792","2.112","","public/audio/tts/library/cedar/switch-on-0112ea08460c678f.mp3"
"marin","symbol","symbol","","","","","","19200","1.2","78","public/audio/tts/library/marin/symbol-7890a7b06eec3a62.mp3"
"cedar","symbol","symbol","","","","","","21888","1.368","78","public/audio/tts/library/cedar/symbol-7890a7b06eec3a62.mp3"
"marin","system","system","","","","","","19968","1.248","90","public/audio/tts/library/marin/system-9eec28886f411e97.mp3"
"cedar","system","system","","","","","","16128","1.008","90","public/audio/tts/library/cedar/system-9eec28886f411e97.mp3"
"marin","T-shirt","T-shirt","","","","","","16128","1.008","47","public/audio/tts/library/marin/t-shirt-669e83a15f9e7b62.mp3"
"cedar","T-shirt","T-shirt","","","","","","15360","0.96","47","public/audio/tts/library/cedar/t-shirt-669e83a15f9e7b62.mp3"
"marin","table","table","","","","","","16128","1.008","70","public/audio/tts/library/marin/table-7ed9ac3831f7d852.mp3"
"cedar","table","table","","","","","","19968","1.248","70","public/audio/tts/library/cedar/table-7ed9ac3831f7d852.mp3"
"marin","table tennis","table tennis","","","","","","27264","1.704","52","public/audio/tts/library/marin/table-tennis-a362afd31bbe7c64.mp3"
"cedar","table tennis","table tennis","","","","","","36096","2.256","52","public/audio/tts/library/cedar/table-tennis-a362afd31bbe7c64.mp3"
"marin","tail","tail","","","","","","15360","0.96","112","public/audio/tts/library/marin/tail-bc2d901b7d0a8558.mp3"
"cedar","tail","tail","","","","","","16896","1.056","112","public/audio/tts/library/cedar/tail-bc2d901b7d0a8558.mp3"
"marin","Taiwan","Taiwan","","","","","","14592","0.912","89","public/audio/tts/library/marin/taiwan-b2727024d36f04a1.mp3"
"cedar","Taiwan","Taiwan","","","","","","22656","1.416","89","public/audio/tts/library/cedar/taiwan-b2727024d36f04a1.mp3"
"marin","Taiwanese","Taiwanese","","","","","","24192","1.512","","public/audio/tts/library/marin/taiwanese-2715b6a7c482587c.mp3"
"cedar","Taiwanese","Taiwanese","","","","","","36864","2.304","","public/audio/tts/library/cedar/taiwanese-2715b6a7c482587c.mp3"
"marin","take","take","","","","","","16896","1.056","114","public/audio/tts/library/marin/take-6ac3a7f16406457e.mp3"
"cedar","take","take","","","","","","14592","0.912","114","public/audio/tts/library/cedar/take-6ac3a7f16406457e.mp3"
"marin","take a break / rest","take a break. Or, take a rest.","","","","","","52224","3.264","","public/audio/tts/library/marin/take-a-break-rest-b835c1e9c4b18efd.mp3"
"cedar","take a break / rest","take a break. Or, take a rest.","","","","","","45696","2.856","","public/audio/tts/library/cedar/take-a-break-rest-b835c1e9c4b18efd.mp3"
"marin","take a day off","take a day off","","","","","","33792","2.112","","public/audio/tts/library/marin/take-a-day-off-f89859f9eeb9b13f.mp3"
"cedar","take a day off","take a day off","","","","","","25728","1.608","","public/audio/tts/library/cedar/take-a-day-off-f89859f9eeb9b13f.mp3"
"marin","take A for B","take A for B","","","","","","43392","2.712","","public/audio/tts/library/marin/take-a-for-b-473e0e76e57c50a9.mp3"
"cedar","take A for B","take A for B","","","","","","39168","2.448","","public/audio/tts/library/cedar/take-a-for-b-473e0e76e57c50a9.mp3"
"marin","take a look / nap / walk / bath","take a look. Or, take a nap. Or, take a walk. Or, take a bath.","","","","","","100224","6.264","","public/audio/tts/library/marin/take-a-look-nap-walk-bath-a37cac4bc68dd69f.mp3"
"cedar","take a look / nap / walk / bath","take a look. Or, take a nap. Or, take a walk. Or, take a bath.","","","","","","97920","6.12","","public/audio/tts/library/cedar/take-a-look-nap-walk-bath-a37cac4bc68dd69f.mp3"
"marin","take action / up","take action. Or, take up something.","","","","","","48000","3","","public/audio/tts/library/marin/take-action-up-0fa241f27bdbdc99.mp3"
"cedar","take action / up","take action. Or, take up something.","","","","","","65664","4.104","","public/audio/tts/library/cedar/take-action-up-0fa241f27bdbdc99.mp3"
"marin","take advantage of ...","take advantage of","","","","","","43392","2.712","","public/audio/tts/library/marin/take-advantage-of-1ac677826e97e40b.mp3"
"cedar","take advantage of ...","take advantage of","","","","","","41088","2.568","","public/audio/tts/library/cedar/take-advantage-of-1ac677826e97e40b.mp3"
"marin","take after","take after","","","","","","21888","1.368","","public/audio/tts/library/marin/take-after-92934266e758196f.mp3"
"cedar","take after","take after","","","","","","22656","1.416","","public/audio/tts/library/cedar/take-after-92934266e758196f.mp3"
"marin","take around","take around","","","","","","36864","2.304","","public/audio/tts/library/marin/take-around-c04898efb6368850.mp3"
"cedar","take around","take around","","","","","","24960","1.56","","public/audio/tts/library/cedar/take-around-c04898efb6368850.mp3"
"marin","take away","take away","","","","","","30720","1.92","","public/audio/tts/library/marin/take-away-0f3f7e670d272021.mp3"
"cedar","take away","take away","","","","","","24192","1.512","","public/audio/tts/library/cedar/take-away-0f3f7e670d272021.mp3"
"marin","take back","take back","","","","","","21888","1.368","","public/audio/tts/library/marin/take-back-cca281ead9353b1c.mp3"
"cedar","take back","take back","","","","","","23424","1.464","","public/audio/tts/library/cedar/take-back-cca281ead9353b1c.mp3"
"marin","take care","take care","","","","","","31488","1.968","","public/audio/tts/library/marin/take-care-11f722ddf3435c75.mp3"
"cedar","take care","take care","","","","","","16896","1.056","","public/audio/tts/library/cedar/take-care-11f722ddf3435c75.mp3"
"marin","take care of …","take care of …","","","","","","24960","1.56","","public/audio/tts/library/marin/take-care-of-15009f3cce42dda4.mp3"
"cedar","take care of …","take care of …","","","","","","39168","2.448","","public/audio/tts/library/cedar/take-care-of-15009f3cce42dda4.mp3"
"marin","take care of","take care of","","","","","","38400","2.4","","public/audio/tts/library/marin/take-care-of-e201f8b7a108a927.mp3"
"cedar","take care of","take care of","","","","","","21888","1.368","","public/audio/tts/library/cedar/take-care-of-e201f8b7a108a927.mp3"
"marin","take charge of ...","take charge of","","","","","","41088","2.568","","public/audio/tts/library/marin/take-charge-of-280a8ab1ec6c6b05.mp3"
"cedar","take charge of ...","take charge of","","","","","","32256","2.016","","public/audio/tts/library/cedar/take-charge-of-280a8ab1ec6c6b05.mp3"
"marin","take delight in","take delight in","","","","","","33024","2.064","","public/audio/tts/library/marin/take-delight-in-2cb31064c791cf23.mp3"
"cedar","take delight in","take delight in","","","","","","32256","2.016","","public/audio/tts/library/cedar/take-delight-in-2cb31064c791cf23.mp3"
"marin","take down","take down","","","","","","41088","2.568","","public/audio/tts/library/marin/take-down-18c09d4750fe7066.mp3"
"cedar","take down","take down","","","","","","31488","1.968","","public/audio/tts/library/cedar/take-down-18c09d4750fe7066.mp3"
"marin","take ... for granted","take for granted","","","","","","28032","1.752","","public/audio/tts/library/marin/take-for-granted-5747f40c22cdcd96.mp3"
"cedar","take ... for granted","take for granted","","","","","","29568","1.848","","public/audio/tts/library/cedar/take-for-granted-5747f40c22cdcd96.mp3"
"marin","take … for granted","take … for granted","","","","","","30720","1.92","","public/audio/tts/library/marin/take-for-granted-d84448dc50d0ac25.mp3"
"cedar","take … for granted","take … for granted","","","","","","35328","2.208","","public/audio/tts/library/cedar/take-for-granted-d84448dc50d0ac25.mp3"
"marin","take hold of ...","take hold of","","","","","","23424","1.464","","public/audio/tts/library/marin/take-hold-of-06f6e2e925fc3107.mp3"
"cedar","take hold of ...","take hold of","","","","","","32256","2.016","","public/audio/tts/library/cedar/take-hold-of-06f6e2e925fc3107.mp3"
"marin","take in","take in","","","","","","24960","1.56","","public/audio/tts/library/marin/take-in-c6bb83966e75289c.mp3"
"cedar","take in","take in","","","","","","29568","1.848","","public/audio/tts/library/cedar/take-in-c6bb83966e75289c.mp3"
"marin","take ... into account","take into account","","","","","","26496","1.656","","public/audio/tts/library/marin/take-into-account-8731903cbf276155.mp3"
"cedar","take ... into account","take into account","","","","","","28800","1.8","","public/audio/tts/library/cedar/take-into-account-8731903cbf276155.mp3"
"marin","Take it easy.","Take it easy.","","","","","","24192","1.512","","public/audio/tts/library/marin/take-it-easy-a04abf2388bee92a.mp3"
"cedar","Take it easy.","Take it easy.","","","","","","24192","1.512","","public/audio/tts/library/cedar/take-it-easy-a04abf2388bee92a.mp3"
"marin","take leave of sb.","take leave of sb.","","","","","","35328","2.208","","public/audio/tts/library/marin/take-leave-of-sb-180e6d76941f43f7.mp3"
"cedar","take leave of sb.","take leave of sb.","","","","","","40320","2.52","","public/audio/tts/library/cedar/take-leave-of-sb-180e6d76941f43f7.mp3"
"marin","take measures","take measures","","","","","","26496","1.656","","public/audio/tts/library/marin/take-measures-bf62896b70a7be1b.mp3"
"cedar","take measures","take measures","","","","","","24960","1.56","","public/audio/tts/library/cedar/take-measures-bf62896b70a7be1b.mp3"
"marin","take no notice of ..","take no notice of","","","","","","36096","2.256","","public/audio/tts/library/marin/take-no-notice-of-e47ffbff8ed20b6a.mp3"
"cedar","take no notice of ..","take no notice of","","","","","","33024","2.064","","public/audio/tts/library/cedar/take-no-notice-of-e47ffbff8ed20b6a.mp3"
"marin","take off","take off","","","","","","25728","1.608","50","public/audio/tts/library/marin/take-off-cce8d925884b7a36.mp3"
"cedar","take off","take off","","","","","","25728","1.608","50","public/audio/tts/library/cedar/take-off-cce8d925884b7a36.mp3"
"marin","take on","take on","","","","","","25728","1.608","","public/audio/tts/library/marin/take-on-d47600b0dbc52997.mp3"
"cedar","take on","take on","","","","","","24192","1.512","","public/audio/tts/library/cedar/take-on-d47600b0dbc52997.mp3"
"marin","take one's time + Ving","take one's time Ving","","","","","","56064","3.504","","public/audio/tts/library/marin/take-ones-time-ving-fb73ed5cf81b97bf.mp3"
"cedar","take one's time + Ving","take one's time Ving","","","","","","42624","2.664","","public/audio/tts/library/cedar/take-ones-time-ving-fb73ed5cf81b97bf.mp3"
"marin","take out","take out","","","","","","28800","1.8","72","public/audio/tts/library/marin/take-out-2b0a00c79ab350ee.mp3"
"cedar","take out","take out","","","","","","28032","1.752","72","public/audio/tts/library/cedar/take-out-2b0a00c79ab350ee.mp3"
"marin","take out the trash / garbage","take out the trash. Or, take out the garbage.","","","","","","61824","3.864","","public/audio/tts/library/marin/take-out-the-trash-garbage-fc0f4a0a136ed0c1.mp3"
"cedar","take out the trash / garbage","take out the trash. Or, take out the garbage.","","","","","","55296","3.456","","public/audio/tts/library/cedar/take-out-the-trash-garbage-fc0f4a0a136ed0c1.mp3"
"marin","take over","take over","","","","","","24960","1.56","","public/audio/tts/library/marin/take-over-10e0bab435e0e181.mp3"
"cedar","take over","take over","","","","","","25728","1.608","","public/audio/tts/library/cedar/take-over-10e0bab435e0e181.mp3"
"marin","take pains","take pains","","","","","","26496","1.656","","public/audio/tts/library/marin/take-pains-59d2a9f64ff98303.mp3"
"cedar","take pains","take pains","","","","","","33024","2.064","","public/audio/tts/library/cedar/take-pains-59d2a9f64ff98303.mp3"
"marin","take part in","take part in","","","","","","36864","2.304","","public/audio/tts/library/marin/take-part-in-2c1887e98690aac8.mp3"
"cedar","take part in","take part in","","","","","","24960","1.56","","public/audio/tts/library/cedar/take-part-in-2c1887e98690aac8.mp3"
"marin","take place","take place","","","","","","28800","1.8","","public/audio/tts/library/marin/take-place-4295a723d53cda90.mp3"
"cedar","take place","take place","","","","","","28032","1.752","","public/audio/tts/library/cedar/take-place-4295a723d53cda90.mp3"
"marin","take place / one's place","take place. Or, take one's place.","","","","","","57600","3.6","","public/audio/tts/library/marin/take-place-ones-place-9ae1b5d0b019605a.mp3"
"cedar","take place / one's place","take place. Or, take one's place.","","","","","","72192","4.512","","public/audio/tts/library/cedar/take-place-ones-place-9ae1b5d0b019605a.mp3"
"marin","take seriously / hard","take something seriously. Or, take something hard.","","","","","","73728","4.608","","public/audio/tts/library/marin/take-seriously-hard-bf055f09421ba365.mp3"
"cedar","take seriously / hard","take something seriously. Or, take something hard.","","","","","","70656","4.416","","public/audio/tts/library/cedar/take-seriously-hard-bf055f09421ba365.mp3"
"marin","take (the) medicine","take the medicine.","","","","","","24960","1.56","","public/audio/tts/library/marin/take-the-medicine-be67b97859912bf5.mp3"
"cedar","take (the) medicine","take the medicine.","","","","","","30720","1.92","","public/audio/tts/library/cedar/take-the-medicine-be67b97859912bf5.mp3"
"marin","take to","take to","","","","","","28800","1.8","","public/audio/tts/library/marin/take-to-95753f8977a2b2a7.mp3"
"cedar","take to","take to","","","","","","25728","1.608","","public/audio/tts/library/cedar/take-to-95753f8977a2b2a7.mp3"
"marin","take turns / notes / pictures","take turns. Or, take notes. Or, take pictures.","","","","","","81024","5.064","","public/audio/tts/library/marin/take-turns-notes-pictures-a862b0378896736d.mp3"
"cedar","take turns / notes / pictures","take turns. Or, take notes. Or, take pictures.","","","","","","72192","4.512","","public/audio/tts/library/cedar/take-turns-notes-pictures-a862b0378896736d.mp3"
"marin","take turns + Ving","take turns Ving","","","","","","33024","2.064","","public/audio/tts/library/marin/take-turns-ving-1feb616fb1488198.mp3"
"cedar","take turns + Ving","take turns Ving","","","","","","31488","1.968","","public/audio/tts/library/cedar/take-turns-ving-1feb616fb1488198.mp3"
"marin","take up","take up","","","","","","28032","1.752","","public/audio/tts/library/marin/take-up-a0b2cc752ef459c9.mp3"
"cedar","take up","take up","","","","","","22656","1.416","","public/audio/tts/library/cedar/take-up-a0b2cc752ef459c9.mp3"
"marin","take up with","take up with","","","","","","28800","1.8","","public/audio/tts/library/marin/take-up-with-622405da3606025b.mp3"
"cedar","take up with","take up with","","","","","","26496","1.656","","public/audio/tts/library/cedar/take-up-with-622405da3606025b.mp3"
"marin","talent","talent","","","","","","19200","1.2","16","public/audio/tts/library/marin/talent-cb7aba8aa91b3fa0.mp3"
"cedar","talent","talent","","","","","","21888","1.368","16","public/audio/tts/library/cedar/talent-cb7aba8aa91b3fa0.mp3"
"marin","talk","talk","","","","","","19200","1.2","61","public/audio/tts/library/marin/talk-f894a81f58bbb643.mp3"
"cedar","talk","talk","","","","","","15360","0.96","61","public/audio/tts/library/cedar/talk-f894a81f58bbb643.mp3"
"marin","talkative","talkative","","","","","","41856","2.616","14","public/audio/tts/library/marin/talkative-e27cd129372ed010.mp3"
"cedar","talkative","talkative","","","","","","21120","1.32","14","public/audio/tts/library/cedar/talkative-e27cd129372ed010.mp3"
"marin","tall","tall","","","","","","35328","2.208","11","public/audio/tts/library/marin/tall-e9cad0924f6bc91e.mp3"
"cedar","tall","tall","","","","","","16128","1.008","11","public/audio/tts/library/cedar/tall-e9cad0924f6bc91e.mp3"
"marin","tangerine","tangerine","","","","","","22656","1.416","38","public/audio/tts/library/marin/tangerine-4c9a48922e348a8d.mp3"
"cedar","tangerine","tangerine","","","","","","25728","1.608","38","public/audio/tts/library/cedar/tangerine-4c9a48922e348a8d.mp3"
"marin","tank","tank","","","","","","19968","1.248","5","public/audio/tts/library/marin/tank-1d1adff55b729c53.mp3"
"cedar","tank","tank","","","","","","13824","0.864","5","public/audio/tts/library/cedar/tank-1d1adff55b729c53.mp3"
"marin","tape","tape","","","","","","18432","1.152","80","public/audio/tts/library/marin/tape-7b7fe612dbfb91a6.mp3"
"cedar","tape","tape","","","","","","13824","0.864","80","public/audio/tts/library/cedar/tape-7b7fe612dbfb91a6.mp3"
"marin","taste","taste","","","","","","26496","1.656","19","public/audio/tts/library/marin/taste-053ec11111cc377a.mp3"
"cedar","taste","taste","","","","","","44160","2.76","19","public/audio/tts/library/cedar/taste-053ec11111cc377a.mp3"
"marin","taxi","taxi","","","","","","16896","1.056","91","public/audio/tts/library/marin/taxi-b0267147745739d8.mp3"
"cedar","taxi","taxi","","","","","","26496","1.656","91","public/audio/tts/library/cedar/taxi-b0267147745739d8.mp3"
"marin","tea","tea","","","","","","16896","1.056","42","public/audio/tts/library/marin/tea-b49c876df8b640bd.mp3"
"cedar","tea","tea","","","","","","24960","1.56","42","public/audio/tts/library/cedar/tea-b49c876df8b640bd.mp3"
"marin","teach","teach","","","","","","17664","1.104","75","public/audio/tts/library/marin/teach-cb5edcc68cb38095.mp3"
"cedar","teach","teach","","","","","","15360","0.96","75","public/audio/tts/library/cedar/teach-cb5edcc68cb38095.mp3"
"marin","teacher","teacher","","","","","","19968","1.248","75","public/audio/tts/library/marin/teacher-b2aee3abae78ec86.mp3"
"cedar","teacher","teacher","","","","","","19200","1.2","75","public/audio/tts/library/cedar/teacher-b2aee3abae78ec86.mp3"
"marin","Teacher's Day","Teacher's Day","","","","","","24960","1.56","101","public/audio/tts/library/marin/teachers-day-345b3760c3367b99.mp3"
"cedar","Teacher's Day","Teacher's Day","","","","","","24960","1.56","101","public/audio/tts/library/cedar/teachers-day-345b3760c3367b99.mp3"
"marin","team","team","","","","","","17664","1.104","57","public/audio/tts/library/marin/team-ff982dbde7f65eed.mp3"
"cedar","team","team","","","","","","32256","2.016","57","public/audio/tts/library/cedar/team-ff982dbde7f65eed.mp3"
"marin","team up with...","team up with","","","","","","27264","1.704","","public/audio/tts/library/marin/team-up-with-06f9a5ac5b1d84a4.mp3"
"cedar","team up with...","team up with","","","","","","29568","1.848","","public/audio/tts/library/cedar/team-up-with-06f9a5ac5b1d84a4.mp3"
"marin","teapot","teapot","","","","","","28800","1.8","70","public/audio/tts/library/marin/teapot-ee6b03a4718881c2.mp3"
"cedar","teapot","teapot","","","","","","13824","0.864","70","public/audio/tts/library/cedar/teapot-ee6b03a4718881c2.mp3"
"marin","tear","tear","","","","","","11520","0.72","22","public/audio/tts/library/marin/tear-1e2a236bf3d8b1bb.mp3"
"cedar","tear","tear","","","","","","11520","0.72","22","public/audio/tts/library/cedar/tear-1e2a236bf3d8b1bb.mp3"
"marin","tear down","tear down","","","","","","31488","1.968","","public/audio/tts/library/marin/tear-down-61ca8d1b0061156b.mp3"
"cedar","tear down","tear down","","","","","","28032","1.752","","public/audio/tts/library/cedar/tear-down-61ca8d1b0061156b.mp3"
"marin","teenager","teenager","","","","","","21888","1.368","1","public/audio/tts/library/marin/teenager-12bcdd7dcefda1d5.mp3"
"cedar","teenager","teenager","","","","","","23424","1.464","1","public/audio/tts/library/cedar/teenager-12bcdd7dcefda1d5.mp3"
"marin","telephone","telephone","","","","","","21120","1.32","68","public/audio/tts/library/marin/telephone-991923f3d8572d32.mp3"
"cedar","telephone","telephone","","","","","","22656","1.416","68","public/audio/tts/library/cedar/telephone-991923f3d8572d32.mp3"
"marin","television","television","","","","","","16896","1.056","68","public/audio/tts/library/marin/television-081ccf7fa46c406b.mp3"
"cedar","television","television","","","","","","28032","1.752","68","public/audio/tts/library/cedar/television-081ccf7fa46c406b.mp3"
"marin","television (TV)","television. Or, T V.","","","","","","44928","2.808","","public/audio/tts/library/marin/television-tv-e01b5e39fd87dcb0.mp3"
"cedar","television (TV)","television. Or, T V.","","","","","","50688","3.168","","public/audio/tts/library/cedar/television-tv-e01b5e39fd87dcb0.mp3"
"marin","tell A from B","tell A from B","","","","","","40320","2.52","","public/audio/tts/library/marin/tell-a-from-b-be8ad90802cadabc.mp3"
"cedar","tell A from B","tell A from B","","","","","","30720","1.92","","public/audio/tts/library/cedar/tell-a-from-b-be8ad90802cadabc.mp3"
"marin","tell a lie","tell a lie","","","","","","21888","1.368","","public/audio/tts/library/marin/tell-a-lie-885b7a0a5675ce1b.mp3"
"cedar","tell a lie","tell a lie","","","","","","30720","1.92","","public/audio/tts/library/cedar/tell-a-lie-885b7a0a5675ce1b.mp3"
"marin","tell against","tell against","","","","","","27264","1.704","","public/audio/tts/library/marin/tell-against-291c33d705f34195.mp3"
"cedar","tell against","tell against","","","","","","32256","2.016","","public/audio/tts/library/cedar/tell-against-291c33d705f34195.mp3"
"marin","tell","tell","","","","","","15360","0.96","95","public/audio/tts/library/marin/tell-c293e01218d3aab6.mp3"
"cedar","tell","tell","","","","","","27264","1.704","95","public/audio/tts/library/cedar/tell-c293e01218d3aab6.mp3"
"marin","tell off","tell off","","","","","","26496","1.656","","public/audio/tts/library/marin/tell-off-7291cc78b3a84e9b.mp3"
"cedar","tell off","tell off","","","","","","21888","1.368","","public/audio/tts/library/cedar/tell-off-7291cc78b3a84e9b.mp3"
"marin","tell the truth","tell the truth","","","","","","35328","2.208","","public/audio/tts/library/marin/tell-the-truth-388c89df571d6a4e.mp3"
"cedar","tell the truth","tell the truth","","","","","","26496","1.656","","public/audio/tts/library/cedar/tell-the-truth-388c89df571d6a4e.mp3"
"marin","Tell you what.","Tell you what.","","","","","","38400","2.4","","public/audio/tts/library/marin/tell-you-what-219b09f63ad56c52.mp3"
"cedar","Tell you what.","Tell you what.","","","","","","17664","1.104","","public/audio/tts/library/cedar/tell-you-what-219b09f63ad56c52.mp3"
"marin","temperature","temperature","","","","","","16896","1.056","105","public/audio/tts/library/marin/temperature-c37584dfa6205302.mp3"
"cedar","temperature","temperature","","","","","","18432","1.152","105","public/audio/tts/library/cedar/temperature-c37584dfa6205302.mp3"
"marin","temple","temple","","","","","","16896","1.056","54","public/audio/tts/library/marin/temple-1bf88981f012e367.mp3"
"cedar","temple","temple","","","","","","25728","1.608","54","public/audio/tts/library/cedar/temple-1bf88981f012e367.mp3"
"marin","ten","ten","","","","","","23424","1.464","29","public/audio/tts/library/marin/ten-6db0f6e1133a0deb.mp3"
"cedar","ten","ten","","","","","","34560","2.16","29","public/audio/tts/library/cedar/ten-6db0f6e1133a0deb.mp3"
"marin","tennis","tennis","","","","","","17664","1.104","52","public/audio/tts/library/marin/tennis-daf449b760568a1a.mp3"
"cedar","tennis","tennis","","","","","","17664","1.104","52","public/audio/tts/library/cedar/tennis-daf449b760568a1a.mp3"
"marin","tent","tent","","","","","","16896","1.056","53","public/audio/tts/library/marin/tent-2eade26fcd47184e.mp3"
"cedar","tent","tent","","","","","","15360","0.96","53","public/audio/tts/library/cedar/tent-2eade26fcd47184e.mp3"
"marin","term","term","","","","","","23424","1.464","81","public/audio/tts/library/marin/term-394bb5492897fb19.mp3"
"cedar","term","term","","","","","","21888","1.368","81","public/audio/tts/library/cedar/term-394bb5492897fb19.mp3"
"marin","terrible","terrible","","","","","","19968","1.248","62","public/audio/tts/library/marin/terrible-d198f98bbab18dd2.mp3"
"cedar","terrible","terrible","","","","","","22656","1.416","62","public/audio/tts/library/cedar/terrible-d198f98bbab18dd2.mp3"
"marin","terrific","terrific","","","","","","22656","1.416","81","public/audio/tts/library/marin/terrific-742c339c6f39bcf9.mp3"
"cedar","terrific","terrific","","","","","","26496","1.656","81","public/audio/tts/library/cedar/terrific-742c339c6f39bcf9.mp3"
"marin","test","test","","","","","","21120","1.32","79","public/audio/tts/library/marin/test-f2ca1bb6c7e907d0.mp3"
"cedar","test","test","","","","","","14592","0.912","79","public/audio/tts/library/cedar/test-f2ca1bb6c7e907d0.mp3"
"marin","textbook","textbook","","","","","","18432","1.152","79","public/audio/tts/library/marin/textbook-9e5d63cc6d24eb26.mp3"
"cedar","textbook","textbook","","","","","","25728","1.608","79","public/audio/tts/library/cedar/textbook-9e5d63cc6d24eb26.mp3"
"marin","than","than","","","","","","15360","0.96","132","public/audio/tts/library/marin/than-d56f2e9d3947c1bb.mp3"
"cedar","than","than","","","","","","22656","1.416","132","public/audio/tts/library/cedar/than-d56f2e9d3947c1bb.mp3"
"marin","thank","thank","","","","","","21888","1.368","64","public/audio/tts/library/marin/thank-113ddfae956ae7fe.mp3"
"cedar","thank","thank","","","","","","24960","1.56","64","public/audio/tts/library/cedar/thank-113ddfae956ae7fe.mp3"
"marin","Thank goodness / God.","Thank goodness. Or, thank God.","","","","","","59520","3.72","","public/audio/tts/library/marin/thank-goodness-god-818079ed53a57fca.mp3"
"cedar","Thank goodness / God.","Thank goodness. Or, thank God.","","","","","","37632","2.352","","public/audio/tts/library/cedar/thank-goodness-god-818079ed53a57fca.mp3"
"marin","thanks for + V-ing / N","thanks for doing something. Or, thanks for something.","","","","","","69888","4.368","","public/audio/tts/library/marin/thanks-for-v-ing-n-5f9815cde968c10b.mp3"
"cedar","thanks for + V-ing / N","thanks for doing something. Or, thanks for something.","","","","","","52224","3.264","","public/audio/tts/library/cedar/thanks-for-v-ing-n-5f9815cde968c10b.mp3"
"marin","thanks to","thanks to","","","","","","19968","1.248","","public/audio/tts/library/marin/thanks-to-f5832d4c946b7204.mp3"
"cedar","thanks to","thanks to","","","","","","28800","1.8","","public/audio/tts/library/cedar/thanks-to-f5832d4c946b7204.mp3"
"marin","Thanksgiving","Thanksgiving","","","","","","21120","1.32","101","public/audio/tts/library/marin/thanksgiving-d63e36939932de79.mp3"
"cedar","Thanksgiving","Thanksgiving","","","","","","39168","2.448","101","public/audio/tts/library/cedar/thanksgiving-d63e36939932de79.mp3"
"marin","that","that","","","","","","22656","1.416","125","public/audio/tts/library/marin/that-f2c28281ab712fc2.mp3"
"cedar","that","that","","","","","","10368","0.648","125","public/audio/tts/library/cedar/that-f2c28281ab712fc2.mp3"
"marin","the","the","","","","","","13824","0.864","125","public/audio/tts/library/marin/the-a587693500a37d17.mp3"
"cedar","the","the","","","","","","14592","0.912","125","public/audio/tts/library/cedar/the-a587693500a37d17.mp3"
"marin","The more, the better.","The more, the better.","","","","","","23424","1.464","","public/audio/tts/library/marin/the-more-the-better-9118a20dd2de9a6a.mp3"
"cedar","The more, the better.","The more, the better.","","","","","","33024","2.064","","public/audio/tts/library/cedar/the-more-the-better-9118a20dd2de9a6a.mp3"
"marin","the rest","the rest","","","","","","48000","3","","public/audio/tts/library/marin/the-rest-ce27dd52362f08c1.mp3"
"cedar","the rest","the rest","","","","","","19200","1.2","","public/audio/tts/library/cedar/the-rest-ce27dd52362f08c1.mp3"
"marin","theater","theater","","","","","","23424","1.464","85","public/audio/tts/library/marin/theater-2de5605ec1f0a2f4.mp3"
"cedar","theater","theater","","","","","","13056","0.816","85","public/audio/tts/library/cedar/theater-2de5605ec1f0a2f4.mp3"
"marin","their","their","","","","","","14592","0.912","125","public/audio/tts/library/marin/their-7db69f4aef6a99e8.mp3"
"cedar","their","their","","","","","","19200","1.2","125","public/audio/tts/library/cedar/their-7db69f4aef6a99e8.mp3"
"marin","theirs","theirs","","","","","","19200","1.2","126","public/audio/tts/library/marin/theirs-ed9c86a61e05623a.mp3"
"cedar","theirs","theirs","","","","","","21888","1.368","126","public/audio/tts/library/cedar/theirs-ed9c86a61e05623a.mp3"
"marin","them","them","","","","","","16896","1.056","126","public/audio/tts/library/marin/them-c2b424bc17a7e755.mp3"
"cedar","them","them","","","","","","13824","0.864","126","public/audio/tts/library/cedar/them-c2b424bc17a7e755.mp3"
"marin","themselves","themselves","","","","","","22656","1.416","126","public/audio/tts/library/marin/themselves-8bd4e5166c0e9dfa.mp3"
"cedar","themselves","themselves","","","","","","26496","1.656","126","public/audio/tts/library/cedar/themselves-8bd4e5166c0e9dfa.mp3"
"marin","then","then","","","","","","15360","0.96","120|133","public/audio/tts/library/marin/then-8d8d7fe1a8f1344d.mp3"
"cedar","then","then","","","","","","13056","0.816","120|133","public/audio/tts/library/cedar/then-8d8d7fe1a8f1344d.mp3"
"marin","there","there","","","","","","18432","1.152","","public/audio/tts/library/marin/there-1ab094ade32450c6.mp3"
"cedar","there","there","","","","","","13824","0.864","","public/audio/tts/library/cedar/there-1ab094ade32450c6.mp3"
"marin","There you go.","There you go.","","","","","","28800","1.8","","public/audio/tts/library/marin/there-you-go-747ab54ca466283e.mp3"
"cedar","There you go.","There you go.","","","","","","13824","0.864","","public/audio/tts/library/cedar/there-you-go-747ab54ca466283e.mp3"
"marin","therefore","therefore","","","","","","15360","0.96","120","public/audio/tts/library/marin/therefore-aa939f01ad664dfe.mp3"
"cedar","therefore","therefore","","","","","","19968","1.248","120","public/audio/tts/library/cedar/therefore-aa939f01ad664dfe.mp3"
"marin","these","these","","","","","","16896","1.056","125","public/audio/tts/library/marin/these-38527a0e08fc93a8.mp3"
"cedar","these","these","","","","","","21888","1.368","125","public/audio/tts/library/cedar/these-38527a0e08fc93a8.mp3"
"marin","they","they","","","","","","14592","0.912","126","public/audio/tts/library/marin/they-d8fa9c6fcd5510d3.mp3"
"cedar","they","they","","","","","","14592","0.912","126","public/audio/tts/library/cedar/they-d8fa9c6fcd5510d3.mp3"
"marin","thick","thick","","","","","","18432","1.152","98","public/audio/tts/library/marin/thick-13a9fcfa62f04207.mp3"
"cedar","thick","thick","","","","","","16896","1.056","98","public/audio/tts/library/cedar/thick-13a9fcfa62f04207.mp3"
"marin","thief","thief","","","","","","17664","1.104","5","public/audio/tts/library/marin/thief-fff1736e2907af4e.mp3"
"cedar","thief","thief","","","","","","21888","1.368","5","public/audio/tts/library/cedar/thief-fff1736e2907af4e.mp3"
"marin","thin","thin","","","","","","13824","0.864","11|98","public/audio/tts/library/marin/thin-0ed3a8867823cb5e.mp3"
"cedar","thin","thin","","","","","","22656","1.416","11|98","public/audio/tts/library/cedar/thin-0ed3a8867823cb5e.mp3"
"marin","thing","thing","","","","","","23424","1.464","9","public/audio/tts/library/marin/thing-a77e4c11a57f1d75.mp3"
"cedar","thing","thing","","","","","","19968","1.248","9","public/audio/tts/library/cedar/thing-a77e4c11a57f1d75.mp3"
"marin","think about","think about","","","","","","33024","2.064","","public/audio/tts/library/marin/think-about-cbf72b9f8993d79d.mp3"
"cedar","think about","think about","","","","","","24192","1.512","","public/audio/tts/library/cedar/think-about-cbf72b9f8993d79d.mp3"
"marin","think all the better of ...","think all the better of","","","","","","43392","2.712","","public/audio/tts/library/marin/think-all-the-better-of-db57a26ab09c8d99.mp3"
"cedar","think all the better of ...","think all the better of","","","","","","34560","2.16","","public/audio/tts/library/cedar/think-all-the-better-of-db57a26ab09c8d99.mp3"
"marin","think back","think back","","","","","","28032","1.752","","public/audio/tts/library/marin/think-back-c98c8a66e7c6e7c9.mp3"
"cedar","think back","think back","","","","","","21120","1.32","","public/audio/tts/library/cedar/think-back-c98c8a66e7c6e7c9.mp3"
"marin","think","think","","","","","","26496","1.656","18","public/audio/tts/library/marin/think-eab804fce93e9241.mp3"
"cedar","think","think","","","","","","21120","1.32","18","public/audio/tts/library/cedar/think-eab804fce93e9241.mp3"
"marin","think highly／much of ...","think highly／much of","","","","","","47232","2.952","","public/audio/tts/library/marin/think-highly-much-of-53405328499e6552.mp3"
"cedar","think highly／much of ...","think highly／much of","","","","","","44160","2.76","","public/audio/tts/library/cedar/think-highly-much-of-53405328499e6552.mp3"
"marin","think ill of ...","think ill of","","","","","","34560","2.16","","public/audio/tts/library/marin/think-ill-of-5f5959990f6cb07a.mp3"
"cedar","think ill of ...","think ill of","","","","","","30720","1.92","","public/audio/tts/library/cedar/think-ill-of-5f5959990f6cb07a.mp3"
"marin","think nothing of ...","think nothing of","","","","","","38400","2.4","","public/audio/tts/library/marin/think-nothing-of-3bfb6e1844f01046.mp3"
"cedar","think nothing of ...","think nothing of","","","","","","57600","3.6","","public/audio/tts/library/cedar/think-nothing-of-3bfb6e1844f01046.mp3"
"marin","think of","think of","","","","","","24960","1.56","","public/audio/tts/library/marin/think-of-05f57ff150d5f309.mp3"
"cedar","think of","think of","","","","","","30720","1.92","","public/audio/tts/library/cedar/think-of-05f57ff150d5f309.mp3"
"marin","think of ...","think of","","","","","","32256","2.016","","public/audio/tts/library/marin/think-of-bdaba8959f20ec90.mp3"
"cedar","think of ...","think of","","","","","","31488","1.968","","public/audio/tts/library/cedar/think-of-bdaba8959f20ec90.mp3"
"marin","think out","think out","","","","","","22656","1.416","","public/audio/tts/library/marin/think-out-4aec4f1fa4d566cd.mp3"
"cedar","think out","think out","","","","","","34560","2.16","","public/audio/tts/library/cedar/think-out-4aec4f1fa4d566cd.mp3"
"marin","think over","think over","","","","","","27264","1.704","","public/audio/tts/library/marin/think-over-224c52dd44416ef7.mp3"
"cedar","think over","think over","","","","","","32256","2.016","","public/audio/tts/library/cedar/think-over-224c52dd44416ef7.mp3"
"marin","think poorly／little of ...","think poorly／little of","","","","","","55296","3.456","","public/audio/tts/library/marin/think-poorly-little-of-39ef9335f3b8a940.mp3"
"cedar","think poorly／little of ...","think poorly／little of","","","","","","41856","2.616","","public/audio/tts/library/cedar/think-poorly-little-of-39ef9335f3b8a940.mp3"
"marin","think up","think up","","","","","","34560","2.16","","public/audio/tts/library/marin/think-up-bdba55174d4bc9d9.mp3"
"cedar","think up","think up","","","","","","27264","1.704","","public/audio/tts/library/cedar/think-up-bdba55174d4bc9d9.mp3"
"marin","think well of ...","think well of","","","","","","27264","1.704","","public/audio/tts/library/marin/think-well-of-63aef5cc8a509f29.mp3"
"cedar","think well of ...","think well of","","","","","","39168","2.448","","public/audio/tts/library/cedar/think-well-of-63aef5cc8a509f29.mp3"
"marin","third","third","","","","","","28800","1.8","30","public/audio/tts/library/marin/third-5eef8098ed6ec0a1.mp3"
"cedar","third","third","","","","","","19968","1.248","30","public/audio/tts/library/cedar/third-5eef8098ed6ec0a1.mp3"
"marin","thirsty","thirsty","","","","","","33792","2.112","21","public/audio/tts/library/marin/thirsty-5098897cb3186ead.mp3"
"cedar","thirsty","thirsty","","","","","","19968","1.248","21","public/audio/tts/library/cedar/thirsty-5098897cb3186ead.mp3"
"marin","thirteen","thirteen","","","","","","17664","1.104","29","public/audio/tts/library/marin/thirteen-a3b55d63fec676d7.mp3"
"cedar","thirteen","thirteen","","","","","","21888","1.368","29","public/audio/tts/library/cedar/thirteen-a3b55d63fec676d7.mp3"
"marin","thirty","thirty","","","","","","18432","1.152","30","public/audio/tts/library/marin/thirty-b89da536f7c2d1cb.mp3"
"cedar","thirty","thirty","","","","","","21888","1.368","30","public/audio/tts/library/cedar/thirty-b89da536f7c2d1cb.mp3"
"marin","this","this","","","","","","17664","1.104","125","public/audio/tts/library/marin/this-c18d547cafb43e30.mp3"
"cedar","this","this","","","","","","19200","1.2","125","public/audio/tts/library/cedar/this-c18d547cafb43e30.mp3"
"marin","those","those","","","","","","15360","0.96","125","public/audio/tts/library/marin/those-2395b9ca88c61c0b.mp3"
"cedar","those","those","","","","","","16896","1.056","125","public/audio/tts/library/cedar/those-2395b9ca88c61c0b.mp3"
"marin","thought","thought","","","","","","17664","1.104","18","public/audio/tts/library/marin/thought-252a038732e401e8.mp3"
"cedar","thought","thought","","","","","","18432","1.152","18","public/audio/tts/library/cedar/thought-252a038732e401e8.mp3"
"marin","thousand","thousand","","","","","","24192","1.512","30","public/audio/tts/library/marin/thousand-e55e395e4f0af879.mp3"
"cedar","thousand","thousand","","","","","","36096","2.256","30","public/audio/tts/library/cedar/thousand-e55e395e4f0af879.mp3"
"marin","three","three","","","","","","17664","1.104","29","public/audio/tts/library/marin/three-f6936912184481f5.mp3"
"cedar","three","three","","","","","","28800","1.8","29","public/audio/tts/library/cedar/three-f6936912184481f5.mp3"
"marin","throat","throat","","","","","","24960","1.56","20","public/audio/tts/library/marin/throat-4d82d002c087e689.mp3"
"cedar","throat","throat","","","","","","13824","0.864","20","public/audio/tts/library/cedar/throat-4d82d002c087e689.mp3"
"marin","through","through","","","","","","17664","1.104","131|132","public/audio/tts/library/marin/through-2e56183432951988.mp3"
"cedar","through","through","","","","","","39168","2.448","131|132","public/audio/tts/library/cedar/through-2e56183432951988.mp3"
"marin","throw","throw","","","","","","22656","1.416","59","public/audio/tts/library/marin/throw-8f05256d87c7a6ae.mp3"
"cedar","throw","throw","","","","","","19968","1.248","59","public/audio/tts/library/cedar/throw-8f05256d87c7a6ae.mp3"
"marin","throw about / around","throw about, or around","","","","","","46464","2.904","","public/audio/tts/library/marin/throw-about-around-f682b95e92725621.mp3"
"cedar","throw about / around","throw about, or around","","","","","","48000","3","","public/audio/tts/library/cedar/throw-about-around-f682b95e92725621.mp3"
"marin","throw away","throw away","","","","","","26496","1.656","","public/audio/tts/library/marin/throw-away-57ce1b80f209d7f0.mp3"
"cedar","throw away","throw away","","","","","","24192","1.512","","public/audio/tts/library/cedar/throw-away-57ce1b80f209d7f0.mp3"
"marin","throw back","throw back","","","","","","23424","1.464","","public/audio/tts/library/marin/throw-back-2a7528f35428b2d5.mp3"
"cedar","throw back","throw back","","","","","","21120","1.32","","public/audio/tts/library/cedar/throw-back-2a7528f35428b2d5.mp3"
"marin","throw off","throw off","","","","","","24192","1.512","","public/audio/tts/library/marin/throw-off-f21fd38a238efed0.mp3"
"cedar","throw off","throw off","","","","","","33792","2.112","","public/audio/tts/library/cedar/throw-off-f21fd38a238efed0.mp3"
"marin","throw on","throw on","","","","","","28800","1.8","","public/audio/tts/library/marin/throw-on-ee635534d9bedd1c.mp3"
"cedar","throw on","throw on","","","","","","24192","1.512","","public/audio/tts/library/cedar/throw-on-ee635534d9bedd1c.mp3"
"marin","throw oneself into","throw oneself into","","","","","","38400","2.4","","public/audio/tts/library/marin/throw-oneself-into-2a892094d873db80.mp3"
"cedar","throw oneself into","throw oneself into","","","","","","34560","2.16","","public/audio/tts/library/cedar/throw-oneself-into-2a892094d873db80.mp3"
"marin","throw oneself on","throw oneself on","","","","","","35328","2.208","","public/audio/tts/library/marin/throw-oneself-on-60e0f68de6d74a73.mp3"
"cedar","throw oneself on","throw oneself on","","","","","","32256","2.016","","public/audio/tts/library/cedar/throw-oneself-on-60e0f68de6d74a73.mp3"
"marin","throw out","throw out","","","","","","27264","1.704","","public/audio/tts/library/marin/throw-out-83408b1a74a5b6cd.mp3"
"cedar","throw out","throw out","","","","","","19968","1.248","","public/audio/tts/library/cedar/throw-out-83408b1a74a5b6cd.mp3"
"marin","thumb","thumb","","","","","","22656","1.416","20","public/audio/tts/library/marin/thumb-9021dbd59676a2b7.mp3"
"cedar","thumb","thumb","","","","","","29568","1.848","20","public/audio/tts/library/cedar/thumb-9021dbd59676a2b7.mp3"
"marin","thunder","thunder","","","","","","18432","1.152","105","public/audio/tts/library/marin/thunder-1f72a681bc7b996f.mp3"
"cedar","thunder","thunder","","","","","","28800","1.8","105","public/audio/tts/library/cedar/thunder-1f72a681bc7b996f.mp3"
"marin","Thursday","Thursday","","","","","","21120","1.32","32","public/audio/tts/library/marin/thursday-97f8ab6056155401.mp3"
"cedar","Thursday","Thursday","","","","","","17664","1.104","32","public/audio/tts/library/cedar/thursday-97f8ab6056155401.mp3"
"marin","ticket","ticket","","","","","","23424","1.464","94","public/audio/tts/library/marin/ticket-9a01a4b22140189c.mp3"
"cedar","ticket","ticket","","","","","","15360","0.96","94","public/audio/tts/library/cedar/ticket-9a01a4b22140189c.mp3"
"marin","tidy","tidy","","","","","","17664","1.104","72","public/audio/tts/library/marin/tidy-9b85ca9007a3e843.mp3"
"cedar","tidy","tidy","","","","","","26496","1.656","72","public/audio/tts/library/cedar/tidy-9b85ca9007a3e843.mp3"
"marin","tidy up","tidy up","","","","","","23424","1.464","","public/audio/tts/library/marin/tidy-up-820b3896fb5b9e59.mp3"
"cedar","tidy up","tidy up","","","","","","28032","1.752","","public/audio/tts/library/cedar/tidy-up-820b3896fb5b9e59.mp3"
"marin","tie","tie","","","","","","15360","0.96","48","public/audio/tts/library/marin/tie-a05d40ef24ff2bb3.mp3"
"cedar","tie","tie","","","","","","19968","1.248","48","public/audio/tts/library/cedar/tie-a05d40ef24ff2bb3.mp3"
"marin","tiger","tiger","","","","","","15360","0.96","111","public/audio/tts/library/marin/tiger-036b19a6f28097d6.mp3"
"cedar","tiger","tiger","","","","","","44160","2.76","111","public/audio/tts/library/cedar/tiger-036b19a6f28097d6.mp3"
"marin","till","till","","","","","","17664","1.104","131","public/audio/tts/library/marin/till-960c2af5a6d5c6ca.mp3"
"cedar","till","till","","","","","","17664","1.104","131","public/audio/tts/library/cedar/till-960c2af5a6d5c6ca.mp3"
"marin","time","time","","","","","","21120","1.32","","public/audio/tts/library/marin/time-6e0447537050cf87.mp3"
"cedar","time","time","","","","","","25728","1.608","","public/audio/tts/library/cedar/time-6e0447537050cf87.mp3"
"marin","Time flies.","Time flies.","","","","","","42624","2.664","","public/audio/tts/library/marin/time-flies-910b2511fc6402fe.mp3"
"cedar","Time flies.","Time flies.","","","","","","39168","2.448","","public/audio/tts/library/cedar/time-flies-910b2511fc6402fe.mp3"
"marin","tiny","tiny","","","","","","34560","2.16","97","public/audio/tts/library/marin/tiny-36d25d3d80f84316.mp3"
"cedar","tiny","tiny","","","","","","28800","1.8","97","public/audio/tts/library/cedar/tiny-36d25d3d80f84316.mp3"
"marin","tip","tip","","","","","","29568","1.848","37","public/audio/tts/library/marin/tip-d59f767a54e9c72e.mp3"
"cedar","tip","tip","","","","","","15360","0.96","37","public/audio/tts/library/cedar/tip-d59f767a54e9c72e.mp3"
"marin","tired","tired","","","","","","16128","1.008","21","public/audio/tts/library/marin/tired-5797dee1fb51e8fd.mp3"
"cedar","tired","tired","","","","","","21120","1.32","21","public/audio/tts/library/cedar/tired-5797dee1fb51e8fd.mp3"
"marin","title","title","","","","","","21120","1.32","3","public/audio/tts/library/marin/title-1ec72b6861fee992.mp3"
"cedar","title","title","","","","","","14592","0.912","3","public/audio/tts/library/cedar/title-1ec72b6861fee992.mp3"
"marin","to","to","","","","","","13824","0.864","132","public/audio/tts/library/marin/to-5095479ddbb38fa7.mp3"
"cedar","to","to","","","","","","16128","1.008","132","public/audio/tts/library/cedar/to-5095479ddbb38fa7.mp3"
"marin","to a degree","to a degree","","","","","","21120","1.32","","public/audio/tts/library/marin/to-a-degree-b47be6d84f6333ba.mp3"
"cedar","to a degree","to a degree","","","","","","30720","1.92","","public/audio/tts/library/cedar/to-a-degree-b47be6d84f6333ba.mp3"
"marin","to be honest","to be honest","","","","","","30720","1.92","","public/audio/tts/library/marin/to-be-honest-be589f4e89317e9a.mp3"
"cedar","to be honest","to be honest","","","","","","27264","1.704","","public/audio/tts/library/cedar/to-be-honest-be589f4e89317e9a.mp3"
"marin","to date","to date","","","","","","12288","0.768","","public/audio/tts/library/marin/to-date-f0bd0b39d1119c3f.mp3"
"cedar","to date","to date","","","","","","24192","1.512","","public/audio/tts/library/cedar/to-date-f0bd0b39d1119c3f.mp3"
"marin","to one’s advantage","to one’s advantage","","","","","","26496","1.656","","public/audio/tts/library/marin/to-ones-advantage-b5de5d594aa066ad.mp3"
"cedar","to one’s advantage","to one’s advantage","","","","","","29568","1.848","","public/audio/tts/library/cedar/to-ones-advantage-b5de5d594aa066ad.mp3"
"marin","to one’s surprise","to one’s surprise","","","","","","28032","1.752","","public/audio/tts/library/marin/to-ones-surprise-1cc62612173e4b9a.mp3"
"cedar","to one’s surprise","to one’s surprise","","","","","","47232","2.952","","public/audio/tts/library/cedar/to-ones-surprise-1cc62612173e4b9a.mp3"
"marin","toast","toast","","","","","","22656","1.416","41","public/audio/tts/library/marin/toast-c3405b65ebfffcc4.mp3"
"cedar","toast","toast","","","","","","24192","1.512","41","public/audio/tts/library/cedar/toast-c3405b65ebfffcc4.mp3"
"marin","today","today","","","","","","21888","1.368","32","public/audio/tts/library/marin/today-1e96bf1c38b0b9e4.mp3"
"cedar","today","today","","","","","","16128","1.008","32","public/audio/tts/library/cedar/today-1e96bf1c38b0b9e4.mp3"
"marin","toe","toe","","","","","","18432","1.152","20","public/audio/tts/library/marin/toe-5838c55b6c2ec89d.mp3"
"cedar","toe","toe","","","","","","21120","1.32","20","public/audio/tts/library/cedar/toe-5838c55b6c2ec89d.mp3"
"marin","tofu","tofu","","","","","","21120","1.32","41","public/audio/tts/library/marin/tofu-fc2d4ba29b123431.mp3"
"cedar","tofu","tofu","","","","","","24192","1.512","41","public/audio/tts/library/cedar/tofu-fc2d4ba29b123431.mp3"
"marin","together","together","","","","","","25728","1.608","27|121","public/audio/tts/library/marin/together-2fbcdde3560dc77b.mp3"
"cedar","together","together","","","","","","18432","1.152","27|121","public/audio/tts/library/cedar/together-2fbcdde3560dc77b.mp3"
"marin","tomato","tomato","","","","","","18432","1.152","38","public/audio/tts/library/marin/tomato-c4d414f214364807.mp3"
"cedar","tomato","tomato","","","","","","19968","1.248","38","public/audio/tts/library/cedar/tomato-c4d414f214364807.mp3"
"marin","tomorrow","tomorrow","","","","","","15360","0.96","32","public/audio/tts/library/marin/tomorrow-74931d2ef721429b.mp3"
"cedar","tomorrow","tomorrow","","","","","","19968","1.248","32","public/audio/tts/library/cedar/tomorrow-74931d2ef721429b.mp3"
"marin","tongue","tongue","","","","","","19200","1.2","19","public/audio/tts/library/marin/tongue-db2b9431688fe2fb.mp3"
"cedar","tongue","tongue","","","","","","21888","1.368","19","public/audio/tts/library/cedar/tongue-db2b9431688fe2fb.mp3"
"marin","tonight","tonight","","","","","","15360","0.96","34","public/audio/tts/library/marin/tonight-085d4660de9158dd.mp3"
"cedar","tonight","tonight","","","","","","18432","1.152","34","public/audio/tts/library/cedar/tonight-085d4660de9158dd.mp3"
"marin","too bad","too bad","","","","","","19200","1.2","","public/audio/tts/library/marin/too-bad-44d4202dbd745e60.mp3"
"cedar","too bad","too bad","","","","","","19968","1.248","","public/audio/tts/library/cedar/too-bad-44d4202dbd745e60.mp3"
"marin","too","too","","","","","","19968","1.248","120","public/audio/tts/library/marin/too-bd66213639430e39.mp3"
"cedar","too","too","","","","","","14592","0.912","120","public/audio/tts/library/cedar/too-bd66213639430e39.mp3"
"marin","tool","tool","","","","","","19200","1.2","71","public/audio/tts/library/marin/tool-67948dd9afd6afe5.mp3"
"cedar","tool","tool","","","","","","16128","1.008","71","public/audio/tts/library/cedar/tool-67948dd9afd6afe5.mp3"
"marin","tooth","tooth","","","","","","16128","1.008","19","public/audio/tts/library/marin/tooth-3e81fee2c61046fb.mp3"
"cedar","tooth","tooth","","","","","","18432","1.152","19","public/audio/tts/library/cedar/tooth-3e81fee2c61046fb.mp3"
"marin","toothache","toothache","","","","","","19200","1.2","24","public/audio/tts/library/marin/toothache-f041e19770d8d929.mp3"
"cedar","toothache","toothache","","","","","","21888","1.368","24","public/audio/tts/library/cedar/toothache-f041e19770d8d929.mp3"
"marin","toothbrush","toothbrush","","","","","","26496","1.656","71","public/audio/tts/library/marin/toothbrush-1d5408f86a45a782.mp3"
"cedar","toothbrush","toothbrush","","","","","","18432","1.152","71","public/audio/tts/library/cedar/toothbrush-1d5408f86a45a782.mp3"
"marin","top","top","","","","","","13056","0.816","83","public/audio/tts/library/marin/top-f7de2947c64cb643.mp3"
"cedar","top","top","","","","","","22656","1.416","83","public/audio/tts/library/cedar/top-f7de2947c64cb643.mp3"
"marin","topic","topic","","","","","","16128","1.008","81","public/audio/tts/library/marin/topic-d5d6462af0bebaa4.mp3"
"cedar","topic","topic","","","","","","27264","1.704","81","public/audio/tts/library/cedar/topic-d5d6462af0bebaa4.mp3"
"marin","total","total","","","","","","14592","0.912","30","public/audio/tts/library/marin/total-8f67aeb8926b53c7.mp3"
"cedar","total","total","","","","","","16128","1.008","30","public/audio/tts/library/cedar/total-8f67aeb8926b53c7.mp3"
"marin","touch","touch","","","","","","23424","1.464","19","public/audio/tts/library/marin/touch-ae54978b88333199.mp3"
"cedar","touch","touch","","","","","","13824","0.864","19","public/audio/tts/library/cedar/touch-ae54978b88333199.mp3"
"marin","toward","toward","","","","","","16896","1.056","132","public/audio/tts/library/marin/toward-b21bc10048a4e490.mp3"
"cedar","toward","toward","","","","","","25728","1.608","132","public/audio/tts/library/cedar/toward-b21bc10048a4e490.mp3"
"marin","towel","towel","","","","","","21888","1.368","71","public/audio/tts/library/marin/towel-947eb820ba9342fe.mp3"
"cedar","towel","towel","","","","","","28800","1.8","71","public/audio/tts/library/cedar/towel-947eb820ba9342fe.mp3"
"marin","tower","tower","","","","","","13824","0.864","54","public/audio/tts/library/marin/tower-427face3de91cfff.mp3"
"cedar","tower","tower","","","","","","22656","1.416","54","public/audio/tts/library/cedar/tower-427face3de91cfff.mp3"
"marin","town","town","","","","","","21888","1.368","86","public/audio/tts/library/marin/town-03ac2583346310af.mp3"
"cedar","town","town","","","","","","33792","2.112","86","public/audio/tts/library/cedar/town-03ac2583346310af.mp3"
"marin","toy","toy","","","","","","16896","1.056","57","public/audio/tts/library/marin/toy-39d4e6ab72df95b5.mp3"
"cedar","toy","toy","","","","","","13824","0.864","57","public/audio/tts/library/cedar/toy-39d4e6ab72df95b5.mp3"
"marin","trace","trace","","","","","","28800","1.8","62","public/audio/tts/library/marin/trace-ea4f8e5663bf24ef.mp3"
"cedar","trace","trace","","","","","","26496","1.656","62","public/audio/tts/library/cedar/trace-ea4f8e5663bf24ef.mp3"
"marin","trade","trade","","","","","","21888","1.368","88","public/audio/tts/library/marin/trade-cee3fc5889625b8e.mp3"
"cedar","trade","trade","","","","","","14592","0.912","88","public/audio/tts/library/cedar/trade-cee3fc5889625b8e.mp3"
"marin","tradition","tradition","","","","","","28032","1.752","88","public/audio/tts/library/marin/tradition-e62789acea61e36b.mp3"
"cedar","tradition","tradition","","","","","","21888","1.368","88","public/audio/tts/library/cedar/tradition-e62789acea61e36b.mp3"
"marin","traditional","traditional","","","","","","19200","1.2","88","public/audio/tts/library/marin/traditional-0698f2fd78418bf9.mp3"
"cedar","traditional","traditional","","","","","","23424","1.464","88","public/audio/tts/library/cedar/traditional-0698f2fd78418bf9.mp3"
"marin","traffic","traffic","","","","","","19200","1.2","91","public/audio/tts/library/marin/traffic-4174407969c32ddc.mp3"
"cedar","traffic","traffic","","","","","","16896","1.056","91","public/audio/tts/library/cedar/traffic-4174407969c32ddc.mp3"
"marin","train","train","","","","","","12288","0.768","91","public/audio/tts/library/marin/train-f6e12a5f03044dbc.mp3"
"cedar","train","train","","","","","","18432","1.152","91","public/audio/tts/library/cedar/train-f6e12a5f03044dbc.mp3"
"marin","train station","train station","","","","","","30720","1.92","91","public/audio/tts/library/marin/train-station-213d335aee24ae50.mp3"
"cedar","train station","train station","","","","","","24192","1.512","91","public/audio/tts/library/cedar/train-station-213d335aee24ae50.mp3"
"marin","trap","trap","","","","","","13824","0.864","73","public/audio/tts/library/marin/trap-211cecdeae5c27a4.mp3"
"cedar","trap","trap","","","","","","16128","1.008","73","public/audio/tts/library/cedar/trap-211cecdeae5c27a4.mp3"
"marin","trash can","trash can","","","","","","22656","1.416","72","public/audio/tts/library/marin/trash-can-c179ef8b7d6c0d3f.mp3"
"cedar","trash can","trash can","","","","","","24192","1.512","72","public/audio/tts/library/cedar/trash-can-c179ef8b7d6c0d3f.mp3"
"marin","trash","trash","","","","","","14592","0.912","","public/audio/tts/library/marin/trash-f45b32965e512679.mp3"
"cedar","trash","trash","","","","","","41856","2.616","","public/audio/tts/library/cedar/trash-f45b32965e512679.mp3"
"marin","travel","travel","","","","","","17664","1.104","55","public/audio/tts/library/marin/travel-f3d8327c5f36d5e3.mp3"
"cedar","travel","travel","","","","","","19968","1.248","55","public/audio/tts/library/cedar/travel-f3d8327c5f36d5e3.mp3"
"marin","treasure","treasure","","","","","","28800","1.8","102","public/audio/tts/library/marin/treasure-be3322631defe480.mp3"
"cedar","treasure","treasure","","","","","","19200","1.2","102","public/audio/tts/library/cedar/treasure-be3322631defe480.mp3"
"marin","treat","treat","","","","","","13824","0.864","37","public/audio/tts/library/marin/treat-56ffe99907bf0cbc.mp3"
"cedar","treat","treat","","","","","","17664","1.104","37","public/audio/tts/library/cedar/treat-56ffe99907bf0cbc.mp3"
"marin","tree","tree","","","","","","31488","1.968","113","public/audio/tts/library/marin/tree-f27e01fe7624cca3.mp3"
"cedar","tree","tree","","","","","","19968","1.248","113","public/audio/tts/library/cedar/tree-f27e01fe7624cca3.mp3"
"marin","triangle","triangle","","","","","","23424","1.464","99","public/audio/tts/library/marin/triangle-fcd3288b53061299.mp3"
"cedar","triangle","triangle","","","","","","22656","1.416","99","public/audio/tts/library/cedar/triangle-fcd3288b53061299.mp3"
"marin","trick","trick","","","","","","13824","0.864","102","public/audio/tts/library/marin/trick-641bb0cae8728f6f.mp3"
"cedar","trick","trick","","","","","","21888","1.368","102","public/audio/tts/library/cedar/trick-641bb0cae8728f6f.mp3"
"marin","trip","trip","","","","","","21888","1.368","55","public/audio/tts/library/marin/trip-52a67b33a33d8304.mp3"
"cedar","trip","trip","","","","","","29568","1.848","55","public/audio/tts/library/cedar/trip-52a67b33a33d8304.mp3"
"marin","trouble","trouble","","","","","","16128","1.008","28","public/audio/tts/library/marin/trouble-674a703704d7551c.mp3"
"cedar","trouble","trouble","","","","","","22656","1.416","28","public/audio/tts/library/cedar/trouble-674a703704d7551c.mp3"
"marin","trousers","trousers","","","","","","28032","1.752","47","public/audio/tts/library/marin/trousers-3ae6a458e4e706cf.mp3"
"cedar","trousers","trousers","","","","","","24960","1.56","47","public/audio/tts/library/cedar/trousers-3ae6a458e4e706cf.mp3"
"marin","truck","truck","","","","","","13824","0.864","92","public/audio/tts/library/marin/truck-8a4b5f6af05b8813.mp3"
"cedar","truck","truck","","","","","","13824","0.864","92","public/audio/tts/library/cedar/truck-8a4b5f6af05b8813.mp3"
"marin","true","true","","","","","","36096","2.256","116","public/audio/tts/library/marin/true-a17fcf0a2f50e2d4.mp3"
"cedar","true","true","","","","","","24192","1.512","116","public/audio/tts/library/cedar/true-a17fcf0a2f50e2d4.mp3"
"marin","trumpet","trumpet","","","","","","22656","1.416","56","public/audio/tts/library/marin/trumpet-b4ab9fb09b65e91d.mp3"
"cedar","trumpet","trumpet","","","","","","19968","1.248","56","public/audio/tts/library/cedar/trumpet-b4ab9fb09b65e91d.mp3"
"marin","trust","trust","","","","","","19968","1.248","65","public/audio/tts/library/marin/trust-373bc5ea38ee6ff3.mp3"
"cedar","trust","trust","","","","","","19200","1.2","65","public/audio/tts/library/cedar/trust-373bc5ea38ee6ff3.mp3"
"marin","truth","truth","","","","","","41088","2.568","95","public/audio/tts/library/marin/truth-5eae1ab667f5669d.mp3"
"cedar","truth","truth","","","","","","29568","1.848","95","public/audio/tts/library/cedar/truth-5eae1ab667f5669d.mp3"
"marin","try","try","","","","","","14592","0.912","","public/audio/tts/library/marin/try-95fdbdf2fea4b306.mp3"
"cedar","try","try","","","","","","18432","1.152","","public/audio/tts/library/cedar/try-95fdbdf2fea4b306.mp3"
"marin","try on","try on","","","","","","24960","1.56","50","public/audio/tts/library/marin/try-on-ea1997b970111388.mp3"
"cedar","try on","try on","","","","","","21888","1.368","50","public/audio/tts/library/cedar/try-on-ea1997b970111388.mp3"
"marin","tub","tub","","","","","","36864","2.304","71","public/audio/tts/library/marin/tub-17294d0ff2b29aa6.mp3"
"cedar","tub","tub","","","","","","23424","1.464","71","public/audio/tts/library/cedar/tub-17294d0ff2b29aa6.mp3"
"marin","tube","tube","","","","","","18432","1.152","73","public/audio/tts/library/marin/tube-bce2f3220c33383d.mp3"
"cedar","tube","tube","","","","","","19200","1.2","73","public/audio/tts/library/cedar/tube-bce2f3220c33383d.mp3"
"marin","Tuesday","Tuesday","","","","","","17664","1.104","32","public/audio/tts/library/marin/tuesday-b536050a93a8d581.mp3"
"cedar","Tuesday","Tuesday","","","","","","22656","1.416","32","public/audio/tts/library/cedar/tuesday-b536050a93a8d581.mp3"
"marin","tumble down","tumble down","","","","","","28032","1.752","","public/audio/tts/library/marin/tumble-down-5d02616076efe980.mp3"
"cedar","tumble down","tumble down","","","","","","22656","1.416","","public/audio/tts/library/cedar/tumble-down-5d02616076efe980.mp3"
"marin","tunnel","tunnel","","","","","","21888","1.368","93","public/audio/tts/library/marin/tunnel-f3e43cf7b656c441.mp3"
"cedar","tunnel","tunnel","","","","","","19200","1.2","93","public/audio/tts/library/cedar/tunnel-f3e43cf7b656c441.mp3"
"marin","turkey","turkey","","","","","","33792","2.112","40|110","public/audio/tts/library/marin/turkey-7b75809de76d9e49.mp3"
"cedar","turkey","turkey","","","","","","23424","1.464","40|110","public/audio/tts/library/cedar/turkey-7b75809de76d9e49.mp3"
"marin","turn","turn","","","","","","23424","1.464","94","public/audio/tts/library/marin/turn-76036ddcc711361d.mp3"
"cedar","turn","turn","","","","","","28032","1.752","94","public/audio/tts/library/cedar/turn-76036ddcc711361d.mp3"
"marin","turn against","turn against","","","","","","24192","1.512","","public/audio/tts/library/marin/turn-against-b1506dfcea5396fb.mp3"
"cedar","turn against","turn against","","","","","","21888","1.368","","public/audio/tts/library/cedar/turn-against-b1506dfcea5396fb.mp3"
"marin","turn around","turn around","","","","","","39168","2.448","","public/audio/tts/library/marin/turn-around-a31a802637af3cfc.mp3"
"cedar","turn around","turn around","","","","","","29568","1.848","","public/audio/tts/library/cedar/turn-around-a31a802637af3cfc.mp3"
"marin","turn around / over","turn around. Or, turn over.","","","","","","50688","3.168","","public/audio/tts/library/marin/turn-around-over-1512a3228ac8b0f6.mp3"
"cedar","turn around / over","turn around. Or, turn over.","","","","","","46464","2.904","","public/audio/tts/library/cedar/turn-around-over-1512a3228ac8b0f6.mp3"
"marin","turn aside","turn aside","","","","","","21888","1.368","","public/audio/tts/library/marin/turn-aside-0cdd2122a522582a.mp3"
"cedar","turn aside","turn aside","","","","","","25728","1.608","","public/audio/tts/library/cedar/turn-aside-0cdd2122a522582a.mp3"
"marin","turn away","turn away","","","","","","29568","1.848","","public/audio/tts/library/marin/turn-away-7381dc3d14a61edf.mp3"
"cedar","turn away","turn away","","","","","","28800","1.8","","public/audio/tts/library/cedar/turn-away-7381dc3d14a61edf.mp3"
"marin","turn back","turn back","","","","","","22656","1.416","","public/audio/tts/library/marin/turn-back-723cdd926a7003cc.mp3"
"cedar","turn back","turn back","","","","","","23424","1.464","","public/audio/tts/library/cedar/turn-back-723cdd926a7003cc.mp3"
"marin","turn down","turn down","","","","","","21120","1.32","","public/audio/tts/library/marin/turn-down-09a3903f2ca61c9f.mp3"
"cedar","turn down","turn down","","","","","","26496","1.656","","public/audio/tts/library/cedar/turn-down-09a3903f2ca61c9f.mp3"
"marin","turn in","turn in","","","","","","28032","1.752","","public/audio/tts/library/marin/turn-in-dfaa7490a2bbf65d.mp3"
"cedar","turn in","turn in","","","","","","23424","1.464","","public/audio/tts/library/cedar/turn-in-dfaa7490a2bbf65d.mp3"
"marin","turn into","turn into","","","","","","21120","1.32","","public/audio/tts/library/marin/turn-into-e7ff4828bce56d17.mp3"
"cedar","turn into","turn into","","","","","","32256","2.016","","public/audio/tts/library/cedar/turn-into-e7ff4828bce56d17.mp3"
"marin","turn off","turn off","","","","","","32256","2.016","35","public/audio/tts/library/marin/turn-off-f8d9d9326d41b28e.mp3"
"cedar","turn off","turn off","","","","","","27264","1.704","35","public/audio/tts/library/cedar/turn-off-f8d9d9326d41b28e.mp3"
"marin","turn on","turn on","","","","","","23424","1.464","35","public/audio/tts/library/marin/turn-on-0c3ccd83bbce0425.mp3"
"cedar","turn on","turn on","","","","","","24960","1.56","35","public/audio/tts/library/cedar/turn-on-0c3ccd83bbce0425.mp3"
"marin","turn one's back on","turn one's back on","","","","","","33792","2.112","","public/audio/tts/library/marin/turn-ones-back-on-0f37b9e70fa7e53c.mp3"
"cedar","turn one's back on","turn one's back on","","","","","","33024","2.064","","public/audio/tts/library/cedar/turn-ones-back-on-0f37b9e70fa7e53c.mp3"
"marin","turn out","turn out","","","","","","26496","1.656","","public/audio/tts/library/marin/turn-out-4d6f7420d90f828b.mp3"
"cedar","turn out","turn out","","","","","","24192","1.512","","public/audio/tts/library/cedar/turn-out-4d6f7420d90f828b.mp3"
"marin","turn over","turn over","","","","","","28800","1.8","","public/audio/tts/library/marin/turn-over-136750a05987c230.mp3"
"cedar","turn over","turn over","","","","","","28032","1.752","","public/audio/tts/library/cedar/turn-over-136750a05987c230.mp3"
"marin","turn right / left","turn right. Or, turn left.","","","","","","50688","3.168","","public/audio/tts/library/marin/turn-right-left-686cff62750c883f.mp3"
"cedar","turn right / left","turn right. Or, turn left.","","","","","","56064","3.504","","public/audio/tts/library/cedar/turn-right-left-686cff62750c883f.mp3"
"marin","turn to","turn to","","","","","","15360","0.96","","public/audio/tts/library/marin/turn-to-9f7129dd4689957b.mp3"
"cedar","turn to","turn to","","","","","","23424","1.464","","public/audio/tts/library/cedar/turn-to-9f7129dd4689957b.mp3"
"marin","turn up","turn up","","","","","","22656","1.416","","public/audio/tts/library/marin/turn-up-a3bab446a6cdde3f.mp3"
"cedar","turn up","turn up","","","","","","36096","2.256","","public/audio/tts/library/cedar/turn-up-a3bab446a6cdde3f.mp3"
"marin","turtle","turtle","","","","","","24960","1.56","112","public/audio/tts/library/marin/turtle-52d18b0faff776e6.mp3"
"cedar","turtle","turtle","","","","","","26496","1.656","112","public/audio/tts/library/cedar/turtle-52d18b0faff776e6.mp3"
"marin","twelve","twelve","","","","","","17664","1.104","29","public/audio/tts/library/marin/twelve-27e726bf49fa63bb.mp3"
"cedar","twelve","twelve","","","","","","26496","1.656","29","public/audio/tts/library/cedar/twelve-27e726bf49fa63bb.mp3"
"marin","twenty","twenty","","","","","","16896","1.056","29","public/audio/tts/library/marin/twenty-659ac4b686d8818a.mp3"
"cedar","twenty","twenty","","","","","","19200","1.2","29","public/audio/tts/library/cedar/twenty-659ac4b686d8818a.mp3"
"marin","twice","twice","","","","","","18432","1.152","118","public/audio/tts/library/marin/twice-3c6d500b5c536c8d.mp3"
"cedar","twice","twice","","","","","","17664","1.104","118","public/audio/tts/library/cedar/twice-3c6d500b5c536c8d.mp3"
"marin","two","two","","","","","","17664","1.104","29","public/audio/tts/library/marin/two-27dd8ed44a83ff94.mp3"
"cedar","two","two","","","","","","14592","0.912","29","public/audio/tts/library/cedar/two-27dd8ed44a83ff94.mp3"
"marin","type","type","","","","","","19200","1.2","62","public/audio/tts/library/marin/type-c2a7141ac6eb6218.mp3"
"cedar","type","type","","","","","","15360","0.96","62","public/audio/tts/library/cedar/type-c2a7141ac6eb6218.mp3"
"marin","typhoon","typhoon","","","","","","21120","1.32","105","public/audio/tts/library/marin/typhoon-2b5aef4f42bfaf14.mp3"
"cedar","typhoon","typhoon","","","","","","23424","1.464","105","public/audio/tts/library/cedar/typhoon-2b5aef4f42bfaf14.mp3"
"marin","ugly","ugly","","","","","","21888","1.368","11","public/audio/tts/library/marin/ugly-c814470f06d13e98.mp3"
"cedar","ugly","ugly","","","","","","13824","0.864","11","public/audio/tts/library/cedar/ugly-c814470f06d13e98.mp3"
"marin","umbrella","umbrella","","","","","","19968","1.248","49","public/audio/tts/library/marin/umbrella-0efb9b2a328218b3.mp3"
"cedar","umbrella","umbrella","","","","","","19968","1.248","49","public/audio/tts/library/cedar/umbrella-0efb9b2a328218b3.mp3"
"marin","uncle","uncle","","","","","","17664","1.104","26","public/audio/tts/library/marin/uncle-5ce4c4bc5c31b1ad.mp3"
"cedar","uncle","uncle","","","","","","16896","1.056","26","public/audio/tts/library/cedar/uncle-5ce4c4bc5c31b1ad.mp3"
"marin","under","under","","","","","","27264","1.704","130","public/audio/tts/library/marin/under-783ecc70cac25caf.mp3"
"cedar","under","under","","","","","","19200","1.2","130","public/audio/tts/library/cedar/under-783ecc70cac25caf.mp3"
"marin","under control","under control","","","","","","33792","2.112","","public/audio/tts/library/marin/under-control-be794a06aaf5b654.mp3"
"cedar","under control","under control","","","","","","19968","1.248","","public/audio/tts/library/cedar/under-control-be794a06aaf5b654.mp3"
"marin","under discussion","under discussion","","","","","","48768","3.048","","public/audio/tts/library/marin/under-discussion-a5b6375446de1f2b.mp3"
"cedar","under discussion","under discussion","","","","","","41088","2.568","","public/audio/tts/library/cedar/under-discussion-a5b6375446de1f2b.mp3"
"marin","under repair","under repair","","","","","","21888","1.368","","public/audio/tts/library/marin/under-repair-407be12b97f51ccd.mp3"
"cedar","under repair","under repair","","","","","","21120","1.32","","public/audio/tts/library/cedar/under-repair-407be12b97f51ccd.mp3"
"marin","under the weather","under the weather","","","","","","24192","1.512","","public/audio/tts/library/marin/under-the-weather-350bff1cfcbd1b01.mp3"
"cedar","under the weather","under the weather","","","","","","21120","1.32","","public/audio/tts/library/cedar/under-the-weather-350bff1cfcbd1b01.mp3"
"marin","under way","under way","","","","","","19968","1.248","","public/audio/tts/library/marin/under-way-6e4bbbde7a0710d6.mp3"
"cedar","under way","under way","","","","","","16896","1.056","","public/audio/tts/library/cedar/under-way-6e4bbbde7a0710d6.mp3"
"marin","under-weight","under-weight","","","","","","28032","1.752","11","public/audio/tts/library/marin/under-weight-f185a5014e91817d.mp3"
"cedar","under-weight","under-weight","","","","","","24960","1.56","11","public/audio/tts/library/cedar/under-weight-f185a5014e91817d.mp3"
"marin","underline","underline","","","","","","21888","1.368","79","public/audio/tts/library/marin/underline-f8100698bd6d612a.mp3"
"cedar","underline","underline","","","","","","21888","1.368","79","public/audio/tts/library/cedar/underline-f8100698bd6d612a.mp3"
"marin","underpass","underpass","","","","","","21888","1.368","93","public/audio/tts/library/marin/underpass-c115dbc5caf9677d.mp3"
"cedar","underpass","underpass","","","","","","21120","1.32","93","public/audio/tts/library/cedar/underpass-c115dbc5caf9677d.mp3"
"marin","understand","understand","","","","","","27264","1.704","81","public/audio/tts/library/marin/understand-f183c0e486498c30.mp3"
"cedar","understand","understand","","","","","","19200","1.2","81","public/audio/tts/library/cedar/understand-f183c0e486498c30.mp3"
"marin","underwear","underwear","","","","","","32256","2.016","48","public/audio/tts/library/marin/underwear-a4989f39b80ab4ca.mp3"
"cedar","underwear","underwear","","","","","","17664","1.104","48","public/audio/tts/library/cedar/underwear-a4989f39b80ab4ca.mp3"
"marin","unhappy","unhappy","","","","","","15360","0.96","15","public/audio/tts/library/marin/unhappy-c44bfa4eb66fa7de.mp3"
"cedar","unhappy","unhappy","","","","","","26496","1.656","15","public/audio/tts/library/cedar/unhappy-c44bfa4eb66fa7de.mp3"
"marin","uniform","uniform","","","","","","21888","1.368","47","public/audio/tts/library/marin/uniform-274a9ca030ef6bfe.mp3"
"cedar","uniform","uniform","","","","","","24960","1.56","47","public/audio/tts/library/cedar/uniform-274a9ca030ef6bfe.mp3"
"marin","unique","unique","","","","","","14592","0.912","103","public/audio/tts/library/marin/unique-282393bfbf7f394b.mp3"
"cedar","unique","unique","","","","","","33024","2.064","103","public/audio/tts/library/cedar/unique-282393bfbf7f394b.mp3"
"marin","universe","universe","","","","","","39168","2.448","106","public/audio/tts/library/marin/universe-f414039f80e3c392.mp3"
"cedar","universe","universe","","","","","","24192","1.512","106","public/audio/tts/library/cedar/universe-f414039f80e3c392.mp3"
"marin","University","University","","","","","","28032","1.752","74","public/audio/tts/library/marin/university-362e2e0b74f956e3.mp3"
"cedar","University","University","","","","","","27264","1.704","74","public/audio/tts/library/cedar/university-362e2e0b74f956e3.mp3"
"marin","until","until","","","","","","16128","1.008","131","public/audio/tts/library/marin/until-d98048a6a6b2b4b8.mp3"
"cedar","until","until","","","","","","17664","1.104","131","public/audio/tts/library/cedar/until-d98048a6a6b2b4b8.mp3"
"marin","up","up","","","","","","13824","0.864","132","public/audio/tts/library/marin/up-6dcab36746762397.mp3"
"cedar","up","up","","","","","","16128","1.008","132","public/audio/tts/library/cedar/up-6dcab36746762397.mp3"
"marin","up in the air","up in the air","","","","","","27264","1.704","","public/audio/tts/library/marin/up-in-the-air-22114ca583030d72.mp3"
"cedar","up in the air","up in the air","","","","","","17664","1.104","","public/audio/tts/library/cedar/up-in-the-air-22114ca583030d72.mp3"
"marin","up to...","up to","","","","","","23424","1.464","","public/audio/tts/library/marin/up-to-77acfe7a9ed609ff.mp3"
"cedar","up to...","up to","","","","","","23424","1.464","","public/audio/tts/library/cedar/up-to-77acfe7a9ed609ff.mp3"
"marin","upload","upload","","","","","","28032","1.752","61","public/audio/tts/library/marin/upload-e7d0f99b9bd2826d.mp3"
"cedar","upload","upload","","","","","","17664","1.104","61","public/audio/tts/library/cedar/upload-e7d0f99b9bd2826d.mp3"
"marin","upon","upon","","","","","","16128","1.008","130","public/audio/tts/library/marin/upon-d6ec7010f1a9c1f3.mp3"
"cedar","upon","upon","","","","","","17664","1.104","130","public/audio/tts/library/cedar/upon-d6ec7010f1a9c1f3.mp3"
"marin","upper","upper","","","","","","15360","0.96","83","public/audio/tts/library/marin/upper-e83189db38554920.mp3"
"cedar","upper","upper","","","","","","21120","1.32","83","public/audio/tts/library/cedar/upper-e83189db38554920.mp3"
"marin","upstairs","upstairs","","","","","","22656","1.416","71","public/audio/tts/library/marin/upstairs-5c458cb6a0c32fc9.mp3"
"cedar","upstairs","upstairs","","","","","","26496","1.656","71","public/audio/tts/library/cedar/upstairs-5c458cb6a0c32fc9.mp3"
"marin","us","us","","","","","","14592","0.912","126","public/audio/tts/library/marin/us-50f72fe4b0518fbb.mp3"
"cedar","us","us","","","","","","13056","0.816","126","public/audio/tts/library/cedar/us-50f72fe4b0518fbb.mp3"
"marin","USA","USA","","","","","","22656","1.416","89","public/audio/tts/library/marin/usa-b15851eda8096337.mp3"
"cedar","USA","USA","","","","","","23424","1.464","89","public/audio/tts/library/cedar/usa-b15851eda8096337.mp3"
"marin","use","use","","","","","","15360","0.96","109","public/audio/tts/library/marin/use-cefbd1f4f7fd8760.mp3"
"cedar","use","use","","","","","","17664","1.104","109","public/audio/tts/library/cedar/use-cefbd1f4f7fd8760.mp3"
"marin","use the computer","use the computer","","","","","","28032","1.752","","public/audio/tts/library/marin/use-the-computer-ebcc92e157bdb03d.mp3"
"cedar","use the computer","use the computer","","","","","","27264","1.704","","public/audio/tts/library/cedar/use-the-computer-ebcc92e157bdb03d.mp3"
"marin","used to","used to","","","","","","19968","1.248","","public/audio/tts/library/marin/used-to-774df45872b1f307.mp3"
"cedar","used to","used to","","","","","","24960","1.56","","public/audio/tts/library/cedar/used-to-774df45872b1f307.mp3"
"marin","useful","useful","","","","","","21120","1.32","10|39","public/audio/tts/library/marin/useful-0f978ba38f9d2be0.mp3"
"cedar","useful","useful","","","","","","16128","1.008","10|39","public/audio/tts/library/cedar/useful-0f978ba38f9d2be0.mp3"
"marin","usual","usual","","","","","","23424","1.464","116","public/audio/tts/library/marin/usual-9820296ecb495bf1.mp3"
"cedar","usual","usual","","","","","","19968","1.248","116","public/audio/tts/library/cedar/usual-9820296ecb495bf1.mp3"
"marin","usually","usually","","","","","","25728","1.608","118","public/audio/tts/library/marin/usually-6a7bfef230b7e43f.mp3"
"cedar","usually","usually","","","","","","28800","1.8","118","public/audio/tts/library/cedar/usually-6a7bfef230b7e43f.mp3"
"marin","vacation","vacation","","","","","","18432","1.152","101","public/audio/tts/library/marin/vacation-e6ad15750b78f51a.mp3"
"cedar","vacation","vacation","","","","","","16896","1.056","101","public/audio/tts/library/cedar/vacation-e6ad15750b78f51a.mp3"
"marin","valentine","valentine","","","","","","21120","1.32","101","public/audio/tts/library/marin/valentine-561cbdca54b1ceb0.mp3"
"cedar","valentine","valentine","","","","","","22656","1.416","101","public/audio/tts/library/cedar/valentine-561cbdca54b1ceb0.mp3"
"marin","Valentine's Day","Valentine's Day","","","","","","30720","1.92","101","public/audio/tts/library/marin/valentines-day-dbe71b292cfa88db.mp3"
"cedar","Valentine's Day","Valentine's Day","","","","","","24192","1.512","101","public/audio/tts/library/cedar/valentines-day-dbe71b292cfa88db.mp3"
"marin","valley","valley","","","","","","22656","1.416","108","public/audio/tts/library/marin/valley-5906a7228bc7fe1a.mp3"
"cedar","valley","valley","","","","","","13824","0.864","108","public/audio/tts/library/cedar/valley-5906a7228bc7fe1a.mp3"
"marin","valuable","valuable","","","","","","16896","1.056","9","public/audio/tts/library/marin/valuable-c724a5d30d125a98.mp3"
"cedar","valuable","valuable","","","","","","19200","1.2","9","public/audio/tts/library/cedar/valuable-c724a5d30d125a98.mp3"
"marin","value","value","","","","","","30720","1.92","37","public/audio/tts/library/marin/value-1e1f2c881ae0608e.mp3"
"cedar","value","value","","","","","","19968","1.248","37","public/audio/tts/library/cedar/value-1e1f2c881ae0608e.mp3"
"marin","vegetable","vegetable","","","","","","19200","1.2","39","public/audio/tts/library/marin/vegetable-1499f9f1a118df0b.mp3"
"cedar","vegetable","vegetable","","","","","","18432","1.152","39","public/audio/tts/library/cedar/vegetable-1499f9f1a118df0b.mp3"
"marin","vendor","vendor","","","","","","18432","1.152","37","public/audio/tts/library/marin/vendor-667c8222edb93412.mp3"
"cedar","vendor","vendor","","","","","","19968","1.248","37","public/audio/tts/library/cedar/vendor-667c8222edb93412.mp3"
"marin","very","very","","","","","","17664","1.104","119","public/audio/tts/library/marin/very-37d1417d3c19290b.mp3"
"cedar","very","very","","","","","","27264","1.704","119","public/audio/tts/library/cedar/very-37d1417d3c19290b.mp3"
"marin","vest","vest","","","","","","14592","0.912","47","public/audio/tts/library/marin/vest-f519b3c64b184c15.mp3"
"cedar","vest","vest","","","","","","29568","1.848","47","public/audio/tts/library/cedar/vest-f519b3c64b184c15.mp3"
"marin","victory","victory","","","","","","15360","0.96","63","public/audio/tts/library/marin/victory-168e5cee1abe639b.mp3"
"cedar","victory","victory","","","","","","27264","1.704","63","public/audio/tts/library/cedar/victory-168e5cee1abe639b.mp3"
"marin","video","video","","","","","","18432","1.152","68","public/audio/tts/library/marin/video-152d7cac730e08f2.mp3"
"cedar","video","video","","","","","","25728","1.608","68","public/audio/tts/library/cedar/video-152d7cac730e08f2.mp3"
"marin","village","village","","","","","","16128","1.008","88","public/audio/tts/library/marin/village-a33b73c77eadc7fb.mp3"
"cedar","village","village","","","","","","16896","1.056","88","public/audio/tts/library/cedar/village-a33b73c77eadc7fb.mp3"
"marin","vinegar","vinegar","","","","","","25728","1.608","44","public/audio/tts/library/marin/vinegar-94e9f20f7bc65620.mp3"
"cedar","vinegar","vinegar","","","","","","24192","1.512","44","public/audio/tts/library/cedar/vinegar-94e9f20f7bc65620.mp3"
"marin","violin","violin","","","","","","28800","1.8","56","public/audio/tts/library/marin/violin-f1734a6377d9e993.mp3"
"cedar","violin","violin","","","","","","30720","1.92","56","public/audio/tts/library/cedar/violin-f1734a6377d9e993.mp3"
"marin","visit","visit","","","","","","13824","0.864","103","public/audio/tts/library/marin/visit-d98a330904fb2d33.mp3"
"cedar","visit","visit","","","","","","18432","1.152","103","public/audio/tts/library/cedar/visit-d98a330904fb2d33.mp3"
"marin","visitor","visitor","","","","","","21120","1.32","103","public/audio/tts/library/marin/visitor-6333143ae8a464d1.mp3"
"cedar","visitor","visitor","","","","","","15360","0.96","103","public/audio/tts/library/cedar/visitor-6333143ae8a464d1.mp3"
"marin","vocabulary","vocabulary","","","","","","21888","1.368","77","public/audio/tts/library/marin/vocabulary-3fa37adc87e15112.mp3"
"cedar","vocabulary","vocabulary","","","","","","22656","1.416","77","public/audio/tts/library/cedar/vocabulary-3fa37adc87e15112.mp3"
"marin","voice","voice","","","","","","19968","1.248","82","public/audio/tts/library/marin/voice-237c845fa913873b.mp3"
"cedar","voice","voice","","","","","","15360","0.96","82","public/audio/tts/library/cedar/voice-237c845fa913873b.mp3"
"marin","volleyball","volleyball","","","","","","17664","1.104","52","public/audio/tts/library/marin/volleyball-fc98c54c2c0b2ed3.mp3"
"cedar","volleyball","volleyball","","","","","","19200","1.2","52","public/audio/tts/library/cedar/volleyball-fc98c54c2c0b2ed3.mp3"
"marin","vote","vote","","","","","","12288","0.768","90","public/audio/tts/library/marin/vote-53377f589215f226.mp3"
"cedar","vote","vote","","","","","","26496","1.656","90","public/audio/tts/library/cedar/vote-53377f589215f226.mp3"
"marin","waist","waist","","","","","","22656","1.416","20","public/audio/tts/library/marin/waist-5334cc27e7dd24c0.mp3"
"cedar","waist","waist","","","","","","16128","1.008","20","public/audio/tts/library/cedar/waist-5334cc27e7dd24c0.mp3"
"marin","Wait a minute / moment.","Wait a minute. Or, wait a moment.","","","","","","44928","2.808","","public/audio/tts/library/marin/wait-a-minute-moment-20d0e560196a34de.mp3"
"cedar","Wait a minute / moment.","Wait a minute. Or, wait a moment.","","","","","","48000","3","","public/audio/tts/library/cedar/wait-a-minute-moment-20d0e560196a34de.mp3"
"marin","wait","wait","","","","","","21120","1.32","87","public/audio/tts/library/marin/wait-b9f7befb846f0af2.mp3"
"cedar","wait","wait","","","","","","19968","1.248","87","public/audio/tts/library/cedar/wait-b9f7befb846f0af2.mp3"
"marin","wait for","wait for","","","","","","23424","1.464","","public/audio/tts/library/marin/wait-for-9ccc8f644e03c3e0.mp3"
"cedar","wait for","wait for","","","","","","29568","1.848","","public/audio/tts/library/cedar/wait-for-9ccc8f644e03c3e0.mp3"
"marin","waiter","waiter","","","","","","14592","0.912","7","public/audio/tts/library/marin/waiter-67da636d27087b4b.mp3"
"cedar","waiter","waiter","","","","","","16128","1.008","7","public/audio/tts/library/cedar/waiter-67da636d27087b4b.mp3"
"marin","waitress","waitress","","","","","","24192","1.512","7","public/audio/tts/library/marin/waitress-fe41675d8b435ef4.mp3"
"cedar","waitress","waitress","","","","","","25728","1.608","7","public/audio/tts/library/cedar/waitress-fe41675d8b435ef4.mp3"
"marin","wake","wake","","","","","","18432","1.152","31","public/audio/tts/library/marin/wake-cefa8a65d2f665fa.mp3"
"cedar","wake","wake","","","","","","11520","0.72","31","public/audio/tts/library/cedar/wake-cefa8a65d2f665fa.mp3"
"marin","wake up","wake up","","","","","","21888","1.368","","public/audio/tts/library/marin/wake-up-cd6055a3b9624d41.mp3"
"cedar","wake up","wake up","","","","","","21888","1.368","","public/audio/tts/library/cedar/wake-up-cd6055a3b9624d41.mp3"
"marin","walk","walk","","","","","","13824","0.864","53|59","public/audio/tts/library/marin/walk-4fad1da71fa9aae6.mp3"
"cedar","walk","walk","","","","","","12288","0.768","53|59","public/audio/tts/library/cedar/walk-4fad1da71fa9aae6.mp3"
"marin","walk the dog","walk the dog","","","","","","25728","1.608","","public/audio/tts/library/marin/walk-the-dog-b24e88d08ed5a0a5.mp3"
"cedar","walk the dog","walk the dog","","","","","","26496","1.656","","public/audio/tts/library/cedar/walk-the-dog-b24e88d08ed5a0a5.mp3"
"marin","walkman","walkman","","","","","","19200","1.2","69","public/audio/tts/library/marin/walkman-f578d0dbd95c84b2.mp3"
"cedar","walkman","walkman","","","","","","21120","1.32","69","public/audio/tts/library/cedar/walkman-f578d0dbd95c84b2.mp3"
"marin","wall","wall","","","","","","19200","1.2","73","public/audio/tts/library/marin/wall-e18cd053376645d1.mp3"
"cedar","wall","wall","","","","","","11520","0.72","73","public/audio/tts/library/cedar/wall-e18cd053376645d1.mp3"
"marin","wallet","wallet","","","","","","16896","1.056","49","public/audio/tts/library/marin/wallet-81a68eea27825db2.mp3"
"cedar","wallet","wallet","","","","","","13056","0.816","49","public/audio/tts/library/cedar/wallet-81a68eea27825db2.mp3"
"marin","want","want","","","","","","17664","1.104","82","public/audio/tts/library/marin/want-63f0fcf0c35a6d67.mp3"
"cedar","want","want","","","","","","16896","1.056","82","public/audio/tts/library/cedar/want-63f0fcf0c35a6d67.mp3"
"marin","war","war","","","","","","13056","0.816","63","public/audio/tts/library/marin/war-7aae69ac59e82c6b.mp3"
"cedar","war","war","","","","","","17664","1.104","63","public/audio/tts/library/cedar/war-7aae69ac59e82c6b.mp3"
"marin","warm","warm","","","","","","18432","1.152","105","public/audio/tts/library/marin/warm-855fe6882de49825.mp3"
"cedar","warm","warm","","","","","","23424","1.464","105","public/audio/tts/library/cedar/warm-855fe6882de49825.mp3"
"marin","was","was","","","","","","16128","1.008","122","public/audio/tts/library/marin/was-645516d485152f37.mp3"
"cedar","was","was","","","","","","16128","1.008","122","public/audio/tts/library/cedar/was-645516d485152f37.mp3"
"marin","wash clothes / do the laundry","wash clothes, or do the laundry","","","","","","51456","3.216","","public/audio/tts/library/marin/wash-clothes-do-the-laundry-d638402aa5577921.mp3"
"cedar","wash clothes / do the laundry","wash clothes, or do the laundry","","","","","","41088","2.568","","public/audio/tts/library/cedar/wash-clothes-do-the-laundry-d638402aa5577921.mp3"
"marin","wash / do the dishes","wash the dishes. Or, do the dishes.","","","","","","56832","3.552","","public/audio/tts/library/marin/wash-do-the-dishes-135fe459d64ab0bc.mp3"
"cedar","wash / do the dishes","wash the dishes. Or, do the dishes.","","","","","","52224","3.264","","public/audio/tts/library/cedar/wash-do-the-dishes-135fe459d64ab0bc.mp3"
"marin","wash","wash","","","","","","16128","1.008","72","public/audio/tts/library/marin/wash-e479cf216c66706a.mp3"
"cedar","wash","wash","","","","","","18432","1.152","72","public/audio/tts/library/cedar/wash-e479cf216c66706a.mp3"
"marin","wash one's face","wash one's face","","","","","","41856","2.616","","public/audio/tts/library/marin/wash-ones-face-2764e4c9b13551c4.mp3"
"cedar","wash one's face","wash one's face","","","","","","36096","2.256","","public/audio/tts/library/cedar/wash-ones-face-2764e4c9b13551c4.mp3"
"marin","washing machine","washing machine","","","","","","33024","2.064","","public/audio/tts/library/marin/washing-machine-484d5303005323c9.mp3"
"cedar","washing machine","washing machine","","","","","","21120","1.32","","public/audio/tts/library/cedar/washing-machine-484d5303005323c9.mp3"
"marin","waste","waste","","","","","","18432","1.152","58","public/audio/tts/library/marin/waste-e0e9a6811e3b39ba.mp3"
"cedar","waste","waste","","","","","","21120","1.32","58","public/audio/tts/library/cedar/waste-e0e9a6811e3b39ba.mp3"
"marin","watch","watch","","","","","","17664","1.104","35|61","public/audio/tts/library/marin/watch-7cb04929964efca1.mp3"
"cedar","watch","watch","","","","","","16128","1.008","35|61","public/audio/tts/library/cedar/watch-7cb04929964efca1.mp3"
"marin","Watch out!","Watch out!","","","","","","22656","1.416","","public/audio/tts/library/marin/watch-out-d4710abdf872a705.mp3"
"cedar","Watch out!","Watch out!","","","","","","18432","1.152","","public/audio/tts/library/cedar/watch-out-d4710abdf872a705.mp3"
"marin","watch TV","watch TV","","","","","","28800","1.8","","public/audio/tts/library/marin/watch-tv-e0b9eb171f2eb759.mp3"
"cedar","watch TV","watch TV","","","","","","37632","2.352","","public/audio/tts/library/cedar/watch-tv-e0b9eb171f2eb759.mp3"
"marin","water","water","","","","","","14592","0.912","42","public/audio/tts/library/marin/water-8df05e5dca9023ba.mp3"
"cedar","water","water","","","","","","12288","0.768","42","public/audio/tts/library/cedar/water-8df05e5dca9023ba.mp3"
"marin","waterfall","waterfall","","","","","","17664","1.104","107","public/audio/tts/library/marin/waterfall-e6b4e08a3793f55e.mp3"
"cedar","waterfall","waterfall","","","","","","39168","2.448","107","public/audio/tts/library/cedar/waterfall-e6b4e08a3793f55e.mp3"
"marin","watermelon","watermelon","","","","","","30720","1.92","38","public/audio/tts/library/marin/watermelon-a1c0ee5c55eb3d21.mp3"
"cedar","watermelon","watermelon","","","","","","27264","1.704","38","public/audio/tts/library/cedar/watermelon-a1c0ee5c55eb3d21.mp3"
"marin","wave","wave","","","","","","17664","1.104","64","public/audio/tts/library/marin/wave-15bbeed60a1f26a4.mp3"
"cedar","wave","wave","","","","","","22656","1.416","64","public/audio/tts/library/cedar/wave-15bbeed60a1f26a4.mp3"
"marin","way","way","","","","","","14592","0.912","93","public/audio/tts/library/marin/way-f65d34b106680dd9.mp3"
"cedar","way","way","","","","","","14592","0.912","93","public/audio/tts/library/cedar/way-f65d34b106680dd9.mp3"
"marin","way of life","way of life","","","","","","21888","1.368","","public/audio/tts/library/marin/way-of-life-20476d0a83449438.mp3"
"cedar","way of life","way of life","","","","","","40320","2.52","","public/audio/tts/library/cedar/way-of-life-20476d0a83449438.mp3"
"marin","we","we","","","","","","16128","1.008","126","public/audio/tts/library/marin/we-1baeff23324e0c31.mp3"
"cedar","we","we","","","","","","21120","1.32","126","public/audio/tts/library/cedar/we-1baeff23324e0c31.mp3"
"marin","weak","weak","","","","","","16896","1.056","23","public/audio/tts/library/marin/weak-12e7a218dba75ebf.mp3"
"cedar","weak","weak","","","","","","36096","2.256","23","public/audio/tts/library/cedar/weak-12e7a218dba75ebf.mp3"
"marin","wear","wear","","","","","","13824","0.864","50","public/audio/tts/library/marin/wear-a165ef94d660b176.mp3"
"cedar","wear","wear","","","","","","15360","0.96","50","public/audio/tts/library/cedar/wear-a165ef94d660b176.mp3"
"marin","weather","weather","","","","","","17664","1.104","104","public/audio/tts/library/marin/weather-dad6d72b588a76b4.mp3"
"cedar","weather","weather","","","","","","22656","1.416","104","public/audio/tts/library/cedar/weather-dad6d72b588a76b4.mp3"
"marin","wedding","wedding","","","","","","16128","1.008","27|103","public/audio/tts/library/marin/wedding-505f501ebcff1d58.mp3"
"cedar","wedding","wedding","","","","","","24192","1.512","27|103","public/audio/tts/library/cedar/wedding-505f501ebcff1d58.mp3"
"marin","Wednesday","Wednesday","","","","","","24192","1.512","32","public/audio/tts/library/marin/wednesday-a09082152c41518e.mp3"
"cedar","Wednesday","Wednesday","","","","","","23424","1.464","32","public/audio/tts/library/cedar/wednesday-a09082152c41518e.mp3"
"marin","week","week","","","","","","21888","1.368","32","public/audio/tts/library/marin/week-f0302e93666b6d0c.mp3"
"cedar","week","week","","","","","","15360","0.96","32","public/audio/tts/library/cedar/week-f0302e93666b6d0c.mp3"
"marin","weekday","weekday","","","","","","16128","1.008","32","public/audio/tts/library/marin/weekday-c0751965caafabb0.mp3"
"cedar","weekday","weekday","","","","","","15360","0.96","32","public/audio/tts/library/cedar/weekday-c0751965caafabb0.mp3"
"marin","weekend","weekend","","","","","","22656","1.416","32","public/audio/tts/library/marin/weekend-290c2bc687b13190.mp3"
"cedar","weekend","weekend","","","","","","16128","1.008","32","public/audio/tts/library/cedar/weekend-290c2bc687b13190.mp3"
"marin","weight","weight","","","","","","15360","0.96","96","public/audio/tts/library/marin/weight-10d5ce58b9c1739e.mp3"
"cedar","weight","weight","","","","","","19200","1.2","96","public/audio/tts/library/cedar/weight-10d5ce58b9c1739e.mp3"
"marin","welcome","welcome","","","","","","14592","0.912","","public/audio/tts/library/marin/welcome-77f44b9024fd19a6.mp3"
"cedar","welcome","welcome","","","","","","12288","0.768","","public/audio/tts/library/cedar/welcome-77f44b9024fd19a6.mp3"
"marin","well","well","","","","","","25728","1.608","21","public/audio/tts/library/marin/well-718bdcfd1af83d31.mp3"
"cedar","well","well","","","","","","17664","1.104","21","public/audio/tts/library/cedar/well-718bdcfd1af83d31.mp3"
"marin","were","were","","","","","","19200","1.2","122","public/audio/tts/library/marin/were-888ee84b391c1331.mp3"
"cedar","were","were","","","","","","23424","1.464","122","public/audio/tts/library/cedar/were-888ee84b391c1331.mp3"
"marin","west","west","","","","","","18432","1.152","84","public/audio/tts/library/marin/west-e47633192e8da7ff.mp3"
"cedar","west","west","","","","","","21888","1.368","84","public/audio/tts/library/cedar/west-e47633192e8da7ff.mp3"
"marin","wet","wet","","","","","","16896","1.056","105","public/audio/tts/library/marin/wet-e6a34d83c1e10c93.mp3"
"cedar","wet","wet","","","","","","34560","2.16","105","public/audio/tts/library/cedar/wet-e6a34d83c1e10c93.mp3"
"marin","whale","whale","","","","","","13056","0.816","112","public/audio/tts/library/marin/whale-f21eea0d467832ce.mp3"
"cedar","whale","whale","","","","","","12288","0.768","112","public/audio/tts/library/cedar/whale-f21eea0d467832ce.mp3"
"marin","what","what","","","","","","33024","2.064","124","public/audio/tts/library/marin/what-a7809c1b1c4aaa50.mp3"
"cedar","what","what","","","","","","12288","0.768","124","public/audio/tts/library/cedar/what-a7809c1b1c4aaa50.mp3"
"marin","what's more","what's more","","","","","","29568","1.848","","public/audio/tts/library/marin/whats-more-5a2c741492afcf31.mp3"
"cedar","what's more","what's more","","","","","","19968","1.248","","public/audio/tts/library/cedar/whats-more-5a2c741492afcf31.mp3"
"marin","What's the matter?","What's the matter?","","","","","","21120","1.32","","public/audio/tts/library/marin/whats-the-matter-f6d7a5b0c63603c6.mp3"
"cedar","What's the matter?","What's the matter?","","","","","","30720","1.92","","public/audio/tts/library/cedar/whats-the-matter-f6d7a5b0c63603c6.mp3"
"marin","What's up? / What's wrong?","What's up? Or, what's wrong?","","","","","","41088","2.568","","public/audio/tts/library/marin/whats-up-whats-wrong-10355932b41acda9.mp3"
"cedar","What's up? / What's wrong?","What's up? Or, what's wrong?","","","","","","35328","2.208","","public/audio/tts/library/cedar/whats-up-whats-wrong-10355932b41acda9.mp3"
"marin","wheel","wheel","","","","","","14592","0.912","92","public/audio/tts/library/marin/wheel-1f148121b804b2d3.mp3"
"cedar","wheel","wheel","","","","","","19200","1.2","92","public/audio/tts/library/cedar/wheel-1f148121b804b2d3.mp3"
"marin","when","when","","","","","","13824","0.864","124|133","public/audio/tts/library/marin/when-d7fb3f57fca4af9d.mp3"
"cedar","when","when","","","","","","16128","1.008","124|133","public/audio/tts/library/cedar/when-d7fb3f57fca4af9d.mp3"
"marin","where","where","","","","","","13824","0.864","124","public/audio/tts/library/marin/where-d3269b01a79be621.mp3"
"cedar","where","where","","","","","","13824","0.864","124","public/audio/tts/library/cedar/where-d3269b01a79be621.mp3"
"marin","whether","whether","","","","","","17664","1.104","124","public/audio/tts/library/marin/whether-7ba4867e1bccace7.mp3"
"cedar","whether","whether","","","","","","12288","0.768","124","public/audio/tts/library/cedar/whether-7ba4867e1bccace7.mp3"
"marin","which","which","","","","","","32256","2.016","124","public/audio/tts/library/marin/which-44a4c727a56f128f.mp3"
"cedar","which","which","","","","","","14592","0.912","124","public/audio/tts/library/cedar/which-44a4c727a56f128f.mp3"
"marin","while","while","","","","","","13824","0.864","133","public/audio/tts/library/marin/while-9f7e3ebcc1ea42d2.mp3"
"cedar","while","while","","","","","","16128","1.008","133","public/audio/tts/library/cedar/while-9f7e3ebcc1ea42d2.mp3"
"marin","white","white","","","","","","15360","0.96","51","public/audio/tts/library/marin/white-6dc2d32780efe8d1.mp3"
"cedar","white","white","","","","","","17664","1.104","51","public/audio/tts/library/cedar/white-6dc2d32780efe8d1.mp3"
"marin","who","who","","","","","","19200","1.2","124","public/audio/tts/library/marin/who-5f15988c07c5bf86.mp3"
"cedar","who","who","","","","","","17664","1.104","124","public/audio/tts/library/cedar/who-5f15988c07c5bf86.mp3"
"marin","whole","whole","","","","","","16128","1.008","95","public/audio/tts/library/marin/whole-3661291e28107bb9.mp3"
"cedar","whole","whole","","","","","","13824","0.864","95","public/audio/tts/library/cedar/whole-3661291e28107bb9.mp3"
"marin","whose","whose","","","","","","21888","1.368","124","public/audio/tts/library/marin/whose-ba01027dab1e4eb7.mp3"
"cedar","whose","whose","","","","","","35328","2.208","124","public/audio/tts/library/cedar/whose-ba01027dab1e4eb7.mp3"
"marin","why","why","","","","","","13824","0.864","124","public/audio/tts/library/marin/why-7c870b5adf71a254.mp3"
"cedar","why","why","","","","","","25728","1.608","124","public/audio/tts/library/cedar/why-7c870b5adf71a254.mp3"
"marin","Why not?","Why not?","","","","","","16128","1.008","","public/audio/tts/library/marin/why-not-f3907ce644f1b1ce.mp3"
"cedar","Why not?","Why not?","","","","","","26496","1.656","","public/audio/tts/library/cedar/why-not-f3907ce644f1b1ce.mp3"
"marin","wide","wide","","","","","","14592","0.912","97","public/audio/tts/library/marin/wide-cbda94fecc7e47c6.mp3"
"cedar","wide","wide","","","","","","16128","1.008","97","public/audio/tts/library/cedar/wide-cbda94fecc7e47c6.mp3"
"marin","widely","widely","","","","","","17664","1.104","","public/audio/tts/library/marin/widely-3f66d65756148f3e.mp3"
"cedar","widely","widely","","","","","","16896","1.056","","public/audio/tts/library/cedar/widely-3f66d65756148f3e.mp3"
"marin","wife","wife","","","","","","22656","1.416","27","public/audio/tts/library/marin/wife-e16ab9acfa450967.mp3"
"cedar","wife","wife","","","","","","17664","1.104","27","public/audio/tts/library/cedar/wife-e16ab9acfa450967.mp3"
"marin","wild","wild","","","","","","15360","0.96","88","public/audio/tts/library/marin/wild-bc3c9b999d671411.mp3"
"cedar","wild","wild","","","","","","23424","1.464","88","public/audio/tts/library/cedar/wild-bc3c9b999d671411.mp3"
"marin","will","will","","","","","","13824","0.864","123","public/audio/tts/library/marin/will-0baf613dc41be547.mp3"
"cedar","will","will","","","","","","22656","1.416","123","public/audio/tts/library/cedar/will-0baf613dc41be547.mp3"
"marin","win","win","","","","","","18432","1.152","57","public/audio/tts/library/marin/win-f984e7480c12bb81.mp3"
"cedar","win","win","","","","","","26496","1.656","57","public/audio/tts/library/cedar/win-f984e7480c12bb81.mp3"
"marin","wind","wind","","","","","","15360","0.96","104","public/audio/tts/library/marin/wind-d2e8f32944bac9b8.mp3"
"cedar","wind","wind","","","","","","33024","2.064","104","public/audio/tts/library/cedar/wind-d2e8f32944bac9b8.mp3"
"marin","window","window","","","","","","33792","2.112","73","public/audio/tts/library/marin/window-6d3929ad0e72c76e.mp3"
"cedar","window","window","","","","","","17664","1.104","73","public/audio/tts/library/cedar/window-6d3929ad0e72c76e.mp3"
"marin","windy","windy","","","","","","25728","1.608","104","public/audio/tts/library/marin/windy-5c4b903e9e6bbd08.mp3"
"cedar","windy","windy","","","","","","33024","2.064","104","public/audio/tts/library/cedar/windy-5c4b903e9e6bbd08.mp3"
"marin","wing","wing","","","","","","24192","1.512","112","public/audio/tts/library/marin/wing-43f8c0203157b1e4.mp3"
"cedar","wing","wing","","","","","","31488","1.968","112","public/audio/tts/library/cedar/wing-43f8c0203157b1e4.mp3"
"marin","winner","winner","","","","","","21888","1.368","57","public/audio/tts/library/marin/winner-f3e3a56bcb8f8002.mp3"
"cedar","winner","winner","","","","","","14592","0.912","57","public/audio/tts/library/cedar/winner-f3e3a56bcb8f8002.mp3"
"marin","winter","winter","","","","","","14592","0.912","33","public/audio/tts/library/marin/winter-a9b00cf9218c39ac.mp3"
"cedar","winter","winter","","","","","","13824","0.864","33","public/audio/tts/library/cedar/winter-a9b00cf9218c39ac.mp3"
"marin","wise","wise","","","","","","41088","2.568","16","public/audio/tts/library/marin/wise-fa8798d242de831a.mp3"
"cedar","wise","wise","","","","","","17664","1.104","16","public/audio/tts/library/cedar/wise-fa8798d242de831a.mp3"
"marin","wish","wish","","","","","","12288","0.768","65","public/audio/tts/library/marin/wish-a849dd1a99a86f53.mp3"
"cedar","wish","wish","","","","","","23424","1.464","65","public/audio/tts/library/cedar/wish-a849dd1a99a86f53.mp3"
"marin","with","with","","","","","","21888","1.368","132","public/audio/tts/library/marin/with-29ba51b19cd6549f.mp3"
"cedar","with","with","","","","","","17664","1.104","132","public/audio/tts/library/cedar/with-29ba51b19cd6549f.mp3"
"marin","with a view to","with a view to","","","","","","27264","1.704","","public/audio/tts/library/marin/with-a-view-to-9f00794f41b73e74.mp3"
"cedar","with a view to","with a view to","","","","","","24960","1.56","","public/audio/tts/library/cedar/with-a-view-to-9f00794f41b73e74.mp3"
"marin","with ease","with ease","","","","","","24192","1.512","","public/audio/tts/library/marin/with-ease-751a97d87d242347.mp3"
"cedar","with ease","with ease","","","","","","32256","2.016","","public/audio/tts/library/cedar/with-ease-751a97d87d242347.mp3"
"marin","with luck","with luck","","","","","","25728","1.608","","public/audio/tts/library/marin/with-luck-b79a258f962f03ae.mp3"
"cedar","with luck","with luck","","","","","","19968","1.248","","public/audio/tts/library/cedar/with-luck-b79a258f962f03ae.mp3"
"marin","with respect to","with respect to","","","","","","39168","2.448","","public/audio/tts/library/marin/with-respect-to-887606c6509aa455.mp3"
"cedar","with respect to","with respect to","","","","","","33792","2.112","","public/audio/tts/library/cedar/with-respect-to-887606c6509aa455.mp3"
"marin","without","without","","","","","","15360","0.96","132","public/audio/tts/library/marin/without-1b984adfb87e8d2b.mp3"
"cedar","without","without","","","","","","19200","1.2","132","public/audio/tts/library/cedar/without-1b984adfb87e8d2b.mp3"
"marin","wok","wok","","","","","","13824","0.864","70","public/audio/tts/library/marin/wok-aed1943648b6954c.mp3"
"cedar","wok","wok","","","","","","14592","0.912","70","public/audio/tts/library/cedar/wok-aed1943648b6954c.mp3"
"marin","wolf","wolf","","","","","","16896","1.056","111","public/audio/tts/library/marin/wolf-8c817ad75de15e0c.mp3"
"cedar","wolf","wolf","","","","","","10368","0.648","111","public/audio/tts/library/cedar/wolf-8c817ad75de15e0c.mp3"
"marin","woman","woman","","","","","","24192","1.512","1","public/audio/tts/library/marin/woman-ad86ebe3cbd60b12.mp3"
"cedar","woman","woman","","","","","","11520","0.72","1","public/audio/tts/library/cedar/woman-ad86ebe3cbd60b12.mp3"
"marin","women's room","women's room","","","","","","33024","2.064","86","public/audio/tts/library/marin/womens-room-13b5f03ecffa05ba.mp3"
"cedar","women's room","women's room","","","","","","19968","1.248","86","public/audio/tts/library/cedar/womens-room-13b5f03ecffa05ba.mp3"
"marin","wonderful","wonderful","","","","","","31488","1.968","88","public/audio/tts/library/marin/wonderful-4849ba0251ec82d6.mp3"
"cedar","wonderful","wonderful","","","","","","13824","0.864","88","public/audio/tts/library/cedar/wonderful-4849ba0251ec82d6.mp3"
"marin","wood","wood","","","","","","33792","2.112","108","public/audio/tts/library/marin/wood-4c95ad8f0d7cf1fa.mp3"
"cedar","wood","wood","","","","","","18432","1.152","108","public/audio/tts/library/cedar/wood-4c95ad8f0d7cf1fa.mp3"
"marin","woods","woods","","","","","","16128","1.008","108","public/audio/tts/library/marin/woods-8d2b00e510d97853.mp3"
"cedar","woods","woods","","","","","","15360","0.96","108","public/audio/tts/library/cedar/woods-8d2b00e510d97853.mp3"
"marin","word","word","","","","","","19200","1.2","77","public/audio/tts/library/marin/word-5aacc8534b465aea.mp3"
"cedar","word","word","","","","","","12288","0.768","77","public/audio/tts/library/cedar/word-5aacc8534b465aea.mp3"
"marin","work","work","","","","","","14592","0.912","8","public/audio/tts/library/marin/work-4c7a03f2c9a663a0.mp3"
"cedar","work","work","","","","","","17664","1.104","8","public/audio/tts/library/cedar/work-4c7a03f2c9a663a0.mp3"
"marin","work out","work out","","","","","","24192","1.512","","public/audio/tts/library/marin/work-out-f1f3c37004e0756f.mp3"
"cedar","work out","work out","","","","","","22656","1.416","","public/audio/tts/library/cedar/work-out-f1f3c37004e0756f.mp3"
"marin","work out / pick on","work out, or pick on","","","","","","30720","1.92","","public/audio/tts/library/marin/work-out-pick-on-20720c954e74e934.mp3"
"cedar","work out / pick on","work out, or pick on","","","","","","38400","2.4","","public/audio/tts/library/cedar/work-out-pick-on-20720c954e74e934.mp3"
"marin","work part-time","work part-time","","","","","","32256","2.016","","public/audio/tts/library/marin/work-part-time-72128249644b3845.mp3"
"cedar","work part-time","work part-time","","","","","","28032","1.752","","public/audio/tts/library/cedar/work-part-time-72128249644b3845.mp3"
"marin","workbook","workbook","","","","","","14592","0.912","80","public/audio/tts/library/marin/workbook-40901d2ee97840d1.mp3"
"cedar","workbook","workbook","","","","","","21120","1.32","80","public/audio/tts/library/cedar/workbook-40901d2ee97840d1.mp3"
"marin","worker","worker","","","","","","14592","0.912","8","public/audio/tts/library/marin/worker-2ab3fe48e0be2355.mp3"
"cedar","worker","worker","","","","","","13824","0.864","8","public/audio/tts/library/cedar/worker-2ab3fe48e0be2355.mp3"
"marin","world","world","","","","","","19968","1.248","89","public/audio/tts/library/marin/world-e258d248fda94c63.mp3"
"cedar","world","world","","","","","","15360","0.96","89","public/audio/tts/library/cedar/world-e258d248fda94c63.mp3"
"marin","worm","worm","","","","","","19200","1.2","106","public/audio/tts/library/marin/worm-3634d3d867504329.mp3"
"cedar","worm","worm","","","","","","24192","1.512","106","public/audio/tts/library/cedar/worm-3634d3d867504329.mp3"
"marin","worry","worry","","","","","","18432","1.152","14","public/audio/tts/library/marin/worry-2fb1b9711613415f.mp3"
"cedar","worry","worry","","","","","","14592","0.912","14","public/audio/tts/library/cedar/worry-2fb1b9711613415f.mp3"
"marin","would","would","","","","","","15360","0.96","123","public/audio/tts/library/marin/would-96faa126b6441947.mp3"
"cedar","would","would","","","","","","28800","1.8","123","public/audio/tts/library/cedar/would-96faa126b6441947.mp3"
"marin","would like","would like","","","","","","21888","1.368","","public/audio/tts/library/marin/would-like-e3a377b57df607a4.mp3"
"cedar","would like","would like","","","","","","24192","1.512","","public/audio/tts/library/cedar/would-like-e3a377b57df607a4.mp3"
"marin","wound","wound","","","","","","13056","0.816","24","public/audio/tts/library/marin/wound-3fbf7e0a19b40c82.mp3"
"cedar","wound","wound","","","","","","19200","1.2","24","public/audio/tts/library/cedar/wound-3fbf7e0a19b40c82.mp3"
"marin","wrist","wrist","","","","","","17664","1.104","20","public/audio/tts/library/marin/wrist-a6838334a1ca4036.mp3"
"cedar","wrist","wrist","","","","","","13824","0.864","20","public/audio/tts/library/cedar/wrist-a6838334a1ca4036.mp3"
"marin","write","write","","","","","","16896","1.056","75","public/audio/tts/library/marin/write-6fb077b991a5dabf.mp3"
"cedar","write","write","","","","","","15360","0.96","75","public/audio/tts/library/cedar/write-6fb077b991a5dabf.mp3"
"marin","write down","write down","","","","","","26496","1.656","","public/audio/tts/library/marin/write-down-766553b2a7ab6ba9.mp3"
"cedar","write down","write down","","","","","","27264","1.704","","public/audio/tts/library/cedar/write-down-766553b2a7ab6ba9.mp3"
"marin","writer","writer","","","","","","10368","0.648","7","public/audio/tts/library/marin/writer-1bc7176777a66b93.mp3"
"cedar","writer","writer","","","","","","17664","1.104","7","public/audio/tts/library/cedar/writer-1bc7176777a66b93.mp3"
"marin","wrong","wrong","","","","","","28800","1.8","81","public/audio/tts/library/marin/wrong-543df89fec85b1c2.mp3"
"cedar","wrong","wrong","","","","","","13056","0.816","81","public/audio/tts/library/cedar/wrong-543df89fec85b1c2.mp3"
"marin","yard","yard","","","","","","15360","0.96","67|96","public/audio/tts/library/marin/yard-196204c3dbec044e.mp3"
"cedar","yard","yard","","","","","","15360","0.96","67|96","public/audio/tts/library/cedar/yard-196204c3dbec044e.mp3"
"marin","yeah","yeah","","","","","","13056","0.816","121","public/audio/tts/library/marin/yeah-cc0403c347e63f08.mp3"
"cedar","yeah","yeah","","","","","","21888","1.368","121","public/audio/tts/library/cedar/yeah-cc0403c347e63f08.mp3"
"marin","year","year","","","","","","13056","0.816","32","public/audio/tts/library/marin/year-fbfe6543f8d2b9a0.mp3"
"cedar","year","year","","","","","","28032","1.752","32","public/audio/tts/library/cedar/year-fbfe6543f8d2b9a0.mp3"
"marin","yell","yell","","","","","","34560","2.16","65","public/audio/tts/library/marin/yell-5d8240e41180e78a.mp3"
"cedar","yell","yell","","","","","","22656","1.416","65","public/audio/tts/library/cedar/yell-5d8240e41180e78a.mp3"
"marin","yellow","yellow","","","","","","13824","0.864","51","public/audio/tts/library/marin/yellow-6b4f36d8805a243e.mp3"
"cedar","yellow","yellow","","","","","","21888","1.368","51","public/audio/tts/library/cedar/yellow-6b4f36d8805a243e.mp3"
"marin","yes","yes","","","","","","16896","1.056","121","public/audio/tts/library/marin/yes-5040625b1fb6fa4a.mp3"
"cedar","yes","yes","","","","","","19200","1.2","121","public/audio/tts/library/cedar/yes-5040625b1fb6fa4a.mp3"
"marin","yesterday","yesterday","","","","","","19968","1.248","32|34","public/audio/tts/library/marin/yesterday-a35eae439adcf3b5.mp3"
"cedar","yesterday","yesterday","","","","","","19968","1.248","32|34","public/audio/tts/library/cedar/yesterday-a35eae439adcf3b5.mp3"
"marin","yet","yet","","","","","","13056","0.816","120","public/audio/tts/library/marin/yet-452fe8d9cc4859cf.mp3"
"cedar","yet","yet","","","","","","15360","0.96","120","public/audio/tts/library/cedar/yet-452fe8d9cc4859cf.mp3"
"marin","You bet.","You bet.","","","","","","22656","1.416","","public/audio/tts/library/marin/you-bet-917a5b1675c1c916.mp3"
"cedar","You bet.","You bet.","","","","","","21888","1.368","","public/audio/tts/library/cedar/you-bet-917a5b1675c1c916.mp3"
"marin","You can say that again.","You can say that again.","","","","","","26496","1.656","","public/audio/tts/library/marin/you-can-say-that-again-6e84d10bd6f3f347.mp3"
"cedar","You can say that again.","You can say that again.","","","","","","24960","1.56","","public/audio/tts/library/cedar/you-can-say-that-again-6e84d10bd6f3f347.mp3"
"marin","you","you","","","","","","29568","1.848","126","public/audio/tts/library/marin/you-ee6ba21ef6c1d607.mp3"
"cedar","you","you","","","","","","13824","0.864","126","public/audio/tts/library/cedar/you-ee6ba21ef6c1d607.mp3"
"marin","young","young","","","","","","15360","0.96","17","public/audio/tts/library/marin/young-2b3def7931a792d2.mp3"
"cedar","young","young","","","","","","16128","1.008","17","public/audio/tts/library/cedar/young-2b3def7931a792d2.mp3"
"marin","your","your","","","","","","21888","1.368","125|126","public/audio/tts/library/marin/your-bc2091ae3cd2d4c1.mp3"
"cedar","your","your","","","","","","19200","1.2","125|126","public/audio/tts/library/cedar/your-bc2091ae3cd2d4c1.mp3"
"marin","yours","yours","","","","","","24192","1.512","126","public/audio/tts/library/marin/yours-563dc83fbdfe3548.mp3"
"cedar","yours","yours","","","","","","24192","1.512","126","public/audio/tts/library/cedar/yours-563dc83fbdfe3548.mp3"
"marin","yourself","yourself","","","","","","22656","1.416","126","public/audio/tts/library/marin/yourself-0837adf940c927db.mp3"
"cedar","yourself","yourself","","","","","","42624","2.664","126","public/audio/tts/library/cedar/yourself-0837adf940c927db.mp3"
"marin","yourselves","yourselves","","","","","","24192","1.512","126","public/audio/tts/library/marin/yourselves-d6a4a8eb3363d5cc.mp3"
"cedar","yourselves","yourselves","","","","","","31488","1.968","126","public/audio/tts/library/cedar/yourselves-d6a4a8eb3363d5cc.mp3"
"marin","youth","youth","","","","","","31488","1.968","1","public/audio/tts/library/marin/youth-04a461cf203365d0.mp3"
"cedar","youth","youth","","","","","","41088","2.568","1","public/audio/tts/library/cedar/youth-04a461cf203365d0.mp3"
"marin","yummy","yummy","","","","","","26496","1.656","44","public/audio/tts/library/marin/yummy-2a296977a4572521.mp3"
"cedar","yummy","yummy","","","","","","38400","2.4","44","public/audio/tts/library/cedar/yummy-2a296977a4572521.mp3"
"marin","zebra","zebra","","","","","","22656","1.416","111","public/audio/tts/library/marin/zebra-3dc3ae00e6d09d5e.mp3"
"cedar","zebra","zebra","","","","","","26496","1.656","111","public/audio/tts/library/cedar/zebra-3dc3ae00e6d09d5e.mp3"
"marin","zero","zero","","","","","","17664","1.104","29","public/audio/tts/library/marin/zero-ff9fb51036a15c5c.mp3"
"cedar","zero","zero","","","","","","24192","1.512","29","public/audio/tts/library/cedar/zero-ff9fb51036a15c5c.mp3"
"marin","zoo","zoo","","","","","","17664","1.104","85","public/audio/tts/library/marin/zoo-9eb0294dc02883d2.mp3"
"cedar","zoo","zoo","","","","","","17664","1.104","85","public/audio/tts/library/cedar/zoo-9eb0294dc02883d2.mp3"
